fold_id,image_id,crop_path,dataset_split,crop_label,prediction,error_type,probability_dirty_positive,selected_threshold,threshold_margin,grayscale_mean,grayscale_std,grayscale_p05,grayscale_p95,hsv_saturation_mean,hsv_value_mean,laplacian_variance,edge_pixel_fraction,selected_for_contact_sheet,contact_sheet_path
1,1,clean_negative/clean_1_1.jpg,train,clean_negative,clean_negative,true_negative,0.13458312,0.20,0.06541688,0.73011702,0.07059824,0.63529414,0.86666667,0.06109535,0.74463105,0.00686167,0.55354309,false,
1,1,clean_negative/clean_1_2.jpg,train,clean_negative,clean_negative,true_negative,0.18623250,0.20,0.01376750,0.68898672,0.08497494,0.55686277,0.83921570,0.09944075,0.70682544,0.00484925,0.57546997,false,
1,1,clean_negative/clean_1_3.jpg,train,clean_negative,clean_negative,true_negative,0.07287859,0.20,0.12712141,0.68022799,0.09184851,0.52941179,0.83529413,0.10850406,0.69971788,0.00424594,0.55668640,false,
1,1,clean_negative/clean_1_4.jpg,train,clean_negative,clean_negative,true_negative,0.05545931,0.20,0.14454069,0.66956639,0.09541343,0.51764709,0.83137256,0.11786452,0.69057071,0.00399402,0.54260254,false,
1,1,clean_negative/clean_1_5.jpg,train,clean_negative,dirty_positive,false_positive,0.20996536,0.20,0.00996536,0.61351174,0.06341986,0.54117650,0.73333335,0.09471892,0.63561147,0.00179701,0.19982910,false,
1,1,clean_negative/clean_1_6.jpg,train,clean_negative,dirty_positive,false_positive,0.24623805,0.20,0.04623805,0.60604882,0.03816821,0.54509807,0.65490198,0.08524625,0.62612307,0.00153871,0.14390564,false,
1,1,clean_negative/clean_1_7.jpg,train,clean_negative,clean_negative,true_negative,0.17226822,0.20,0.02773178,0.73338628,0.06855719,0.64313728,0.86274511,0.05649720,0.74773449,0.00606415,0.54957581,false,
1,1,clean_negative/clean_1_8.jpg,train,clean_negative,dirty_positive,false_positive,0.39752400,0.20,0.19752400,0.68049419,0.09502404,0.52156866,0.84313726,0.10314362,0.69862503,0.00457596,0.58737183,false,
1,1,clean_negative/clean_1_9.jpg,train,clean_negative,clean_negative,true_negative,0.13268875,0.20,0.06731125,0.66802478,0.10198642,0.50196081,0.83921570,0.11442621,0.68786669,0.00380486,0.55924988,false,
1,1,clean_negative/clean_1_10.jpg,train,clean_negative,clean_negative,true_negative,0.14087265,0.20,0.05912735,0.65350354,0.10373782,0.49803922,0.82745099,0.12568918,0.67480671,0.00339069,0.53729248,false,
1,1,clean_negative/clean_1_11.jpg,train,clean_negative,clean_negative,true_negative,0.14801372,0.20,0.05198628,0.60797578,0.06931429,0.53333336,0.75294119,0.10176650,0.63008487,0.00106939,0.24795532,false,
1,1,clean_negative/clean_1_12.jpg,train,clean_negative,dirty_positive,false_positive,0.22553206,0.20,0.02553206,0.59583569,0.04024179,0.53333336,0.65490198,0.09619985,0.61659026,0.00084686,0.18441772,false,
1,1,clean_negative/clean_1_13.jpg,train,clean_negative,clean_negative,true_negative,0.04608241,0.20,0.15391759,0.63808346,0.10909472,0.47843137,0.82352942,0.13199691,0.65971434,0.00326937,0.51190186,true,tmp\sourcewise_error_atlas\run_001\contact_sheets\source_1_true_negative.jpg
1,1,clean_negative/clean_1_14.jpg,train,clean_negative,clean_negative,true_negative,0.18573323,0.20,0.01426677,0.73253059,0.06691671,0.64313728,0.85490197,0.05380483,0.74661958,0.00571793,0.54138184,false,
1,1,clean_negative/clean_1_15.jpg,train,clean_negative,dirty_positive,false_positive,0.24049111,0.20,0.04049111,0.67356086,0.10065222,0.50980395,0.84705883,0.10612123,0.69182646,0.00485029,0.59808350,false,
1,1,clean_negative/clean_1_16.jpg,train,clean_negative,clean_negative,true_negative,0.05023423,0.20,0.14976577,0.65827644,0.10906160,0.48627451,0.84313726,0.11801621,0.67816210,0.00389847,0.55606079,true,tmp\sourcewise_error_atlas\run_001\contact_sheets\source_1_true_negative.jpg
1,1,clean_negative/clean_1_17.jpg,train,clean_negative,dirty_positive,false_positive,0.22933498,0.20,0.02933498,0.60338205,0.07372288,0.52941179,0.76862746,0.10466202,0.62453920,0.00144644,0.30473328,false,
1,1,clean_negative/clean_1_18.jpg,train,clean_negative,dirty_positive,false_positive,0.35573579,0.20,0.15573579,0.58785444,0.04346167,0.52941179,0.65490198,0.10330141,0.60842252,0.00119910,0.23701477,false,
1,1,clean_negative/clean_1_19.jpg,train,clean_negative,clean_negative,true_negative,0.12931707,0.20,0.07068293,0.73201746,0.06870285,0.63921571,0.85882354,0.05584387,0.74727315,0.00566072,0.54826355,false,
1,1,clean_negative/clean_1_20.jpg,train,clean_negative,clean_negative,true_negative,0.17309091,0.20,0.02690909,0.66070306,0.10557487,0.50980395,0.84705883,0.11762612,0.68033475,0.00490983,0.57153320,false,
1,1,clean_negative/clean_1_21.jpg,train,clean_negative,clean_negative,true_negative,0.04059928,0.20,0.15940072,0.64336377,0.11274140,0.48627451,0.84313726,0.13113607,0.66477531,0.00391470,0.52232361,true,tmp\sourcewise_error_atlas\run_001\contact_sheets\source_1_true_negative.jpg
1,1,clean_negative/clean_1_22.jpg,train,clean_negative,clean_negative,true_negative,0.04016895,0.20,0.15983105,0.64032787,0.11305357,0.48235294,0.83921570,0.13348670,0.66203904,0.00379350,0.51557922,true,tmp\sourcewise_error_atlas\run_001\contact_sheets\source_1_true_negative.jpg
1,1,clean_negative/clean_1_23.jpg,train,clean_negative,clean_negative,true_negative,0.13595643,0.20,0.06404357,0.60373789,0.07753544,0.52549022,0.78039217,0.10217501,0.62281698,0.00190104,0.36065674,false,
1,1,clean_negative/clean_1_24.jpg,train,clean_negative,dirty_positive,false_positive,0.26084546,0.20,0.06084546,0.58487427,0.04746645,0.52549022,0.66666669,0.10469840,0.60405195,0.00169170,0.29377747,false,
1,1,clean_negative/clean_1_25.jpg,train,clean_negative,dirty_positive,false_positive,0.34878124,0.20,0.14878124,0.59382176,0.07388227,0.52156866,0.74901962,0.11027282,0.61319435,0.00237361,0.39379883,false,
1,1,clean_negative/clean_1_26.jpg,train,clean_negative,clean_negative,true_negative,0.15253692,0.20,0.04746308,0.65293461,0.10869258,0.50980395,0.85098040,0.12302217,0.67322379,0.00476875,0.54566956,false,
1,1,clean_negative/clean_1_27.jpg,train,clean_negative,clean_negative,true_negative,0.03937948,0.20,0.16062052,0.63697225,0.11478620,0.48627451,0.84705883,0.13552354,0.65871572,0.00401065,0.50369263,true,tmp\sourcewise_error_atlas\run_001\contact_sheets\source_1_true_negative.jpg
1,1,clean_negative/clean_1_28.jpg,train,clean_negative,clean_negative,true_negative,0.03977219,0.20,0.16022781,0.63417661,0.11490928,0.48235294,0.84705883,0.13763747,0.65617347,0.00390205,0.49800110,true,tmp\sourcewise_error_atlas\run_001\contact_sheets\source_1_true_negative.jpg
1,1,clean_negative/clean_1_29.jpg,train,clean_negative,dirty_positive,false_positive,0.33973850,0.20,0.13973850,0.57948458,0.05139721,0.51764709,0.67058825,0.11180057,0.59881639,0.00224802,0.34959412,false,
1,1,clean_negative/clean_1_30.jpg,train,clean_negative,dirty_positive,false_positive,0.92211944,0.20,0.72211944,0.58709013,0.06941941,0.51372552,0.72156864,0.11217359,0.60569829,0.00301635,0.43734741,true,tmp\sourcewise_error_atlas\run_001\contact_sheets\source_1_false_positive.jpg
1,1,clean_negative/clean_1_31.jpg,train,clean_negative,dirty_positive,false_positive,0.22393083,0.20,0.02393083,0.64294285,0.10249616,0.52549022,0.84705883,0.12504447,0.66339254,0.00509745,0.54006958,false,
1,1,clean_negative/clean_1_32.jpg,train,clean_negative,clean_negative,true_negative,0.05663427,0.20,0.14336573,0.62645793,0.10842384,0.48627451,0.83921570,0.13672486,0.64799523,0.00435654,0.50280762,false,
1,1,clean_negative/clean_1_33.jpg,train,clean_negative,clean_negative,true_negative,0.05741057,0.20,0.14258943,0.62413907,0.10841672,0.48235294,0.83921570,0.13843019,0.64586890,0.00429663,0.49838257,false,
1,1,clean_negative/clean_1_34.jpg,train,clean_negative,dirty_positive,false_positive,0.90182591,0.20,0.70182591,0.57625866,0.05722557,0.51372552,0.68235296,0.11334373,0.59505391,0.00288519,0.41390991,true,tmp\sourcewise_error_atlas\run_001\contact_sheets\source_1_false_positive.jpg
1,1,clean_negative/clean_1_35.jpg,train,clean_negative,clean_negative,true_negative,0.19040055,0.20,0.00959945,0.65369487,0.09462932,0.54901963,0.84705883,0.11865511,0.67406762,0.00517621,0.50177002,false,
1,1,clean_negative/clean_1_36.jpg,train,clean_negative,clean_negative,true_negative,0.14815265,0.20,0.05184735,0.64839637,0.09645040,0.54509807,0.84705883,0.12163033,0.66881615,0.00513808,0.51318359,false,
1,1,clean_negative/clean_1_37.jpg,train,clean_negative,dirty_positive,false_positive,0.22370082,0.20,0.02370082,0.64252710,0.09324908,0.54509807,0.83921570,0.12883985,0.66405922,0.00572261,0.52000427,false,
1,1,clean_negative/clean_1_38.jpg,train,clean_negative,clean_negative,true_negative,0.18433834,0.20,0.01566166,0.63738739,0.09457532,0.54117650,0.83921570,0.13067040,0.65886378,0.00554744,0.51776123,false,
1,1,clean_negative/clean_1_39.jpg,train,clean_negative,dirty_positive,false_positive,0.35777255,0.20,0.15777255,0.63125718,0.09739903,0.53333336,0.83921570,0.13395631,0.65276664,0.00556155,0.53207397,false,
1,1,clean_negative/clean_1_40.jpg,train,clean_negative,clean_negative,true_negative,0.11504911,0.20,0.08495089,0.61986649,0.10171280,0.49803922,0.83529413,0.14064565,0.64180708,0.00494970,0.50631714,false,
1,1,clean_negative/clean_1_41.jpg,train,clean_negative,clean_negative,true_negative,0.10706285,0.20,0.09293715,0.61815637,0.10182823,0.49411765,0.83529413,0.14191794,0.64023358,0.00491867,0.50263977,false,
1,1,clean_negative/clean_1_42.jpg,train,clean_negative,dirty_positive,false_positive,0.30613382,0.20,0.10613382,0.62424427,0.08593401,0.54117650,0.81568629,0.14373547,0.64746130,0.00666808,0.51321411,false,
1,1,clean_negative/clean_1_43.jpg,train,clean_negative,dirty_positive,false_positive,0.23534407,0.20,0.03534407,0.62009621,0.08680003,0.53725493,0.81176472,0.14429310,0.64300543,0.00641929,0.51208496,false,
1,1,clean_negative/clean_1_44.jpg,train,clean_negative,dirty_positive,false_positive,0.31794742,0.20,0.11794742,0.61683178,0.08776416,0.53333336,0.81176472,0.14451241,0.63943601,0.00644629,0.52183533,false,
1,1,clean_negative/clean_1_45.jpg,train,clean_negative,dirty_positive,false_positive,0.96806164,0.20,0.76806164,0.61196899,0.09085396,0.52156866,0.81176472,0.14615072,0.63446993,0.00636518,0.52581787,true,tmp\sourcewise_error_atlas\run_001\contact_sheets\source_1_false_positive.jpg
1,1,clean_negative/clean_1_46.jpg,train,clean_negative,dirty_positive,false_positive,0.94243138,0.20,0.74243138,0.61133546,0.09123355,0.51764709,0.81176472,0.14634180,0.63383412,0.00637784,0.52494812,true,tmp\sourcewise_error_atlas\run_001\contact_sheets\source_1_false_positive.jpg
1,1,clean_negative/clean_1_47.jpg,train,clean_negative,dirty_positive,false_positive,0.97500921,0.20,0.77500921,0.61078233,0.08946755,0.52156866,0.81176472,0.14696035,0.63338035,0.00703031,0.53634644,true,tmp\sourcewise_error_atlas\run_001\contact_sheets\source_1_false_positive.jpg
1,1,clean_negative/clean_1_48.jpg,train,clean_negative,dirty_positive,false_positive,0.97530421,0.20,0.77530421,0.61032659,0.08980949,0.52156866,0.80784315,0.14706063,0.63294590,0.00704848,0.53540039,true,tmp\sourcewise_error_atlas\run_001\contact_sheets\source_1_false_positive.jpg
1,1,clean_negative/clean_1_49.jpg,train,clean_negative,dirty_positive,false_positive,0.56212957,0.20,0.36212957,0.61388373,0.08651890,0.53333336,0.80784315,0.14751899,0.63681686,0.00711923,0.52220154,false,
1,1,clean_negative/clean_1_50.jpg,train,clean_negative,dirty_positive,false_positive,0.28050084,0.20,0.08050084,0.61271870,0.08253652,0.53333336,0.80000001,0.14932838,0.63604385,0.00781628,0.51982117,false,
1,1,clean_negative/clean_1_51.jpg,train,clean_negative,dirty_positive,false_positive,0.33329441,0.20,0.13329441,0.61560309,0.08156447,0.53725493,0.80000001,0.14855090,0.63908756,0.00798730,0.51275635,false,
1,1,clean_negative/clean_1_52.jpg,train,clean_negative,clean_negative,true_negative,0.18706205,0.20,0.01293795,0.60588646,0.07408461,0.52549022,0.76078433,0.14881869,0.62848592,0.00891234,0.52372742,false,
1,1,clean_negative/clean_1_53.jpg,train,clean_negative,clean_negative,true_negative,0.13492241,0.20,0.06507759,0.60389966,0.07363684,0.52549022,0.75686276,0.14967415,0.62646198,0.00880704,0.52908325,false,
1,1,clean_negative/clean_1_54.jpg,train,clean_negative,clean_negative,true_negative,0.13437990,0.20,0.06562010,0.59497941,0.06727556,0.51764709,0.72549021,0.15632404,0.61799353,0.00873280,0.52616882,false,
1,1,clean_negative/clean_1_55.jpg,train,clean_negative,clean_negative,true_negative,0.16504624,0.20,0.03495376,0.59765232,0.06806540,0.51764709,0.72941178,0.15496594,0.62043595,0.00848793,0.52021790,false,
1,1,clean_negative/clean_1_56.jpg,train,clean_negative,dirty_positive,false_positive,0.33980677,0.20,0.13980677,0.59719431,0.06442273,0.51764709,0.71764708,0.15932737,0.62057781,0.00844392,0.52183533,false,
1,1,clean_negative/clean_1_57.jpg,train,clean_negative,dirty_positive,false_positive,0.28573567,0.20,0.08573567,0.59391171,0.06501063,0.51372552,0.71372551,0.16040811,0.61735594,0.00938101,0.53536987,false,
1,1,clean_negative/clean_1_58.jpg,train,clean_negative,dirty_positive,false_positive,0.39536795,0.20,0.19536795,0.59492171,0.06113458,0.51764709,0.70196080,0.16980048,0.62005681,0.00790812,0.49981689,false,
1,1,clean_negative/clean_1_59.jpg,train,clean_negative,dirty_positive,false_positive,0.34903075,0.20,0.14903075,0.59033883,0.06210935,0.51372552,0.70196080,0.17201546,0.61568326,0.00893494,0.51432800,false,
1,1,clean_negative/clean_1_60.jpg,train,clean_negative,dirty_positive,false_positive,0.82859445,0.20,0.62859445,0.59079552,0.05996795,0.51372552,0.69803923,0.18147309,0.61786962,0.00743220,0.49807739,false,
1,1,clean_negative/clean_1_61.jpg,train,clean_negative,dirty_positive,false_positive,0.90396199,0.20,0.70396199,0.58445644,0.06063173,0.50588238,0.69019610,0.18513909,0.61197150,0.00844457,0.51283264,true,tmp\sourcewise_error_atlas\run_001\contact_sheets\source_1_false_positive.jpg
1,1,clean_negative/clean_1_62.jpg,train,clean_negative,dirty_positive,false_positive,0.95503723,0.20,0.75503723,0.66875339,0.05952036,0.59215689,0.77647060,0.08671965,0.68232173,0.00497777,0.49124146,true,tmp\sourcewise_error_atlas\run_001\contact_sheets\source_1_false_positive.jpg
1,1,clean_negative/clean_1_63.jpg,train,clean_negative,dirty_positive,false_positive,0.95852879,0.20,0.75852879,0.65506494,0.06157611,0.57647061,0.76862746,0.10538349,0.67111456,0.00555656,0.50071716,true,tmp\sourcewise_error_atlas\run_001\contact_sheets\source_1_false_positive.jpg
1,1,clean_negative/clean_1_64.jpg,train,clean_negative,dirty_positive,false_positive,0.99304943,0.20,0.79304943,0.64693201,0.06286430,0.56862748,0.76470590,0.11663461,0.66472602,0.00601103,0.52282715,true,tmp\sourcewise_error_atlas\run_001\contact_sheets\source_1_false_positive.jpg
1,1,clean_negative/clean_1_65.jpg,train,clean_negative,dirty_positive,false_positive,0.29960296,0.20,0.09960296,0.53463662,0.08159435,0.43529412,0.69019610,0.22519687,0.56775630,0.01114316,0.61849976,false,
1,1,clean_negative/clean_1_66.jpg,train,clean_negative,clean_negative,true_negative,0.11364468,0.20,0.08635532,0.55130005,0.09725291,0.43529412,0.73725492,0.20207001,0.58068240,0.01089835,0.64356995,false,
1,1,clean_negative/clean_1_67.jpg,train,clean_negative,clean_negative,true_negative,0.08549243,0.20,0.11450757,0.56666648,0.10567978,0.43137255,0.75686276,0.18519115,0.59319949,0.00964866,0.65895081,false,
1,1,clean_negative/clean_1_68.jpg,train,clean_negative,dirty_positive,false_positive,0.86466848,0.20,0.66466848,0.57206464,0.08615734,0.45490196,0.73725492,0.13621739,0.59264922,0.00312312,0.55366516,true,tmp\sourcewise_error_atlas\run_001\contact_sheets\source_1_false_positive.jpg
1,1,clean_negative/clean_1_69.jpg,train,clean_negative,dirty_positive,false_positive,0.83113377,0.20,0.63113377,0.57185340,0.08817530,0.45098040,0.74117649,0.14239928,0.59323871,0.00329518,0.56892395,false,
1,1,clean_negative/clean_1_70.jpg,train,clean_negative,clean_negative,true_negative,0.05343316,0.20,0.14656684,0.57412601,0.10930272,0.43137255,0.76862746,0.17866093,0.59959263,0.00796399,0.64376831,false,
1,1,clean_negative/clean_1_71.jpg,train,clean_negative,clean_negative,true_negative,0.07472170,0.20,0.12527830,0.58833730,0.10384053,0.43921569,0.77254903,0.16069224,0.61162674,0.00652519,0.64733887,false,
1,1,clean_negative/clean_1_72.jpg,train,clean_negative,clean_negative,true_negative,0.13514044,0.20,0.06485956,0.59292156,0.09779548,0.45882353,0.76862746,0.15074423,0.61496937,0.00488097,0.63531494,false,
1,1,clean_negative/clean_1_73.jpg,train,clean_negative,clean_negative,true_negative,0.16571887,0.20,0.03428113,0.58983719,0.09296118,0.45882353,0.75686276,0.15091650,0.61217165,0.00384909,0.60945129,false,
1,1,clean_negative/clean_1_74.jpg,train,clean_negative,dirty_positive,false_positive,0.82780164,0.20,0.62780164,0.57802218,0.09243961,0.44705883,0.74901962,0.15057752,0.60029984,0.00347039,0.59118652,false,
1,1,clean_negative/clean_1_75.jpg,train,clean_negative,dirty_positive,false_positive,0.46860994,0.20,0.26860994,0.51424617,0.07034715,0.43137255,0.64705884,0.24785432,0.55059004,0.00920856,0.56576538,false,
1,1,clean_negative/clean_1_76.jpg,train,clean_negative,clean_negative,true_negative,0.14190587,0.20,0.05809413,0.53162169,0.09107357,0.43137255,0.71764708,0.22263330,0.56391966,0.00932397,0.59474182,false,
1,1,clean_negative/clean_1_77.jpg,train,clean_negative,clean_negative,true_negative,0.07335643,0.20,0.12664357,0.55347174,0.10416938,0.43137255,0.74901962,0.19926579,0.58209759,0.00874742,0.62429810,false,
1,1,clean_negative/clean_1_78.jpg,train,clean_negative,clean_negative,true_negative,0.04871210,0.20,0.15128790,0.57004142,0.10845309,0.43137255,0.76078433,0.18295139,0.59614086,0.00745502,0.63662720,true,tmp\sourcewise_error_atlas\run_001\contact_sheets\source_1_true_negative.jpg
1,1,clean_negative/clean_1_79.jpg,train,clean_negative,clean_negative,true_negative,0.06580454,0.20,0.13419546,0.58483279,0.10346266,0.43921569,0.76862746,0.16412510,0.60860980,0.00647230,0.64445496,false,
1,1,clean_negative/clean_1_80.jpg,train,clean_negative,clean_negative,true_negative,0.13384070,0.20,0.06615930,0.59096026,0.09675362,0.45882353,0.76470590,0.15218697,0.61326385,0.00498641,0.63955688,false,
1,1,clean_negative/clean_1_81.jpg,train,clean_negative,dirty_positive,false_positive,0.24611573,0.20,0.04611573,0.58855700,0.09146591,0.45882353,0.75294119,0.15226519,0.61112660,0.00386759,0.61639404,false,
1,1,clean_negative/clean_1_82.jpg,train,clean_negative,dirty_positive,false_positive,0.98085781,0.20,0.78085781,0.57568192,0.09097159,0.44705883,0.74117649,0.15296954,0.59832478,0.00353288,0.59516907,true,tmp\sourcewise_error_atlas\run_001\contact_sheets\source_1_false_positive.jpg
1,1,clean_negative/clean_1_83.jpg,train,clean_negative,dirty_positive,false_positive,0.98086010,0.20,0.78086010,0.57073474,0.08890155,0.45098040,0.74117649,0.14593035,0.59266734,0.00330842,0.57820129,true,tmp\sourcewise_error_atlas\run_001\contact_sheets\source_1_false_positive.jpg
1,1,clean_negative/clean_1_84.jpg,train,clean_negative,dirty_positive,false_positive,0.97258761,0.20,0.77258761,0.56827289,0.08602341,0.45098040,0.73333335,0.13914479,0.58931863,0.00325703,0.56399536,true,tmp\sourcewise_error_atlas\run_001\contact_sheets\source_1_false_positive.jpg
1,1,clean_negative/clean_1_85.jpg,train,clean_negative,clean_negative,true_negative,0.19438879,0.20,0.00561121,0.58835793,0.09082162,0.45882353,0.74901962,0.15276119,0.61098731,0.00389675,0.61740112,false,
1,1,clean_negative/clean_1_86.jpg,train,clean_negative,dirty_positive,false_positive,0.84764329,0.20,0.64764329,0.57515705,0.09037876,0.44705883,0.73725492,0.15370509,0.59789783,0.00356996,0.59600830,false,
1,1,clean_negative/clean_1_87.jpg,train,clean_negative,dirty_positive,false_positive,0.84676424,0.20,0.64676424,0.57018578,0.08862536,0.45098040,0.73725492,0.14664906,0.59222519,0.00334322,0.58052063,false,
1,1,clean_negative/clean_1_88.jpg,train,clean_negative,dirty_positive,false_positive,0.84450884,0.20,0.64450884,0.56775296,0.08622897,0.45098040,0.73333335,0.13980033,0.58888686,0.00326928,0.56646729,false,
1,1,clean_negative/clean_1_89.jpg,train,clean_negative,dirty_positive,false_positive,0.43116279,0.20,0.23116279,0.58332193,0.09535358,0.45098040,0.75294119,0.15917048,0.60660553,0.00564200,0.63908386,false,
1,1,clean_negative/clean_1_90.jpg,train,clean_negative,dirty_positive,false_positive,0.94901353,0.20,0.74901353,0.50142908,0.05517666,0.43137255,0.60000002,0.25630483,0.53888047,0.00688024,0.52366638,true,tmp\sourcewise_error_atlas\run_001\contact_sheets\source_1_false_positive.jpg
1,1,clean_negative/clean_1_91.jpg,train,clean_negative,dirty_positive,false_positive,0.72828284,0.20,0.52828284,0.52046466,0.08394733,0.43137255,0.69803923,0.23195240,0.55407178,0.00739508,0.55958557,false,
1,1,clean_negative/clean_1_92.jpg,train,clean_negative,dirty_positive,false_positive,0.44676910,0.20,0.24676910,0.54608703,0.10083821,0.43137255,0.73725492,0.20613693,0.57582468,0.00707538,0.59196472,false,
1,1,clean_negative/clean_1_93.jpg,train,clean_negative,dirty_positive,false_positive,0.26462067,0.20,0.06462067,0.56316358,0.10404445,0.43137255,0.74509805,0.18989995,0.59042597,0.00641368,0.61015320,false,
1,1,clean_negative/clean_1_94.jpg,train,clean_negative,dirty_positive,false_positive,0.30172144,0.20,0.10172144,0.57705402,0.09979281,0.43921569,0.75294119,0.17093065,0.60192442,0.00614137,0.62841797,false,
1,1,clean_negative/clean_1_95.jpg,train,clean_negative,dirty_positive,false_positive,0.94989119,0.20,0.74989119,0.50076377,0.05426947,0.43137255,0.59607846,0.25654149,0.53826702,0.00679792,0.52000427,true,tmp\sourcewise_error_atlas\run_001\contact_sheets\source_1_false_positive.jpg
1,1,clean_negative/clean_1_96.jpg,train,clean_negative,dirty_positive,false_positive,0.72929023,0.20,0.52929023,0.51998317,0.08361332,0.43137255,0.69803923,0.23234619,0.55368084,0.00728619,0.55607605,false,
1,1,clean_negative/clean_1_97.jpg,train,clean_negative,dirty_positive,false_positive,0.46683754,0.20,0.26683754,0.54570282,0.10080583,0.43137255,0.73725492,0.20659031,0.57553059,0.00696634,0.58839417,false,
1,1,clean_negative/clean_1_98.jpg,train,clean_negative,dirty_positive,false_positive,0.34717631,0.20,0.14717631,0.55521601,0.10025925,0.43137255,0.73333335,0.19138442,0.58271462,0.00617445,0.57476807,false,
1,1,clean_negative/clean_1_99.jpg,train,clean_negative,dirty_positive,false_positive,0.36491179,0.20,0.16491179,0.56865907,0.09780153,0.43529412,0.74117649,0.17119950,0.59355426,0.00605189,0.60467529,false,
1,1,clean_negative/clean_1_100.jpg,train,clean_negative,dirty_positive,false_positive,0.31524466,0.20,0.11524466,0.57502604,0.09414832,0.43921569,0.74117649,0.15962502,0.59843886,0.00560609,0.62072754,false,
1,1,clean_negative/clean_1_101.jpg,train,clean_negative,dirty_positive,false_positive,0.48207872,0.20,0.28207872,0.54043710,0.09253834,0.43137255,0.70980394,0.19756913,0.56871861,0.00608879,0.54441833,false,
1,1,clean_negative/clean_1_102.jpg,train,clean_negative,dirty_positive,false_positive,0.46434492,0.20,0.26434492,0.54117095,0.09270775,0.43137255,0.70980394,0.19669938,0.56931376,0.00595463,0.54493713,false,
1,1,clean_negative/clean_1_103.jpg,train,clean_negative,dirty_positive,false_positive,0.52101903,0.20,0.32101903,0.55351228,0.09290059,0.43529412,0.71764708,0.18018189,0.57965320,0.00601472,0.57780457,false,
1,1,clean_negative/clean_1_104.jpg,train,clean_negative,dirty_positive,false_positive,0.34717218,0.20,0.14717218,0.55975872,0.09038346,0.43529412,0.72156864,0.16997078,0.58460546,0.00577851,0.59199524,false,
1,1,clean_negative/clean_1_105.jpg,train,clean_negative,dirty_positive,false_positive,0.50683979,0.20,0.30683979,0.53506917,0.08523372,0.43529412,0.69803923,0.19283803,0.56262791,0.00632973,0.54397583,false,
1,1,clean_negative/clean_1_106.jpg,train,clean_negative,dirty_positive,false_positive,0.49617011,0.20,0.29617011,0.53552336,0.08541381,0.43529412,0.69803923,0.19231689,0.56299305,0.00618644,0.54441833,false,
1,1,clean_negative/clean_1_107.jpg,train,clean_negative,dirty_positive,false_positive,0.55082259,0.20,0.35082259,0.54482436,0.08771364,0.43529412,0.70588237,0.17949584,0.57070744,0.00615402,0.57005310,false,
1,1,clean_negative/clean_1_108.jpg,train,clean_negative,dirty_positive,false_positive,0.36257775,0.20,0.16257775,0.55061448,0.08611976,0.43529412,0.70588237,0.16937611,0.57520497,0.00597531,0.58554077,false,
1,1,clean_negative/clean_1_109.jpg,train,clean_negative,clean_negative,true_negative,0.15489818,0.20,0.04510182,0.54714084,0.05338634,0.47058824,0.63921571,0.07425670,0.55904895,0.00396794,0.34535217,false,
1,1,clean_negative/clean_1_110.jpg,train,clean_negative,clean_negative,true_negative,0.06697533,0.20,0.13302467,0.55331594,0.04463590,0.49411765,0.62745100,0.05277776,0.56292760,0.00311665,0.27409363,false,
1,1,clean_negative/clean_1_111.jpg,train,clean_negative,clean_negative,true_negative,0.04738759,0.20,0.15261241,0.55789691,0.03886062,0.50980395,0.61568630,0.04362841,0.56779504,0.00243186,0.20413208,true,tmp\sourcewise_error_atlas\run_001\contact_sheets\source_1_true_negative.jpg
1,1,dirty_positive/dirty_1_1.jpg,train,dirty_positive,clean_negative,false_negative,0.12165841,0.20,0.07834159,0.63855463,0.09585989,0.51764709,0.83529413,0.13180554,0.66261208,0.00172374,0.44174194,true,tmp\sourcewise_error_atlas\run_001\contact_sheets\source_1_false_negative.jpg
1,1,dirty_positive/dirty_1_2.jpg,train,dirty_positive,clean_negative,false_negative,0.09509154,0.20,0.10490846,0.63302517,0.08835799,0.51372552,0.80392158,0.13876483,0.65760773,0.00174010,0.43760681,true,tmp\sourcewise_error_atlas\run_001\contact_sheets\source_1_false_negative.jpg
1,1,dirty_positive/dirty_1_3.jpg,train,dirty_positive,clean_negative,false_negative,0.14400508,0.20,0.05599492,0.63889527,0.09594934,0.52156866,0.83529413,0.13080469,0.66281235,0.00174407,0.44171143,false,
1,1,dirty_positive/dirty_1_4.jpg,train,dirty_positive,clean_negative,false_negative,0.16576026,0.20,0.03423974,0.63788509,0.09559187,0.51764709,0.83529413,0.13346440,0.66218841,0.00172425,0.44296265,false,
1,1,dirty_positive/dirty_1_5.jpg,train,dirty_positive,dirty_positive,true_positive,0.56819852,0.20,0.36819852,0.67177927,0.06485762,0.59607846,0.80392158,0.10264222,0.68935680,0.00268787,0.41749573,false,
1,1,dirty_positive/dirty_1_6.jpg,train,dirty_positive,dirty_positive,true_positive,0.61864709,0.20,0.41864709,0.67527395,0.06297502,0.59607846,0.79607844,0.09892853,0.69242680,0.00260803,0.39660645,false,
1,1,dirty_positive/dirty_1_7.jpg,train,dirty_positive,dirty_positive,true_positive,0.67247324,0.20,0.47247324,0.67832518,0.07079966,0.59607846,0.81960785,0.09596384,0.69458938,0.00266771,0.46151733,false,
1,1,dirty_positive/dirty_1_8.jpg,train,dirty_positive,dirty_positive,true_positive,0.61506144,0.20,0.41506144,0.68160403,0.06526507,0.60000002,0.80392158,0.09323103,0.69785035,0.00265085,0.40168762,false,
1,1,dirty_positive/dirty_1_9.jpg,train,dirty_positive,clean_negative,false_negative,0.19258281,0.20,0.00741719,0.64207590,0.09139882,0.54117650,0.83529413,0.11253436,0.66326869,0.00158226,0.41722107,false,
1,1,dirty_positive/dirty_1_10.jpg,train,dirty_positive,dirty_positive,true_positive,0.22005025,0.20,0.02005025,0.64190745,0.09222615,0.53725493,0.83529413,0.11537039,0.66351002,0.00159970,0.42523193,false,
1,1,dirty_positive/dirty_1_11.jpg,train,dirty_positive,clean_negative,false_negative,0.12311688,0.20,0.07688312,0.63885921,0.09593368,0.52156866,0.83529413,0.13098116,0.66281974,0.00173993,0.44172668,true,tmp\sourcewise_error_atlas\run_001\contact_sheets\source_1_false_negative.jpg
1,1,dirty_positive/dirty_1_12.jpg,train,dirty_positive,clean_negative,false_negative,0.08783327,0.20,0.11216673,0.63710070,0.08863421,0.54509807,0.83137256,0.10543926,0.65750468,0.00132499,0.35543823,true,tmp\sourcewise_error_atlas\run_001\contact_sheets\source_1_false_negative.jpg
1,1,dirty_positive/dirty_1_13.jpg,train,dirty_positive,clean_negative,false_negative,0.01265597,0.20,0.18734403,0.60149038,0.10936775,0.47058824,0.82352942,0.14247385,0.62399143,0.00193421,0.44424438,true,tmp\sourcewise_error_atlas\run_001\contact_sheets\source_1_false_negative.jpg
1,1,dirty_positive/dirty_1_14.jpg,train,dirty_positive,clean_negative,false_negative,0.04145322,0.20,0.15854678,0.62414515,0.11239464,0.47058824,0.83921570,0.11659409,0.64333177,0.00204358,0.49536133,true,tmp\sourcewise_error_atlas\run_001\contact_sheets\source_1_false_negative.jpg
1,1,dirty_positive/dirty_1_15.jpg,train,dirty_positive,clean_negative,false_negative,0.05061245,0.20,0.14938755,0.58578384,0.08464392,0.47058824,0.74509805,0.16036008,0.61068749,0.00164044,0.39421082,true,tmp\sourcewise_error_atlas\run_001\contact_sheets\source_1_false_negative.jpg
1,1,dirty_positive/dirty_1_16.jpg,train,dirty_positive,clean_negative,false_negative,0.03393212,0.20,0.16606788,0.61625236,0.11241271,0.47058824,0.83921570,0.12344594,0.63622731,0.00202579,0.48715210,true,tmp\sourcewise_error_atlas\run_001\contact_sheets\source_1_false_negative.jpg
1,1,dirty_positive/dirty_1_17.jpg,train,dirty_positive,clean_negative,false_negative,0.11019089,0.20,0.08980911,0.72421682,0.07869373,0.59607846,0.86666667,0.06505726,0.73911345,0.00295251,0.51191711,true,tmp\sourcewise_error_atlas\run_001\contact_sheets\source_1_false_negative.jpg
1,1,dirty_positive/dirty_1_18.jpg,train,dirty_positive,clean_negative,false_negative,0.13142434,0.20,0.06857566,0.72304547,0.07527371,0.60784316,0.85882354,0.06011448,0.73608238,0.00294568,0.49923706,false,
1,1,dirty_positive/dirty_1_19.jpg,train,dirty_positive,clean_negative,false_negative,0.03963343,0.20,0.16036657,0.72225654,0.08179442,0.59215689,0.87058824,0.07003378,0.73885477,0.00295136,0.51078796,true,tmp\sourcewise_error_atlas\run_001\contact_sheets\source_1_false_negative.jpg
1,1,dirty_positive/dirty_1_20.jpg,train,dirty_positive,dirty_positive,true_positive,0.64304849,0.20,0.44304849,0.72909081,0.07076243,0.63137257,0.85882354,0.05906564,0.74465030,0.00312999,0.51303101,false,
1,1,dirty_positive/dirty_1_21.jpg,train,dirty_positive,clean_negative,false_negative,0.19418344,0.20,0.00581656,0.59854311,0.09416104,0.47450981,0.78823531,0.12298651,0.61770380,0.00235089,0.50386047,false,
1,1,dirty_positive/dirty_1_22.jpg,train,dirty_positive,clean_negative,false_negative,0.10812544,0.20,0.09187456,0.62236512,0.09907248,0.50588238,0.83137256,0.10644519,0.64014268,0.00214062,0.50308228,true,tmp\sourcewise_error_atlas\run_001\contact_sheets\source_1_false_negative.jpg
1,1,dirty_positive/dirty_1_23.jpg,train,dirty_positive,dirty_positive,true_positive,0.44327860,0.20,0.24327860,0.59496450,0.08044124,0.49411765,0.74901962,0.12138003,0.61355603,0.00248679,0.51277161,false,
1,1,dirty_positive/dirty_1_24.jpg,train,dirty_positive,clean_negative,false_negative,0.02755668,0.20,0.17244332,0.62480932,0.10512856,0.48235294,0.83529413,0.10818440,0.64287406,0.00212110,0.51164246,true,tmp\sourcewise_error_atlas\run_001\contact_sheets\source_1_false_negative.jpg
1,1,dirty_positive/dirty_1_25.jpg,train,dirty_positive,clean_negative,false_negative,0.05629754,0.20,0.14370246,0.68007100,0.08197983,0.57254905,0.82745099,0.09777976,0.69704729,0.00248582,0.42175293,true,tmp\sourcewise_error_atlas\run_001\contact_sheets\source_1_false_negative.jpg
1,1,dirty_positive/dirty_1_26.jpg,train,dirty_positive,dirty_positive,true_positive,0.24503146,0.20,0.04503146,0.66121531,0.07774264,0.56078434,0.80784315,0.10932450,0.67976320,0.00239118,0.39355469,false,
1,1,dirty_positive/dirty_1_27.jpg,train,dirty_positive,clean_negative,false_negative,0.10569947,0.20,0.09430053,0.67328489,0.07799781,0.56470591,0.81176472,0.09866250,0.69015390,0.00237567,0.40386963,true,tmp\sourcewise_error_atlas\run_001\contact_sheets\source_1_false_negative.jpg
1,1,dirty_positive/dirty_1_28.jpg,train,dirty_positive,dirty_positive,true_positive,0.24210990,0.20,0.04210990,0.66122359,0.07759576,0.56470591,0.80784315,0.11361965,0.68019944,0.00242911,0.41500854,false,
1,1,dirty_positive/dirty_1_29.jpg,train,dirty_positive,dirty_positive,true_positive,0.69520338,0.20,0.49520338,0.59836864,0.07575182,0.49803922,0.74117649,0.12120278,0.61708528,0.00245842,0.52001953,false,
1,1,dirty_positive/dirty_1_30.jpg,train,dirty_positive,dirty_positive,true_positive,0.37647159,0.20,0.17647159,0.59997827,0.08475932,0.49411765,0.76862746,0.11759376,0.61827636,0.00248559,0.51551819,false,
1,1,dirty_positive/dirty_1_31.jpg,train,dirty_positive,dirty_positive,true_positive,0.50180861,0.20,0.30180861,0.58428496,0.07883194,0.47058824,0.72941178,0.13670373,0.60470498,0.00232551,0.48847961,false,
1,1,dirty_positive/dirty_1_32.jpg,train,dirty_positive,dirty_positive,true_positive,0.58476285,0.20,0.38476285,0.60287100,0.08243647,0.50196081,0.76862746,0.11374298,0.62071550,0.00249640,0.51440430,false,
1,1,dirty_positive/dirty_1_33.jpg,train,dirty_positive,dirty_positive,true_positive,0.21273637,0.20,0.01273637,0.67434770,0.08523691,0.57647061,0.85098040,0.10179438,0.69332248,0.00293768,0.47331238,false,
1,1,dirty_positive/dirty_1_34.jpg,train,dirty_positive,clean_negative,false_negative,0.04548743,0.20,0.15451257,0.68770915,0.08708954,0.58039218,0.85882354,0.09505873,0.70613569,0.00286025,0.48457336,true,tmp\sourcewise_error_atlas\run_001\contact_sheets\source_1_false_negative.jpg
1,1,dirty_positive/dirty_1_35.jpg,train,dirty_positive,clean_negative,false_negative,0.19489784,0.20,0.00510216,0.64815772,0.07208093,0.56862748,0.79607844,0.12010883,0.66808057,0.00263858,0.42449951,false,
1,1,dirty_positive/dirty_1_36.jpg,train,dirty_positive,dirty_positive,true_positive,0.20233339,0.20,0.00233339,0.63189518,0.06300793,0.56078434,0.76078433,0.13374420,0.65318215,0.00248024,0.38179016,false,
1,1,dirty_positive/dirty_1_37.jpg,train,dirty_positive,dirty_positive,true_positive,0.97508288,0.20,0.77508288,0.59612834,0.06894906,0.50588238,0.72941178,0.15742260,0.62008774,0.00375632,0.51844788,false,
1,1,dirty_positive/dirty_1_38.jpg,train,dirty_positive,dirty_positive,true_positive,0.98381863,0.20,0.78381863,0.60168517,0.07227275,0.50980395,0.74117649,0.15006493,0.62457681,0.00472451,0.54719543,false,
1,1,dirty_positive/dirty_1_39.jpg,train,dirty_positive,dirty_positive,true_positive,0.96162777,0.20,0.76162777,0.59468991,0.06785235,0.50588238,0.72156864,0.16120350,0.61912644,0.00295021,0.50715637,false,
1,1,dirty_positive/dirty_1_40.jpg,train,dirty_positive,dirty_positive,true_positive,0.97678367,0.20,0.77678367,0.58791322,0.06633582,0.50588238,0.71764708,0.16620180,0.61280757,0.00300370,0.47471619,false,
1,1,dirty_positive/dirty_1_41.jpg,train,dirty_positive,clean_negative,false_negative,0.09327154,0.20,0.10672846,0.63947964,0.06555389,0.56862748,0.77647060,0.12266918,0.65933728,0.00300897,0.42916870,true,tmp\sourcewise_error_atlas\run_001\contact_sheets\source_1_false_negative.jpg
1,1,dirty_positive/dirty_1_42.jpg,train,dirty_positive,dirty_positive,true_positive,0.29422548,0.20,0.09422548,0.65151733,0.07095590,0.57647061,0.80392158,0.11146636,0.67020583,0.00319944,0.45153809,false,
1,1,dirty_positive/dirty_1_43.jpg,train,dirty_positive,dirty_positive,true_positive,0.42763373,0.20,0.22763373,0.64735430,0.06050451,0.57647061,0.76862746,0.11107526,0.66462427,0.00329867,0.46380615,false,
1,1,dirty_positive/dirty_1_44.jpg,train,dirty_positive,dirty_positive,true_positive,0.55041291,0.20,0.35041291,0.62207371,0.05297031,0.56078434,0.71764708,0.13829963,0.64341152,0.00272203,0.39039612,false,
1,1,dirty_positive/dirty_1_45.jpg,train,dirty_positive,dirty_positive,true_positive,0.99998820,0.20,0.79998820,0.61570418,0.08315881,0.50196081,0.76862746,0.12522626,0.63503224,0.00209920,0.52853394,true,tmp\sourcewise_error_atlas\run_001\contact_sheets\source_1_true_positive.jpg
1,1,dirty_positive/dirty_1_46.jpg,train,dirty_positive,dirty_positive,true_positive,0.99999407,0.20,0.79999407,0.61835837,0.08480392,0.50196081,0.77254903,0.12546873,0.63772678,0.00206269,0.52420044,true,tmp\sourcewise_error_atlas\run_001\contact_sheets\source_1_true_positive.jpg
1,1,dirty_positive/dirty_1_47.jpg,train,dirty_positive,dirty_positive,true_positive,0.99999196,0.20,0.79999196,0.61245906,0.08117950,0.50196081,0.76078433,0.13740510,0.63361454,0.00223203,0.52549744,true,tmp\sourcewise_error_atlas\run_001\contact_sheets\source_1_true_positive.jpg
1,1,dirty_positive/dirty_1_48.jpg,train,dirty_positive,dirty_positive,true_positive,0.99998913,0.20,0.79998913,0.61593109,0.08330777,0.50098044,0.76862746,0.13609385,0.63685209,0.00224317,0.53048706,true,tmp\sourcewise_error_atlas\run_001\contact_sheets\source_1_true_positive.jpg
1,1,dirty_positive/dirty_1_49.jpg,train,dirty_positive,dirty_positive,true_positive,0.89283201,0.20,0.69283201,0.56788671,0.05851791,0.48235294,0.66666669,0.21525228,0.60109442,0.00384800,0.46980286,false,
1,1,dirty_positive/dirty_1_50.jpg,train,dirty_positive,dirty_positive,true_positive,0.88065761,0.20,0.68065761,0.55540931,0.05843190,0.47450981,0.65490198,0.22839603,0.59054053,0.00402013,0.47721863,false,
1,1,dirty_positive/dirty_1_51.jpg,train,dirty_positive,dirty_positive,true_positive,0.93651480,0.20,0.73651480,0.58848995,0.05902199,0.50588238,0.69019610,0.19590846,0.61874247,0.00350089,0.47265625,false,
1,1,dirty_positive/dirty_1_52.jpg,train,dirty_positive,dirty_positive,true_positive,0.89160944,0.20,0.69160944,0.56586671,0.05971897,0.48235294,0.66666669,0.21679389,0.59918636,0.00416011,0.47982788,false,
1,1,dirty_positive/dirty_1_53.jpg,train,dirty_positive,dirty_positive,true_positive,0.87812270,0.20,0.67812270,0.56675172,0.05940855,0.48235294,0.66666669,0.21070169,0.59928727,0.00325290,0.46241760,false,
1,1,dirty_positive/dirty_1_54.jpg,train,dirty_positive,dirty_positive,true_positive,0.99931087,0.20,0.79931087,0.53335977,0.04965442,0.46666667,0.61960787,0.23357090,0.56889963,0.00301810,0.44976807,true,tmp\sourcewise_error_atlas\run_001\contact_sheets\source_1_true_positive.jpg
1,1,dirty_positive/dirty_1_55.jpg,train,dirty_positive,dirty_positive,true_positive,0.84429029,0.20,0.64429029,0.55390531,0.05672887,0.47450981,0.64705884,0.22822709,0.58913743,0.00376224,0.46762085,false,
1,1,dirty_positive/dirty_1_56.jpg,train,dirty_positive,dirty_positive,true_positive,0.93061811,0.20,0.73061811,0.57211977,0.05886139,0.48627451,0.67058825,0.21066213,0.60471612,0.00354469,0.46673584,false,
1,1,dirty_positive/dirty_1_57.jpg,train,dirty_positive,dirty_positive,true_positive,0.87498678,0.20,0.67498678,0.68313789,0.07335333,0.58431375,0.82352942,0.08167881,0.69783258,0.00289501,0.51925659,false,
1,1,dirty_positive/dirty_1_58.jpg,train,dirty_positive,dirty_positive,true_positive,0.87981744,0.20,0.67981744,0.68309188,0.07399128,0.58039218,0.82352942,0.08190320,0.69785672,0.00288908,0.52037048,false,
1,1,dirty_positive/dirty_1_59.jpg,train,dirty_positive,dirty_positive,true_positive,0.88547943,0.20,0.68547943,0.65771359,0.07973923,0.54509807,0.80392158,0.10141704,0.67416000,0.00286180,0.52366638,false,
1,1,dirty_positive/dirty_1_60.jpg,train,dirty_positive,dirty_positive,true_positive,0.86476816,0.20,0.66476816,0.67036819,0.07306460,0.56862748,0.80784315,0.09215316,0.68538630,0.00294637,0.51052856,false,
1,1,dirty_positive/dirty_1_61.jpg,train,dirty_positive,dirty_positive,true_positive,0.86355507,0.20,0.66355507,0.55264348,0.07757788,0.45098040,0.69411767,0.14692882,0.57479453,0.00234344,0.52601624,false,
1,1,dirty_positive/dirty_1_62.jpg,train,dirty_positive,dirty_positive,true_positive,0.90243269,0.20,0.70243269,0.53968346,0.06777994,0.44705883,0.65882355,0.14789724,0.56207639,0.00228175,0.49156189,false,
1,1,dirty_positive/dirty_1_63.jpg,train,dirty_positive,dirty_positive,true_positive,0.87031639,0.20,0.67031639,0.56492329,0.08441156,0.45490196,0.72941178,0.14868823,0.58732998,0.00227299,0.54400635,false,
1,1,dirty_positive/dirty_1_64.jpg,train,dirty_positive,dirty_positive,true_positive,0.90823638,0.20,0.70823638,0.55882370,0.08139033,0.45490196,0.71372551,0.14920351,0.58128285,0.00227817,0.53440857,false,
1,1,dirty_positive/dirty_1_65.jpg,train,dirty_positive,dirty_positive,true_positive,0.61398816,0.20,0.41398816,0.68001622,0.08808618,0.55294120,0.83529413,0.08321743,0.69681621,0.00290256,0.56413269,false,
1,1,dirty_positive/dirty_1_66.jpg,train,dirty_positive,dirty_positive,true_positive,0.56109484,0.20,0.36109484,0.66621065,0.09223627,0.54117650,0.83137256,0.09121113,0.68446136,0.00252020,0.55387878,false,
1,1,dirty_positive/dirty_1_67.jpg,train,dirty_positive,dirty_positive,true_positive,0.50961248,0.20,0.30961248,0.67033023,0.09141888,0.54117650,0.83137256,0.08905897,0.68835884,0.00265207,0.56127930,false,
1,1,dirty_positive/dirty_1_68.jpg,train,dirty_positive,dirty_positive,true_positive,0.84525739,0.20,0.64525739,0.63814545,0.09116159,0.51764709,0.80784315,0.10536338,0.65560627,0.00213221,0.51437378,false,
1,1,dirty_positive/dirty_1_69.jpg,train,dirty_positive,dirty_positive,true_positive,0.99779693,0.20,0.79779693,0.49484748,0.04633388,0.43529412,0.57647061,0.23569165,0.52856499,0.00296719,0.40333557,true,tmp\sourcewise_error_atlas\run_001\contact_sheets\source_1_true_positive.jpg
1,1,dirty_positive/dirty_1_70.jpg,train,dirty_positive,dirty_positive,true_positive,0.99900009,0.20,0.79900009,0.49767739,0.04750408,0.43529412,0.58039218,0.25448751,0.53472352,0.00319590,0.43363953,true,tmp\sourcewise_error_atlas\run_001\contact_sheets\source_1_true_positive.jpg
1,1,dirty_positive/dirty_1_71.jpg,train,dirty_positive,dirty_positive,true_positive,0.97492942,0.20,0.77492942,0.50153589,0.04663270,0.44705883,0.58431375,0.22536772,0.53402942,0.00287161,0.40927124,false,
1,1,dirty_positive/dirty_1_72.jpg,train,dirty_positive,dirty_positive,true_positive,0.98429474,0.20,0.78429474,0.49580288,0.05221000,0.43529412,0.58823532,0.24689153,0.53129804,0.00324629,0.42446899,false,
1,1,dirty_positive/dirty_1_73.jpg,train,dirty_positive,dirty_positive,true_positive,0.88996416,0.20,0.68996416,0.62306285,0.08460842,0.50980395,0.77647060,0.11552969,0.64142036,0.00223525,0.50650024,false,
1,1,dirty_positive/dirty_1_74.jpg,train,dirty_positive,dirty_positive,true_positive,0.58985609,0.20,0.38985609,0.59036231,0.07703034,0.49019608,0.73725492,0.12753883,0.61018920,0.00174374,0.43898010,false,
1,1,dirty_positive/dirty_1_75.jpg,train,dirty_positive,dirty_positive,true_positive,0.83005931,0.20,0.63005931,0.61543977,0.08867434,0.50196081,0.79215688,0.11243299,0.63364822,0.00184708,0.46496582,false,
1,1,dirty_positive/dirty_1_76.jpg,train,dirty_positive,dirty_positive,true_positive,0.81783664,0.20,0.61783664,0.66742766,0.09205934,0.54117650,0.83137256,0.09053351,0.68559951,0.00256478,0.55546570,false,
1,1,dirty_positive/dirty_1_77.jpg,train,dirty_positive,dirty_positive,true_positive,0.67953305,0.20,0.47953305,0.54243243,0.05640768,0.47058824,0.64705884,0.17109820,0.56776559,0.00210281,0.41355896,false,
1,1,dirty_positive/dirty_1_78.jpg,train,dirty_positive,dirty_positive,true_positive,0.86935449,0.20,0.66935449,0.52569997,0.05055964,0.46274510,0.61568630,0.19268753,0.55393350,0.00258163,0.43049622,false,
1,1,dirty_positive/dirty_1_79.jpg,train,dirty_positive,dirty_positive,true_positive,0.94580095,0.20,0.74580095,0.55548865,0.06196724,0.47843137,0.67058825,0.15880391,0.57921869,0.00200017,0.42085266,false,
1,1,dirty_positive/dirty_1_80.jpg,train,dirty_positive,dirty_positive,true_positive,0.86296655,0.20,0.66296655,0.55842555,0.06396675,0.47450981,0.67843139,0.16576552,0.58329618,0.00235016,0.44859314,false,
1,1,dirty_positive/dirty_1_81.jpg,train,dirty_positive,dirty_positive,true_positive,0.48406411,0.20,0.28406411,0.65691721,0.09462638,0.52941179,0.82745099,0.09501092,0.67565441,0.00233103,0.53887939,false,
1,1,dirty_positive/dirty_1_82.jpg,train,dirty_positive,dirty_positive,true_positive,0.87022004,0.20,0.67022004,0.64631701,0.09083038,0.52156866,0.81176472,0.10122722,0.66332048,0.00232796,0.53031921,false,
1,1,dirty_positive/dirty_1_83.jpg,train,dirty_positive,dirty_positive,true_positive,0.41381756,0.20,0.21381756,0.64662230,0.09515959,0.52156866,0.82352942,0.09704453,0.66547877,0.00217353,0.51257324,false,
1,1,dirty_positive/dirty_1_84.jpg,train,dirty_positive,dirty_positive,true_positive,0.61089104,0.20,0.41089104,0.63614923,0.08557943,0.51764709,0.78823531,0.11015919,0.65378654,0.00258557,0.52511597,false,
1,1,dirty_positive/dirty_1_85.jpg,train,dirty_positive,dirty_positive,true_positive,0.94050252,0.20,0.74050252,0.53404683,0.05147924,0.47058824,0.62745100,0.15775105,0.55728889,0.00181594,0.36755371,false,
1,1,dirty_positive/dirty_1_86.jpg,train,dirty_positive,dirty_positive,true_positive,0.30626748,0.20,0.10626748,0.53836346,0.05429661,0.47058824,0.63921571,0.14381662,0.55997860,0.00157370,0.36099243,false,
1,1,dirty_positive/dirty_1_87.jpg,train,dirty_positive,dirty_positive,true_positive,0.99750571,0.20,0.79750571,0.52974534,0.04965341,0.46666667,0.61568630,0.16087444,0.55334091,0.00182047,0.36045837,true,tmp\sourcewise_error_atlas\run_001\contact_sheets\source_1_true_positive.jpg
1,1,dirty_positive/dirty_1_88.jpg,train,dirty_positive,dirty_positive,true_positive,0.42228982,0.20,0.22228982,0.55447853,0.05912074,0.47450981,0.66666669,0.14517099,0.57641315,0.00158350,0.38235474,false,
1,1,dirty_positive/dirty_1_89.jpg,train,dirty_positive,dirty_positive,true_positive,0.99601144,0.20,0.79601144,0.51153010,0.04306168,0.45882353,0.58431375,0.16746804,0.53547823,0.00213145,0.35014343,false,
1,1,dirty_positive/dirty_1_90.jpg,train,dirty_positive,dirty_positive,true_positive,0.93980259,0.20,0.73980259,0.52889955,0.05009182,0.46666667,0.61960787,0.17721672,0.55478477,0.00226573,0.40447998,false,
1,1,dirty_positive/dirty_1_91.jpg,train,dirty_positive,dirty_positive,true_positive,0.94675639,0.20,0.74675639,0.50739920,0.04488936,0.45490196,0.58823532,0.19838727,0.53587669,0.00270668,0.40591431,false,
1,1,dirty_positive/dirty_1_92.jpg,train,dirty_positive,dirty_positive,true_positive,0.99687152,0.20,0.79687152,0.52291536,0.04741539,0.46274510,0.60784316,0.17671570,0.54855490,0.00223197,0.38970947,false,
1,1,dirty_positive/dirty_1_93.jpg,train,dirty_positive,dirty_positive,true_positive,0.50031275,0.20,0.30031275,0.55555952,0.07135022,0.45882353,0.67843139,0.14183022,0.57698768,0.00346246,0.55635071,false,
1,1,dirty_positive/dirty_1_94.jpg,train,dirty_positive,dirty_positive,true_positive,0.77676137,0.20,0.57676137,0.55247313,0.06772219,0.45882353,0.67450982,0.14016941,0.57391047,0.00274790,0.52284241,false,
1,1,dirty_positive/dirty_1_95.jpg,train,dirty_positive,dirty_positive,true_positive,0.72483471,0.20,0.52483471,0.54712749,0.06757243,0.45882353,0.66666669,0.13597150,0.56735635,0.00342770,0.51861572,false,
1,1,dirty_positive/dirty_1_96.jpg,train,dirty_positive,dirty_positive,true_positive,0.26305662,0.20,0.06305662,0.55778122,0.07357315,0.45490196,0.68627453,0.14485624,0.57958263,0.00351331,0.56326294,false,
1,1,dirty_positive/dirty_1_97.jpg,train,dirty_positive,dirty_positive,true_positive,0.67314899,0.20,0.47314899,0.59280843,0.08114288,0.49019608,0.75686276,0.10235579,0.61019331,0.00173975,0.42837524,false,
1,1,dirty_positive/dirty_1_98.jpg,train,dirty_positive,clean_negative,false_negative,0.12843520,0.20,0.07156480,0.57204396,0.07714966,0.47745097,0.72549021,0.10033630,0.58823937,0.00184711,0.40409851,false,
1,1,dirty_positive/dirty_1_99.jpg,train,dirty_positive,dirty_positive,true_positive,0.38428097,0.20,0.18428097,0.56006414,0.07150736,0.47450981,0.70196080,0.10217071,0.57660615,0.00192385,0.39486694,false,
1,1,dirty_positive/dirty_1_100.jpg,train,dirty_positive,dirty_positive,true_positive,0.49589055,0.20,0.29589055,0.57289577,0.06865413,0.48235294,0.70588237,0.12472714,0.59213966,0.00156639,0.40272522,false,
1,1,dirty_positive/dirty_1_101.jpg,train,dirty_positive,dirty_positive,true_positive,0.72540159,0.20,0.52540159,0.52038717,0.05849016,0.45882353,0.63137257,0.11991638,0.53745317,0.00210174,0.33242798,false,
1,1,dirty_positive/dirty_1_102.jpg,train,dirty_positive,dirty_positive,true_positive,0.41382379,0.20,0.21382379,0.51885998,0.05815456,0.45882353,0.62745100,0.12287904,0.53627825,0.00209427,0.33100891,false,
1,1,dirty_positive/dirty_1_103.jpg,train,dirty_positive,dirty_positive,true_positive,0.69743121,0.20,0.49743121,0.51383889,0.04522801,0.45882353,0.59215689,0.11570328,0.53079629,0.00187420,0.30873108,false,
1,1,dirty_positive/dirty_1_104.jpg,train,dirty_positive,dirty_positive,true_positive,0.31730430,0.20,0.11730430,0.51155472,0.04249450,0.45882353,0.58431375,0.11980084,0.52907848,0.00183225,0.30552673,false,
2,2,clean_negative/clean_2_1.jpg,train,clean_negative,clean_negative,true_negative,0.00009066,0.75,0.74990934,0.75076491,0.06148764,0.69019610,0.87450981,0.07397760,0.78335547,0.00302475,0.32942200,false,
2,2,clean_negative/clean_2_2.jpg,train,clean_negative,clean_negative,true_negative,0.00396048,0.75,0.74603952,0.75672382,0.06392939,0.68235296,0.88235295,0.06732902,0.78144228,0.00343010,0.39541626,false,
2,2,clean_negative/clean_2_3.jpg,train,clean_negative,clean_negative,true_negative,0.00065510,0.75,0.74934490,0.68268406,0.06174677,0.54509807,0.76078433,0.10312542,0.71074957,0.00130840,0.16680908,false,
2,2,clean_negative/clean_2_4.jpg,train,clean_negative,clean_negative,true_negative,0.00046794,0.75,0.74953206,0.68795288,0.06172139,0.54509807,0.76470590,0.10632361,0.71835721,0.00132458,0.17134094,false,
2,2,clean_negative/clean_2_5.jpg,train,clean_negative,clean_negative,true_negative,0.02945640,0.75,0.72054360,0.66739476,0.06625312,0.52941179,0.75686276,0.12296478,0.69537556,0.00103544,0.22575378,false,
2,2,clean_negative/clean_2_6.jpg,train,clean_negative,clean_negative,true_negative,0.01380749,0.75,0.73619251,0.67001116,0.06625279,0.52941179,0.75686276,0.12364712,0.69886339,0.00102745,0.22659302,false,
2,2,clean_negative/clean_2_7.jpg,train,clean_negative,clean_negative,true_negative,0.00253835,0.75,0.74746165,0.75787365,0.06603052,0.68627453,0.88627452,0.06454426,0.78374326,0.00310250,0.41761780,false,
2,2,clean_negative/clean_2_8.jpg,train,clean_negative,clean_negative,true_negative,0.03627980,0.75,0.71372020,0.76021183,0.06649328,0.67058825,0.88627452,0.06133614,0.77891982,0.00329132,0.46499634,false,
2,2,clean_negative/clean_2_9.jpg,train,clean_negative,clean_negative,true_negative,0.00644992,0.75,0.74355008,0.75470483,0.07183830,0.65098041,0.89019608,0.06392123,0.77884471,0.00319401,0.44346619,false,
2,2,clean_negative/clean_2_10.jpg,train,clean_negative,clean_negative,true_negative,0.08576499,0.75,0.66423501,0.75719792,0.07127963,0.65098041,0.89019608,0.06165048,0.77396721,0.00326661,0.49607849,false,
2,2,clean_negative/clean_2_11.jpg,train,clean_negative,clean_negative,true_negative,0.01418714,0.75,0.73581286,0.74732882,0.07658203,0.63921571,0.88627452,0.06904022,0.77167594,0.00311232,0.44906616,false,
2,2,clean_negative/clean_2_12.jpg,train,clean_negative,clean_negative,true_negative,0.12654419,0.75,0.62345581,0.75021338,0.07563502,0.63921571,0.88627452,0.06940781,0.76775658,0.00321883,0.50729370,false,
2,2,clean_negative/clean_2_13.jpg,train,clean_negative,clean_negative,true_negative,0.14294552,0.75,0.60705448,0.59229720,0.10163582,0.48627451,0.80392158,0.12418029,0.61941057,0.00987752,0.53633118,false,
2,2,clean_negative/clean_2_14.jpg,train,clean_negative,clean_negative,true_negative,0.23321508,0.75,0.51678492,0.56377167,0.09549926,0.45882353,0.76470590,0.13880628,0.59186292,0.00816446,0.47761536,false,
2,2,clean_negative/clean_2_15.jpg,train,clean_negative,clean_negative,true_negative,0.23187601,0.75,0.51812399,0.54568321,0.09533905,0.44313726,0.74901962,0.15156664,0.57340711,0.00763872,0.46195984,false,
2,2,clean_negative/clean_2_16.jpg,train,clean_negative,clean_negative,true_negative,0.31385378,0.75,0.43614622,0.53599298,0.09189472,0.44313726,0.72549021,0.16304436,0.56403708,0.00683454,0.44670105,false,
2,2,clean_negative/clean_2_17.jpg,train,clean_negative,clean_negative,true_negative,0.25374412,0.75,0.49625588,0.51590371,0.05933602,0.43921569,0.62745100,0.19740608,0.54822242,0.00151685,0.32017517,false,
2,2,clean_negative/clean_2_18.jpg,train,clean_negative,clean_negative,true_negative,0.06770938,0.75,0.68229062,0.57143903,0.09658391,0.48627451,0.78823531,0.11215785,0.60140759,0.00789395,0.41265869,false,
2,2,clean_negative/clean_2_19.jpg,train,clean_negative,clean_negative,true_negative,0.03616314,0.75,0.71383686,0.55092865,0.08914828,0.45882353,0.74509805,0.12089743,0.57970601,0.00668969,0.38609314,false,
2,2,clean_negative/clean_2_20.jpg,train,clean_negative,clean_negative,true_negative,0.09405253,0.75,0.65594747,0.53448969,0.08759188,0.44313726,0.72156864,0.12666747,0.56139433,0.00635349,0.38453674,false,
2,2,clean_negative/clean_2_21.jpg,train,clean_negative,clean_negative,true_negative,0.17177141,0.75,0.57822859,0.53169215,0.09002950,0.43921569,0.72156864,0.13142958,0.55730182,0.00633614,0.40000916,false,
2,2,clean_negative/clean_2_22.jpg,train,clean_negative,clean_negative,true_negative,0.40920241,0.75,0.34079759,0.55806315,0.08430433,0.44705883,0.71372551,0.24695621,0.59927905,0.00309478,0.54414368,false,
2,2,clean_negative/clean_2_23.jpg,train,clean_negative,clean_negative,true_negative,0.45172609,0.75,0.29827391,0.53589749,0.08056029,0.43921569,0.69019610,0.26210061,0.57900405,0.00255597,0.49160767,false,
2,2,clean_negative/clean_2_24.jpg,train,clean_negative,clean_negative,true_negative,0.64271073,0.75,0.10728927,0.51615113,0.06953233,0.43529412,0.65098041,0.26294348,0.55874807,0.00199095,0.42430115,false,
2,2,clean_negative/clean_2_25.jpg,train,clean_negative,clean_negative,true_negative,0.38159867,0.75,0.36840133,0.51197547,0.06033324,0.43529412,0.61960787,0.23159385,0.54942340,0.00172483,0.37490845,false,
2,2,clean_negative/clean_2_26.jpg,train,clean_negative,clean_negative,true_negative,0.35472318,0.75,0.39527682,0.55058843,0.08324199,0.44705883,0.70980394,0.24199250,0.59048611,0.00261266,0.50308228,false,
2,2,clean_negative/clean_2_27.jpg,train,clean_negative,clean_negative,true_negative,0.39501012,0.75,0.35498988,0.52713579,0.07743531,0.43529412,0.67843139,0.25518757,0.56854558,0.00211309,0.44413757,false,
2,2,clean_negative/clean_2_28.jpg,train,clean_negative,clean_negative,true_negative,0.55559258,0.75,0.19440742,0.50855339,0.06420060,0.43137255,0.63137257,0.25205904,0.54891765,0.00168333,0.38153076,false,
2,2,clean_negative/clean_2_29.jpg,train,clean_negative,clean_negative,true_negative,0.28963616,0.75,0.46036384,0.50499082,0.05363763,0.43137255,0.59607846,0.21983051,0.54014754,0.00141954,0.33073425,false,
2,2,clean_negative/clean_2_30.jpg,train,clean_negative,clean_negative,true_negative,0.17978358,0.75,0.57021642,0.50923860,0.05025883,0.43529412,0.59215689,0.17801611,0.53809512,0.00121077,0.27622986,false,
2,2,clean_negative/clean_2_31.jpg,train,clean_negative,clean_negative,true_negative,0.02318598,0.75,0.72681402,0.55296522,0.08785335,0.48627451,0.76078433,0.09743229,0.58528566,0.00647427,0.29562378,false,
2,2,clean_negative/clean_2_32.jpg,train,clean_negative,clean_negative,true_negative,0.01131306,0.75,0.73868694,0.53781259,0.07885505,0.46274510,0.70980394,0.09736999,0.56721556,0.00548455,0.27890015,false,
2,2,clean_negative/clean_2_33.jpg,train,clean_negative,clean_negative,true_negative,0.03202149,0.75,0.71797851,0.52415550,0.07508396,0.44313726,0.67843139,0.09611356,0.55033934,0.00519946,0.28213501,false,
2,2,clean_negative/clean_2_34.jpg,train,clean_negative,clean_negative,true_negative,0.05509454,0.75,0.69490546,0.52474964,0.08351078,0.43529412,0.70196080,0.09402551,0.54818016,0.00559191,0.31474304,false,
2,2,clean_negative/clean_2_35.jpg,train,clean_negative,clean_negative,true_negative,0.00017969,0.75,0.74982031,0.53151727,0.05440904,0.50196081,0.62352943,0.11832659,0.58042479,0.00219336,0.07955933,false,
2,2,clean_negative/clean_2_36.jpg,train,clean_negative,clean_negative,true_negative,0.00669780,0.75,0.74330220,0.53549576,0.06221145,0.50196081,0.67058825,0.10984169,0.57947773,0.00322429,0.13046265,false,
2,2,clean_negative/clean_2_37.jpg,train,clean_negative,clean_negative,true_negative,0.01171424,0.75,0.73828576,0.53883803,0.06859054,0.50196081,0.69411767,0.10101193,0.57768047,0.00424048,0.17494202,false,
2,2,clean_negative/clean_2_38.jpg,train,clean_negative,clean_negative,true_negative,0.27328138,0.75,0.47671862,0.54793537,0.08205445,0.44313726,0.70196080,0.21891093,0.58354384,0.00242558,0.46067810,false,
2,2,clean_negative/clean_2_39.jpg,train,clean_negative,clean_negative,true_negative,0.19426036,0.75,0.55573964,0.52284139,0.07342009,0.43529412,0.66666669,0.22754267,0.55921245,0.00194476,0.40086365,false,
2,2,clean_negative/clean_2_40.jpg,train,clean_negative,clean_negative,true_negative,0.21399302,0.75,0.53600698,0.50555921,0.05958397,0.43137255,0.60392159,0.21901438,0.54021263,0.00146784,0.33271790,false,
2,2,clean_negative/clean_2_41.jpg,train,clean_negative,clean_negative,true_negative,0.06211198,0.75,0.68788802,0.50137305,0.04661327,0.43137255,0.56470591,0.18720147,0.53097779,0.00116154,0.27241516,false,
2,2,clean_negative/clean_2_42.jpg,train,clean_negative,clean_negative,true_negative,0.03434518,0.75,0.71565482,0.50672233,0.04406594,0.43529412,0.56078434,0.14936346,0.53069812,0.00096109,0.22399902,false,
2,2,clean_negative/clean_2_43.jpg,train,clean_negative,clean_negative,true_negative,0.00007381,0.75,0.74992619,0.52457821,0.04129037,0.50196081,0.54509807,0.11871465,0.57420474,0.00149542,0.05270386,false,
2,2,clean_negative/clean_2_44.jpg,train,clean_negative,clean_negative,true_negative,0.00308869,0.75,0.74691131,0.52748525,0.04938953,0.50196081,0.61568630,0.11046299,0.57253420,0.00232028,0.09471130,false,
2,2,clean_negative/clean_2_45.jpg,train,clean_negative,clean_negative,true_negative,0.00537608,0.75,0.74462392,0.52932000,0.05455286,0.49803922,0.63921571,0.10144433,0.56948042,0.00310799,0.12837219,false,
2,2,clean_negative/clean_2_46.jpg,train,clean_negative,clean_negative,true_negative,0.00552764,0.75,0.74447236,0.53020370,0.05971208,0.49019608,0.65882355,0.09189670,0.56606030,0.00382199,0.15748596,false,
2,2,clean_negative/clean_2_47.jpg,train,clean_negative,clean_negative,true_negative,0.00338455,0.75,0.74661545,0.52369797,0.05819976,0.47450981,0.63921571,0.08239849,0.55488598,0.00352462,0.16119385,false,
2,2,clean_negative/clean_2_48.jpg,train,clean_negative,clean_negative,true_negative,0.01236497,0.75,0.73763503,0.51583886,0.05794417,0.45490196,0.62745100,0.07496230,0.54290015,0.00371780,0.18338013,false,
2,2,clean_negative/clean_2_49.jpg,train,clean_negative,clean_negative,true_negative,0.01937933,0.75,0.73062067,0.51754022,0.07069274,0.44313726,0.66666669,0.06851567,0.54085368,0.00435554,0.22517395,false,
2,2,dirty_positive/dirty_2_1.jpg,train,dirty_positive,clean_negative,false_negative,0.57188514,0.75,0.17811486,0.67189252,0.07155798,0.57647061,0.80784315,0.13905630,0.69410849,0.00118731,0.37547302,false,
2,2,dirty_positive/dirty_2_2.jpg,train,dirty_positive,dirty_positive,true_positive,0.86161610,0.75,0.11161610,0.68803442,0.07183824,0.59215689,0.82352942,0.12104996,0.70740151,0.00121741,0.35034180,false,
2,2,dirty_positive/dirty_2_3.jpg,train,dirty_positive,dirty_positive,true_positive,0.94944936,0.75,0.19944936,0.71212697,0.07574463,0.60784316,0.85098040,0.10482167,0.72899890,0.00134527,0.39765930,false,
2,2,dirty_positive/dirty_2_4.jpg,train,dirty_positive,dirty_positive,true_positive,0.84422721,0.75,0.09422721,0.68317258,0.07138383,0.58431375,0.81568629,0.12581962,0.70304537,0.00115006,0.34892273,false,
2,2,dirty_positive/dirty_2_5.jpg,train,dirty_positive,clean_negative,false_negative,0.39966724,0.75,0.35033276,0.60845166,0.08203820,0.47450981,0.71764708,0.16421235,0.63745630,0.00055018,0.21646118,false,
2,2,dirty_positive/dirty_2_6.jpg,train,dirty_positive,clean_negative,false_negative,0.13407526,0.75,0.61592474,0.60650873,0.09081462,0.46666667,0.74509805,0.18342161,0.63792819,0.00068042,0.29627991,false,
2,2,dirty_positive/dirty_2_7.jpg,train,dirty_positive,clean_negative,false_negative,0.51165607,0.75,0.23834393,0.62181145,0.08681188,0.47450981,0.74117649,0.16329838,0.65080649,0.00062295,0.26412964,false,
2,2,dirty_positive/dirty_2_8.jpg,train,dirty_positive,dirty_positive,true_positive,0.79515843,0.75,0.04515843,0.56513333,0.07438016,0.46274510,0.68627453,0.22394507,0.60284036,0.00064033,0.24868774,false,
2,2,dirty_positive/dirty_2_9.jpg,train,dirty_positive,dirty_positive,true_positive,0.81878167,0.75,0.06878167,0.58160508,0.06331495,0.48627451,0.68627453,0.19923964,0.61307800,0.00138347,0.34271240,false,
2,2,dirty_positive/dirty_2_10.jpg,train,dirty_positive,dirty_positive,true_positive,0.96472630,0.75,0.21472630,0.59405416,0.06124578,0.49803922,0.68235296,0.17034914,0.62080538,0.00138043,0.31446838,false,
2,2,dirty_positive/dirty_2_11.jpg,train,dirty_positive,dirty_positive,true_positive,0.85754868,0.75,0.10754868,0.60113037,0.08231161,0.47843137,0.74509805,0.18647799,0.63112003,0.00141618,0.38383484,false,
2,2,dirty_positive/dirty_2_12.jpg,train,dirty_positive,dirty_positive,true_positive,0.84666097,0.75,0.09666097,0.58540201,0.08862310,0.46274510,0.75686276,0.21864070,0.62054878,0.00129476,0.40444946,false,
2,2,dirty_positive/dirty_2_13.jpg,train,dirty_positive,dirty_positive,true_positive,0.92636696,0.75,0.17636696,0.59752727,0.05107804,0.52549022,0.67843139,0.19409522,0.62813342,0.00115215,0.32424927,false,
2,2,dirty_positive/dirty_2_14.jpg,train,dirty_positive,clean_negative,false_negative,0.61228633,0.75,0.13771367,0.60833055,0.04804365,0.53725493,0.68627453,0.17457473,0.63582814,0.00104740,0.27709961,false,
2,2,dirty_positive/dirty_2_15.jpg,train,dirty_positive,dirty_positive,true_positive,0.84778692,0.75,0.09778692,0.61198521,0.06042654,0.53333336,0.72549021,0.19327125,0.64280671,0.00117820,0.37547302,false,
2,2,dirty_positive/dirty_2_16.jpg,train,dirty_positive,dirty_positive,true_positive,0.98723093,0.75,0.23723093,0.58524519,0.05515993,0.51372552,0.68627453,0.21409333,0.61915493,0.00113962,0.35235596,false,
2,2,dirty_positive/dirty_2_17.jpg,train,dirty_positive,dirty_positive,true_positive,0.89857153,0.75,0.14857153,0.58573025,0.05898849,0.51372552,0.69803923,0.21114485,0.61937189,0.00130214,0.37095642,false,
2,2,dirty_positive/dirty_2_18.jpg,train,dirty_positive,dirty_positive,true_positive,0.95742039,0.75,0.20742039,0.58539021,0.08006310,0.49019608,0.75294119,0.22504382,0.62106037,0.00124853,0.40112305,false,
2,2,dirty_positive/dirty_2_19.jpg,train,dirty_positive,dirty_positive,true_positive,0.91241925,0.75,0.16241925,0.59673744,0.05049153,0.52549022,0.67843139,0.19318174,0.62718666,0.00115443,0.32081604,false,
2,2,dirty_positive/dirty_2_20.jpg,train,dirty_positive,dirty_positive,true_positive,0.92459081,0.75,0.17459081,0.58570832,0.05946513,0.50588238,0.69411767,0.22153424,0.62065226,0.00107782,0.35623169,false,
2,2,dirty_positive/dirty_2_21.jpg,train,dirty_positive,clean_negative,false_negative,0.43098351,0.75,0.31901649,0.57591838,0.09106981,0.45098040,0.73725492,0.23078004,0.61459076,0.00081197,0.35076904,false,
2,2,dirty_positive/dirty_2_22.jpg,train,dirty_positive,clean_negative,false_negative,0.46596395,0.75,0.28403605,0.60222465,0.09215187,0.45882353,0.74901962,0.19135827,0.63475204,0.00073819,0.32507324,false,
2,2,dirty_positive/dirty_2_23.jpg,train,dirty_positive,clean_negative,false_negative,0.44742282,0.75,0.30257718,0.58602339,0.09235409,0.45490196,0.74509805,0.21656805,0.62240100,0.00080858,0.35154724,false,
2,2,dirty_positive/dirty_2_24.jpg,train,dirty_positive,dirty_positive,true_positive,0.95323474,0.75,0.20323474,0.55184966,0.07862648,0.45098040,0.70588237,0.26689333,0.59600484,0.00077543,0.33839417,false,
2,2,dirty_positive/dirty_2_25.jpg,train,dirty_positive,dirty_positive,true_positive,0.96598160,0.75,0.21598160,0.58168912,0.07298259,0.49411765,0.73333335,0.22456601,0.61748040,0.00125544,0.38801575,false,
2,2,dirty_positive/dirty_2_26.jpg,train,dirty_positive,clean_negative,false_negative,0.68010346,0.75,0.06989654,0.58592272,0.08176931,0.49019608,0.75686276,0.22520226,0.62165231,0.00123026,0.40513611,false,
2,2,dirty_positive/dirty_2_27.jpg,train,dirty_positive,dirty_positive,true_positive,0.97235116,0.75,0.22235116,0.58625561,0.07361213,0.50196081,0.74117649,0.22073892,0.62156653,0.00123930,0.38894653,false,
2,2,dirty_positive/dirty_2_28.jpg,train,dirty_positive,dirty_positive,true_positive,0.97573474,0.75,0.22573474,0.57327414,0.07978251,0.47058824,0.73333335,0.23504490,0.61077189,0.00122126,0.38465881,false,
2,2,dirty_positive/dirty_2_29.jpg,train,dirty_positive,clean_negative,false_negative,0.73655916,0.75,0.01344084,0.58946681,0.05888483,0.51372552,0.69803923,0.21632321,0.62364620,0.00112533,0.35842896,false,
2,2,dirty_positive/dirty_2_30.jpg,train,dirty_positive,clean_negative,false_negative,0.61917607,0.75,0.13082393,0.60530388,0.07112516,0.50980395,0.74117649,0.20615362,0.63791865,0.00113817,0.41213989,false,
2,2,dirty_positive/dirty_2_31.jpg,train,dirty_positive,dirty_positive,true_positive,0.83459872,0.75,0.08459872,0.61066413,0.05473880,0.53725493,0.70588237,0.18800235,0.64056158,0.00113592,0.34504700,false,
2,2,dirty_positive/dirty_2_32.jpg,train,dirty_positive,dirty_positive,true_positive,0.77925823,0.75,0.02925823,0.62126458,0.05848148,0.54117650,0.72549021,0.18246700,0.65035695,0.00120721,0.37315369,false,
2,2,dirty_positive/dirty_2_33.jpg,train,dirty_positive,clean_negative,false_negative,0.31802518,0.75,0.43197482,0.56339383,0.07594993,0.45882353,0.71372551,0.24603716,0.60184300,0.00113957,0.38307190,false,
2,2,dirty_positive/dirty_2_34.jpg,train,dirty_positive,clean_negative,false_negative,0.38934080,0.75,0.36065920,0.56806362,0.07163650,0.47058824,0.70980394,0.24046579,0.60573936,0.00115961,0.38406372,false,
2,2,dirty_positive/dirty_2_35.jpg,train,dirty_positive,clean_negative,false_negative,0.18442454,0.75,0.56557546,0.55846101,0.09798189,0.45098040,0.76470590,0.25227848,0.59731138,0.00116246,0.38772583,false,
2,2,dirty_positive/dirty_2_36.jpg,train,dirty_positive,clean_negative,false_negative,0.35969807,0.75,0.39030193,0.58442831,0.09325527,0.46666667,0.76862746,0.22924124,0.62059414,0.00124235,0.43032837,false,
2,2,dirty_positive/dirty_2_37.jpg,train,dirty_positive,dirty_positive,true_positive,0.99965621,0.75,0.24965621,0.71907717,0.07776242,0.61960787,0.86666667,0.08768814,0.74034131,0.00317861,0.51860046,false,
2,2,dirty_positive/dirty_2_38.jpg,train,dirty_positive,dirty_positive,true_positive,0.99844958,0.75,0.24844958,0.73223948,0.07467423,0.63137257,0.87450981,0.08611660,0.75174803,0.00277766,0.53697205,false,
2,2,dirty_positive/dirty_2_39.jpg,train,dirty_positive,dirty_positive,true_positive,0.99744444,0.75,0.24744444,0.71358109,0.07872106,0.60784316,0.86666667,0.08900321,0.73378670,0.00348636,0.52082825,false,
2,2,dirty_positive/dirty_2_40.jpg,train,dirty_positive,dirty_positive,true_positive,0.99745093,0.75,0.24745093,0.71348429,0.07888725,0.60784316,0.86666667,0.08904007,0.73354119,0.00351316,0.52209473,false,
2,2,dirty_positive/dirty_2_41.jpg,train,dirty_positive,dirty_positive,true_positive,0.91069783,0.75,0.16069783,0.52636552,0.06323626,0.44705883,0.63921571,0.28248641,0.57175535,0.00072854,0.29393005,false,
2,2,dirty_positive/dirty_2_42.jpg,train,dirty_positive,clean_negative,false_negative,0.54316290,0.75,0.20683710,0.53369737,0.07622266,0.43921569,0.69803923,0.26639208,0.57583427,0.00071568,0.29222107,false,
2,2,dirty_positive/dirty_2_43.jpg,train,dirty_positive,clean_negative,false_negative,0.63150224,0.75,0.11849776,0.53035039,0.07079959,0.44313726,0.67843139,0.27092674,0.57340056,0.00071396,0.28761292,false,
2,2,dirty_positive/dirty_2_44.jpg,train,dirty_positive,dirty_positive,true_positive,0.97484277,0.75,0.22484277,0.52544236,0.05299246,0.45882353,0.62745100,0.28018624,0.57144064,0.00077549,0.29299927,false,
2,2,dirty_positive/dirty_2_45.jpg,train,dirty_positive,dirty_positive,true_positive,0.91571847,0.75,0.16571847,0.52442276,0.06032703,0.43529412,0.63921571,0.26306602,0.56653166,0.00072405,0.28387451,false,
2,2,dirty_positive/dirty_2_46.jpg,train,dirty_positive,dirty_positive,true_positive,0.79997802,0.75,0.04997802,0.52363300,0.06212478,0.41960785,0.63921571,0.26343876,0.56548131,0.00073815,0.28713989,false,
2,2,dirty_positive/dirty_2_47.jpg,train,dirty_positive,dirty_positive,true_positive,0.96414620,0.75,0.21414620,0.52383411,0.05314571,0.45490196,0.61960787,0.27463889,0.56845140,0.00077134,0.28701782,false,
2,2,dirty_positive/dirty_2_48.jpg,train,dirty_positive,dirty_positive,true_positive,0.79169048,0.75,0.04169048,0.52877510,0.07166501,0.41568628,0.66274512,0.26130864,0.56993139,0.00075198,0.29661560,false,
2,2,dirty_positive/dirty_2_49.jpg,train,dirty_positive,dirty_positive,true_positive,0.75791151,0.75,0.00791151,0.52386880,0.06430404,0.41176471,0.63921571,0.26209730,0.56524348,0.00073052,0.29040527,false,
2,2,dirty_positive/dirty_2_50.jpg,train,dirty_positive,dirty_positive,true_positive,0.84548317,0.75,0.09548317,0.53310859,0.07367340,0.44313726,0.69411767,0.27200392,0.57642651,0.00074559,0.29808044,false,
2,2,dirty_positive/dirty_2_51.jpg,train,dirty_positive,clean_negative,false_negative,0.32352395,0.75,0.42647605,0.52373946,0.06677322,0.41176471,0.64313728,0.22899207,0.55923152,0.00064581,0.26690674,false,
2,2,dirty_positive/dirty_2_52.jpg,train,dirty_positive,dirty_positive,true_positive,0.89313033,0.75,0.14313033,0.52690917,0.06503650,0.44313726,0.64705884,0.27406827,0.57075596,0.00075609,0.29167175,false,
2,2,dirty_positive/dirty_2_53.jpg,train,dirty_positive,dirty_positive,true_positive,0.99908184,0.75,0.24908184,0.70104027,0.08211948,0.58823532,0.85882354,0.09675264,0.71815372,0.00371281,0.57144165,false,
2,2,dirty_positive/dirty_2_54.jpg,train,dirty_positive,dirty_positive,true_positive,0.99942894,0.75,0.24942894,0.70490146,0.08152667,0.59215689,0.86274511,0.09331175,0.72229499,0.00367640,0.56230164,false,
2,2,dirty_positive/dirty_2_55.jpg,train,dirty_positive,dirty_positive,true_positive,0.99955160,0.75,0.24955160,0.71022791,0.07984498,0.60392159,0.86666667,0.08994034,0.72853613,0.00364614,0.54266357,false,
2,2,dirty_positive/dirty_2_56.jpg,train,dirty_positive,dirty_positive,true_positive,0.99713025,0.75,0.24713025,0.69121516,0.08163320,0.58039218,0.85098040,0.10568310,0.70850575,0.00364765,0.57664490,false,
2,2,dirty_positive/dirty_2_57.jpg,train,dirty_positive,dirty_positive,true_positive,0.75424974,0.75,0.00424974,0.62250966,0.10337033,0.49803922,0.81960785,0.20538774,0.65436113,0.00191843,0.49821472,false,
2,2,dirty_positive/dirty_2_58.jpg,train,dirty_positive,dirty_positive,true_positive,0.97180516,0.75,0.22180516,0.64405996,0.10184152,0.51372552,0.83529413,0.18285403,0.67256498,0.00229791,0.54069519,false,
2,2,dirty_positive/dirty_2_59.jpg,train,dirty_positive,dirty_positive,true_positive,0.93426079,0.75,0.18426079,0.67118871,0.09514387,0.53333336,0.84705883,0.15822624,0.69625896,0.00272783,0.56825256,false,
2,2,dirty_positive/dirty_2_60.jpg,train,dirty_positive,dirty_positive,true_positive,0.85377690,0.75,0.10377690,0.58874023,0.09295481,0.48235294,0.78039217,0.23513371,0.62486207,0.00159141,0.43827820,false,
2,2,dirty_positive/dirty_2_61.jpg,train,dirty_positive,dirty_positive,true_positive,0.92831185,0.75,0.17831185,0.51557982,0.06370730,0.44313726,0.63137257,0.28428495,0.55781436,0.00133061,0.33824158,false,
2,2,dirty_positive/dirty_2_62.jpg,train,dirty_positive,dirty_positive,true_positive,0.89209786,0.75,0.14209786,0.52171034,0.07028244,0.44313726,0.66274512,0.28015485,0.56363350,0.00132289,0.34605408,false,
2,2,dirty_positive/dirty_2_63.jpg,train,dirty_positive,dirty_positive,true_positive,0.91089104,0.75,0.16089104,0.51907682,0.07397617,0.43921569,0.67843139,0.27939832,0.56060386,0.00133658,0.34425354,false,
2,2,dirty_positive/dirty_2_64.jpg,train,dirty_positive,dirty_positive,true_positive,0.84525940,0.75,0.09525940,0.50569808,0.05364906,0.43921569,0.59607846,0.28480989,0.54750431,0.00130258,0.32328796,false,
2,2,dirty_positive/dirty_2_65.jpg,train,dirty_positive,dirty_positive,true_positive,0.90833159,0.75,0.15833159,0.54785872,0.06685651,0.47058824,0.68235296,0.26607266,0.58824855,0.00133663,0.37055969,false,
2,2,dirty_positive/dirty_2_66.jpg,train,dirty_positive,dirty_positive,true_positive,0.95691994,0.75,0.20691994,0.56326318,0.07715054,0.47450981,0.72549021,0.25342655,0.60174322,0.00144239,0.39756775,false,
2,2,dirty_positive/dirty_2_67.jpg,train,dirty_positive,dirty_positive,true_positive,0.98269548,0.75,0.23269548,0.51691103,0.04936845,0.44705883,0.60392159,0.28535122,0.55938739,0.00126779,0.32492065,false,
2,2,dirty_positive/dirty_2_68.jpg,train,dirty_positive,dirty_positive,true_positive,0.84624158,0.75,0.09624158,0.60562670,0.09490121,0.49019608,0.78823531,0.21790116,0.63940328,0.00170358,0.47593689,false,
2,2,dirty_positive/dirty_2_69.jpg,train,dirty_positive,dirty_positive,true_positive,0.92908860,0.75,0.17908860,0.51329887,0.04896794,0.44705883,0.60000002,0.28685004,0.55586362,0.00130102,0.32646179,false,
2,2,dirty_positive/dirty_2_70.jpg,train,dirty_positive,dirty_positive,true_positive,0.85945031,0.75,0.10945031,0.52124381,0.07476739,0.44313726,0.68627453,0.27833366,0.56273937,0.00134216,0.34609985,false,
2,2,dirty_positive/dirty_2_71.jpg,train,dirty_positive,dirty_positive,true_positive,0.96677601,0.75,0.21677601,0.53366435,0.05693747,0.46274510,0.64313728,0.27594095,0.57520413,0.00132087,0.35131836,false,
2,2,dirty_positive/dirty_2_72.jpg,train,dirty_positive,dirty_positive,true_positive,0.96899378,0.75,0.21899378,0.51974785,0.05576831,0.44705883,0.61176473,0.28706157,0.56274772,0.00134731,0.33801270,false,
2,2,dirty_positive/dirty_2_73.jpg,train,dirty_positive,dirty_positive,true_positive,0.91610063,0.75,0.16610063,0.55883050,0.07650859,0.47058824,0.71764708,0.25450632,0.59734821,0.00146185,0.39500427,false,
2,2,dirty_positive/dirty_2_74.jpg,train,dirty_positive,dirty_positive,true_positive,0.89426711,0.75,0.14426711,0.55714303,0.07208215,0.47450981,0.70588237,0.25924480,0.59663570,0.00137130,0.38838196,false,
2,2,dirty_positive/dirty_2_75.jpg,train,dirty_positive,dirty_positive,true_positive,0.96352718,0.75,0.21352718,0.55409670,0.07467270,0.46666667,0.70196080,0.25437826,0.59246302,0.00162147,0.40037537,false,
2,2,dirty_positive/dirty_2_76.jpg,train,dirty_positive,dirty_positive,true_positive,0.80521736,0.75,0.05521736,0.55848730,0.07355910,0.47450981,0.71372551,0.25730383,0.59753305,0.00139490,0.39050293,false,
2,2,dirty_positive/dirty_2_77.jpg,train,dirty_positive,dirty_positive,true_positive,0.96429067,0.75,0.21429067,0.62586021,0.09915706,0.50588238,0.82352942,0.18887946,0.65529543,0.00263879,0.55720520,false,
2,2,dirty_positive/dirty_2_78.jpg,train,dirty_positive,clean_negative,false_negative,0.70220460,0.75,0.04779540,0.59432608,0.09482616,0.48627451,0.78823531,0.21801753,0.62782753,0.00201687,0.49130249,false,
2,2,dirty_positive/dirty_2_79.jpg,train,dirty_positive,dirty_positive,true_positive,0.96749440,0.75,0.21749440,0.64791524,0.09040586,0.52941179,0.82745099,0.15899616,0.67318904,0.00300980,0.58901978,false,
2,2,dirty_positive/dirty_2_80.jpg,train,dirty_positive,dirty_positive,true_positive,0.97148622,0.75,0.22148622,0.65447986,0.09869936,0.52941179,0.84705883,0.16263039,0.68018675,0.00303730,0.58892822,false,
2,2,dirty_positive/dirty_2_81.jpg,train,dirty_positive,dirty_positive,true_positive,0.85577235,0.75,0.10577235,0.50578266,0.05706341,0.43921569,0.61568630,0.27337408,0.54523063,0.00149702,0.33325195,false,
2,2,dirty_positive/dirty_2_82.jpg,train,dirty_positive,dirty_positive,true_positive,0.92188476,0.75,0.17188476,0.50521964,0.05932096,0.43529412,0.60784316,0.27948940,0.54594862,0.00134279,0.32209778,false,
2,2,dirty_positive/dirty_2_83.jpg,train,dirty_positive,dirty_positive,true_positive,0.96330024,0.75,0.21330024,0.50686634,0.04975016,0.43921569,0.59607846,0.28388673,0.54856694,0.00146578,0.32489014,false,
2,2,dirty_positive/dirty_2_84.jpg,train,dirty_positive,dirty_positive,true_positive,0.95026883,0.75,0.20026883,0.50602579,0.05760335,0.43921569,0.61960787,0.27144748,0.54507077,0.00149046,0.33352661,false,
2,2,dirty_positive/dirty_2_85.jpg,train,dirty_positive,dirty_positive,true_positive,0.97015599,0.75,0.22015599,0.66895455,0.08517372,0.54901963,0.82745099,0.12908189,0.68934298,0.00313739,0.58462524,false,
2,2,dirty_positive/dirty_2_86.jpg,train,dirty_positive,dirty_positive,true_positive,0.96526972,0.75,0.21526972,0.66503656,0.08582304,0.53725493,0.81960785,0.13081995,0.68562758,0.00304205,0.57672119,false,
2,2,dirty_positive/dirty_2_87.jpg,train,dirty_positive,dirty_positive,true_positive,0.87629405,0.75,0.12629405,0.67054015,0.08507294,0.54901963,0.82352942,0.12681270,0.69064015,0.00318107,0.57844543,false,
2,2,dirty_positive/dirty_2_88.jpg,train,dirty_positive,dirty_positive,true_positive,0.98631809,0.75,0.23631809,0.64984900,0.08683081,0.53333336,0.81568629,0.15106058,0.67370296,0.00295419,0.59355164,false,
2,2,dirty_positive/dirty_2_89.jpg,train,dirty_positive,dirty_positive,true_positive,0.98200066,0.75,0.23200066,0.52584565,0.05736217,0.45490196,0.63137257,0.27386642,0.56642056,0.00148357,0.34680176,false,
2,2,dirty_positive/dirty_2_90.jpg,train,dirty_positive,dirty_positive,true_positive,0.96208783,0.75,0.21208783,0.56579596,0.08301822,0.47058824,0.74117649,0.24906485,0.60361457,0.00153319,0.41282654,false,
2,2,dirty_positive/dirty_2_91.jpg,train,dirty_positive,dirty_positive,true_positive,0.98007431,0.75,0.23007431,0.51117909,0.04966890,0.44705883,0.60000002,0.27913237,0.55200052,0.00153512,0.32958984,false,
2,2,dirty_positive/dirty_2_92.jpg,train,dirty_positive,dirty_positive,true_positive,0.85939826,0.75,0.10939826,0.57182503,0.08494721,0.47843137,0.75294119,0.24685515,0.60941124,0.00151426,0.41452026,false,
2,2,dirty_positive/dirty_2_93.jpg,train,dirty_positive,dirty_positive,true_positive,0.95921730,0.75,0.20921730,0.50918752,0.06313390,0.43921569,0.63529414,0.26095420,0.54639137,0.00156376,0.35162354,false,
2,2,dirty_positive/dirty_2_94.jpg,train,dirty_positive,clean_negative,false_negative,0.64555094,0.75,0.10444906,0.51976347,0.07771899,0.43529412,0.68627453,0.25401080,0.55627036,0.00136251,0.35997009,false,
2,2,dirty_positive/dirty_2_95.jpg,train,dirty_positive,dirty_positive,true_positive,0.80697792,0.75,0.05697792,0.51108289,0.06675085,0.43529412,0.64313728,0.26245058,0.54876876,0.00144205,0.35166931,false,
2,2,dirty_positive/dirty_2_96.jpg,train,dirty_positive,clean_negative,false_negative,0.73863517,0.75,0.01136483,0.53559178,0.08263708,0.43921569,0.69803923,0.23286158,0.56894672,0.00149748,0.40550232,false,
2,2,dirty_positive/dirty_2_97.jpg,train,dirty_positive,dirty_positive,true_positive,0.97128904,0.75,0.22128904,0.51245725,0.05510732,0.44705883,0.60784316,0.26792148,0.55084127,0.00208378,0.36006165,false,
2,2,dirty_positive/dirty_2_98.jpg,train,dirty_positive,dirty_positive,true_positive,0.94007038,0.75,0.19007038,0.52998489,0.06056330,0.45882353,0.64705884,0.26785213,0.56940007,0.00173623,0.36654663,false,
2,2,dirty_positive/dirty_2_99.jpg,train,dirty_positive,dirty_positive,true_positive,0.94469233,0.75,0.19469233,0.52053249,0.05596462,0.45490196,0.62745100,0.27366933,0.56041718,0.00184150,0.35116577,false,
2,2,dirty_positive/dirty_2_100.jpg,train,dirty_positive,dirty_positive,true_positive,0.97045338,0.75,0.22045338,0.52370358,0.06208422,0.45098040,0.64313728,0.25893322,0.56104934,0.00234478,0.38108826,false,
2,2,dirty_positive/dirty_2_101.jpg,train,dirty_positive,dirty_positive,true_positive,0.98192294,0.75,0.23192294,0.55438423,0.07577354,0.45098040,0.68627453,0.23612565,0.59035945,0.00110125,0.37637329,false,
2,2,dirty_positive/dirty_2_102.jpg,train,dirty_positive,dirty_positive,true_positive,0.95395616,0.75,0.20395616,0.55927753,0.08095015,0.45098040,0.70588237,0.23090631,0.59456885,0.00148410,0.42832947,false,
2,2,dirty_positive/dirty_2_103.jpg,train,dirty_positive,dirty_positive,true_positive,0.96027229,0.75,0.21027229,0.55972219,0.08440620,0.43921569,0.70588237,0.22272950,0.59306246,0.00106678,0.39277649,false,
2,2,dirty_positive/dirty_2_104.jpg,train,dirty_positive,dirty_positive,true_positive,0.97363995,0.75,0.22363995,0.55364788,0.07664666,0.45098040,0.69411767,0.23905055,0.59022510,0.00127152,0.39564514,false,
2,2,dirty_positive/dirty_2_105.jpg,train,dirty_positive,dirty_positive,true_positive,0.87747398,0.75,0.12747398,0.61540067,0.09017870,0.50588238,0.80000001,0.16640560,0.64110208,0.00441536,0.59245300,false,
2,2,dirty_positive/dirty_2_106.jpg,train,dirty_positive,dirty_positive,true_positive,0.85666294,0.75,0.10666294,0.64851415,0.10021152,0.51764709,0.84313726,0.13504939,0.66966599,0.00487149,0.61814880,false,
2,2,dirty_positive/dirty_2_107.jpg,train,dirty_positive,dirty_positive,true_positive,0.78288001,0.75,0.03288001,0.62135112,0.09070089,0.50980395,0.80392158,0.16109338,0.64628202,0.00437036,0.59448242,false,
2,2,dirty_positive/dirty_2_108.jpg,train,dirty_positive,dirty_positive,true_positive,0.88781706,0.75,0.13781706,0.64080733,0.10078464,0.51372552,0.83921570,0.14455490,0.66351521,0.00492427,0.61363220,false,
2,2,dirty_positive/dirty_2_109.jpg,train,dirty_positive,dirty_positive,true_positive,0.92466100,0.75,0.17466100,0.54786760,0.07491081,0.45490196,0.69803923,0.23260489,0.58405304,0.00098537,0.33973694,false,
2,2,dirty_positive/dirty_2_110.jpg,train,dirty_positive,dirty_positive,true_positive,0.90096527,0.75,0.15096527,0.54839456,0.06966038,0.46666667,0.69019610,0.20613739,0.58043003,0.00088766,0.29521179,false,
2,2,dirty_positive/dirty_2_111.jpg,train,dirty_positive,dirty_positive,true_positive,0.98845017,0.75,0.23845017,0.54621363,0.07361519,0.45490196,0.69019610,0.23177102,0.58194768,0.00097974,0.33007812,false,
2,2,dirty_positive/dirty_2_112.jpg,train,dirty_positive,dirty_positive,true_positive,0.96464607,0.75,0.21464607,0.54760700,0.07843203,0.45098040,0.70588237,0.24362907,0.58574224,0.00116062,0.36384583,false,
2,2,dirty_positive/dirty_2_113.jpg,train,dirty_positive,dirty_positive,true_positive,0.92289119,0.75,0.17289119,0.56678754,0.09048223,0.46274510,0.74901962,0.21783036,0.59937370,0.00440652,0.54957581,false,
2,2,dirty_positive/dirty_2_114.jpg,train,dirty_positive,dirty_positive,true_positive,0.76932855,0.75,0.01932855,0.59023774,0.08783240,0.48235294,0.76862746,0.19148847,0.61947197,0.00426039,0.56982422,false,
2,2,dirty_positive/dirty_2_115.jpg,train,dirty_positive,dirty_positive,true_positive,0.93589715,0.75,0.18589715,0.55727011,0.09898844,0.45490196,0.77254903,0.23029423,0.59125364,0.00461874,0.52801514,false,
2,2,dirty_positive/dirty_2_116.jpg,train,dirty_positive,dirty_positive,true_positive,0.93970745,0.75,0.18970745,0.56695366,0.09096371,0.46274510,0.75294119,0.21801430,0.59966707,0.00443802,0.55232239,false,
2,2,dirty_positive/dirty_2_117.jpg,train,dirty_positive,dirty_positive,true_positive,0.97896310,0.75,0.22896310,0.55956781,0.08175021,0.45098040,0.70588237,0.23193307,0.59513336,0.00170252,0.44557190,false,
2,2,dirty_positive/dirty_2_118.jpg,train,dirty_positive,dirty_positive,true_positive,0.95684069,0.75,0.20684069,0.56027061,0.08311573,0.45098040,0.70588237,0.22589315,0.59443915,0.00156267,0.43464661,false,
2,2,dirty_positive/dirty_2_119.jpg,train,dirty_positive,dirty_positive,true_positive,0.99995765,0.75,0.24995765,0.55443656,0.07690649,0.45098040,0.69019610,0.23722140,0.59063166,0.00120360,0.39146423,false,
2,2,dirty_positive/dirty_2_120.jpg,train,dirty_positive,dirty_positive,true_positive,0.98594562,0.75,0.23594562,0.55503905,0.07912567,0.45098040,0.70588237,0.23892477,0.59196442,0.00138664,0.41612244,false,
2,2,dirty_positive/dirty_2_121.jpg,train,dirty_positive,dirty_positive,true_positive,0.90737348,0.75,0.15737348,0.55504340,0.07056526,0.48235294,0.70588237,0.18479729,0.58478093,0.00091154,0.29446411,false,
2,2,dirty_positive/dirty_2_122.jpg,train,dirty_positive,dirty_positive,true_positive,0.91864385,0.75,0.16864385,0.55885160,0.07908349,0.47450981,0.71764708,0.18907794,0.58950388,0.00119915,0.35353088,false,
2,2,dirty_positive/dirty_2_123.jpg,train,dirty_positive,dirty_positive,true_positive,0.91629250,0.75,0.16629250,0.55753762,0.07279088,0.48627451,0.70980394,0.18344057,0.58723319,0.00097790,0.30522156,false,
2,2,dirty_positive/dirty_2_124.jpg,train,dirty_positive,dirty_positive,true_positive,0.84023983,0.75,0.09023983,0.55397534,0.07022818,0.48235294,0.70196080,0.18717730,0.58394712,0.00090601,0.29545593,false,
2,2,dirty_positive/dirty_2_125.jpg,train,dirty_positive,dirty_positive,true_positive,0.91203352,0.75,0.16203352,0.53046322,0.08662495,0.44705883,0.71372551,0.24821228,0.56614214,0.00406143,0.46064758,false,
2,2,dirty_positive/dirty_2_126.jpg,train,dirty_positive,dirty_positive,true_positive,0.90940638,0.75,0.15940638,0.56301498,0.09822184,0.45490196,0.77254903,0.22595108,0.59670448,0.00487860,0.54441833,false,
2,2,dirty_positive/dirty_2_127.jpg,train,dirty_positive,dirty_positive,true_positive,0.92161991,0.75,0.17161991,0.51341856,0.07089635,0.43921569,0.65882355,0.25688800,0.54983556,0.00337052,0.42358398,false,
2,2,dirty_positive/dirty_2_128.jpg,train,dirty_positive,dirty_positive,true_positive,0.91019190,0.75,0.16019190,0.52899194,0.08086293,0.44705883,0.69803923,0.24481314,0.56408691,0.00378033,0.45507812,false,
2,2,dirty_positive/dirty_2_129.jpg,train,dirty_positive,dirty_positive,true_positive,0.80740507,0.75,0.05740507,0.63397348,0.10753088,0.49411765,0.84705883,0.15937135,0.65943670,0.00676924,0.65815735,false,
2,2,dirty_positive/dirty_2_130.jpg,train,dirty_positive,dirty_positive,true_positive,0.96638236,0.75,0.21638236,0.63193619,0.10806587,0.49019608,0.84705883,0.16513488,0.65855706,0.00680491,0.65429688,false,
2,2,dirty_positive/dirty_2_131.jpg,train,dirty_positive,dirty_positive,true_positive,0.86310975,0.75,0.11310975,0.60814428,0.10662541,0.47058824,0.81960785,0.19100870,0.63829809,0.00640574,0.62515259,false,
2,2,dirty_positive/dirty_2_132.jpg,train,dirty_positive,clean_negative,false_negative,0.71486504,0.75,0.03513496,0.65888679,0.10519032,0.52156866,0.86274511,0.12835604,0.68000317,0.00629075,0.65014648,false,
2,2,dirty_positive/dirty_2_133.jpg,train,dirty_positive,dirty_positive,true_positive,0.86108870,0.75,0.11108870,0.59789181,0.10578153,0.47058824,0.81176472,0.19938494,0.62881255,0.00613869,0.61259460,false,
2,2,dirty_positive/dirty_2_134.jpg,train,dirty_positive,dirty_positive,true_positive,0.86411807,0.75,0.11411807,0.59414876,0.10451456,0.47058824,0.80784315,0.20057926,0.62500954,0.00595167,0.60574341,false,
2,2,dirty_positive/dirty_2_135.jpg,train,dirty_positive,dirty_positive,true_positive,0.95193647,0.75,0.20193647,0.58657461,0.09964790,0.47058824,0.79607844,0.20339900,0.61760682,0.00539896,0.59141541,false,
2,2,dirty_positive/dirty_2_136.jpg,train,dirty_positive,dirty_positive,true_positive,0.95020904,0.75,0.20020904,0.62656224,0.11002034,0.48235294,0.84313726,0.17453231,0.65480423,0.00672361,0.64805603,false,
2,2,dirty_positive/dirty_2_137.jpg,train,dirty_positive,dirty_positive,true_positive,0.89886153,0.75,0.14886153,0.56042790,0.07996865,0.48235294,0.72156864,0.18136118,0.59016716,0.00124988,0.35649109,false,
2,2,dirty_positive/dirty_2_138.jpg,train,dirty_positive,dirty_positive,true_positive,0.89846109,0.75,0.14846109,0.56080443,0.08138702,0.48235294,0.72549021,0.18050113,0.59055293,0.00128720,0.36502075,false,
2,2,dirty_positive/dirty_2_139.jpg,train,dirty_positive,dirty_positive,true_positive,0.92214760,0.75,0.17214760,0.55931711,0.07638765,0.48235294,0.71764708,0.18175948,0.58889216,0.00109423,0.33259583,false,
2,2,dirty_positive/dirty_2_140.jpg,train,dirty_positive,dirty_positive,true_positive,0.90724020,0.75,0.15724020,0.55977899,0.07833923,0.48235294,0.71764708,0.18144305,0.58940172,0.00117111,0.34631348,false,
2,2,dirty_positive/dirty_2_141.jpg,train,dirty_positive,dirty_positive,true_positive,0.96868151,0.75,0.21868151,0.54464704,0.07492460,0.44313726,0.68235296,0.24211086,0.58127433,0.00243541,0.46855164,false,
2,2,dirty_positive/dirty_2_142.jpg,train,dirty_positive,dirty_positive,true_positive,0.95248324,0.75,0.20248324,0.54168087,0.07865226,0.43921569,0.68627453,0.23742157,0.57683468,0.00223893,0.45478821,false,
2,2,dirty_positive/dirty_2_143.jpg,train,dirty_positive,dirty_positive,true_positive,0.98816211,0.75,0.23816211,0.55027688,0.07919168,0.44705883,0.69019610,0.23585650,0.58591807,0.00214043,0.46286011,false,
2,2,dirty_positive/dirty_2_144.jpg,train,dirty_positive,dirty_positive,true_positive,0.99996972,0.75,0.24996972,0.54217231,0.07278509,0.44313726,0.67450982,0.24432009,0.57913649,0.00266055,0.47488403,false,
2,2,dirty_positive/dirty_2_145.jpg,train,dirty_positive,dirty_positive,true_positive,0.95912669,0.75,0.20912669,0.50855780,0.06816123,0.43921569,0.64705884,0.26381606,0.54627717,0.00300971,0.38827515,false,
2,2,dirty_positive/dirty_2_146.jpg,train,dirty_positive,dirty_positive,true_positive,0.95775738,0.75,0.20775738,0.51571018,0.07035606,0.43921569,0.65882355,0.25283778,0.55158257,0.00273741,0.40904236,false,
2,2,dirty_positive/dirty_2_147.jpg,train,dirty_positive,dirty_positive,true_positive,0.96590535,0.75,0.21590535,0.50532460,0.06300677,0.43921569,0.62745100,0.26534760,0.54324985,0.00276944,0.37825012,false,
2,2,dirty_positive/dirty_2_148.jpg,train,dirty_positive,dirty_positive,true_positive,0.92674813,0.75,0.17674813,0.52459693,0.08628529,0.44705883,0.71372551,0.26059648,0.56274432,0.00353654,0.41677856,false,
2,2,dirty_positive/dirty_2_149.jpg,train,dirty_positive,clean_negative,false_negative,0.58007303,0.75,0.16992697,0.64726985,0.10666908,0.50588238,0.85490197,0.15073410,0.67214614,0.00692923,0.66944885,false,
2,2,dirty_positive/dirty_2_150.jpg,train,dirty_positive,dirty_positive,true_positive,0.95556701,0.75,0.20556701,0.63643944,0.11439315,0.48627451,0.85882354,0.16348639,0.66347843,0.00691932,0.67677307,false,
2,2,dirty_positive/dirty_2_151.jpg,train,dirty_positive,dirty_positive,true_positive,0.89363073,0.75,0.14363073,0.63273329,0.11479075,0.48235294,0.85490197,0.16775340,0.66034710,0.00681267,0.67076111,false,
2,2,dirty_positive/dirty_2_152.jpg,train,dirty_positive,dirty_positive,true_positive,0.76544778,0.75,0.01544778,0.63548934,0.10729382,0.49803922,0.84705883,0.15886375,0.66103172,0.00686355,0.65917969,false,
2,2,dirty_positive/dirty_2_153.jpg,train,dirty_positive,dirty_positive,true_positive,0.89164728,0.75,0.14164728,0.53937423,0.10071318,0.44705883,0.76862746,0.25630459,0.57785702,0.00355944,0.44625854,false,
2,2,dirty_positive/dirty_2_154.jpg,train,dirty_positive,dirty_positive,true_positive,0.88082869,0.75,0.13082869,0.54922545,0.11013756,0.44313726,0.79215688,0.24151972,0.58596748,0.00394720,0.47216797,false,
2,2,dirty_positive/dirty_2_155.jpg,train,dirty_positive,dirty_positive,true_positive,0.95918697,0.75,0.20918697,0.51710951,0.07866244,0.44313726,0.68235296,0.26512170,0.55579430,0.00327540,0.39669800,false,
2,2,dirty_positive/dirty_2_156.jpg,train,dirty_positive,dirty_positive,true_positive,0.93071665,0.75,0.18071665,0.52686763,0.09548000,0.43921569,0.74509805,0.25954908,0.56568128,0.00327421,0.41459656,false,
2,2,dirty_positive/dirty_2_157.jpg,train,dirty_positive,clean_negative,false_negative,0.73293882,0.75,0.01706118,0.56806505,0.08507355,0.46274510,0.72941178,0.25154024,0.60970575,0.00226662,0.54425049,false,
2,2,dirty_positive/dirty_2_158.jpg,train,dirty_positive,dirty_positive,true_positive,0.95740918,0.75,0.20740918,0.56417799,0.08171552,0.46274510,0.72156864,0.25329125,0.60545361,0.00256822,0.54380798,false,
2,2,dirty_positive/dirty_2_159.jpg,train,dirty_positive,dirty_positive,true_positive,0.75833580,0.75,0.00833580,0.56917703,0.08515608,0.46274510,0.72941178,0.24868053,0.61035204,0.00227628,0.54595947,false,
2,2,dirty_positive/dirty_2_160.jpg,train,dirty_positive,dirty_positive,true_positive,0.91727770,0.75,0.16727770,0.55407226,0.08354095,0.45490196,0.71764708,0.26123711,0.59738982,0.00176539,0.48088074,false,
2,2,dirty_positive/dirty_2_161.jpg,train,dirty_positive,clean_negative,false_negative,0.29126499,0.75,0.45873501,0.58440053,0.09774055,0.45098040,0.76078433,0.15549162,0.60965490,0.00394903,0.58390808,false,
2,2,dirty_positive/dirty_2_162.jpg,train,dirty_positive,clean_negative,false_negative,0.20639685,0.75,0.54360315,0.60927945,0.09402113,0.47058824,0.78431374,0.15499239,0.63566595,0.00345872,0.61012268,false,
2,2,dirty_positive/dirty_2_163.jpg,train,dirty_positive,clean_negative,false_negative,0.65676524,0.75,0.09323476,0.60055268,0.08966405,0.47058824,0.76470590,0.17769119,0.62993133,0.00356711,0.61941528,false,
2,2,dirty_positive/dirty_2_164.jpg,train,dirty_positive,clean_negative,false_negative,0.61171022,0.75,0.13828978,0.59770125,0.08845380,0.47058824,0.76078433,0.18503202,0.62825578,0.00347227,0.62420654,false,
3,3,clean_negative/clean_3_1.jpg,train,clean_negative,dirty_positive,false_positive,0.89084830,0.70,0.19084830,0.70695257,0.09946796,0.53333336,0.84705883,0.12242839,0.72928292,0.00494858,0.51205444,false,
3,3,clean_negative/clean_3_2.jpg,train,clean_negative,clean_negative,true_negative,0.64463085,0.70,0.05536915,0.71542501,0.09756370,0.54117650,0.85882354,0.13029079,0.73953271,0.00522688,0.55543518,false,
3,3,clean_negative/clean_3_3.jpg,train,clean_negative,dirty_positive,false_positive,0.74913976,0.70,0.04913976,0.71410912,0.09852169,0.54509807,0.86666667,0.14480951,0.74121195,0.00501755,0.57081604,false,
3,3,clean_negative/clean_3_4.jpg,train,clean_negative,dirty_positive,false_positive,0.86141689,0.70,0.16141689,0.70370197,0.09885006,0.54509807,0.85882354,0.15701444,0.73319703,0.00511424,0.57337952,false,
3,3,clean_negative/clean_3_5.jpg,train,clean_negative,dirty_positive,false_positive,0.93024667,0.70,0.23024667,0.69242013,0.09227163,0.55686277,0.85098040,0.15436828,0.72145879,0.00482144,0.54895020,false,
3,3,clean_negative/clean_3_6.jpg,train,clean_negative,dirty_positive,false_positive,0.88767157,0.70,0.18767157,0.67716223,0.08209597,0.56078434,0.82745099,0.14188312,0.70365769,0.00405197,0.45890808,false,
3,3,clean_negative/clean_3_7.jpg,train,clean_negative,dirty_positive,false_positive,0.81690953,0.70,0.11690953,0.67653972,0.09624880,0.52156866,0.83529413,0.15704665,0.70429510,0.00530287,0.57958984,false,
3,3,clean_negative/clean_3_8.jpg,train,clean_negative,clean_negative,true_negative,0.42750807,0.70,0.27249193,0.68246198,0.09434677,0.52549022,0.83921570,0.16348214,0.71169806,0.00526271,0.59603882,false,
3,3,clean_negative/clean_3_9.jpg,train,clean_negative,clean_negative,true_negative,0.47132888,0.70,0.22867112,0.67645800,0.09517070,0.52549022,0.83921570,0.17740384,0.70849460,0.00459161,0.57925415,false,
3,3,clean_negative/clean_3_10.jpg,train,clean_negative,clean_negative,true_negative,0.66269519,0.70,0.03730481,0.66870403,0.09482393,0.52549022,0.83529413,0.18332586,0.70200181,0.00449992,0.56440735,false,
3,3,clean_negative/clean_3_11.jpg,train,clean_negative,dirty_positive,false_positive,0.85498037,0.70,0.15498037,0.66205418,0.08457849,0.54117650,0.81960785,0.17546353,0.69401336,0.00401225,0.51824951,false,
3,3,clean_negative/clean_3_12.jpg,train,clean_negative,dirty_positive,false_positive,0.84804687,0.70,0.14804687,0.64763486,0.06921001,0.54117650,0.76470590,0.16072354,0.67664647,0.00311334,0.41516113,false,
3,3,clean_negative/clean_3_13.jpg,train,clean_negative,clean_negative,true_negative,0.37426073,0.70,0.32573927,0.61399204,0.09406970,0.50196081,0.81568629,0.14666474,0.63720679,0.00673632,0.52380371,false,
3,3,clean_negative/clean_3_14.jpg,train,clean_negative,clean_negative,true_negative,0.08198808,0.70,0.61801192,0.62391734,0.09710030,0.50588238,0.82352942,0.16275236,0.64943349,0.00875673,0.63505554,false,
3,3,clean_negative/clean_3_15.jpg,train,clean_negative,clean_negative,true_negative,0.21052389,0.70,0.48947611,0.62300003,0.09938147,0.50196081,0.82745099,0.16872907,0.64950538,0.00934217,0.67959595,false,
3,3,clean_negative/clean_3_16.jpg,train,clean_negative,clean_negative,true_negative,0.44758358,0.70,0.25241642,0.60965383,0.09959681,0.49019608,0.81960785,0.16002725,0.63482308,0.00794982,0.60066223,false,
3,3,clean_negative/clean_3_17.jpg,train,clean_negative,clean_negative,true_negative,0.15793845,0.70,0.54206155,0.71347106,0.06989274,0.64705884,0.85882354,0.07729624,0.74497092,0.00215449,0.27758789,false,
3,3,clean_negative/clean_3_18.jpg,train,clean_negative,clean_negative,true_negative,0.22716186,0.70,0.47283814,0.72663260,0.07901298,0.64313728,0.88627452,0.07505763,0.75464690,0.00304075,0.35751343,false,
3,3,clean_negative/clean_3_19.jpg,train,clean_negative,clean_negative,true_negative,0.08860089,0.70,0.61139911,0.70328093,0.06634322,0.63529414,0.84705883,0.07866828,0.73838055,0.00127832,0.20210266,false,
3,3,clean_negative/clean_3_20.jpg,train,clean_negative,clean_negative,true_negative,0.13588432,0.70,0.56411568,0.71699440,0.07925984,0.63529414,0.88235295,0.07434950,0.74831986,0.00217513,0.28334045,false,
3,3,clean_negative/clean_3_21.jpg,train,clean_negative,clean_negative,true_negative,0.19022721,0.70,0.50977279,0.73905575,0.09990865,0.61568630,0.92549020,0.07124305,0.76461339,0.00428618,0.43041992,false,
3,3,clean_negative/clean_3_22.jpg,train,clean_negative,dirty_positive,false_positive,0.70154517,0.70,0.00154517,0.75596291,0.10000665,0.61176473,0.93333334,0.07882822,0.77811062,0.00617889,0.54763794,false,
3,3,clean_negative/clean_3_23.jpg,train,clean_negative,clean_negative,true_negative,0.03899415,0.70,0.66100585,0.68766916,0.06092883,0.62352943,0.82745099,0.08600447,0.72687364,0.00085575,0.14274597,false,
3,3,clean_negative/clean_3_24.jpg,train,clean_negative,clean_negative,true_negative,0.14466845,0.70,0.55533155,0.70828867,0.08787903,0.61176473,0.89411765,0.07701704,0.74103576,0.00232715,0.27073669,false,
3,3,clean_negative/clean_3_25.jpg,train,clean_negative,clean_negative,true_negative,0.16870348,0.70,0.53129652,0.73570293,0.10068853,0.61176473,0.92549020,0.07155278,0.76189667,0.00417567,0.41743469,false,
3,3,clean_negative/clean_3_26.jpg,train,clean_negative,clean_negative,true_negative,0.62997280,0.70,0.07002720,0.75277811,0.10093820,0.61176473,0.92941177,0.07895425,0.77541506,0.00597894,0.53681946,false,
3,3,clean_negative/clean_3_27.jpg,train,clean_negative,clean_negative,true_negative,0.50380897,0.70,0.19619103,0.59992492,0.10184248,0.47058824,0.79607844,0.25229925,0.64104378,0.01064885,0.62728882,false,
3,3,clean_negative/clean_3_28.jpg,train,clean_negative,clean_negative,true_negative,0.55998252,0.70,0.14001748,0.59192574,0.10072976,0.46666667,0.78431374,0.25837815,0.63364136,0.01011028,0.61222839,false,
3,3,clean_negative/clean_3_29.jpg,train,clean_negative,dirty_positive,false_positive,0.72025204,0.70,0.02025204,0.56387770,0.09635937,0.44705883,0.75294119,0.27621603,0.60709137,0.00830853,0.55540466,false,
3,3,clean_negative/clean_3_30.jpg,train,clean_negative,clean_negative,true_negative,0.64997191,0.70,0.05002809,0.55180955,0.09141366,0.44313726,0.73333335,0.27703190,0.59436631,0.00769595,0.53680420,false,
3,3,clean_negative/clean_3_31.jpg,train,clean_negative,clean_negative,true_negative,0.66466293,0.70,0.03533707,0.54496700,0.08750895,0.44313726,0.72156864,0.27568245,0.58694506,0.00709023,0.51844788,false,
3,3,clean_negative/clean_3_32.jpg,train,clean_negative,clean_negative,true_negative,0.58390409,0.70,0.11609591,0.75040042,0.10284435,0.60000002,0.93333334,0.09346566,0.77270353,0.00721959,0.60758972,false,
3,3,clean_negative/clean_3_33.jpg,train,clean_negative,dirty_positive,false_positive,0.96200400,0.70,0.26200400,0.74984485,0.10284323,0.59607846,0.93333334,0.11169589,0.77161801,0.00994135,0.69772339,false,
3,3,clean_negative/clean_3_34.jpg,train,clean_negative,dirty_positive,false_positive,0.93550829,0.70,0.23550829,0.73264414,0.10177211,0.57647061,0.91764706,0.13984728,0.75708878,0.01149901,0.73768616,false,
3,3,clean_negative/clean_3_35.jpg,train,clean_negative,dirty_positive,false_positive,0.86346189,0.70,0.16346189,0.69745076,0.09974022,0.54117650,0.87450981,0.17155379,0.72699440,0.01198515,0.72839355,false,
3,3,clean_negative/clean_3_36.jpg,train,clean_negative,dirty_positive,false_positive,0.74487558,0.70,0.04487558,0.66086918,0.10009724,0.51372552,0.84313726,0.20050159,0.69501764,0.01238871,0.71388245,false,
3,3,clean_negative/clean_3_37.jpg,train,clean_negative,clean_negative,true_negative,0.62004399,0.70,0.07995601,0.62687171,0.09948916,0.49411765,0.81568629,0.22744507,0.66479325,0.01160367,0.67044067,false,
3,3,clean_negative/clean_3_38.jpg,train,clean_negative,clean_negative,true_negative,0.01954193,0.70,0.68045807,0.66864526,0.05050533,0.61176473,0.78039217,0.09437155,0.71225893,0.00042298,0.06959534,false,
3,3,clean_negative/clean_3_39.jpg,train,clean_negative,clean_negative,true_negative,0.04664421,0.70,0.65335579,0.68267924,0.08297805,0.59607846,0.87450981,0.08513382,0.72052014,0.00158216,0.17494202,false,
3,3,clean_negative/clean_3_40.jpg,train,clean_negative,clean_negative,true_negative,0.21174274,0.70,0.48825726,0.70948130,0.10381908,0.59215689,0.91372550,0.07608327,0.74016279,0.00348985,0.31944275,false,
3,3,clean_negative/clean_3_41.jpg,train,clean_negative,clean_negative,true_negative,0.35298652,0.70,0.34701348,0.72840530,0.10731548,0.58823532,0.92156863,0.08057694,0.75445890,0.00516343,0.45434570,false,
3,3,clean_negative/clean_3_42.jpg,train,clean_negative,clean_negative,true_negative,0.43271269,0.70,0.26728731,0.73903751,0.10641876,0.58823532,0.92549020,0.09107840,0.76216471,0.00684468,0.57237244,false,
3,3,clean_negative/clean_3_43.jpg,train,clean_negative,dirty_positive,false_positive,0.87185954,0.70,0.17185954,0.74086845,0.10498770,0.58431375,0.92549020,0.10799465,0.76262158,0.00900711,0.67228699,false,
3,3,clean_negative/clean_3_44.jpg,train,clean_negative,dirty_positive,false_positive,0.85721604,0.70,0.15721604,0.72862816,0.10163181,0.57647061,0.91372550,0.13361165,0.75206637,0.01057903,0.72300720,false,
3,3,clean_negative/clean_3_45.jpg,train,clean_negative,dirty_positive,false_positive,0.74173411,0.70,0.04173411,0.69740027,0.09802838,0.54901963,0.87058824,0.16389591,0.72546947,0.01118707,0.71675110,false,
3,3,clean_negative/clean_3_46.jpg,train,clean_negative,clean_negative,true_negative,0.66501037,0.70,0.03498963,0.66114509,0.09768978,0.51764709,0.83921570,0.19406614,0.69406253,0.01135561,0.69773865,false,
3,3,clean_negative/clean_3_47.jpg,train,clean_negative,clean_negative,true_negative,0.66619943,0.70,0.03380057,0.62501711,0.09598666,0.49803922,0.80392158,0.22273405,0.66192961,0.01053947,0.65022278,false,
3,3,clean_negative/clean_3_48.jpg,train,clean_negative,clean_negative,true_negative,0.64355980,0.70,0.05644020,0.59341419,0.09550782,0.47450981,0.78039217,0.24893986,0.63349503,0.00965562,0.59480286,false,
3,3,clean_negative/clean_3_49.jpg,train,clean_negative,clean_negative,true_negative,0.48450581,0.70,0.21549419,0.57162905,0.09335370,0.45882353,0.75686276,0.26351678,0.61304772,0.00822449,0.55372620,false,
3,3,clean_negative/clean_3_50.jpg,train,clean_negative,clean_negative,true_negative,0.45014934,0.70,0.24985066,0.56082010,0.08763643,0.45490196,0.73333335,0.26631752,0.60216999,0.00775452,0.54353333,false,
3,3,clean_negative/clean_3_51.jpg,train,clean_negative,clean_negative,true_negative,0.45523599,0.70,0.24476401,0.55357361,0.08431549,0.45490196,0.72156864,0.26607579,0.59450787,0.00714664,0.52621460,false,
3,3,clean_negative/clean_3_52.jpg,train,clean_negative,clean_negative,true_negative,0.02430286,0.70,0.67569714,0.64825845,0.03962138,0.59607846,0.69019610,0.10284263,0.69518900,0.00016726,0.02018738,false,
3,3,clean_negative/clean_3_53.jpg,train,clean_negative,clean_negative,true_negative,0.01424113,0.70,0.68575887,0.65461695,0.07121624,0.58039218,0.83137256,0.09439357,0.69654542,0.00106920,0.09710693,false,
3,3,clean_negative/clean_3_54.jpg,train,clean_negative,clean_negative,true_negative,0.01483656,0.70,0.68516344,0.67397141,0.09883634,0.56862748,0.88627452,0.08509923,0.70924443,0.00256808,0.21365356,false,
3,3,clean_negative/clean_3_55.jpg,train,clean_negative,clean_negative,true_negative,0.03487047,0.70,0.66512953,0.69102991,0.10716508,0.56470591,0.89803922,0.08672851,0.72116679,0.00438689,0.34870911,false,
3,3,clean_negative/clean_3_56.jpg,train,clean_negative,clean_negative,true_negative,0.05769497,0.70,0.64230503,0.70563644,0.10818793,0.56470591,0.90196079,0.09148543,0.73119164,0.00589216,0.47900391,false,
3,3,clean_negative/clean_3_57.jpg,train,clean_negative,clean_negative,true_negative,0.59996950,0.70,0.10003050,0.71288121,0.10715625,0.56470591,0.90588236,0.10396646,0.73563337,0.00769941,0.59992981,false,
3,3,clean_negative/clean_3_58.jpg,train,clean_negative,dirty_positive,false_positive,0.72222681,0.70,0.02222681,0.70971382,0.10265846,0.56078434,0.89411765,0.12291512,0.73209184,0.00942857,0.67628479,false,
3,3,clean_negative/clean_3_59.jpg,train,clean_negative,dirty_positive,false_positive,0.76213865,0.70,0.06213865,0.68987554,0.09432223,0.54901963,0.85490197,0.14614020,0.71485257,0.01042420,0.69674683,false,
3,3,clean_negative/clean_3_60.jpg,train,clean_negative,dirty_positive,false_positive,0.75268207,0.70,0.05268207,0.66058856,0.09337205,0.52941179,0.83137256,0.17392501,0.68962818,0.01050350,0.68379211,false,
3,3,clean_negative/clean_3_61.jpg,train,clean_negative,clean_negative,true_negative,0.66258234,0.70,0.03741766,0.62863070,0.09203880,0.50588238,0.80000001,0.19961795,0.66130948,0.01006897,0.63935852,false,
3,3,clean_negative/clean_3_62.jpg,train,clean_negative,clean_negative,true_negative,0.66190073,0.70,0.03809927,0.60183376,0.09304668,0.48627451,0.78431374,0.22329742,0.63759774,0.01001957,0.60035706,false,
3,3,clean_negative/clean_3_63.jpg,train,clean_negative,clean_negative,true_negative,0.52208184,0.70,0.17791816,0.58839607,0.09592233,0.47450981,0.78039217,0.23630786,0.62579745,0.00911469,0.57534790,false,
3,3,clean_negative/clean_3_64.jpg,train,clean_negative,clean_negative,true_negative,0.53550324,0.70,0.16449676,0.58051825,0.09362745,0.46666667,0.76470590,0.24460039,0.61915225,0.00858475,0.56961060,false,
3,3,clean_negative/clean_3_65.jpg,train,clean_negative,dirty_positive,false_positive,0.95040264,0.70,0.25040264,0.57286406,0.09175254,0.46666667,0.75686276,0.24720320,0.61177677,0.00785989,0.55018616,false,
3,3,clean_negative/clean_3_66.jpg,train,clean_negative,clean_negative,true_negative,0.01491552,0.70,0.68508448,0.64584994,0.03796436,0.59215689,0.69019610,0.10468680,0.69328046,0.00015552,0.01821899,false,
3,3,clean_negative/clean_3_67.jpg,train,clean_negative,clean_negative,true_negative,0.01083084,0.70,0.68916916,0.65123355,0.06912780,0.58039218,0.81960785,0.09634304,0.69373208,0.00103505,0.09140015,false,
3,3,clean_negative/clean_3_68.jpg,train,clean_negative,clean_negative,true_negative,0.01344726,0.70,0.68655274,0.66943824,0.09712108,0.56470591,0.88235295,0.08725114,0.70538783,0.00250684,0.20437622,false,
3,3,clean_negative/clean_3_69.jpg,train,clean_negative,clean_negative,true_negative,0.02556430,0.70,0.67443570,0.68572348,0.10599875,0.56078434,0.89019608,0.08828431,0.71646547,0.00434696,0.33673096,false,
3,3,clean_negative/clean_3_70.jpg,train,clean_negative,clean_negative,true_negative,0.05261533,0.70,0.64738467,0.70047200,0.10740576,0.56470591,0.89803922,0.09189466,0.72636878,0.00588056,0.46595764,false,
3,3,clean_negative/clean_3_71.jpg,train,clean_negative,clean_negative,true_negative,0.39761533,0.70,0.30238467,0.69626880,0.10638157,0.55294120,0.88627452,0.10036729,0.72025949,0.00681984,0.53318787,false,
3,3,clean_negative/clean_3_72.jpg,train,clean_negative,clean_negative,true_negative,0.45690880,0.70,0.24309120,0.69806212,0.10626447,0.55294120,0.89019608,0.10305254,0.72145665,0.00729108,0.55982971,false,
3,3,clean_negative/clean_3_73.jpg,train,clean_negative,dirty_positive,false_positive,0.88734069,0.70,0.18734069,0.57927108,0.09599072,0.47058824,0.76862746,0.21590003,0.61359733,0.00759795,0.56124878,false,
3,3,clean_negative/clean_3_74.jpg,train,clean_negative,dirty_positive,false_positive,0.75454626,0.70,0.05454626,0.58467573,0.10209727,0.46666667,0.78823531,0.19300310,0.61553532,0.00729791,0.56617737,false,
3,3,clean_negative/clean_3_75.jpg,train,clean_negative,dirty_positive,false_positive,0.74479484,0.70,0.04479484,0.58198833,0.09680049,0.47058824,0.77647060,0.17229968,0.60965490,0.00612050,0.52836609,false,
3,3,clean_negative/clean_3_76.jpg,train,clean_negative,clean_negative,true_negative,0.62138945,0.70,0.07861055,0.56280720,0.08575899,0.47058824,0.74901962,0.15198660,0.58678579,0.00453198,0.40422058,false,
3,3,clean_negative/clean_3_77.jpg,train,clean_negative,clean_negative,true_negative,0.67801753,0.70,0.02198247,0.55490232,0.07744014,0.47843137,0.72549021,0.13563946,0.57606095,0.00350809,0.31922913,false,
3,3,clean_negative/clean_3_78.jpg,train,clean_negative,clean_negative,true_negative,0.43119653,0.70,0.26880347,0.68533969,0.10271091,0.54117650,0.86666667,0.11302073,0.70698106,0.00858803,0.61424255,false,
3,3,clean_negative/clean_3_79.jpg,train,clean_negative,clean_negative,true_negative,0.56127344,0.70,0.13872656,0.67394328,0.09417243,0.53725493,0.83921570,0.12781779,0.69626224,0.00944630,0.64434814,false,
3,3,clean_negative/clean_3_80.jpg,train,clean_negative,clean_negative,true_negative,0.69274092,0.70,0.00725908,0.65837812,0.09130912,0.53333336,0.82745099,0.14818871,0.68296719,0.01017016,0.66596985,false,
3,3,clean_negative/clean_3_81.jpg,train,clean_negative,clean_negative,true_negative,0.55497803,0.70,0.14502197,0.63656199,0.09035318,0.51764709,0.80784315,0.17023501,0.66422188,0.01035399,0.64616394,false,
3,3,clean_negative/clean_3_82.jpg,train,clean_negative,dirty_positive,false_positive,0.71265401,0.70,0.01265401,0.61455870,0.09034368,0.50196081,0.79215688,0.19244446,0.64546561,0.01024185,0.62203979,false,
3,3,clean_negative/clean_3_83.jpg,train,clean_negative,clean_negative,true_negative,0.59426789,0.70,0.10573211,0.60334551,0.09472408,0.49019608,0.79215688,0.20599845,0.63633037,0.00974958,0.59373474,false,
3,3,clean_negative/clean_3_84.jpg,train,clean_negative,clean_negative,true_negative,0.58528057,0.70,0.11471943,0.60162640,0.09586833,0.48627451,0.78823531,0.21678296,0.63664609,0.00955520,0.60469055,false,
3,3,clean_negative/clean_3_85.jpg,train,clean_negative,dirty_positive,false_positive,0.78716164,0.70,0.08716164,0.58820480,0.09793250,0.47450981,0.78039217,0.22292475,0.62385595,0.00828496,0.57043457,false,
3,3,clean_negative/clean_3_86.jpg,train,clean_negative,clean_negative,true_negative,0.68029661,0.70,0.01970339,0.58329940,0.09683146,0.47058824,0.77254903,0.20997795,0.61681288,0.00762890,0.56030273,false,
3,3,clean_negative/clean_3_87.jpg,train,clean_negative,dirty_positive,false_positive,0.90904796,0.70,0.20904796,0.58614153,0.10113502,0.47058824,0.78823531,0.18840854,0.61634469,0.00708933,0.55378723,false,
3,3,clean_negative/clean_3_88.jpg,train,clean_negative,dirty_positive,false_positive,0.89938668,0.70,0.19938668,0.58299434,0.09577781,0.47058824,0.77647060,0.16811836,0.61006606,0.00589355,0.51142883,false,
3,3,clean_negative/clean_3_89.jpg,train,clean_negative,dirty_positive,false_positive,0.83650905,0.70,0.13650905,0.56391722,0.08467743,0.47058824,0.74509805,0.14825584,0.58738077,0.00432811,0.38789368,false,
3,3,clean_negative/clean_3_90.jpg,train,clean_negative,dirty_positive,false_positive,0.87194827,0.70,0.17194827,0.55508626,0.07433188,0.47843137,0.71764708,0.13261671,0.57586795,0.00332528,0.30288696,false,
3,3,clean_negative/clean_3_91.jpg,train,clean_negative,dirty_positive,false_positive,0.85886680,0.70,0.15886680,0.66573370,0.09185109,0.53333336,0.83137256,0.13376987,0.68846893,0.01007411,0.66206360,false,
3,3,clean_negative/clean_3_92.jpg,train,clean_negative,clean_negative,true_negative,0.07959852,0.70,0.62040148,0.65912205,0.10657831,0.52156866,0.85490197,0.09707074,0.67967331,0.00795252,0.53623962,false,
3,3,clean_negative/clean_3_93.jpg,train,clean_negative,clean_negative,true_negative,0.17859524,0.70,0.52140476,0.65692782,0.10032300,0.52156866,0.83529413,0.10636675,0.67670214,0.00904211,0.58654785,false,
3,3,clean_negative/clean_3_94.jpg,train,clean_negative,clean_negative,true_negative,0.69326113,0.70,0.00673887,0.59128577,0.09223170,0.48235294,0.77254903,0.18523866,0.62091893,0.00729689,0.54115295,false,
3,3,clean_negative/clean_3_95.jpg,train,clean_negative,dirty_positive,false_positive,0.91992331,0.70,0.21992331,0.58841085,0.09284478,0.47843137,0.77647060,0.16756420,0.61521304,0.00647759,0.50491333,false,
3,3,clean_negative/clean_3_96.jpg,train,clean_negative,dirty_positive,false_positive,0.90496962,0.70,0.20496962,0.58305502,0.08626784,0.47843137,0.75686276,0.14909920,0.60709536,0.00509625,0.43888855,false,
3,3,clean_negative/clean_3_97.jpg,train,clean_negative,dirty_positive,false_positive,0.86100620,0.70,0.16100620,0.56655622,0.07293554,0.47843137,0.71764708,0.13005941,0.58732915,0.00349489,0.31599426,false,
3,3,clean_negative/clean_3_98.jpg,train,clean_negative,dirty_positive,false_positive,0.88226383,0.70,0.18226383,0.55613267,0.05875283,0.48627451,0.65490198,0.11756383,0.57474566,0.00250576,0.22737122,false,
3,3,clean_negative/clean_3_99.jpg,train,clean_negative,clean_negative,true_negative,0.03006102,0.70,0.66993898,0.62950921,0.10238468,0.50980395,0.82745099,0.08497812,0.65068543,0.00708837,0.43502808,false,
3,3,clean_negative/clean_3_100.jpg,train,clean_negative,clean_negative,true_negative,0.03110284,0.70,0.66889716,0.63579458,0.10337951,0.50980395,0.82745099,0.08882483,0.65475285,0.00846476,0.51007080,false,
3,3,clean_negative/clean_3_101.jpg,train,clean_negative,dirty_positive,false_positive,0.70008318,0.70,0.00008318,0.59491366,0.08432118,0.49411765,0.76470590,0.16455056,0.62115330,0.00633778,0.47645569,false,
3,3,clean_negative/clean_3_102.jpg,train,clean_negative,clean_negative,true_negative,0.56709883,0.70,0.13290117,0.58838654,0.08257539,0.49019608,0.75686276,0.14672863,0.61162937,0.00513026,0.41284180,false,
3,3,clean_negative/clean_3_103.jpg,train,clean_negative,clean_negative,true_negative,0.52202059,0.70,0.17797941,0.58241391,0.07329076,0.49019608,0.73333335,0.12674466,0.60270131,0.00369925,0.33488464,false,
3,3,clean_negative/clean_3_104.jpg,train,clean_negative,clean_negative,true_negative,0.41809387,0.70,0.28190613,0.57133865,0.05925502,0.49411765,0.68235296,0.10782777,0.58870929,0.00238583,0.22384644,false,
3,3,clean_negative/clean_3_105.jpg,train,clean_negative,clean_negative,true_negative,0.40480104,0.70,0.29519896,0.55976182,0.04211398,0.49411765,0.60784316,0.09942586,0.57574332,0.00145136,0.14184570,false,
3,3,clean_negative/clean_3_106.jpg,train,clean_negative,clean_negative,true_negative,0.00607048,0.70,0.69392952,0.60105038,0.09325591,0.50588238,0.80000001,0.07226090,0.62300760,0.00567396,0.31198120,false,
3,3,clean_negative/clean_3_107.jpg,train,clean_negative,clean_negative,true_negative,0.00833494,0.70,0.69166506,0.61069101,0.09983466,0.50588238,0.81568629,0.07150006,0.62950659,0.00718281,0.39916992,false,
3,3,clean_negative/clean_3_108.jpg,train,clean_negative,clean_negative,true_negative,0.66596965,0.70,0.03403035,0.60376054,0.08059660,0.49803922,0.76470590,0.13430034,0.62507391,0.00518454,0.41816711,false,
3,3,clean_negative/clean_3_109.jpg,train,clean_negative,clean_negative,true_negative,0.52575131,0.70,0.17424869,0.59433454,0.07629628,0.49803922,0.74901962,0.11601666,0.61255252,0.00370202,0.32585144,false,
3,3,clean_negative/clean_3_110.jpg,train,clean_negative,clean_negative,true_negative,0.51318270,0.70,0.18681730,0.58979332,0.06443200,0.50196081,0.72156864,0.09362896,0.60481942,0.00262867,0.23670959,false,
3,3,clean_negative/clean_3_111.jpg,train,clean_negative,clean_negative,true_negative,0.43158165,0.70,0.26841835,0.58037245,0.04911837,0.50588238,0.64313728,0.07927816,0.59324938,0.00138845,0.13529968,false,
3,3,clean_negative/clean_3_112.jpg,train,clean_negative,clean_negative,true_negative,0.19364250,0.70,0.50635750,0.56979811,0.03075993,0.50980395,0.60784316,0.07493634,0.58209670,0.00071879,0.07011414,false,
3,3,clean_negative/clean_3_113.jpg,train,clean_negative,clean_negative,true_negative,0.00196111,0.70,0.69803889,0.57983458,0.07759370,0.50588238,0.75686276,0.06436624,0.60295701,0.00421397,0.20303345,false,
3,3,clean_negative/clean_3_114.jpg,train,clean_negative,clean_negative,true_negative,0.00264070,0.70,0.69735930,0.58888626,0.08792073,0.50196081,0.78039217,0.05999206,0.60861218,0.00562069,0.28320312,false,
3,3,clean_negative/clean_3_115.jpg,train,clean_negative,clean_negative,true_negative,0.29968339,0.70,0.40031661,0.61001658,0.07303569,0.51372552,0.75294119,0.10446910,0.62639117,0.00471018,0.38021851,false,
3,3,clean_negative/clean_3_116.jpg,train,clean_negative,clean_negative,true_negative,0.25494867,0.70,0.44505133,0.59943938,0.06357874,0.51372552,0.72549021,0.08531214,0.61262870,0.00308082,0.26768494,false,
3,3,clean_negative/clean_3_117.jpg,train,clean_negative,clean_negative,true_negative,0.32269973,0.70,0.37730027,0.59633261,0.05433903,0.52941179,0.69803923,0.06356543,0.60650516,0.00203798,0.17419434,false,
3,3,clean_negative/clean_3_118.jpg,train,clean_negative,clean_negative,true_negative,0.08630467,0.70,0.61369533,0.59050792,0.04204205,0.54509807,0.63137257,0.04994489,0.59874666,0.00088168,0.07807922,false,
3,3,clean_negative/clean_3_119.jpg,train,clean_negative,clean_negative,true_negative,0.02334179,0.70,0.67665821,0.58034647,0.02517006,0.54117650,0.61568630,0.04960465,0.58873594,0.00031685,0.02534485,false,
3,3,clean_negative/clean_3_120.jpg,train,clean_negative,clean_negative,true_negative,0.00106947,0.70,0.69893053,0.56647092,0.06187358,0.50588238,0.69803923,0.06052073,0.59083605,0.00286420,0.11996460,false,
3,3,clean_negative/clean_3_121.jpg,train,clean_negative,clean_negative,true_negative,0.00118142,0.70,0.69881858,0.57501400,0.07495396,0.50588238,0.74509805,0.05530605,0.59619057,0.00408618,0.18690491,false,
3,3,clean_negative/clean_3_122.jpg,train,clean_negative,clean_negative,true_negative,0.31695547,0.70,0.38304453,0.60920399,0.06289306,0.52549022,0.73333335,0.07681921,0.62118471,0.00384901,0.30055237,false,
3,3,clean_negative/clean_3_123.jpg,train,clean_negative,clean_negative,true_negative,0.31638227,0.70,0.38361773,0.60040402,0.05098069,0.52549022,0.69019610,0.05978131,0.60951835,0.00230325,0.20130920,false,
3,3,clean_negative/clean_3_124.jpg,train,clean_negative,clean_negative,true_negative,0.38924202,0.70,0.31075798,0.59691358,0.04066049,0.54509807,0.63529414,0.04211803,0.60352671,0.00138785,0.11531067,false,
3,3,clean_negative/clean_3_125.jpg,train,clean_negative,clean_negative,true_negative,0.03656660,0.70,0.66343340,0.59531784,0.03203473,0.56078434,0.62352943,0.03187921,0.60062027,0.00051647,0.03854370,false,
3,3,clean_negative/clean_3_126.jpg,train,clean_negative,clean_negative,true_negative,0.00047508,0.70,0.69952492,0.58822191,0.01901672,0.55686277,0.61568630,0.03426562,0.59423023,0.00016269,0.00529480,false,
3,3,dirty_positive/dirty_3_1.jpg,train,dirty_positive,dirty_positive,true_positive,0.99099908,0.70,0.29099908,0.68476242,0.08465101,0.55686277,0.80392158,0.12679940,0.70773375,0.00406029,0.37098694,false,
3,3,dirty_positive/dirty_3_2.jpg,train,dirty_positive,dirty_positive,true_positive,0.93287930,0.70,0.23287930,0.68938065,0.08151688,0.56862748,0.81568629,0.13046522,0.71324468,0.00410460,0.38182068,false,
3,3,dirty_positive/dirty_3_3.jpg,train,dirty_positive,dirty_positive,true_positive,0.88059265,0.70,0.18059265,0.68330961,0.08458086,0.55686277,0.80000001,0.12606980,0.70603383,0.00419767,0.38710022,false,
3,3,dirty_positive/dirty_3_4.jpg,train,dirty_positive,dirty_positive,true_positive,0.95041900,0.70,0.25041900,0.67868400,0.08348074,0.55686277,0.80392158,0.13783768,0.70330137,0.00398784,0.39811707,false,
3,3,dirty_positive/dirty_3_5.jpg,train,dirty_positive,clean_negative,false_negative,0.62314069,0.70,0.07685931,0.70398903,0.08104186,0.58431375,0.85490197,0.12748875,0.72740966,0.00531292,0.44792175,false,
3,3,dirty_positive/dirty_3_6.jpg,train,dirty_positive,dirty_positive,true_positive,0.81131733,0.70,0.11131733,0.70964575,0.07877261,0.58823532,0.85098040,0.11890332,0.73252165,0.00496509,0.42005920,false,
3,3,dirty_positive/dirty_3_7.jpg,train,dirty_positive,dirty_positive,true_positive,0.71394401,0.70,0.01394401,0.71344352,0.07908273,0.58823532,0.85490197,0.11587722,0.73607278,0.00519046,0.41517639,false,
3,3,dirty_positive/dirty_3_8.jpg,train,dirty_positive,dirty_positive,true_positive,0.74158669,0.70,0.04158669,0.70622599,0.08081297,0.58431375,0.85490197,0.12541337,0.72944593,0.00497822,0.43173218,false,
3,3,dirty_positive/dirty_3_9.jpg,train,dirty_positive,dirty_positive,true_positive,0.99982582,0.70,0.29982582,0.66392004,0.09782926,0.54117650,0.85882354,0.18773074,0.69650906,0.00734289,0.55780029,false,
3,3,dirty_positive/dirty_3_10.jpg,train,dirty_positive,dirty_positive,true_positive,0.98170577,0.70,0.28170577,0.65709203,0.07977127,0.54901963,0.79607844,0.17317554,0.68727291,0.00509138,0.49467468,false,
3,3,dirty_positive/dirty_3_11.jpg,train,dirty_positive,dirty_positive,true_positive,0.99969698,0.70,0.29969698,0.64068651,0.09022212,0.52156866,0.81960785,0.20436117,0.67534941,0.00666069,0.54870605,false,
3,3,dirty_positive/dirty_3_12.jpg,train,dirty_positive,dirty_positive,true_positive,0.97990289,0.70,0.27990289,0.66986847,0.10341568,0.54117650,0.87450981,0.18867841,0.70227057,0.00846986,0.58961487,false,
3,3,dirty_positive/dirty_3_13.jpg,train,dirty_positive,dirty_positive,true_positive,0.93588548,0.70,0.23588548,0.72901011,0.07450643,0.61960787,0.86274511,0.13454226,0.75181735,0.00446097,0.49165344,false,
3,3,dirty_positive/dirty_3_14.jpg,train,dirty_positive,dirty_positive,true_positive,0.78064967,0.70,0.08064967,0.69399071,0.07431839,0.59607846,0.83921570,0.15445378,0.72004282,0.00500317,0.46994019,false,
3,3,dirty_positive/dirty_3_15.jpg,train,dirty_positive,dirty_positive,true_positive,0.88562823,0.70,0.18562823,0.73437071,0.07446367,0.62745100,0.87058824,0.13409987,0.75733566,0.00481538,0.50720215,false,
3,3,dirty_positive/dirty_3_16.jpg,train,dirty_positive,dirty_positive,true_positive,0.94397402,0.70,0.24397402,0.74471533,0.07413607,0.63529414,0.88235295,0.12609206,0.76622105,0.00513130,0.52807617,false,
3,3,dirty_positive/dirty_3_17.jpg,train,dirty_positive,dirty_positive,true_positive,0.99955735,0.70,0.29955735,0.66612381,0.10740896,0.52549022,0.87450981,0.19102654,0.69852865,0.00849865,0.60627747,false,
3,3,dirty_positive/dirty_3_18.jpg,train,dirty_positive,dirty_positive,true_positive,0.99966015,0.70,0.29966015,0.64393759,0.09577017,0.51764709,0.83137256,0.20353773,0.67831230,0.00721422,0.56483459,false,
3,3,dirty_positive/dirty_3_19.jpg,train,dirty_positive,dirty_positive,true_positive,0.88367203,0.70,0.18367203,0.66271889,0.10867399,0.52549022,0.87058824,0.18508679,0.69309342,0.00907882,0.61746216,false,
3,3,dirty_positive/dirty_3_20.jpg,train,dirty_positive,dirty_positive,true_positive,0.98680935,0.70,0.28680935,0.67491019,0.10778190,0.52941179,0.88235295,0.18031409,0.70534599,0.00893974,0.61199951,false,
3,3,dirty_positive/dirty_3_21.jpg,train,dirty_positive,dirty_positive,true_positive,0.94964683,0.70,0.24964683,0.66041851,0.08739688,0.54901963,0.83921570,0.17057084,0.68859112,0.00670865,0.52098083,false,
3,3,dirty_positive/dirty_3_22.jpg,train,dirty_positive,dirty_positive,true_positive,0.95680917,0.70,0.25680917,0.64459574,0.07187955,0.54117650,0.78039217,0.16592115,0.67109823,0.00510585,0.45155334,false,
3,3,dirty_positive/dirty_3_23.jpg,train,dirty_positive,dirty_positive,true_positive,0.92141209,0.70,0.22141209,0.64395690,0.07249531,0.54117650,0.78039217,0.16575259,0.67038798,0.00515866,0.45254517,false,
3,3,dirty_positive/dirty_3_24.jpg,train,dirty_positive,dirty_positive,true_positive,0.97846175,0.70,0.27846175,0.65029633,0.08723943,0.53725493,0.82745099,0.16601205,0.67707062,0.00658674,0.50492859,false,
3,3,dirty_positive/dirty_3_25.jpg,train,dirty_positive,dirty_positive,true_positive,0.99310969,0.70,0.29310969,0.65600204,0.10797115,0.51764709,0.86274511,0.19779927,0.68891329,0.00815232,0.59852600,false,
3,3,dirty_positive/dirty_3_26.jpg,train,dirty_positive,dirty_positive,true_positive,0.98741450,0.70,0.28741450,0.62787592,0.09869995,0.50196081,0.82352942,0.20984182,0.66182244,0.00725083,0.59619141,false,
3,3,dirty_positive/dirty_3_27.jpg,train,dirty_positive,dirty_positive,true_positive,0.99742637,0.70,0.29742637,0.64782071,0.11042462,0.50980395,0.86274511,0.18665755,0.67765653,0.00907578,0.62661743,false,
3,3,dirty_positive/dirty_3_28.jpg,train,dirty_positive,dirty_positive,true_positive,0.99395245,0.70,0.29395245,0.62960839,0.09333698,0.51372552,0.81960785,0.21386129,0.66485971,0.00671806,0.56221008,false,
3,3,dirty_positive/dirty_3_29.jpg,train,dirty_positive,dirty_positive,true_positive,0.96600485,0.70,0.26600485,0.66809964,0.10135338,0.53333336,0.86666667,0.16447480,0.69502467,0.00846230,0.57797241,false,
3,3,dirty_positive/dirty_3_30.jpg,train,dirty_positive,dirty_positive,true_positive,0.83504220,0.70,0.13504220,0.66593134,0.10060319,0.53333336,0.86274511,0.16404882,0.69256854,0.00827764,0.56999207,false,
3,3,dirty_positive/dirty_3_31.jpg,train,dirty_positive,dirty_positive,true_positive,0.92121454,0.70,0.22121454,0.66729611,0.10629371,0.52941179,0.87450981,0.17444065,0.69599211,0.00876418,0.59971619,false,
3,3,dirty_positive/dirty_3_32.jpg,train,dirty_positive,dirty_positive,true_positive,0.88709873,0.70,0.18709873,0.65527928,0.10157053,0.52941179,0.85882354,0.15804218,0.68001020,0.00827659,0.54414368,false,
3,3,dirty_positive/dirty_3_33.jpg,train,dirty_positive,dirty_positive,true_positive,0.99746130,0.70,0.29746130,0.59534431,0.06432339,0.51372552,0.70980394,0.21758915,0.63172126,0.00518654,0.53364563,false,
3,3,dirty_positive/dirty_3_34.jpg,train,dirty_positive,dirty_positive,true_positive,0.99671214,0.70,0.29671214,0.59452188,0.07179996,0.50196081,0.72549021,0.22701004,0.63180292,0.00563895,0.55946350,false,
3,3,dirty_positive/dirty_3_35.jpg,train,dirty_positive,dirty_positive,true_positive,0.99630246,0.70,0.29630246,0.59540820,0.06567398,0.50980395,0.71372551,0.21785800,0.63173574,0.00539219,0.53848267,false,
3,3,dirty_positive/dirty_3_36.jpg,train,dirty_positive,dirty_positive,true_positive,0.93767292,0.70,0.23767292,0.59925383,0.06917361,0.51372552,0.72549021,0.20452195,0.63341027,0.00580681,0.53623962,false,
3,3,dirty_positive/dirty_3_37.jpg,train,dirty_positive,dirty_positive,true_positive,0.93233810,0.70,0.23233810,0.65048826,0.07466482,0.54509807,0.79215688,0.16648376,0.67738360,0.00512832,0.45690918,false,
3,3,dirty_positive/dirty_3_38.jpg,train,dirty_positive,dirty_positive,true_positive,0.96079640,0.70,0.26079640,0.66912246,0.07282998,0.57254905,0.80392158,0.16811717,0.69714975,0.00476803,0.45503235,false,
3,3,dirty_positive/dirty_3_39.jpg,train,dirty_positive,dirty_positive,true_positive,0.95080443,0.70,0.25080443,0.65907836,0.07325469,0.56078434,0.79607844,0.16577077,0.68617547,0.00470615,0.45248413,false,
3,3,dirty_positive/dirty_3_40.jpg,train,dirty_positive,dirty_positive,true_positive,0.94413927,0.70,0.24413927,0.65510350,0.08279616,0.54509807,0.82352942,0.17060339,0.68305987,0.00612392,0.50559998,false,
3,3,dirty_positive/dirty_3_41.jpg,train,dirty_positive,dirty_positive,true_positive,0.99586043,0.70,0.29586043,0.59419739,0.07524525,0.50196081,0.73333335,0.22695374,0.63108671,0.00617794,0.57220459,false,
3,3,dirty_positive/dirty_3_42.jpg,train,dirty_positive,dirty_positive,true_positive,0.99777379,0.70,0.29777379,0.59979153,0.07334766,0.50588238,0.73333335,0.23028721,0.63791972,0.00548529,0.55311584,false,
3,3,dirty_positive/dirty_3_43.jpg,train,dirty_positive,dirty_positive,true_positive,0.98405530,0.70,0.28405530,0.59684336,0.08106337,0.50196081,0.75686276,0.20879900,0.63055974,0.00736599,0.58435059,false,
3,3,dirty_positive/dirty_3_44.jpg,train,dirty_positive,dirty_positive,true_positive,0.99006835,0.70,0.29006835,0.58937067,0.08030976,0.49803922,0.74901962,0.21784365,0.62381297,0.00716007,0.58737183,false,
3,3,dirty_positive/dirty_3_45.jpg,train,dirty_positive,dirty_positive,true_positive,0.97642342,0.70,0.27642342,0.64153111,0.10976662,0.50588238,0.85490197,0.19368927,0.67241371,0.00877687,0.62525940,false,
3,3,dirty_positive/dirty_3_46.jpg,train,dirty_positive,dirty_positive,true_positive,0.99916222,0.70,0.29916222,0.63444155,0.09668944,0.50980395,0.82745099,0.20988178,0.66885442,0.00705934,0.57942200,false,
3,3,dirty_positive/dirty_3_47.jpg,train,dirty_positive,dirty_positive,true_positive,0.96491238,0.70,0.26491238,0.62556773,0.10526614,0.50588238,0.83921570,0.19416073,0.65575874,0.00892484,0.60992432,false,
3,3,dirty_positive/dirty_3_48.jpg,train,dirty_positive,dirty_positive,true_positive,0.99531189,0.70,0.29531189,0.63923848,0.09826006,0.51372552,0.83529413,0.20756173,0.67356402,0.00727376,0.58177185,false,
3,3,dirty_positive/dirty_3_49.jpg,train,dirty_positive,dirty_positive,true_positive,0.96753655,0.70,0.26753655,0.61565346,0.10199378,0.49803922,0.82745099,0.20715266,0.64791918,0.00817981,0.61222839,false,
3,3,dirty_positive/dirty_3_50.jpg,train,dirty_positive,dirty_positive,true_positive,0.98502501,0.70,0.28502501,0.59475553,0.09305874,0.49411765,0.79607844,0.22156289,0.62891477,0.00774551,0.58351135,false,
3,3,dirty_positive/dirty_3_51.jpg,train,dirty_positive,clean_negative,false_negative,0.60875172,0.70,0.09124828,0.61792529,0.09925507,0.50980395,0.82352942,0.19378066,0.64779460,0.00783167,0.56141663,false,
3,3,dirty_positive/dirty_3_52.jpg,train,dirty_positive,dirty_positive,true_positive,0.96649311,0.70,0.26649311,0.60444373,0.09863248,0.49803922,0.81176472,0.21621154,0.63791597,0.00780849,0.58888245,false,
3,3,dirty_positive/dirty_3_53.jpg,train,dirty_positive,dirty_positive,true_positive,0.98233705,0.70,0.28233705,0.62576085,0.07187908,0.52941179,0.76470590,0.17345139,0.65272969,0.00487956,0.42304993,false,
3,3,dirty_positive/dirty_3_54.jpg,train,dirty_positive,dirty_positive,true_positive,0.98316108,0.70,0.28316108,0.62552011,0.08142222,0.52549022,0.78823531,0.17241044,0.65207291,0.00598799,0.46075439,false,
3,3,dirty_positive/dirty_3_55.jpg,train,dirty_positive,dirty_positive,true_positive,0.93318146,0.70,0.23318146,0.62720013,0.08663394,0.52156866,0.80784315,0.17122038,0.65358347,0.00665123,0.47924805,false,
3,3,dirty_positive/dirty_3_56.jpg,train,dirty_positive,dirty_positive,true_positive,0.97671134,0.70,0.27671134,0.62221473,0.07599697,0.52549022,0.77254903,0.18290754,0.65073377,0.00515883,0.43479919,false,
3,3,dirty_positive/dirty_3_57.jpg,train,dirty_positive,dirty_positive,true_positive,0.97454041,0.70,0.27454041,0.65791392,0.08003004,0.55294120,0.81176472,0.17223448,0.68595541,0.00618130,0.50152588,false,
3,3,dirty_positive/dirty_3_58.jpg,train,dirty_positive,dirty_positive,true_positive,0.98675051,0.70,0.28675051,0.62967944,0.07255962,0.52941179,0.76862746,0.17070955,0.65626937,0.00481328,0.42350769,false,
3,3,dirty_positive/dirty_3_59.jpg,train,dirty_positive,dirty_positive,true_positive,0.99973978,0.70,0.29973978,0.64531243,0.08332855,0.53725493,0.81176472,0.17719206,0.67374468,0.00708428,0.48703003,false,
3,3,dirty_positive/dirty_3_60.jpg,train,dirty_positive,dirty_positive,true_positive,0.98328833,0.70,0.28328833,0.63636202,0.07742670,0.53333336,0.78823531,0.17616087,0.66427964,0.00505814,0.44471741,false,
3,3,dirty_positive/dirty_3_61.jpg,train,dirty_positive,dirty_positive,true_positive,0.99708487,0.70,0.29708487,0.64504457,0.08584867,0.54117650,0.81960785,0.18002906,0.67378491,0.00781542,0.48941040,false,
3,3,dirty_positive/dirty_3_62.jpg,train,dirty_positive,dirty_positive,true_positive,0.99779639,0.70,0.29779639,0.61400855,0.07556087,0.52156866,0.76470590,0.19072261,0.64349574,0.00577854,0.44493103,false,
3,3,dirty_positive/dirty_3_63.jpg,train,dirty_positive,dirty_positive,true_positive,0.99888478,0.70,0.29888478,0.67944604,0.08862872,0.56078434,0.84705883,0.17182834,0.70786297,0.00946116,0.58131409,false,
3,3,dirty_positive/dirty_3_64.jpg,train,dirty_positive,dirty_positive,true_positive,0.97635047,0.70,0.27635047,0.66420758,0.08014993,0.55686277,0.81568629,0.17127238,0.69238400,0.00644331,0.51553345,false,
3,3,dirty_positive/dirty_3_65.jpg,train,dirty_positive,dirty_positive,true_positive,0.99318905,0.70,0.29318905,0.66494870,0.08482917,0.55294120,0.83137256,0.17337427,0.69320387,0.00839553,0.53378296,false,
3,3,dirty_positive/dirty_3_66.jpg,train,dirty_positive,dirty_positive,true_positive,0.99712166,0.70,0.29712166,0.63626492,0.08158845,0.53333336,0.80000001,0.17887664,0.66460943,0.00628350,0.46430969,false,
3,3,dirty_positive/dirty_3_67.jpg,train,dirty_positive,dirty_positive,true_positive,0.99862753,0.70,0.29862753,0.63393587,0.08234888,0.52941179,0.80000001,0.18180430,0.66272038,0.00686080,0.46717834,false,
3,3,dirty_positive/dirty_3_68.jpg,train,dirty_positive,dirty_positive,true_positive,0.99576952,0.70,0.29576952,0.68874550,0.08464570,0.56862748,0.85098040,0.16289896,0.71592522,0.00796724,0.57617188,false,
3,3,dirty_positive/dirty_3_69.jpg,train,dirty_positive,dirty_positive,true_positive,0.98968386,0.70,0.28968386,0.72231156,0.07863057,0.61568630,0.87058824,0.13297479,0.74611342,0.00763221,0.59759521,false,
3,3,dirty_positive/dirty_3_70.jpg,train,dirty_positive,dirty_positive,true_positive,0.99522628,0.70,0.29522628,0.71522415,0.08219409,0.60784316,0.87450981,0.14380386,0.74027038,0.00845474,0.61968994,false,
3,3,dirty_positive/dirty_3_71.jpg,train,dirty_positive,dirty_positive,true_positive,0.99988948,0.70,0.29988948,0.72832417,0.08173778,0.61960787,0.88235295,0.12597191,0.75266153,0.00833447,0.60267639,false,
3,3,dirty_positive/dirty_3_72.jpg,train,dirty_positive,dirty_positive,true_positive,0.99982182,0.70,0.29982182,0.71980131,0.08087421,0.61176473,0.87450981,0.13891783,0.74438202,0.00817050,0.61067200,false,
3,3,dirty_positive/dirty_3_73.jpg,train,dirty_positive,dirty_positive,true_positive,0.99822241,0.70,0.29822241,0.62893111,0.08283431,0.52941179,0.79607844,0.19335076,0.65949649,0.00753412,0.46670532,false,
3,3,dirty_positive/dirty_3_74.jpg,train,dirty_positive,dirty_positive,true_positive,0.99946741,0.70,0.29946741,0.61494446,0.07833714,0.52156866,0.77254903,0.20330697,0.64662278,0.00739731,0.45184326,false,
3,3,dirty_positive/dirty_3_75.jpg,train,dirty_positive,dirty_positive,true_positive,0.99388206,0.70,0.29388206,0.61040330,0.07573671,0.52156866,0.76078433,0.20423976,0.64215666,0.00735179,0.45179749,false,
3,3,dirty_positive/dirty_3_76.jpg,train,dirty_positive,dirty_positive,true_positive,0.99849066,0.70,0.29849066,0.67180121,0.09386503,0.55294120,0.85882354,0.18041807,0.70128876,0.01020709,0.58712769,false,
3,3,dirty_positive/dirty_3_77.jpg,train,dirty_positive,dirty_positive,true_positive,0.99179404,0.70,0.29179404,0.70857787,0.08688987,0.58823532,0.87450981,0.15129456,0.73435599,0.00888445,0.62716675,false,
3,3,dirty_positive/dirty_3_78.jpg,train,dirty_positive,dirty_positive,true_positive,0.99188932,0.70,0.29188932,0.72240102,0.07837049,0.61568630,0.87058824,0.13348025,0.74584472,0.00731698,0.58889771,false,
3,3,dirty_positive/dirty_3_79.jpg,train,dirty_positive,dirty_positive,true_positive,0.99899387,0.70,0.29899387,0.69330710,0.08805284,0.56862748,0.85882354,0.16302589,0.72062951,0.00871978,0.59953308,false,
3,3,dirty_positive/dirty_3_80.jpg,train,dirty_positive,dirty_positive,true_positive,0.96253634,0.70,0.26253634,0.71986347,0.07865751,0.61568630,0.86666667,0.13680989,0.74353993,0.00733838,0.58784485,false,
3,3,dirty_positive/dirty_3_81.jpg,train,dirty_positive,dirty_positive,true_positive,0.99942452,0.70,0.29942452,0.60161257,0.07501598,0.50980395,0.74901962,0.22776012,0.63727432,0.00807639,0.46456909,false,
3,3,dirty_positive/dirty_3_82.jpg,train,dirty_positive,dirty_positive,true_positive,0.99619091,0.70,0.29619091,0.62478280,0.08276175,0.52549022,0.79215688,0.21195200,0.65834117,0.00859195,0.50158691,false,
3,3,dirty_positive/dirty_3_83.jpg,train,dirty_positive,dirty_positive,true_positive,0.98802583,0.70,0.28802583,0.60104483,0.07686864,0.51372552,0.76078433,0.20786367,0.63293290,0.00702906,0.43637085,false,
3,3,dirty_positive/dirty_3_84.jpg,train,dirty_positive,dirty_positive,true_positive,0.99516084,0.70,0.29516084,0.60904467,0.07686920,0.51764709,0.76078433,0.22206199,0.64394498,0.00854468,0.48028564,false,
3,3,dirty_positive/dirty_3_85.jpg,train,dirty_positive,dirty_positive,true_positive,0.96722842,0.70,0.26722842,0.57597959,0.07992856,0.48235294,0.72941178,0.23397002,0.61127985,0.00880788,0.62399292,false,
3,3,dirty_positive/dirty_3_86.jpg,train,dirty_positive,dirty_positive,true_positive,0.99368544,0.70,0.29368544,0.58506346,0.09418401,0.48235294,0.78039217,0.24469209,0.62271184,0.01068791,0.62994385,false,
3,3,dirty_positive/dirty_3_87.jpg,train,dirty_positive,dirty_positive,true_positive,0.99915111,0.70,0.29915111,0.57514727,0.07766188,0.48235294,0.72156864,0.23426396,0.61064208,0.00957255,0.62324524,false,
3,3,dirty_positive/dirty_3_88.jpg,train,dirty_positive,dirty_positive,true_positive,0.99747802,0.70,0.29747802,0.58972985,0.09233394,0.48235294,0.77647060,0.21940076,0.62290150,0.00943047,0.65052795,false,
3,3,dirty_positive/dirty_3_89.jpg,train,dirty_positive,dirty_positive,true_positive,0.99987691,0.70,0.29987691,0.73056114,0.08065192,0.62352943,0.88235295,0.12013072,0.75467736,0.00832878,0.59364319,false,
3,3,dirty_positive/dirty_3_90.jpg,train,dirty_positive,dirty_positive,true_positive,0.99978069,0.70,0.29978069,0.72343755,0.08415934,0.61176473,0.88235295,0.13593116,0.74786484,0.00907144,0.63241577,false,
3,3,dirty_positive/dirty_3_91.jpg,train,dirty_positive,dirty_positive,true_positive,0.99914892,0.70,0.29914892,0.72795755,0.08184817,0.61960787,0.88235295,0.12666753,0.75226569,0.00832528,0.60346985,false,
3,3,dirty_positive/dirty_3_92.jpg,train,dirty_positive,dirty_positive,true_positive,0.99630714,0.70,0.29630714,0.72291011,0.08133010,0.61568630,0.87843138,0.13511929,0.74734771,0.00835005,0.61326599,false,
3,3,dirty_positive/dirty_3_93.jpg,train,dirty_positive,dirty_positive,true_positive,0.99759960,0.70,0.29759960,0.59215117,0.09903273,0.48627451,0.80392158,0.24424896,0.63010389,0.01225930,0.63473511,false,
3,3,dirty_positive/dirty_3_94.jpg,train,dirty_positive,dirty_positive,true_positive,0.90989859,0.70,0.20989859,0.59253645,0.09023511,0.49019608,0.77254903,0.25156915,0.63211215,0.01335045,0.61863708,false,
3,3,dirty_positive/dirty_3_95.jpg,train,dirty_positive,dirty_positive,true_positive,0.86486758,0.70,0.16486758,0.59387308,0.10854677,0.47450981,0.83137256,0.24401677,0.63173687,0.01173911,0.65701294,false,
3,3,dirty_positive/dirty_3_96.jpg,train,dirty_positive,dirty_positive,true_positive,0.98773030,0.70,0.28773030,0.58261561,0.08370909,0.49019608,0.74901962,0.24410379,0.62038600,0.01184376,0.61477661,false,
3,3,dirty_positive/dirty_3_97.jpg,train,dirty_positive,dirty_positive,true_positive,0.99914287,0.70,0.29914287,0.73106754,0.07948335,0.63137257,0.88235295,0.10169379,0.75497985,0.00709336,0.52108765,false,
3,3,dirty_positive/dirty_3_98.jpg,train,dirty_positive,dirty_positive,true_positive,0.99921145,0.70,0.29921145,0.73110271,0.07852741,0.62745100,0.87843138,0.11273643,0.75494802,0.00776711,0.56736755,false,
3,3,dirty_positive/dirty_3_99.jpg,train,dirty_positive,dirty_positive,true_positive,0.99865455,0.70,0.29865455,0.73239011,0.07937354,0.62745100,0.88235295,0.11528195,0.75571609,0.00820276,0.59080505,false,
3,3,dirty_positive/dirty_3_100.jpg,train,dirty_positive,dirty_positive,true_positive,0.99874573,0.70,0.29874573,0.72920501,0.07875817,0.63137257,0.87843138,0.09264982,0.75358915,0.00619574,0.47273254,false,
3,3,dirty_positive/dirty_3_101.jpg,train,dirty_positive,dirty_positive,true_positive,0.99976718,0.70,0.29976718,0.66550672,0.09117336,0.54901963,0.84313726,0.20191634,0.69831634,0.01228524,0.61436462,false,
3,3,dirty_positive/dirty_3_102.jpg,train,dirty_positive,dirty_positive,true_positive,0.99959046,0.70,0.29959046,0.65393960,0.09258080,0.52941179,0.83137256,0.21548516,0.68907320,0.01395194,0.62854004,false,
3,3,dirty_positive/dirty_3_103.jpg,train,dirty_positive,dirty_positive,true_positive,0.99944531,0.70,0.29944531,0.69986266,0.09164854,0.57254905,0.87450981,0.16972435,0.72763479,0.01188326,0.64282227,false,
3,3,dirty_positive/dirty_3_104.jpg,train,dirty_positive,dirty_positive,true_positive,0.99885088,0.70,0.29885088,0.71481490,0.08854315,0.58823532,0.87843138,0.15392798,0.73995876,0.01139928,0.64640808,false,
3,3,dirty_positive/dirty_3_105.jpg,train,dirty_positive,dirty_positive,true_positive,0.99282520,0.70,0.29282520,0.58826333,0.10489260,0.47450981,0.81568629,0.24199525,0.62540263,0.00944906,0.63107300,false,
3,3,dirty_positive/dirty_3_106.jpg,train,dirty_positive,dirty_positive,true_positive,0.75595933,0.70,0.05595933,0.58912885,0.10152457,0.47450981,0.80000001,0.22955516,0.62401855,0.00879935,0.64360046,false,
3,3,dirty_positive/dirty_3_107.jpg,train,dirty_positive,dirty_positive,true_positive,0.98739318,0.70,0.28739318,0.58440500,0.10949626,0.45882353,0.82352942,0.24105892,0.62118053,0.00846045,0.62597656,false,
3,3,dirty_positive/dirty_3_108.jpg,train,dirty_positive,dirty_positive,true_positive,0.77434618,0.70,0.07434618,0.58704144,0.10237521,0.47450981,0.80392158,0.23396751,0.62261945,0.00848672,0.63208008,false,
3,3,dirty_positive/dirty_3_109.jpg,train,dirty_positive,dirty_positive,true_positive,0.99940841,0.70,0.29940841,0.72293633,0.09372987,0.58431375,0.89803922,0.15328059,0.74815178,0.01175630,0.66487122,false,
3,3,dirty_positive/dirty_3_110.jpg,train,dirty_positive,dirty_positive,true_positive,0.99843295,0.70,0.29843295,0.69393301,0.09511323,0.56470591,0.87450981,0.18303290,0.72422081,0.01502925,0.68087769,false,
3,3,dirty_positive/dirty_3_111.jpg,train,dirty_positive,dirty_positive,true_positive,0.99985985,0.70,0.29985985,0.75566387,0.09398561,0.61568630,0.92549020,0.12819944,0.77802634,0.01192865,0.72695923,false,
3,3,dirty_positive/dirty_3_112.jpg,train,dirty_positive,dirty_positive,true_positive,0.99848430,0.70,0.29848430,0.72576010,0.10379308,0.57254905,0.91764706,0.16266170,0.75333047,0.01497838,0.73512268,false,
3,3,dirty_positive/dirty_3_113.jpg,train,dirty_positive,dirty_positive,true_positive,0.85200560,0.70,0.15200560,0.58643872,0.10572922,0.45882353,0.80784315,0.26104319,0.62771833,0.01229335,0.65106201,false,
3,3,dirty_positive/dirty_3_114.jpg,train,dirty_positive,dirty_positive,true_positive,0.80805929,0.70,0.10805929,0.58246648,0.10743724,0.45098040,0.80784315,0.26573789,0.62440574,0.01182776,0.64109802,false,
3,3,dirty_positive/dirty_3_115.jpg,train,dirty_positive,dirty_positive,true_positive,0.89972328,0.70,0.19972328,0.59151590,0.10453745,0.46666667,0.81176472,0.25214210,0.63104469,0.01287427,0.65893555,false,
3,3,dirty_positive/dirty_3_116.jpg,train,dirty_positive,dirty_positive,true_positive,0.94372952,0.70,0.24372952,0.57778347,0.11011128,0.44705883,0.80784315,0.27065682,0.62013781,0.01134284,0.62001038,false,
3,3,dirty_positive/dirty_3_117.jpg,train,dirty_positive,dirty_positive,true_positive,0.99995904,0.70,0.29995904,0.55240989,0.08222950,0.46666667,0.71764708,0.21307930,0.58452165,0.00571058,0.52745056,false,
3,3,dirty_positive/dirty_3_118.jpg,train,dirty_positive,dirty_positive,true_positive,0.99994194,0.70,0.29994194,0.54730934,0.08125372,0.46666667,0.70980394,0.20645723,0.57811129,0.00477853,0.49041748,false,
3,3,dirty_positive/dirty_3_119.jpg,train,dirty_positive,dirty_positive,true_positive,0.94668677,0.70,0.24668677,0.54441440,0.07789189,0.46960783,0.70588237,0.19602057,0.57359630,0.00475056,0.45314026,false,
3,3,dirty_positive/dirty_3_120.jpg,train,dirty_positive,dirty_positive,true_positive,0.89885588,0.70,0.19885588,0.55358535,0.09466184,0.45098040,0.74901962,0.22647107,0.58736444,0.00555540,0.55220032,false,
3,3,dirty_positive/dirty_3_121.jpg,train,dirty_positive,dirty_positive,true_positive,0.99030886,0.70,0.29030886,0.67564076,0.10688794,0.52156866,0.87450981,0.20759147,0.71063137,0.01585576,0.71340942,false,
3,3,dirty_positive/dirty_3_122.jpg,train,dirty_positive,dirty_positive,true_positive,0.99365891,0.70,0.29365891,0.65544021,0.10489974,0.51372552,0.85490197,0.22058028,0.69222343,0.01613041,0.69252014,false,
3,3,dirty_positive/dirty_3_123.jpg,train,dirty_positive,dirty_positive,true_positive,0.98258166,0.70,0.28258166,0.63789135,0.10505626,0.50196081,0.84313726,0.23283668,0.67670953,0.01679369,0.70758057,false,
3,3,dirty_positive/dirty_3_124.jpg,train,dirty_positive,dirty_positive,true_positive,0.98225607,0.70,0.28225607,0.66023809,0.10938551,0.50980395,0.86666667,0.21726954,0.69657421,0.01657171,0.71221924,false,
3,3,dirty_positive/dirty_3_125.jpg,train,dirty_positive,dirty_positive,true_positive,0.86053047,0.70,0.16053047,0.55697984,0.09589876,0.45882353,0.76078433,0.19998758,0.58698088,0.00551212,0.51615906,false,
3,3,dirty_positive/dirty_3_126.jpg,train,dirty_positive,dirty_positive,true_positive,0.94443201,0.70,0.24443201,0.55082011,0.09076792,0.46274510,0.74509805,0.18950126,0.57910502,0.00482940,0.46206665,false,
3,3,dirty_positive/dirty_3_127.jpg,train,dirty_positive,dirty_positive,true_positive,0.93319303,0.70,0.23319303,0.55114436,0.08581167,0.46274510,0.72549021,0.21328449,0.58296371,0.00529323,0.52259827,false,
3,3,dirty_positive/dirty_3_128.jpg,train,dirty_positive,dirty_positive,true_positive,0.82732182,0.70,0.12732182,0.55148536,0.09285571,0.45490196,0.74509805,0.21946293,0.58418059,0.00529889,0.53712463,false,
3,3,dirty_positive/dirty_3_129.jpg,train,dirty_positive,clean_negative,false_negative,0.07829037,0.70,0.62170963,0.63648224,0.10225717,0.50196081,0.83137256,0.11438911,0.65653515,0.00990132,0.61782837,false,
3,3,dirty_positive/dirty_3_130.jpg,train,dirty_positive,clean_negative,false_negative,0.06075799,0.70,0.63924201,0.63507760,0.10137993,0.50196081,0.83137256,0.09556748,0.65354431,0.00913288,0.56518555,false,
3,3,dirty_positive/dirty_3_131.jpg,train,dirty_positive,clean_negative,false_negative,0.42982935,0.70,0.27017065,0.63553607,0.10057990,0.50588238,0.83137256,0.13328739,0.65757549,0.00931674,0.61842346,false,
3,3,dirty_positive/dirty_3_132.jpg,train,dirty_positive,clean_negative,false_negative,0.33312241,0.70,0.36687759,0.62859201,0.09437902,0.50980395,0.81568629,0.10171719,0.64668632,0.00776610,0.52224731,false,
4,4,clean_negative/clean_4_1.jpg,train,clean_negative,clean_negative,true_negative,0.00062603,0.25,0.24937397,0.76741099,0.04603050,0.72156864,0.86666667,0.07270143,0.80336791,0.00115600,0.19032288,true,tmp\sourcewise_error_atlas\run_001\contact_sheets\source_4_true_negative.jpg
4,4,clean_negative/clean_4_2.jpg,train,clean_negative,clean_negative,true_negative,0.03656764,0.25,0.21343236,0.77744246,0.05302871,0.71764708,0.89019608,0.06756293,0.80716980,0.00131996,0.25555420,false,
4,4,clean_negative/clean_4_3.jpg,train,clean_negative,dirty_positive,false_positive,0.95551972,0.25,0.70551972,0.78748542,0.05817539,0.71372551,0.89803922,0.06706268,0.81095076,0.00143923,0.32536316,false,
4,4,clean_negative/clean_4_4.jpg,train,clean_negative,dirty_positive,false_positive,0.99362458,0.25,0.74362458,0.78230548,0.06050105,0.69803923,0.89411765,0.07588016,0.80253696,0.00136815,0.34286499,true,tmp\sourcewise_error_atlas\run_001\contact_sheets\source_4_false_positive.jpg
4,4,clean_negative/clean_4_5.jpg,train,clean_negative,dirty_positive,false_positive,0.96042741,0.25,0.71042741,0.76840419,0.06421132,0.67450982,0.88627452,0.09102634,0.78852707,0.00139091,0.34950256,true,tmp\sourcewise_error_atlas\run_001\contact_sheets\source_4_false_positive.jpg
4,4,clean_negative/clean_4_6.jpg,train,clean_negative,dirty_positive,false_positive,0.92824114,0.25,0.67824114,0.75331175,0.06891136,0.65098041,0.87843138,0.10592647,0.77392149,0.00136208,0.34919739,false,
4,4,clean_negative/clean_4_7.jpg,train,clean_negative,dirty_positive,false_positive,0.88244061,0.25,0.63244061,0.74132347,0.07229560,0.63529414,0.87450981,0.11872554,0.76302826,0.00140889,0.36517334,false,
4,4,clean_negative/clean_4_8.jpg,train,clean_negative,dirty_positive,false_positive,0.78202863,0.25,0.53202863,0.66509157,0.06299650,0.58039218,0.77647060,0.16378593,0.69556093,0.00156009,0.32817078,false,
4,4,clean_negative/clean_4_9.jpg,train,clean_negative,dirty_positive,false_positive,0.63836776,0.25,0.38836776,0.66713333,0.06364650,0.57647061,0.77647060,0.15874168,0.69679856,0.00151578,0.32621765,false,
4,4,clean_negative/clean_4_10.jpg,train,clean_negative,dirty_positive,false_positive,0.59557303,0.25,0.34557303,0.66924280,0.06370968,0.57647061,0.78039217,0.15626054,0.69851494,0.00155044,0.33087158,false,
4,4,clean_negative/clean_4_11.jpg,train,clean_negative,dirty_positive,false_positive,0.46500110,0.25,0.21500110,0.67684305,0.06562614,0.57647061,0.78823531,0.14758542,0.70469737,0.00157262,0.34672546,false,
4,4,clean_negative/clean_4_12.jpg,train,clean_negative,dirty_positive,false_positive,0.45413923,0.25,0.20413923,0.67973238,0.06690571,0.57647061,0.79313725,0.14422119,0.70698547,0.00159537,0.35005188,false,
4,4,clean_negative/clean_4_13.jpg,train,clean_negative,dirty_positive,false_positive,0.46341870,0.25,0.21341870,0.68887722,0.07058772,0.58039218,0.80392158,0.13318393,0.71422243,0.00155569,0.34533691,false,
4,4,clean_negative/clean_4_14.jpg,train,clean_negative,dirty_positive,false_positive,0.44094729,0.25,0.19094729,0.69092935,0.07131498,0.58039218,0.80784315,0.13012607,0.71574700,0.00157489,0.34584045,false,
4,4,clean_negative/clean_4_15.jpg,train,clean_negative,dirty_positive,false_positive,0.41616192,0.25,0.16616192,0.69660378,0.07252773,0.58039218,0.80784315,0.12067968,0.71977901,0.00142921,0.33976746,false,
4,4,clean_negative/clean_4_16.jpg,train,clean_negative,dirty_positive,false_positive,0.52624142,0.25,0.27624142,0.69837499,0.07290781,0.58039218,0.80784315,0.11752039,0.72102487,0.00144600,0.34216309,false,
4,4,clean_negative/clean_4_17.jpg,train,clean_negative,dirty_positive,false_positive,0.70292414,0.25,0.45292414,0.70307696,0.07069465,0.58823532,0.81176472,0.11107489,0.72462010,0.00146718,0.34664917,false,
4,4,clean_negative/clean_4_18.jpg,train,clean_negative,dirty_positive,false_positive,0.71801191,0.25,0.46801191,0.65668362,0.05929494,0.56470591,0.76078433,0.16534366,0.68713987,0.00117254,0.32191467,false,
4,4,clean_negative/clean_4_19.jpg,train,clean_negative,dirty_positive,false_positive,0.52900385,0.25,0.27900385,0.66801298,0.06548306,0.56470591,0.78431374,0.15239647,0.69626051,0.00122774,0.34611511,false,
4,4,clean_negative/clean_4_20.jpg,train,clean_negative,dirty_positive,false_positive,0.39107192,0.25,0.14107192,0.68082666,0.07173642,0.56470591,0.80000001,0.13790859,0.70655251,0.00126135,0.34539795,false,
4,4,clean_negative/clean_4_21.jpg,train,clean_negative,dirty_positive,false_positive,0.43478508,0.25,0.18478508,0.68818915,0.07297638,0.56470591,0.80000001,0.12642877,0.71193337,0.00118079,0.34481812,false,
4,4,clean_negative/clean_4_22.jpg,train,clean_negative,dirty_positive,false_positive,0.66628352,0.25,0.41628352,0.69359523,0.07081072,0.57647061,0.80000001,0.11990388,0.71623838,0.00122191,0.35440063,false,
4,4,clean_negative/clean_4_23.jpg,train,clean_negative,dirty_positive,false_positive,0.90881328,0.25,0.65881328,0.65083253,0.05549581,0.56862748,0.74901962,0.17411183,0.68266952,0.00118384,0.31130981,false,
4,4,clean_negative/clean_4_24.jpg,train,clean_negative,clean_negative,true_negative,0.02538200,0.25,0.22461800,0.76185173,0.05116027,0.69803923,0.86274511,0.06927509,0.79467452,0.00077448,0.20393372,false,
4,4,clean_negative/clean_4_25.jpg,train,clean_negative,dirty_positive,false_positive,0.63807225,0.25,0.38807225,0.77054423,0.05690891,0.69803923,0.88235295,0.06694432,0.79800642,0.00098200,0.27136230,false,
4,4,clean_negative/clean_4_26.jpg,train,clean_negative,dirty_positive,false_positive,0.85391226,0.25,0.60391226,0.77927864,0.06129730,0.69019610,0.89411765,0.06958445,0.80122364,0.00113266,0.34040833,false,
4,4,clean_negative/clean_4_27.jpg,train,clean_negative,dirty_positive,false_positive,0.97390129,0.25,0.72390129,0.77255988,0.06403604,0.67058825,0.88627452,0.08202479,0.79214811,0.00107990,0.35346985,true,tmp\sourcewise_error_atlas\run_001\contact_sheets\source_4_false_positive.jpg
4,4,clean_negative/clean_4_28.jpg,train,clean_negative,dirty_positive,false_positive,0.89719985,0.25,0.64719985,0.75605160,0.06655941,0.65098041,0.87450981,0.10063387,0.77662390,0.00098397,0.34365845,false,
4,4,clean_negative/clean_4_29.jpg,train,clean_negative,dirty_positive,false_positive,0.92643542,0.25,0.67643542,0.73752111,0.07035425,0.63529414,0.86666667,0.11857642,0.75972939,0.00096802,0.33793640,false,
4,4,clean_negative/clean_4_30.jpg,train,clean_negative,dirty_positive,false_positive,0.96080272,0.25,0.71080272,0.72260070,0.07270549,0.62352943,0.86274511,0.13381976,0.74637508,0.00096882,0.34086609,true,tmp\sourcewise_error_atlas\run_001\contact_sheets\source_4_false_positive.jpg
4,4,clean_negative/clean_4_31.jpg,train,clean_negative,clean_negative,true_negative,0.00181718,0.25,0.24818282,0.75187588,0.06821135,0.65098041,0.87058824,0.08451504,0.78688598,0.00091774,0.23114014,true,tmp\sourcewise_error_atlas\run_001\contact_sheets\source_4_true_negative.jpg
4,4,clean_negative/clean_4_32.jpg,train,clean_negative,clean_negative,true_negative,0.10622491,0.25,0.14377509,0.75970680,0.06937358,0.65490198,0.87843138,0.08074880,0.78863513,0.00106596,0.29570007,false,
4,4,clean_negative/clean_4_33.jpg,train,clean_negative,dirty_positive,false_positive,0.48646355,0.25,0.23646355,0.76976871,0.06552591,0.66274512,0.88627452,0.06970778,0.78995031,0.00115902,0.35673523,false,
4,4,clean_negative/clean_4_34.jpg,train,clean_negative,dirty_positive,false_positive,0.90513143,0.25,0.65513143,0.76328731,0.06632243,0.65490198,0.87843138,0.08317135,0.78139740,0.00111785,0.37139893,false,
4,4,clean_negative/clean_4_35.jpg,train,clean_negative,dirty_positive,false_positive,0.81135009,0.25,0.56135009,0.74710107,0.06545471,0.64705884,0.86274511,0.10281852,0.76659256,0.00097763,0.34686279,false,
4,4,clean_negative/clean_4_36.jpg,train,clean_negative,dirty_positive,false_positive,0.85014954,0.25,0.60014954,0.72574353,0.06470477,0.63137257,0.84313726,0.12162805,0.74753767,0.00094147,0.33283997,false,
4,4,clean_negative/clean_4_37.jpg,train,clean_negative,dirty_positive,false_positive,0.93258405,0.25,0.68258405,0.70934117,0.06536900,0.62352943,0.83529413,0.13629708,0.73303992,0.00098436,0.33221436,false,
4,4,clean_negative/clean_4_38.jpg,train,clean_negative,clean_negative,true_negative,0.00219666,0.25,0.24780334,0.73737770,0.07907492,0.63137257,0.87058824,0.10521288,0.77682459,0.00107759,0.25413513,true,tmp\sourcewise_error_atlas\run_001\contact_sheets\source_4_true_negative.jpg
4,4,clean_negative/clean_4_39.jpg,train,clean_negative,clean_negative,true_negative,0.16592952,0.25,0.08407048,0.74624801,0.07996762,0.63529414,0.87450981,0.09871323,0.77840966,0.00121673,0.32682800,false,
4,4,clean_negative/clean_4_40.jpg,train,clean_negative,dirty_positive,false_positive,0.90091297,0.25,0.65091297,0.75853837,0.07004733,0.65098041,0.87843138,0.07237136,0.77817857,0.00126706,0.38130188,false,
4,4,clean_negative/clean_4_41.jpg,train,clean_negative,dirty_positive,false_positive,0.91255384,0.25,0.66255384,0.75507027,0.06777437,0.64705884,0.87058824,0.08038330,0.77121305,0.00123952,0.39947510,false,
4,4,clean_negative/clean_4_42.jpg,train,clean_negative,dirty_positive,false_positive,0.84347982,0.25,0.59347982,0.74284911,0.06469637,0.64705884,0.85882354,0.09654374,0.75934309,0.00111562,0.38345337,false,
4,4,clean_negative/clean_4_43.jpg,train,clean_negative,dirty_positive,false_positive,0.82475483,0.25,0.57475483,0.72069275,0.06095985,0.63137257,0.82745099,0.11602467,0.74010146,0.00097977,0.34669495,false,
4,4,clean_negative/clean_4_44.jpg,train,clean_negative,dirty_positive,false_positive,0.85014653,0.25,0.60014653,0.70268035,0.05861190,0.62352943,0.80784315,0.13058580,0.72462034,0.00096304,0.32307434,false,
4,4,clean_negative/clean_4_45.jpg,train,clean_negative,dirty_positive,false_positive,0.83764767,0.25,0.58764767,0.65098131,0.05187438,0.57647061,0.74117649,0.15975823,0.67788219,0.00121696,0.28361511,false,
4,4,clean_negative/clean_4_46.jpg,train,clean_negative,dirty_positive,false_positive,0.87000903,0.25,0.62000903,0.65234601,0.04766743,0.58823532,0.73725492,0.15595472,0.67849278,0.00113220,0.27311707,false,
4,4,clean_negative/clean_4_47.jpg,train,clean_negative,dirty_positive,false_positive,0.82809488,0.25,0.57809488,0.67978859,0.05171893,0.61176473,0.77254903,0.13540873,0.70209384,0.00100791,0.31207275,false,
4,4,clean_negative/clean_4_48.jpg,train,clean_negative,dirty_positive,false_positive,0.93086505,0.25,0.68086505,0.66797072,0.04477714,0.60784316,0.74901962,0.14271492,0.69162011,0.00106596,0.29725647,false,
4,4,clean_negative/clean_4_49.jpg,train,clean_negative,dirty_positive,false_positive,0.94972384,0.25,0.69972384,0.66271818,0.04367479,0.60784316,0.74117649,0.15045741,0.68794608,0.00109654,0.29286194,false,
4,4,clean_negative/clean_4_50.jpg,train,clean_negative,dirty_positive,false_positive,0.92474166,0.25,0.67474166,0.65888584,0.04521422,0.60000002,0.73725492,0.15195499,0.68436432,0.00109163,0.28494263,false,
4,4,clean_negative/clean_4_51.jpg,train,clean_negative,dirty_positive,false_positive,0.89516586,0.25,0.64516586,0.65255916,0.04584967,0.59215689,0.73333335,0.15311658,0.67802316,0.00107825,0.26550293,false,
4,4,clean_negative/clean_4_52.jpg,train,clean_negative,clean_negative,true_negative,0.00034351,0.25,0.24965649,0.72500360,0.07662928,0.62745100,0.85882354,0.10719690,0.76613784,0.00105697,0.22212219,true,tmp\sourcewise_error_atlas\run_001\contact_sheets\source_4_true_negative.jpg
4,4,clean_negative/clean_4_53.jpg,train,clean_negative,clean_negative,true_negative,0.02977400,0.25,0.22022600,0.73216081,0.07887781,0.63529414,0.86666667,0.10059067,0.76616371,0.00122468,0.29698181,false,
4,4,clean_negative/clean_4_54.jpg,train,clean_negative,dirty_positive,false_positive,0.47818924,0.25,0.22818924,0.74569660,0.07220735,0.64705884,0.87450981,0.07244748,0.76690412,0.00126048,0.35649109,false,
4,4,clean_negative/clean_4_55.jpg,train,clean_negative,dirty_positive,false_positive,0.70226025,0.25,0.45226025,0.74378347,0.07037900,0.64313728,0.87058824,0.07743788,0.76067257,0.00127163,0.39122009,false,
4,4,clean_negative/clean_4_56.jpg,train,clean_negative,dirty_positive,false_positive,0.75552569,0.25,0.50552569,0.73652041,0.06811865,0.64313728,0.86274511,0.08929139,0.75225663,0.00119768,0.39787292,false,
4,4,clean_negative/clean_4_57.jpg,train,clean_negative,dirty_positive,false_positive,0.76608645,0.25,0.51608645,0.71773255,0.06264925,0.63137257,0.83137256,0.10616001,0.73531008,0.00103069,0.36668396,false,
4,4,clean_negative/clean_4_58.jpg,train,clean_negative,dirty_positive,false_positive,0.74057089,0.25,0.49057089,0.70005643,0.05931813,0.62352943,0.80784315,0.12063827,0.71970522,0.00096170,0.33645630,false,
4,4,clean_negative/clean_4_59.jpg,train,clean_negative,dirty_positive,false_positive,0.80129055,0.25,0.55129055,0.68059993,0.05216924,0.61176473,0.77254903,0.13045877,0.70186102,0.00100551,0.31556702,false,
4,4,clean_negative/clean_4_60.jpg,train,clean_negative,dirty_positive,false_positive,0.90982325,0.25,0.65982325,0.66944569,0.04584320,0.60784316,0.75294119,0.13762788,0.69200623,0.00106967,0.30261230,false,
4,4,clean_negative/clean_4_61.jpg,train,clean_negative,dirty_positive,false_positive,0.93056791,0.25,0.68056791,0.66468418,0.04486100,0.60784316,0.74509805,0.14528409,0.68881130,0.00110040,0.29692078,false,
4,4,clean_negative/clean_4_62.jpg,train,clean_negative,dirty_positive,false_positive,0.90782117,0.25,0.65782117,0.66116512,0.04679341,0.60000002,0.74509805,0.14678365,0.68550658,0.00109824,0.28807068,false,
4,4,clean_negative/clean_4_63.jpg,train,clean_negative,dirty_positive,false_positive,0.80400557,0.25,0.55400557,0.65428299,0.04736562,0.59215689,0.73725492,0.14842159,0.67867035,0.00107494,0.26931763,false,
4,4,clean_negative/clean_4_64.jpg,train,clean_negative,dirty_positive,false_positive,0.78656102,0.25,0.53656102,0.65441573,0.04814153,0.59215689,0.74117649,0.15175346,0.67948222,0.00110673,0.27401733,false,
4,4,clean_negative/clean_4_65.jpg,train,clean_negative,dirty_positive,false_positive,0.79419122,0.25,0.54419122,0.65499717,0.05290850,0.58039218,0.74901962,0.15381730,0.68056875,0.00122261,0.28898621,false,
4,4,clean_negative/clean_4_66.jpg,train,clean_negative,clean_negative,true_negative,0.00020660,0.25,0.24979340,0.71571881,0.07195549,0.62745100,0.84313726,0.10523814,0.75653321,0.00100183,0.18997192,true,tmp\sourcewise_error_atlas\run_001\contact_sheets\source_4_true_negative.jpg
4,4,clean_negative/clean_4_67.jpg,train,clean_negative,clean_negative,true_negative,0.01813795,0.25,0.23186205,0.72273791,0.07589007,0.63137257,0.85490197,0.09702849,0.75662285,0.00122185,0.26477051,false,
4,4,clean_negative/clean_4_68.jpg,train,clean_negative,dirty_positive,false_positive,0.28782681,0.25,0.03782681,0.73666388,0.07084215,0.64313728,0.86666667,0.06671089,0.75740802,0.00125784,0.32801819,false,
4,4,clean_negative/clean_4_69.jpg,train,clean_negative,dirty_positive,false_positive,0.27417428,0.25,0.02417428,0.73632371,0.07104547,0.64313728,0.86666667,0.06891756,0.75232071,0.00137090,0.38092041,false,
4,4,clean_negative/clean_4_70.jpg,train,clean_negative,dirty_positive,false_positive,0.44891664,0.25,0.19891664,0.73324144,0.07079700,0.64313728,0.86666667,0.07511382,0.74686420,0.00133760,0.40022278,false,
4,4,clean_negative/clean_4_71.jpg,train,clean_negative,dirty_positive,false_positive,0.78810391,0.25,0.53810391,0.71837926,0.06503864,0.63529414,0.83921570,0.08810031,0.73286831,0.00117495,0.37449646,false,
4,4,clean_negative/clean_4_72.jpg,train,clean_negative,dirty_positive,false_positive,0.74627748,0.25,0.49627748,0.70277870,0.05987318,0.62745100,0.81568629,0.09963506,0.71865064,0.00101624,0.33283997,false,
4,4,clean_negative/clean_4_73.jpg,train,clean_negative,dirty_positive,false_positive,0.72399416,0.25,0.47399416,0.68533903,0.05192900,0.61568630,0.78039217,0.10694498,0.70228934,0.00110938,0.31178284,false,
4,4,clean_negative/clean_4_74.jpg,train,clean_negative,dirty_positive,false_positive,0.84079777,0.25,0.59079777,0.67829835,0.04882132,0.61176473,0.77254903,0.11290948,0.69630122,0.00119318,0.30688477,false,
4,4,clean_negative/clean_4_75.jpg,train,clean_negative,dirty_positive,false_positive,0.82392464,0.25,0.57392464,0.67733628,0.04941091,0.61176473,0.76862746,0.12145794,0.69693583,0.00121179,0.30561829,false,
4,4,clean_negative/clean_4_76.jpg,train,clean_negative,dirty_positive,false_positive,0.76909318,0.25,0.51909318,0.67584014,0.05149034,0.60392159,0.76862746,0.12396505,0.69560754,0.00123528,0.30255127,false,
4,4,clean_negative/clean_4_77.jpg,train,clean_negative,dirty_positive,false_positive,0.56305736,0.25,0.31305736,0.66929626,0.05431491,0.59607846,0.76862746,0.12907447,0.68962550,0.00124345,0.29792786,false,
4,4,clean_negative/clean_4_78.jpg,train,clean_negative,dirty_positive,false_positive,0.62147270,0.25,0.37147270,0.66733426,0.05452520,0.59215689,0.76862746,0.13836840,0.68952900,0.00120543,0.30281067,false,
4,4,clean_negative/clean_4_79.jpg,train,clean_negative,dirty_positive,false_positive,0.72131526,0.25,0.47131526,0.66699934,0.05618519,0.58431375,0.76862746,0.14288905,0.69024944,0.00132374,0.31755066,false,
4,4,clean_negative/clean_4_80.jpg,train,clean_negative,clean_negative,true_negative,0.00026446,0.25,0.24973554,0.71488535,0.07129208,0.62745100,0.84313726,0.10366014,0.75492001,0.00111915,0.19525146,true,tmp\sourcewise_error_atlas\run_001\contact_sheets\source_4_true_negative.jpg
4,4,clean_negative/clean_4_81.jpg,train,clean_negative,clean_negative,true_negative,0.01877124,0.25,0.23122876,0.72201073,0.07542347,0.63137257,0.85490197,0.09482984,0.75550580,0.00128638,0.26458740,false,
4,4,clean_negative/clean_4_82.jpg,train,clean_negative,clean_negative,true_negative,0.19571342,0.25,0.05428658,0.73521382,0.07046077,0.64313728,0.87058824,0.06310874,0.75556087,0.00131412,0.32357788,false,
4,4,clean_negative/clean_4_83.jpg,train,clean_negative,clean_negative,true_negative,0.20234055,0.25,0.04765945,0.73512465,0.07124472,0.64313728,0.87058824,0.06299044,0.75027549,0.00144724,0.38230896,false,
4,4,clean_negative/clean_4_84.jpg,train,clean_negative,dirty_positive,false_positive,0.48748685,0.25,0.23748685,0.73146999,0.07023092,0.64313728,0.86666667,0.06488229,0.74295712,0.00143026,0.40744019,false,
4,4,clean_negative/clean_4_85.jpg,train,clean_negative,dirty_positive,false_positive,0.42992379,0.25,0.17992379,0.72203261,0.06338046,0.64705884,0.84313726,0.06984989,0.73335695,0.00125298,0.37617493,false,
4,4,clean_negative/clean_4_86.jpg,train,clean_negative,dirty_positive,false_positive,0.35541359,0.25,0.10541359,0.70771480,0.05607819,0.64313728,0.81568629,0.07715491,0.71968818,0.00101204,0.31942749,false,
4,4,clean_negative/clean_4_87.jpg,train,clean_negative,dirty_positive,false_positive,0.31007549,0.25,0.06007549,0.69356358,0.04882627,0.63137257,0.78431374,0.08233924,0.70616150,0.00110773,0.30300903,false,
4,4,clean_negative/clean_4_88.jpg,train,clean_negative,dirty_positive,false_positive,0.36526310,0.25,0.11526310,0.68970919,0.04668778,0.62745100,0.77647060,0.09038427,0.70376849,0.00116587,0.29560852,false,
4,4,clean_negative/clean_4_89.jpg,train,clean_negative,dirty_positive,false_positive,0.41474168,0.25,0.16474168,0.68968332,0.04721979,0.62352943,0.77647060,0.10326730,0.70595098,0.00120007,0.30293274,false,
4,4,clean_negative/clean_4_90.jpg,train,clean_negative,dirty_positive,false_positive,0.36226459,0.25,0.11226459,0.68656218,0.05011055,0.61176473,0.77647060,0.11006686,0.70358944,0.00119543,0.30517578,false,
4,4,clean_negative/clean_4_91.jpg,train,clean_negative,dirty_positive,false_positive,0.29551874,0.25,0.04551874,0.67911541,0.05530680,0.59607846,0.77647060,0.12006287,0.69748044,0.00125093,0.31121826,false,
4,4,clean_negative/clean_4_92.jpg,train,clean_negative,dirty_positive,false_positive,0.46914205,0.25,0.21914205,0.67564297,0.05526763,0.59607846,0.77647060,0.13618453,0.69717085,0.00113716,0.30511475,false,
4,4,clean_negative/clean_4_93.jpg,train,clean_negative,dirty_positive,false_positive,0.56808093,0.25,0.31808093,0.67422873,0.05455398,0.59607846,0.77254903,0.14419484,0.69753778,0.00124237,0.31658936,false,
4,4,clean_negative/clean_4_94.jpg,train,clean_negative,clean_negative,true_negative,0.20548851,0.25,0.04451149,0.72100735,0.06409036,0.64313728,0.84705883,0.05940696,0.73128676,0.00134719,0.37464905,false,
4,4,clean_negative/clean_4_95.jpg,train,clean_negative,clean_negative,true_negative,0.14170824,0.25,0.10829176,0.71693850,0.06032903,0.64313728,0.83529413,0.06123245,0.72695327,0.00120812,0.34819031,false,
4,4,clean_negative/clean_4_96.jpg,train,clean_negative,clean_negative,true_negative,0.11233337,0.25,0.13766663,0.70617163,0.05399507,0.63921571,0.80784315,0.06465551,0.71616417,0.00096985,0.29277039,false,
4,4,clean_negative/clean_4_97.jpg,train,clean_negative,clean_negative,true_negative,0.09269192,0.25,0.15730808,0.69783598,0.04786240,0.63529414,0.78431374,0.06698136,0.70795023,0.00110975,0.29284668,false,
4,4,clean_negative/clean_4_98.jpg,train,clean_negative,clean_negative,true_negative,0.05289160,0.25,0.19710840,0.69828296,0.04570124,0.63529414,0.78039217,0.07562328,0.71001500,0.00117624,0.29362488,false,
4,4,clean_negative/clean_4_99.jpg,train,clean_negative,dirty_positive,false_positive,0.31362212,0.25,0.06362212,0.69830602,0.04574436,0.63529414,0.78039217,0.09268591,0.71280199,0.00124068,0.31195068,false,
4,4,clean_negative/clean_4_100.jpg,train,clean_negative,dirty_positive,false_positive,0.34608314,0.25,0.09608314,0.69439286,0.04958807,0.62352943,0.78039217,0.10437054,0.71036410,0.00126249,0.32540894,false,
4,4,clean_negative/clean_4_101.jpg,train,clean_negative,dirty_positive,false_positive,0.34405696,0.25,0.09405696,0.69035745,0.05505326,0.60784316,0.78823531,0.11735709,0.70830131,0.00135861,0.35054016,false,
4,4,clean_negative/clean_4_102.jpg,train,clean_negative,dirty_positive,false_positive,0.46133649,0.25,0.21133649,0.68718064,0.05638610,0.60392159,0.78431374,0.13518858,0.70868337,0.00123564,0.33799744,false,
4,4,clean_negative/clean_4_103.jpg,train,clean_negative,dirty_positive,false_positive,0.59800967,0.25,0.34800967,0.68318534,0.05488997,0.60392159,0.78039217,0.14523411,0.70678949,0.00119180,0.33355713,false,
4,4,clean_negative/clean_4_104.jpg,train,clean_negative,dirty_positive,false_positive,0.88737345,0.25,0.63737345,0.66489244,0.05386628,0.58823532,0.76078433,0.16676840,0.69271445,0.00122717,0.32893372,false,
4,4,clean_negative/clean_4_105.jpg,train,clean_negative,dirty_positive,false_positive,0.94083931,0.25,0.69083931,0.65353334,0.05659571,0.56862748,0.75294119,0.18054613,0.68422407,0.00128177,0.33555603,false,
4,4,clean_negative/clean_4_106.jpg,train,clean_negative,dirty_positive,false_positive,0.95950483,0.25,0.70950483,0.64750123,0.06242449,0.55686277,0.76078433,0.18813646,0.68010092,0.00125324,0.34703064,true,tmp\sourcewise_error_atlas\run_001\contact_sheets\source_4_false_positive.jpg
4,4,clean_negative/clean_4_107.jpg,train,clean_negative,dirty_positive,false_positive,0.91472334,0.25,0.66472334,0.64992589,0.06798831,0.55294120,0.77647060,0.18223071,0.68199229,0.00136123,0.38252258,false,
4,4,clean_negative/clean_4_108.jpg,train,clean_negative,dirty_positive,false_positive,0.87051920,0.25,0.62051920,0.65120506,0.07525612,0.54901963,0.80000001,0.17274123,0.68188441,0.00158967,0.41729736,false,
4,4,clean_negative/clean_4_109.jpg,train,clean_negative,clean_negative,true_negative,0.20877071,0.25,0.04122929,0.71060574,0.06193656,0.63529414,0.83137256,0.06447826,0.72137392,0.00132456,0.35098267,false,
4,4,clean_negative/clean_4_110.jpg,train,clean_negative,clean_negative,true_negative,0.19239070,0.25,0.05760930,0.70797175,0.05993765,0.63529414,0.82745099,0.06369408,0.71808672,0.00126233,0.33259583,false,
4,4,clean_negative/clean_4_111.jpg,train,clean_negative,clean_negative,true_negative,0.15091965,0.25,0.09908035,0.70026648,0.05370689,0.63529414,0.80392158,0.06439383,0.70997477,0.00108351,0.29037476,false,
4,4,clean_negative/clean_4_112.jpg,train,clean_negative,clean_negative,true_negative,0.17226587,0.25,0.07773413,0.69660425,0.04802960,0.63529414,0.78431374,0.06557390,0.70637333,0.00126409,0.29693604,false,
4,4,clean_negative/clean_4_113.jpg,train,clean_negative,clean_negative,true_negative,0.20488959,0.25,0.04511041,0.70087969,0.04560106,0.64313728,0.78431374,0.07464659,0.71256387,0.00137371,0.30990601,false,
4,4,clean_negative/clean_4_114.jpg,train,clean_negative,dirty_positive,false_positive,0.38519408,0.25,0.13519408,0.70008844,0.04742052,0.63529414,0.78431374,0.09451115,0.71501535,0.00145005,0.33839417,false,
4,4,clean_negative/clean_4_115.jpg,train,clean_negative,dirty_positive,false_positive,0.51191404,0.25,0.26191404,0.69576788,0.05252446,0.61568630,0.78823531,0.11093374,0.71313393,0.00153145,0.36288452,false,
4,4,clean_negative/clean_4_116.jpg,train,clean_negative,dirty_positive,false_positive,0.61722580,0.25,0.36722580,0.69398618,0.05681591,0.60784316,0.79215688,0.12526616,0.71369231,0.00160593,0.39488220,false,
4,4,clean_negative/clean_4_117.jpg,train,clean_negative,dirty_positive,false_positive,0.73393305,0.25,0.48393305,0.68981624,0.05761398,0.60784316,0.78823531,0.14258519,0.71290779,0.00143760,0.37289429,false,
4,4,clean_negative/clean_4_118.jpg,train,clean_negative,dirty_positive,false_positive,0.81776848,0.25,0.56776848,0.67751861,0.05506787,0.59607846,0.77254903,0.15815753,0.70361280,0.00126182,0.34185791,false,
4,4,clean_negative/clean_4_119.jpg,train,clean_negative,dirty_positive,false_positive,0.88221457,0.25,0.63221457,0.66336155,0.05418088,0.58431375,0.75686276,0.16981560,0.69167680,0.00122829,0.33312988,false,
4,4,clean_negative/clean_4_120.jpg,train,clean_negative,dirty_positive,false_positive,0.94127499,0.25,0.69127499,0.65217894,0.05656990,0.56470591,0.75294119,0.18246001,0.68311304,0.00129008,0.33938599,false,
4,4,clean_negative/clean_4_121.jpg,train,clean_negative,dirty_positive,false_positive,0.96622146,0.25,0.71622146,0.64415443,0.05989681,0.55294120,0.74901962,0.18983299,0.67690527,0.00122852,0.34217834,true,tmp\sourcewise_error_atlas\run_001\contact_sheets\source_4_false_positive.jpg
4,4,clean_negative/clean_4_122.jpg,train,clean_negative,dirty_positive,false_positive,0.92892537,0.25,0.67892537,0.64436847,0.06514747,0.54901963,0.76078433,0.18478563,0.67668539,0.00133043,0.37452698,false,
4,4,clean_negative/clean_4_123.jpg,train,clean_negative,dirty_positive,false_positive,0.84852645,0.25,0.59852645,0.64452100,0.07242364,0.54509807,0.78431374,0.17469071,0.67535305,0.00155755,0.40788269,false,
4,4,clean_negative/clean_4_124.jpg,train,clean_negative,clean_negative,true_negative,0.16292502,0.25,0.08707498,0.70030379,0.05764682,0.62745100,0.80784315,0.06983995,0.71106952,0.00115101,0.31552124,false,
4,4,clean_negative/clean_4_125.jpg,train,clean_negative,clean_negative,true_negative,0.16493393,0.25,0.08506607,0.69731212,0.05616279,0.62352943,0.80392158,0.06814468,0.70752096,0.00115443,0.30046082,false,
4,4,clean_negative/clean_4_126.jpg,train,clean_negative,clean_negative,true_negative,0.12231114,0.25,0.12768886,0.68925893,0.04865214,0.62352943,0.78039217,0.06798431,0.69922495,0.00101096,0.25753784,false,
4,4,clean_negative/clean_4_127.jpg,train,clean_negative,clean_negative,true_negative,0.17413367,0.25,0.07586633,0.68998647,0.04471131,0.62745100,0.76862746,0.06849198,0.70016265,0.00124124,0.27922058,false,
4,4,clean_negative/clean_4_128.jpg,train,clean_negative,dirty_positive,false_positive,0.25723123,0.25,0.00723123,0.69620162,0.04822995,0.62745100,0.78039217,0.08006144,0.70888376,0.00137132,0.30541992,false,
4,4,clean_negative/clean_4_129.jpg,train,clean_negative,dirty_positive,false_positive,0.42061997,0.25,0.17061997,0.69401252,0.05281972,0.60784316,0.78431374,0.10334904,0.71053493,0.00144968,0.33909607,false,
4,4,clean_negative/clean_4_130.jpg,train,clean_negative,dirty_positive,false_positive,0.46054952,0.25,0.21054952,0.68645406,0.05928368,0.58823532,0.78823531,0.12662025,0.70676833,0.00157017,0.36917114,false,
4,4,clean_negative/clean_4_131.jpg,train,clean_negative,dirty_positive,false_positive,0.58207376,0.25,0.33207376,0.68592882,0.06344061,0.58431375,0.79607844,0.14178228,0.70881432,0.00168463,0.41412354,false,
4,4,clean_negative/clean_4_132.jpg,train,clean_negative,dirty_positive,false_positive,0.71998717,0.25,0.46998717,0.68068600,0.06322238,0.58431375,0.78823531,0.15849258,0.70665455,0.00148950,0.38539124,false,
4,4,clean_negative/clean_4_133.jpg,train,clean_negative,dirty_positive,false_positive,0.87428208,0.25,0.62428208,0.66855156,0.05823088,0.58431375,0.77254903,0.17203782,0.69700688,0.00132807,0.34922791,false,
4,4,clean_negative/clean_4_134.jpg,train,clean_negative,dirty_positive,false_positive,0.90304024,0.25,0.65304024,0.66079473,0.05762490,0.57647061,0.76470590,0.17758048,0.69043440,0.00136470,0.35293579,false,
4,4,clean_negative/clean_4_135.jpg,train,clean_negative,dirty_positive,false_positive,0.93929545,0.25,0.68929545,0.65367043,0.06031255,0.56470591,0.76470590,0.18422070,0.68479657,0.00140554,0.35829163,false,
4,4,clean_negative/clean_4_136.jpg,train,clean_negative,dirty_positive,false_positive,0.94253325,0.25,0.69253325,0.64224792,0.05922850,0.55294120,0.75294119,0.18866524,0.67448235,0.00121135,0.33901978,false,
4,4,clean_negative/clean_4_137.jpg,train,clean_negative,dirty_positive,false_positive,0.91515415,0.25,0.66515415,0.63954926,0.06344479,0.54901963,0.76078433,0.18143234,0.67089665,0.00129565,0.36004639,false,
4,4,clean_negative/clean_4_138.jpg,train,clean_negative,dirty_positive,false_positive,0.81457961,0.25,0.56457961,0.63589686,0.06676145,0.54509807,0.76470590,0.17045654,0.66561472,0.00145035,0.37554932,false,
4,4,clean_negative/clean_4_139.jpg,train,clean_negative,dirty_positive,false_positive,0.92653115,0.25,0.67653115,0.64099789,0.06231750,0.55294120,0.76078433,0.18109593,0.67139339,0.00127415,0.33850098,false,
4,4,clean_negative/clean_4_140.jpg,train,clean_negative,dirty_positive,false_positive,0.88079075,0.25,0.63079075,0.63624918,0.06198918,0.54901963,0.75686276,0.17153071,0.66531348,0.00130279,0.34202576,false,
4,4,clean_negative/clean_4_141.jpg,train,clean_negative,dirty_positive,false_positive,0.77512464,0.25,0.52512464,0.63069808,0.06256825,0.54509807,0.75294119,0.16060738,0.65820491,0.00140218,0.34571838,false,
4,4,clean_negative/clean_4_142.jpg,train,clean_negative,dirty_positive,false_positive,0.76349415,0.25,0.51349415,0.67047596,0.06361437,0.56862748,0.77647060,0.14718443,0.69427788,0.00159969,0.37966919,false,
4,4,clean_negative/clean_4_143.jpg,train,clean_negative,dirty_positive,false_positive,0.80706210,0.25,0.55706210,0.66901785,0.06746701,0.56470591,0.78431374,0.15963417,0.69482803,0.00168129,0.41394043,false,
4,4,clean_negative/clean_4_144.jpg,train,clean_negative,dirty_positive,false_positive,0.87195108,0.25,0.62195108,0.66501975,0.06693492,0.56470591,0.77647060,0.17186363,0.69305980,0.00156100,0.38697815,false,
4,4,clean_negative/clean_4_145.jpg,train,clean_negative,dirty_positive,false_positive,0.95159006,0.25,0.70159006,0.65723836,0.06038624,0.56862748,0.76470590,0.18033168,0.68677318,0.00144905,0.35501099,false,
4,4,clean_negative/clean_4_146.jpg,train,clean_negative,dirty_positive,false_positive,0.96085749,0.25,0.71085749,0.65504324,0.06226723,0.56862748,0.77254903,0.18031874,0.68480170,0.00149040,0.36425781,true,tmp\sourcewise_error_atlas\run_001\contact_sheets\source_4_false_positive.jpg
4,4,clean_negative/clean_4_147.jpg,train,clean_negative,dirty_positive,false_positive,0.90806907,0.25,0.65806907,0.65176141,0.06495639,0.56078434,0.77647060,0.18010405,0.68173552,0.00148993,0.36578369,false,
4,4,clean_negative/clean_4_148.jpg,train,clean_negative,dirty_positive,false_positive,0.78666362,0.25,0.53666362,0.65296555,0.06557216,0.55686277,0.76470590,0.16204542,0.67887998,0.00173240,0.40811157,false,
4,4,clean_negative/clean_4_149.jpg,train,clean_negative,dirty_positive,false_positive,0.91655729,0.25,0.66655729,0.65002370,0.07089299,0.54901963,0.77254903,0.17026135,0.67714393,0.00178343,0.42887878,false,
4,4,clean_negative/clean_4_150.jpg,train,clean_negative,dirty_positive,false_positive,0.91806758,0.25,0.66806758,0.64732951,0.07160416,0.54509807,0.76862746,0.17481080,0.67515981,0.00176563,0.41201782,false,
4,4,clean_negative/clean_4_151.jpg,train,clean_negative,dirty_positive,false_positive,0.95990875,0.25,0.70990875,0.64636064,0.06619023,0.54901963,0.76078433,0.17667100,0.67455387,0.00162895,0.38087463,true,tmp\sourcewise_error_atlas\run_001\contact_sheets\source_4_false_positive.jpg
4,4,clean_negative/clean_4_152.jpg,train,clean_negative,dirty_positive,false_positive,0.96365811,0.25,0.71365811,0.64851213,0.06835044,0.55294120,0.77254903,0.17230183,0.67622864,0.00167931,0.38540649,true,tmp\sourcewise_error_atlas\run_001\contact_sheets\source_4_false_positive.jpg
4,4,clean_negative/clean_4_153.jpg,train,clean_negative,dirty_positive,false_positive,0.96522087,0.25,0.71522087,0.65186179,0.06975418,0.55294120,0.78039217,0.16867283,0.67913741,0.00169518,0.39375305,true,tmp\sourcewise_error_atlas\run_001\contact_sheets\source_4_false_positive.jpg
4,4,clean_negative/clean_4_154.jpg,train,clean_negative,dirty_positive,false_positive,0.97513930,0.25,0.72513930,0.63429087,0.06952238,0.52549022,0.75294119,0.17394674,0.66164482,0.00176460,0.41108704,true,tmp\sourcewise_error_atlas\run_001\contact_sheets\source_4_false_positive.jpg
4,4,clean_negative/clean_4_155.jpg,train,clean_negative,dirty_positive,false_positive,0.92555584,0.25,0.67555584,0.62583661,0.07638686,0.49803922,0.75686276,0.17856950,0.65367937,0.00174366,0.41171265,false,
4,4,clean_negative/clean_4_156.jpg,train,clean_negative,dirty_positive,false_positive,0.87890199,0.25,0.62890199,0.61799979,0.07845654,0.48235294,0.74901962,0.17996535,0.64583004,0.00170686,0.39169312,false,
4,4,clean_negative/clean_4_157.jpg,train,clean_negative,dirty_positive,false_positive,0.87824823,0.25,0.62824823,0.61755967,0.07638519,0.47450981,0.74509805,0.17596060,0.64470840,0.00157694,0.37030029,false,
4,4,clean_negative/clean_4_158.jpg,train,clean_negative,dirty_positive,false_positive,0.57942150,0.25,0.32942150,0.62599617,0.08040334,0.47843137,0.76470590,0.16628963,0.65180135,0.00165231,0.37892151,false,
4,4,clean_negative/clean_4_159.jpg,train,clean_negative,dirty_positive,false_positive,0.55441286,0.25,0.30441286,0.63193870,0.08223765,0.47843137,0.77254903,0.16169143,0.65713918,0.00169041,0.38606262,false,
4,4,clean_negative/clean_4_160.jpg,train,clean_negative,dirty_positive,false_positive,0.98560669,0.25,0.73560669,0.62044269,0.06419503,0.51372552,0.72549021,0.17050244,0.64663887,0.00147102,0.36746216,true,tmp\sourcewise_error_atlas\run_001\contact_sheets\source_4_false_positive.jpg
4,4,clean_negative/clean_4_161.jpg,train,clean_negative,dirty_positive,false_positive,0.96154567,0.25,0.71154567,0.60802424,0.06817245,0.48627451,0.72156864,0.17323855,0.63415283,0.00141617,0.35162354,true,tmp\sourcewise_error_atlas\run_001\contact_sheets\source_4_false_positive.jpg
4,4,clean_negative/clean_4_162.jpg,train,clean_negative,dirty_positive,false_positive,0.91404240,0.25,0.66404240,0.59509641,0.06907088,0.47450981,0.70980394,0.17249513,0.62056267,0.00137337,0.32325745,false,
4,4,clean_negative/clean_4_163.jpg,train,clean_negative,dirty_positive,false_positive,0.87660464,0.25,0.62660464,0.59496611,0.07228588,0.47058824,0.71372551,0.16381282,0.61885393,0.00134464,0.31015015,false,
4,4,clean_negative/clean_4_164.jpg,train,clean_negative,dirty_positive,false_positive,0.28161478,0.25,0.03161478,0.60960531,0.08145358,0.47058824,0.74901962,0.15165693,0.63183451,0.00149753,0.34088135,false,
4,4,clean_negative/clean_4_165.jpg,train,clean_negative,dirty_positive,false_positive,0.30565942,0.25,0.05565942,0.61712050,0.08404867,0.47450981,0.76078433,0.14781937,0.63896954,0.00153679,0.35374451,false,
4,4,clean_negative/clean_4_166.jpg,train,clean_negative,dirty_positive,false_positive,0.97719984,0.25,0.72719984,0.61909282,0.06169395,0.50980395,0.71764708,0.15511662,0.64200902,0.00147054,0.34606934,true,tmp\sourcewise_error_atlas\run_001\contact_sheets\source_4_false_positive.jpg
4,4,clean_negative/clean_4_167.jpg,train,clean_negative,dirty_positive,false_positive,0.92052994,0.25,0.67052994,0.60680223,0.06387554,0.48627451,0.70588237,0.15487438,0.62901711,0.00122242,0.30189514,false,
4,4,clean_negative/clean_4_168.jpg,train,clean_negative,dirty_positive,false_positive,0.78636635,0.25,0.53636635,0.59051013,0.06389043,0.47450981,0.68627453,0.15086545,0.61132848,0.00115370,0.26388550,false,
4,4,clean_negative/clean_4_169.jpg,train,clean_negative,dirty_positive,false_positive,0.65377061,0.25,0.40377061,0.58793777,0.06996780,0.47058824,0.69411767,0.14015469,0.60676467,0.00118270,0.25517273,false,
4,4,clean_negative/clean_4_170.jpg,train,clean_negative,clean_negative,true_negative,0.10726551,0.25,0.14273449,0.60138458,0.08003198,0.47058824,0.73333335,0.13168372,0.61929440,0.00139294,0.29937744,false,
4,4,clean_negative/clean_4_171.jpg,train,clean_negative,clean_negative,true_negative,0.13349929,0.25,0.11650071,0.60780853,0.08293914,0.47058824,0.75294119,0.13061567,0.62586731,0.00142955,0.31416321,false,
4,4,clean_negative/clean_4_172.jpg,train,clean_negative,clean_negative,true_negative,0.06411108,0.25,0.18588892,0.59392422,0.07527920,0.47058824,0.70980394,0.12376447,0.61001337,0.00131828,0.26750183,false,
4,4,clean_negative/clean_4_173.jpg,train,clean_negative,clean_negative,true_negative,0.07636650,0.25,0.17363350,0.59866440,0.07745451,0.47058824,0.72156864,0.12475754,0.61528277,0.00135851,0.28547668,false,
4,4,clean_negative/clean_4_174.jpg,train,clean_negative,clean_negative,true_negative,0.24114742,0.25,0.00885258,0.58208919,0.06616232,0.47058824,0.67450982,0.12313724,0.59725273,0.00106490,0.20603943,false,
4,4,clean_negative/clean_4_175.jpg,train,clean_negative,dirty_positive,false_positive,0.95753969,0.25,0.70753969,0.61681765,0.05771033,0.50980395,0.70588237,0.14036603,0.63666260,0.00137844,0.32266235,false,
4,4,clean_negative/clean_4_176.jpg,train,clean_negative,dirty_positive,false_positive,0.77957927,0.25,0.52957927,0.60473049,0.05919987,0.48627451,0.69019610,0.13650489,0.62309110,0.00106372,0.25779724,false,
4,4,clean_negative/clean_4_177.jpg,train,clean_negative,dirty_positive,false_positive,0.37964102,0.25,0.12964102,0.58757377,0.06019992,0.47450981,0.67058825,0.12999575,0.60402131,0.00095255,0.20973206,false,
4,4,clean_negative/clean_4_178.jpg,train,clean_negative,dirty_positive,false_positive,0.92190729,0.25,0.67190729,0.60928047,0.05650824,0.51372552,0.69803923,0.14445910,0.62944412,0.00151929,0.32937622,false,
4,4,clean_negative/clean_4_179.jpg,train,clean_negative,clean_negative,true_negative,0.14573098,0.25,0.10426902,0.58851844,0.05826732,0.47450981,0.66274512,0.11354503,0.60172772,0.00078143,0.16952515,false,
4,4,clean_negative/clean_4_180.jpg,train,clean_negative,clean_negative,true_negative,0.16152961,0.25,0.08847039,0.58104396,0.06102873,0.47058824,0.65882355,0.11020114,0.59347898,0.00075395,0.15638733,false,
4,4,clean_negative/clean_4_181.jpg,train,clean_negative,dirty_positive,false_positive,0.95810098,0.25,0.70810098,0.60756171,0.05770754,0.51372552,0.69803923,0.14942855,0.62854469,0.00170230,0.34771729,true,tmp\sourcewise_error_atlas\run_001\contact_sheets\source_4_false_positive.jpg
4,4,clean_negative/clean_4_182.jpg,train,clean_negative,dirty_positive,false_positive,0.94783222,0.25,0.69783222,0.60758269,0.05768657,0.51372552,0.69803923,0.14901926,0.62846839,0.00169691,0.34770203,false,
4,4,clean_negative/clean_4_183.jpg,train,clean_negative,dirty_positive,false_positive,0.96047508,0.25,0.71047508,0.60866374,0.05695416,0.51372552,0.69803923,0.14588892,0.62905616,0.00155456,0.33552551,true,tmp\sourcewise_error_atlas\run_001\contact_sheets\source_4_false_positive.jpg
4,4,clean_negative/clean_4_184.jpg,train,clean_negative,dirty_positive,false_positive,0.94230399,0.25,0.69230399,0.61453915,0.05340915,0.51372552,0.69411767,0.12999155,0.63205546,0.00123260,0.28329468,false,
4,4,clean_negative/clean_4_185.jpg,train,clean_negative,dirty_positive,false_positive,0.71470670,0.25,0.46470670,0.60632348,0.05660305,0.48627451,0.68235296,0.11958930,0.62129229,0.00092882,0.21765137,false,
4,4,clean_negative/clean_4_186.jpg,train,clean_negative,dirty_positive,false_positive,0.79703192,0.25,0.54703192,0.60878825,0.05524208,0.50196081,0.68627453,0.12073544,0.62415791,0.00120109,0.24816895,false,
4,4,clean_negative/clean_4_187.jpg,train,clean_negative,dirty_positive,false_positive,0.92882517,0.25,0.67882517,0.61167872,0.05340260,0.51764709,0.69019610,0.12750119,0.62870240,0.00137255,0.29162598,false,
4,4,clean_negative/clean_4_188.jpg,train,clean_negative,dirty_positive,false_positive,0.91513349,0.25,0.66513349,0.60702103,0.05689394,0.51372552,0.69803923,0.14302136,0.62691563,0.00179243,0.35557556,false,
4,4,clean_negative/clean_4_189.jpg,train,clean_negative,dirty_positive,false_positive,0.95108416,0.25,0.70108416,0.60608411,0.05783984,0.51764709,0.70196080,0.14735377,0.62680233,0.00199658,0.37782288,false,
4,4,clean_negative/clean_4_190.jpg,train,clean_negative,clean_negative,true_negative,0.24698495,0.25,0.00301505,0.54460996,0.06699655,0.44313726,0.65490198,0.16418710,0.56799775,0.00193671,0.39147949,false,
4,4,clean_negative/clean_4_191.jpg,train,clean_negative,dirty_positive,false_positive,0.29942691,0.25,0.04942691,0.53818232,0.06228210,0.44313726,0.64313728,0.16155192,0.56115103,0.00197560,0.37864685,false,
4,4,clean_negative/clean_4_192.jpg,train,clean_negative,dirty_positive,false_positive,0.36287510,0.25,0.11287510,0.54440063,0.05799136,0.47058824,0.64313728,0.16026428,0.56755847,0.00203305,0.37684631,false,
4,4,clean_negative/clean_4_193.jpg,train,clean_negative,dirty_positive,false_positive,0.43730633,0.25,0.18730633,0.53794295,0.05388498,0.46666667,0.63137257,0.15464179,0.56011653,0.00197208,0.36227417,false,
4,4,clean_negative/clean_4_194.jpg,train,clean_negative,clean_negative,true_negative,0.18511905,0.25,0.06488095,0.52881789,0.05457570,0.44705883,0.61568630,0.15123531,0.54997659,0.00182310,0.34309387,false,
4,4,clean_negative/clean_4_195.jpg,train,clean_negative,clean_negative,true_negative,0.15316427,0.25,0.09683573,0.53117836,0.05998196,0.43921569,0.63529414,0.14909443,0.55210918,0.00180490,0.35369873,false,
4,4,clean_negative/clean_4_196.jpg,train,clean_negative,dirty_positive,false_positive,0.69585144,0.25,0.44585144,0.53241277,0.05002100,0.46666667,0.60784316,0.13460730,0.55198538,0.00194511,0.33200073,false,
4,4,clean_negative/clean_4_197.jpg,train,clean_negative,dirty_positive,false_positive,0.38538030,0.25,0.13538030,0.52602732,0.05249158,0.44313726,0.60000002,0.12634495,0.54419744,0.00170701,0.30114746,false,
4,4,clean_negative/clean_4_198.jpg,train,clean_negative,dirty_positive,false_positive,0.33190279,0.25,0.08190279,0.52777290,0.05722098,0.43921569,0.61568630,0.12231691,0.54542947,0.00164852,0.30342102,false,
4,4,clean_negative/clean_4_199.jpg,train,clean_negative,dirty_positive,false_positive,0.47595108,0.25,0.22595108,0.53514934,0.05173247,0.46666667,0.61176473,0.11213189,0.55251586,0.00196927,0.31034851,false,
4,4,clean_negative/clean_4_200.jpg,train,clean_negative,clean_negative,true_negative,0.19032294,0.25,0.05967706,0.53028464,0.05286344,0.44705883,0.60000002,0.10133901,0.54639345,0.00154375,0.25369263,false,
4,4,clean_negative/clean_4_201.jpg,train,clean_negative,clean_negative,true_negative,0.06638888,0.25,0.18361112,0.53068650,0.05782019,0.43137255,0.60392159,0.09062758,0.54582274,0.00119222,0.21792603,false,
4,4,clean_negative/clean_4_202.jpg,train,clean_negative,clean_negative,true_negative,0.01884633,0.25,0.23115367,0.53192186,0.06150058,0.42745098,0.61176473,0.07815140,0.54572892,0.00108957,0.18087769,false,
4,4,clean_negative/clean_4_203.jpg,train,clean_negative,clean_negative,true_negative,0.00932439,0.25,0.24067561,0.54338616,0.06577375,0.42745098,0.63137257,0.07827370,0.55712926,0.00139547,0.22911072,false,
4,4,clean_negative/clean_4_204.jpg,train,clean_negative,clean_negative,true_negative,0.02063961,0.25,0.22936039,0.55460495,0.07201356,0.42745098,0.65882355,0.08635321,0.56935972,0.00167969,0.28208923,false,
4,4,clean_negative/clean_4_205.jpg,train,clean_negative,clean_negative,true_negative,0.04502445,0.25,0.20497555,0.55864131,0.07215566,0.43137255,0.66274512,0.09302992,0.57455081,0.00181164,0.30674744,false,
4,4,clean_negative/clean_4_206.jpg,train,clean_negative,clean_negative,true_negative,0.16544981,0.25,0.08455019,0.58577156,0.06722024,0.45882353,0.67450982,0.09208153,0.60347587,0.00221873,0.35870361,false,
4,4,clean_negative/clean_4_207.jpg,train,clean_negative,clean_negative,true_negative,0.19532738,0.25,0.05467262,0.59003562,0.06499716,0.47058824,0.67450982,0.09324019,0.60821080,0.00229267,0.37106323,false,
4,4,clean_negative/clean_4_208.jpg,train,clean_negative,dirty_positive,false_positive,0.30649719,0.25,0.05649719,0.54476815,0.05218656,0.47450981,0.62352943,0.08966999,0.56074315,0.00221670,0.28300476,false,
4,4,clean_negative/clean_4_209.jpg,train,clean_negative,clean_negative,true_negative,0.14324979,0.25,0.10675021,0.54415715,0.04985071,0.47058824,0.60392159,0.07828352,0.55910593,0.00158193,0.21749878,false,
4,4,clean_negative/clean_4_210.jpg,train,clean_negative,clean_negative,true_negative,0.02869197,0.25,0.22130803,0.53958720,0.04980002,0.44705883,0.60000002,0.07111039,0.55413151,0.00097070,0.15298462,false,
4,4,clean_negative/clean_4_211.jpg,train,clean_negative,clean_negative,true_negative,0.00832226,0.25,0.24167774,0.53911501,0.05444194,0.43921569,0.60784316,0.06192041,0.55268407,0.00087728,0.12190247,false,
4,4,clean_negative/clean_4_212.jpg,train,clean_negative,clean_negative,true_negative,0.00591412,0.25,0.24408588,0.54901409,0.05970481,0.43921569,0.62352943,0.06207294,0.56228423,0.00117436,0.16792297,false,
4,4,clean_negative/clean_4_213.jpg,train,clean_negative,clean_negative,true_negative,0.01567011,0.25,0.23432989,0.56084400,0.06691506,0.43921569,0.65098041,0.06779989,0.57465112,0.00148646,0.22607422,false,
4,4,clean_negative/clean_4_214.jpg,train,clean_negative,clean_negative,true_negative,0.05868474,0.25,0.19131526,0.57018518,0.06909332,0.44313726,0.65882355,0.08136550,0.58605325,0.00184165,0.28938293,false,
4,4,clean_negative/clean_4_215.jpg,train,clean_negative,clean_negative,true_negative,0.22343107,0.25,0.02656893,0.58609295,0.06698895,0.45882353,0.67058825,0.09052747,0.60375881,0.00219247,0.35440063,false,
4,4,clean_negative/clean_4_216.jpg,train,clean_negative,clean_negative,true_negative,0.21981017,0.25,0.03018983,0.61102611,0.05775372,0.50980395,0.69803923,0.08545701,0.62950671,0.00209015,0.33703613,false,
4,4,clean_negative/clean_4_217.jpg,train,clean_negative,dirty_positive,false_positive,0.56688535,0.25,0.31688535,0.62216151,0.05328175,0.52941179,0.70196080,0.08038253,0.64075226,0.00168659,0.27799988,false,
4,4,clean_negative/clean_4_218.jpg,train,clean_negative,dirty_positive,false_positive,0.43393454,0.25,0.18393454,0.62845874,0.05085669,0.53725493,0.70196080,0.06828877,0.64591479,0.00128223,0.20056152,false,
4,4,clean_negative/clean_4_219.jpg,train,clean_negative,clean_negative,true_negative,0.20709791,0.25,0.04290209,0.63419187,0.04776311,0.54117650,0.70588237,0.05361789,0.64962256,0.00090431,0.14248657,false,
4,4,clean_negative/clean_4_220.jpg,train,clean_negative,clean_negative,true_negative,0.13036378,0.25,0.11963622,0.54930890,0.05041317,0.48235294,0.62352943,0.08091833,0.56552726,0.00208080,0.26609802,false,
4,4,clean_negative/clean_4_221.jpg,train,clean_negative,clean_negative,true_negative,0.08902928,0.25,0.16097072,0.55186462,0.04574076,0.48235294,0.61176473,0.06894364,0.56697977,0.00145949,0.20257568,false,
4,4,clean_negative/clean_4_222.jpg,train,clean_negative,clean_negative,true_negative,0.01084102,0.25,0.23915898,0.54843950,0.04670247,0.46666667,0.60784316,0.06044767,0.56292868,0.00081194,0.12522888,false,
4,4,clean_negative/clean_4_223.jpg,train,clean_negative,clean_negative,true_negative,0.00350273,0.25,0.24649727,0.54860079,0.05268109,0.45098040,0.61568630,0.05120802,0.56205010,0.00065365,0.08964539,true,tmp\sourcewise_error_atlas\run_001\contact_sheets\source_4_true_negative.jpg
4,4,clean_negative/clean_4_224.jpg,train,clean_negative,clean_negative,true_negative,0.00297715,0.25,0.24702285,0.55867952,0.05802630,0.45098040,0.63921571,0.05185368,0.57179928,0.00098454,0.13256836,true,tmp\sourcewise_error_atlas\run_001\contact_sheets\source_4_true_negative.jpg
4,4,clean_negative/clean_4_225.jpg,train,clean_negative,clean_negative,true_negative,0.00998990,0.25,0.24001010,0.57098126,0.06535588,0.45098040,0.66666669,0.05640935,0.58430588,0.00136128,0.18977356,false,
4,4,clean_negative/clean_4_226.jpg,train,clean_negative,clean_negative,true_negative,0.02204557,0.25,0.22795443,0.57931900,0.06994294,0.45098040,0.68235296,0.06814180,0.59427309,0.00166894,0.24388123,false,
4,4,clean_negative/clean_4_227.jpg,train,clean_negative,clean_negative,true_negative,0.05526959,0.25,0.19473041,0.59383631,0.06927045,0.45882353,0.69411767,0.07753524,0.61055666,0.00197805,0.30326843,false,
4,4,clean_negative/clean_4_228.jpg,train,clean_negative,clean_negative,true_negative,0.22894251,0.25,0.02105749,0.61308670,0.05819003,0.51372552,0.70196080,0.08276625,0.63135231,0.00201970,0.32196045,false,
4,4,clean_negative/clean_4_229.jpg,train,clean_negative,dirty_positive,false_positive,0.30317326,0.25,0.05317326,0.62398911,0.05378904,0.52941179,0.70588237,0.07804172,0.64238912,0.00162707,0.26835632,false,
4,4,clean_negative/clean_4_230.jpg,train,clean_negative,clean_negative,true_negative,0.24074918,0.25,0.00925082,0.63064289,0.05130490,0.53725493,0.70588237,0.06628922,0.64797235,0.00123100,0.19367981,false,
4,4,clean_negative/clean_4_231.jpg,train,clean_negative,clean_negative,true_negative,0.13986032,0.25,0.11013968,0.63648975,0.04794449,0.54117650,0.70980394,0.05213169,0.65186703,0.00086057,0.13722229,false,
4,4,dirty_positive/dirty_4_1.jpg,train,dirty_positive,dirty_positive,true_positive,0.97566593,0.25,0.72566593,0.68116140,0.05813545,0.60784316,0.78823531,0.16588885,0.71190929,0.00109534,0.34028625,false,
4,4,dirty_positive/dirty_4_2.jpg,train,dirty_positive,dirty_positive,true_positive,0.98000630,0.25,0.73000630,0.67758334,0.05779865,0.60392159,0.78431374,0.16904065,0.70891070,0.00108148,0.33654785,false,
4,4,dirty_positive/dirty_4_3.jpg,train,dirty_positive,dirty_positive,true_positive,0.93135899,0.25,0.68135899,0.68399042,0.05548740,0.61176473,0.78039217,0.16381365,0.71402788,0.00105600,0.33125305,false,
4,4,dirty_positive/dirty_4_4.jpg,train,dirty_positive,dirty_positive,true_positive,0.99285965,0.25,0.74285965,0.66639733,0.04906722,0.60392159,0.75686276,0.17717269,0.69861221,0.00103385,0.30909729,false,
4,4,dirty_positive/dirty_4_5.jpg,train,dirty_positive,dirty_positive,true_positive,0.83249608,0.25,0.58249608,0.66837752,0.06924243,0.56470591,0.79215688,0.15727857,0.69615173,0.00160771,0.39266968,false,
4,4,dirty_positive/dirty_4_6.jpg,train,dirty_positive,dirty_positive,true_positive,0.85533482,0.25,0.60533482,0.66755497,0.06831707,0.56372553,0.79215688,0.15860358,0.69534481,0.00158821,0.39251709,false,
4,4,dirty_positive/dirty_4_7.jpg,train,dirty_positive,dirty_positive,true_positive,0.95929660,0.25,0.70929660,0.67814541,0.06992628,0.57647061,0.80392158,0.15991332,0.70687437,0.00168451,0.42745972,false,
4,4,dirty_positive/dirty_4_8.jpg,train,dirty_positive,dirty_positive,true_positive,0.79041555,0.25,0.54041555,0.67661685,0.07040177,0.57254905,0.80000001,0.15882307,0.70516646,0.00165301,0.42190552,false,
4,4,dirty_positive/dirty_4_9.jpg,train,dirty_positive,clean_negative,false_negative,0.10708628,0.25,0.14291372,0.73472321,0.05803138,0.64705884,0.83921570,0.05811768,0.74886656,0.00187741,0.40144348,true,tmp\sourcewise_error_atlas\run_001\contact_sheets\source_4_false_negative.jpg
4,4,dirty_positive/dirty_4_10.jpg,train,dirty_positive,clean_negative,false_negative,0.17154871,0.25,0.07845129,0.73325503,0.06097938,0.63921571,0.83921570,0.06480318,0.74628162,0.00186992,0.42874146,true,tmp\sourcewise_error_atlas\run_001\contact_sheets\source_4_false_negative.jpg
4,4,dirty_positive/dirty_4_11.jpg,train,dirty_positive,clean_negative,false_negative,0.10234457,0.25,0.14765543,0.72696400,0.06401729,0.62745100,0.83921570,0.06784130,0.74014378,0.00167013,0.40354919,true,tmp\sourcewise_error_atlas\run_001\contact_sheets\source_4_false_negative.jpg
4,4,dirty_positive/dirty_4_12.jpg,train,dirty_positive,clean_negative,false_negative,0.07418564,0.25,0.17581436,0.73360956,0.05884086,0.64313728,0.83921570,0.06060618,0.74774921,0.00176954,0.39320374,true,tmp\sourcewise_error_atlas\run_001\contact_sheets\source_4_false_negative.jpg
4,4,dirty_positive/dirty_4_13.jpg,train,dirty_positive,dirty_positive,true_positive,0.99736394,0.25,0.74736394,0.63610983,0.05806952,0.54411769,0.73333335,0.13814609,0.65619266,0.00132518,0.34040833,false,
4,4,dirty_positive/dirty_4_14.jpg,train,dirty_positive,dirty_positive,true_positive,0.98951978,0.25,0.73951978,0.64758706,0.05689437,0.55686277,0.74117649,0.12109298,0.66519856,0.00116384,0.31591797,false,
4,4,dirty_positive/dirty_4_15.jpg,train,dirty_positive,dirty_positive,true_positive,0.98772198,0.25,0.73772198,0.62901676,0.05819482,0.53333336,0.72549021,0.14355728,0.64972579,0.00134051,0.33891296,false,
4,4,dirty_positive/dirty_4_16.jpg,train,dirty_positive,dirty_positive,true_positive,0.99751597,0.25,0.74751597,0.64042467,0.05672321,0.54901963,0.72941178,0.12715048,0.65864825,0.00128090,0.33377075,false,
4,4,dirty_positive/dirty_4_17.jpg,train,dirty_positive,dirty_positive,true_positive,0.86585791,0.25,0.61585791,0.62107641,0.06166444,0.54117650,0.74509805,0.12752669,0.64161611,0.00165089,0.36419678,false,
4,4,dirty_positive/dirty_4_18.jpg,train,dirty_positive,dirty_positive,true_positive,0.80316562,0.25,0.55316562,0.62043756,0.06515143,0.52941179,0.74509805,0.13282305,0.64160264,0.00162123,0.36819458,false,
4,4,dirty_positive/dirty_4_19.jpg,train,dirty_positive,dirty_positive,true_positive,0.86605696,0.25,0.61605696,0.62060595,0.06179121,0.54117650,0.74509805,0.12658113,0.64097905,0.00166855,0.36471558,false,
4,4,dirty_positive/dirty_4_20.jpg,train,dirty_positive,dirty_positive,true_positive,0.90199289,0.25,0.65199289,0.62128180,0.06058076,0.54117650,0.74509805,0.13474092,0.64314640,0.00163143,0.36317444,false,
4,4,dirty_positive/dirty_4_21.jpg,train,dirty_positive,dirty_positive,true_positive,0.98546400,0.25,0.73546400,0.60600913,0.05790802,0.51764709,0.70588237,0.17078015,0.63097966,0.00162920,0.36090088,false,
4,4,dirty_positive/dirty_4_22.jpg,train,dirty_positive,dirty_positive,true_positive,0.99644183,0.25,0.74644183,0.60644454,0.05977102,0.51764709,0.70980394,0.17403883,0.63196385,0.00172022,0.36833191,false,
4,4,dirty_positive/dirty_4_23.jpg,train,dirty_positive,dirty_positive,true_positive,0.98721976,0.25,0.73721976,0.60116535,0.05996576,0.51764709,0.70588237,0.17948401,0.62746435,0.00187222,0.37744141,false,
4,4,dirty_positive/dirty_4_24.jpg,train,dirty_positive,dirty_positive,true_positive,0.99649677,0.25,0.74649677,0.60740650,0.06030664,0.52156866,0.71372551,0.17420056,0.63299054,0.00179372,0.37361145,false,
4,4,dirty_positive/dirty_4_25.jpg,train,dirty_positive,dirty_positive,true_positive,0.95761729,0.25,0.70761729,0.66236615,0.07817064,0.56078434,0.81568629,0.11158006,0.67930794,0.00315879,0.55711365,false,
4,4,dirty_positive/dirty_4_26.jpg,train,dirty_positive,dirty_positive,true_positive,0.94833527,0.25,0.69833527,0.67258471,0.08238593,0.56470591,0.83529413,0.10863899,0.68908834,0.00299765,0.56407166,false,
4,4,dirty_positive/dirty_4_27.jpg,train,dirty_positive,dirty_positive,true_positive,0.98621847,0.25,0.73621847,0.67788839,0.08142100,0.57254905,0.83529413,0.10696848,0.69412351,0.00281037,0.55891418,false,
4,4,dirty_positive/dirty_4_28.jpg,train,dirty_positive,dirty_positive,true_positive,0.94276502,0.25,0.69276502,0.65991205,0.07793820,0.55686277,0.81176472,0.11064239,0.67678744,0.00318633,0.55174255,false,
4,4,dirty_positive/dirty_4_29.jpg,train,dirty_positive,dirty_positive,true_positive,0.99826119,0.25,0.74826119,0.62969750,0.07083793,0.54901963,0.77647060,0.16310796,0.65482199,0.00219493,0.44131470,true,tmp\sourcewise_error_atlas\run_001\contact_sheets\source_4_true_positive.jpg
4,4,dirty_positive/dirty_4_30.jpg,train,dirty_positive,dirty_positive,true_positive,0.95928102,0.25,0.70928102,0.63314915,0.06851815,0.55294120,0.76862746,0.14194870,0.65608370,0.00282224,0.46708679,false,
4,4,dirty_positive/dirty_4_31.jpg,train,dirty_positive,dirty_positive,true_positive,0.99790059,0.25,0.74790059,0.65409648,0.08377268,0.55294120,0.81960785,0.14202720,0.67604113,0.00220937,0.49072266,false,
4,4,dirty_positive/dirty_4_32.jpg,train,dirty_positive,dirty_positive,true_positive,0.93487962,0.25,0.68487962,0.62619168,0.06767977,0.54901963,0.76078433,0.16107346,0.65135896,0.00269450,0.45379639,false,
4,4,dirty_positive/dirty_4_33.jpg,train,dirty_positive,dirty_positive,true_positive,0.94663439,0.25,0.69663439,0.65662050,0.07756954,0.55686277,0.80784315,0.10671549,0.67361379,0.00324079,0.54910278,false,
4,4,dirty_positive/dirty_4_34.jpg,train,dirty_positive,dirty_positive,true_positive,0.95828861,0.25,0.70828861,0.63904107,0.06876978,0.55686277,0.77647060,0.12169471,0.65991521,0.00283108,0.46769714,false,
4,4,dirty_positive/dirty_4_35.jpg,train,dirty_positive,dirty_positive,true_positive,0.99164963,0.25,0.74164963,0.65387076,0.07701614,0.55686277,0.80392158,0.11728278,0.67180693,0.00292736,0.53689575,false,
4,4,dirty_positive/dirty_4_36.jpg,train,dirty_positive,dirty_positive,true_positive,0.99187530,0.25,0.74187530,0.64937794,0.07592902,0.55686277,0.80000001,0.13049665,0.66943640,0.00248096,0.51263428,false,
4,4,dirty_positive/dirty_4_37.jpg,train,dirty_positive,dirty_positive,true_positive,0.92442376,0.25,0.67442376,0.64627314,0.07258140,0.55686277,0.79215688,0.09779759,0.66569597,0.00361227,0.47802734,false,
4,4,dirty_positive/dirty_4_38.jpg,train,dirty_positive,dirty_positive,true_positive,0.84773314,0.25,0.59773314,0.64232862,0.07176317,0.55686277,0.78431374,0.09279720,0.66191238,0.00394868,0.46446228,false,
4,4,dirty_positive/dirty_4_39.jpg,train,dirty_positive,dirty_positive,true_positive,0.97135328,0.25,0.72135328,0.63940179,0.06913892,0.55686277,0.77647060,0.12778980,0.66061562,0.00250723,0.47586060,false,
4,4,dirty_positive/dirty_4_40.jpg,train,dirty_positive,dirty_positive,true_positive,0.93093335,0.25,0.68093335,0.64921093,0.07301136,0.55686277,0.79607844,0.10235746,0.66823775,0.00345751,0.49813843,false,
4,4,dirty_positive/dirty_4_41.jpg,train,dirty_positive,dirty_positive,true_positive,0.93820743,0.25,0.68820743,0.60878778,0.07142337,0.52156866,0.74509805,0.17612946,0.63552058,0.00267265,0.43804932,false,
4,4,dirty_positive/dirty_4_42.jpg,train,dirty_positive,dirty_positive,true_positive,0.80903856,0.25,0.55903856,0.61879224,0.07370839,0.52941179,0.76470590,0.16669080,0.64460707,0.00279951,0.46395874,false,
4,4,dirty_positive/dirty_4_43.jpg,train,dirty_positive,dirty_positive,true_positive,0.94712941,0.25,0.69712941,0.62190616,0.07145046,0.53333336,0.76078433,0.16387379,0.64730763,0.00285215,0.46487427,false,
4,4,dirty_positive/dirty_4_44.jpg,train,dirty_positive,dirty_positive,true_positive,0.90403200,0.25,0.65403200,0.61782449,0.07483480,0.52156866,0.76078433,0.16031590,0.64275700,0.00284029,0.47288513,false,
4,4,dirty_positive/dirty_4_45.jpg,train,dirty_positive,dirty_positive,true_positive,0.70421809,0.25,0.45421809,0.58597618,0.05491015,0.50588238,0.68627453,0.14614911,0.60809910,0.00158993,0.32980347,false,
4,4,dirty_positive/dirty_4_46.jpg,train,dirty_positive,dirty_positive,true_positive,0.99705962,0.25,0.74705962,0.58293319,0.05243424,0.50588238,0.67843139,0.15824376,0.60721815,0.00159156,0.33483887,false,
4,4,dirty_positive/dirty_4_47.jpg,train,dirty_positive,dirty_positive,true_positive,0.99609585,0.25,0.74609585,0.57993543,0.04526350,0.51764709,0.65882355,0.13813017,0.60265368,0.00145340,0.27729797,false,
4,4,dirty_positive/dirty_4_48.jpg,train,dirty_positive,dirty_positive,true_positive,0.99339045,0.25,0.74339045,0.58116281,0.04995990,0.50980395,0.67058825,0.15430251,0.60541153,0.00161826,0.32254028,false,
4,4,dirty_positive/dirty_4_49.jpg,train,dirty_positive,dirty_positive,true_positive,0.99512311,0.25,0.74512311,0.58371001,0.05201753,0.50980395,0.67450982,0.17540164,0.60968310,0.00148517,0.33889771,false,
4,4,dirty_positive/dirty_4_50.jpg,train,dirty_positive,dirty_positive,true_positive,0.99904912,0.25,0.74904912,0.58847189,0.05694482,0.50196081,0.68235296,0.15337357,0.61031479,0.00144930,0.31571960,true,tmp\sourcewise_error_atlas\run_001\contact_sheets\source_4_true_positive.jpg
4,4,dirty_positive/dirty_4_51.jpg,train,dirty_positive,dirty_positive,true_positive,0.99945080,0.25,0.74945080,0.59044993,0.05346236,0.50980395,0.67843139,0.16051260,0.61328369,0.00140492,0.32406616,true,tmp\sourcewise_error_atlas\run_001\contact_sheets\source_4_true_positive.jpg
4,4,dirty_positive/dirty_4_52.jpg,train,dirty_positive,dirty_positive,true_positive,0.99962841,0.25,0.74962841,0.58501530,0.05249329,0.50980395,0.67450982,0.17450646,0.61073190,0.00150863,0.33662415,true,tmp\sourcewise_error_atlas\run_001\contact_sheets\source_4_true_positive.jpg
4,4,dirty_positive/dirty_4_53.jpg,train,dirty_positive,dirty_positive,true_positive,0.94758350,0.25,0.69758350,0.64404935,0.07290547,0.55294120,0.78823531,0.08583339,0.66306710,0.00459277,0.49223328,false,
4,4,dirty_positive/dirty_4_54.jpg,train,dirty_positive,dirty_positive,true_positive,0.95289848,0.25,0.70289848,0.64295709,0.07302138,0.55294120,0.78823531,0.08413954,0.66220355,0.00444339,0.47329712,false,
4,4,dirty_positive/dirty_4_55.jpg,train,dirty_positive,dirty_positive,true_positive,0.94454461,0.25,0.69454461,0.64470649,0.07239053,0.55686277,0.78823531,0.08570497,0.66360021,0.00449383,0.48416138,false,
4,4,dirty_positive/dirty_4_56.jpg,train,dirty_positive,dirty_positive,true_positive,0.51971684,0.25,0.26971684,0.63610631,0.07640029,0.52549022,0.78039217,0.08695583,0.65686059,0.00488625,0.48573303,false,
4,4,dirty_positive/dirty_4_57.jpg,train,dirty_positive,dirty_positive,true_positive,0.34694190,0.25,0.09694190,0.57310343,0.06903555,0.44313726,0.67450982,0.16527945,0.59630120,0.00164141,0.36828613,false,
4,4,dirty_positive/dirty_4_58.jpg,train,dirty_positive,dirty_positive,true_positive,0.57439141,0.25,0.32439141,0.57423127,0.06853271,0.44705883,0.68235296,0.17020445,0.60017937,0.00201812,0.42584229,false,
4,4,dirty_positive/dirty_4_59.jpg,train,dirty_positive,dirty_positive,true_positive,0.63043269,0.25,0.38043269,0.58965147,0.05715446,0.49803922,0.67450982,0.15280949,0.61024243,0.00130458,0.30523682,false,
4,4,dirty_positive/dirty_4_60.jpg,train,dirty_positive,dirty_positive,true_positive,0.30777028,0.25,0.05777028,0.57000661,0.07070280,0.43921569,0.67450982,0.16523816,0.59341043,0.00171062,0.37838745,false,
4,4,dirty_positive/dirty_4_61.jpg,train,dirty_positive,dirty_positive,true_positive,0.70072199,0.25,0.45072199,0.63392901,0.07509879,0.52549022,0.77254903,0.11616882,0.65458739,0.00357079,0.49781799,false,
4,4,dirty_positive/dirty_4_62.jpg,train,dirty_positive,dirty_positive,true_positive,0.95918418,0.25,0.70918418,0.62054610,0.08082955,0.50980395,0.77254903,0.12659416,0.64267075,0.00373514,0.49824524,false,
4,4,dirty_positive/dirty_4_63.jpg,train,dirty_positive,dirty_positive,true_positive,0.92627055,0.25,0.67627055,0.64357281,0.07405918,0.54509807,0.78823531,0.09609932,0.66264594,0.00413416,0.50875854,false,
4,4,dirty_positive/dirty_4_64.jpg,train,dirty_positive,dirty_positive,true_positive,0.87284653,0.25,0.62284653,0.63532305,0.07289565,0.52941179,0.77254903,0.11703008,0.65583837,0.00354588,0.49743652,false,
4,4,dirty_positive/dirty_4_65.jpg,train,dirty_positive,dirty_positive,true_positive,0.99816170,0.25,0.74816170,0.58255649,0.04999400,0.51764709,0.67058825,0.17967346,0.61161894,0.00190284,0.38838196,false,
4,4,dirty_positive/dirty_4_66.jpg,train,dirty_positive,dirty_positive,true_positive,0.99940286,0.25,0.74940286,0.57991099,0.04667560,0.51764709,0.65882355,0.15674996,0.60545969,0.00162256,0.31510925,true,tmp\sourcewise_error_atlas\run_001\contact_sheets\source_4_true_positive.jpg
4,4,dirty_positive/dirty_4_67.jpg,train,dirty_positive,dirty_positive,true_positive,0.99962477,0.25,0.74962477,0.58409309,0.05163023,0.51372552,0.67450982,0.17910948,0.61249787,0.00180990,0.38313293,true,tmp\sourcewise_error_atlas\run_001\contact_sheets\source_4_true_positive.jpg
4,4,dirty_positive/dirty_4_68.jpg,train,dirty_positive,dirty_positive,true_positive,0.99790548,0.25,0.74790548,0.58390057,0.05091825,0.51764709,0.67450982,0.17519107,0.61189342,0.00180639,0.37219238,false,
4,4,dirty_positive/dirty_4_69.jpg,train,dirty_positive,dirty_positive,true_positive,0.38008141,0.25,0.13008141,0.63659179,0.07631232,0.52549022,0.78039217,0.08719249,0.65727156,0.00489018,0.48713684,false,
4,4,dirty_positive/dirty_4_70.jpg,train,dirty_positive,dirty_positive,true_positive,0.93500399,0.25,0.68500399,0.64388299,0.07387923,0.55294120,0.78823531,0.08280054,0.66314745,0.00463002,0.48089600,false,
4,4,dirty_positive/dirty_4_71.jpg,train,dirty_positive,clean_negative,false_negative,0.19263142,0.25,0.05736858,0.63311797,0.07793304,0.51372552,0.78039217,0.08864962,0.65435779,0.00499219,0.48519897,true,tmp\sourcewise_error_atlas\run_001\contact_sheets\source_4_false_negative.jpg
4,4,dirty_positive/dirty_4_72.jpg,train,dirty_positive,dirty_positive,true_positive,0.70114016,0.25,0.45114016,0.62650913,0.08599331,0.49019608,0.78823531,0.09349348,0.64679503,0.00528422,0.51353455,false,
4,4,dirty_positive/dirty_4_73.jpg,train,dirty_positive,dirty_positive,true_positive,0.99948026,0.25,0.74948026,0.57715541,0.04311717,0.52156866,0.65098041,0.13477132,0.60035306,0.00158367,0.27133179,true,tmp\sourcewise_error_atlas\run_001\contact_sheets\source_4_true_positive.jpg
4,4,dirty_positive/dirty_4_74.jpg,train,dirty_positive,dirty_positive,true_positive,0.99625087,0.25,0.74625087,0.58648723,0.04954534,0.51764709,0.66274512,0.13564765,0.61001128,0.00184197,0.31452942,false,
4,4,dirty_positive/dirty_4_75.jpg,train,dirty_positive,dirty_positive,true_positive,0.99293831,0.25,0.74293831,0.58417207,0.04618402,0.52156866,0.65882355,0.11521824,0.60482264,0.00148945,0.24285889,false,
4,4,dirty_positive/dirty_4_76.jpg,train,dirty_positive,dirty_positive,true_positive,0.99931033,0.25,0.74931033,0.59123969,0.04879037,0.52156866,0.66274512,0.10721783,0.61087430,0.00154810,0.25076294,true,tmp\sourcewise_error_atlas\run_001\contact_sheets\source_4_true_positive.jpg
4,4,dirty_positive/dirty_4_77.jpg,train,dirty_positive,dirty_positive,true_positive,0.46328452,0.25,0.21328452,0.61941940,0.08928572,0.48235294,0.78431374,0.09099367,0.63994467,0.00531817,0.51243591,false,
4,4,dirty_positive/dirty_4_78.jpg,train,dirty_positive,dirty_positive,true_positive,0.75153825,0.25,0.50153825,0.59954935,0.08651454,0.48235294,0.76078433,0.11120056,0.62077445,0.00433580,0.50370789,false,
4,4,dirty_positive/dirty_4_79.jpg,train,dirty_positive,dirty_positive,true_positive,0.40687297,0.25,0.15687297,0.63381463,0.07746590,0.51372552,0.78039217,0.08833092,0.65493691,0.00497516,0.48382568,false,
4,4,dirty_positive/dirty_4_80.jpg,train,dirty_positive,dirty_positive,true_positive,0.78800801,0.25,0.53800801,0.61649561,0.08815146,0.48627451,0.78039217,0.10622613,0.63638657,0.00484186,0.54702759,false,
4,4,dirty_positive/dirty_4_81.jpg,train,dirty_positive,dirty_positive,true_positive,0.64612154,0.25,0.39612154,0.56547427,0.07361925,0.48235294,0.70588237,0.11582462,0.58650398,0.00318846,0.40664673,false,
4,4,dirty_positive/dirty_4_82.jpg,train,dirty_positive,dirty_positive,true_positive,0.83180862,0.25,0.58180862,0.58471012,0.07763034,0.48627451,0.73333335,0.13420956,0.60664976,0.00341057,0.45967102,false,
4,4,dirty_positive/dirty_4_83.jpg,train,dirty_positive,dirty_positive,true_positive,0.69927052,0.25,0.44927052,0.58066052,0.08254261,0.48627451,0.73725492,0.11265703,0.60256141,0.00363549,0.43910217,false,
4,4,dirty_positive/dirty_4_84.jpg,train,dirty_positive,dirty_positive,true_positive,0.50260850,0.25,0.25260850,0.57889128,0.08697695,0.48235294,0.74509805,0.10437725,0.60068309,0.00371342,0.42254639,false,
5,5,clean_negative/clean_5_1.jpg,train,clean_negative,clean_negative,true_negative,0.24710456,0.75,0.50289544,0.71300036,0.08251954,0.59215689,0.87450981,0.12111704,0.73334336,0.00987444,0.64334106,false,
5,5,clean_negative/clean_5_2.jpg,train,clean_negative,clean_negative,true_negative,0.01071605,0.75,0.73928395,0.70839596,0.06918196,0.63529414,0.87058824,0.04658191,0.72356588,0.00283382,0.23240662,false,
5,5,clean_negative/clean_5_3.jpg,train,clean_negative,clean_negative,true_negative,0.06476662,0.75,0.68523338,0.72357011,0.07770684,0.63529414,0.89019608,0.04916119,0.73701811,0.00424846,0.36012268,false,
5,5,clean_negative/clean_5_4.jpg,train,clean_negative,clean_negative,true_negative,0.07181157,0.75,0.67818843,0.72427464,0.07802811,0.63529414,0.89019608,0.04950609,0.73770010,0.00433888,0.36596680,false,
5,5,clean_negative/clean_5_5.jpg,train,clean_negative,clean_negative,true_negative,0.00327531,0.75,0.74672469,0.70028269,0.06270085,0.63921571,0.85098040,0.04599077,0.71638644,0.00240110,0.18206787,false,
5,5,clean_negative/clean_5_6.jpg,train,clean_negative,clean_negative,true_negative,0.01494691,0.75,0.73505309,0.71829903,0.07582675,0.63529414,0.88235295,0.04542577,0.73222220,0.00392236,0.31320190,false,
5,5,clean_negative/clean_5_7.jpg,train,clean_negative,clean_negative,true_negative,0.01534372,0.75,0.73465628,0.71919674,0.07627196,0.63529414,0.88627452,0.04548543,0.73305809,0.00400786,0.31880188,false,
5,5,clean_negative/clean_5_8.jpg,train,clean_negative,clean_negative,true_negative,0.00340236,0.75,0.74659764,0.56806356,0.02947332,0.51372552,0.61568630,0.12074539,0.58643830,0.00034127,0.05761719,false,
5,5,clean_negative/clean_5_9.jpg,train,clean_negative,clean_negative,true_negative,0.00460774,0.75,0.74539226,0.55826724,0.03237235,0.49411765,0.60784316,0.13398708,0.57779408,0.00054864,0.07752991,false,
5,5,clean_negative/clean_5_10.jpg,train,clean_negative,clean_negative,true_negative,0.00222911,0.75,0.74777089,0.69069517,0.05250999,0.63921571,0.80784315,0.04676927,0.70758867,0.00175278,0.12933350,false,
5,5,clean_negative/clean_5_11.jpg,train,clean_negative,clean_negative,true_negative,0.01266387,0.75,0.73733613,0.71128207,0.07285853,0.63921571,0.87450981,0.04478514,0.72591990,0.00357153,0.26739502,false,
5,5,clean_negative/clean_5_12.jpg,train,clean_negative,clean_negative,true_negative,0.01308075,0.75,0.73691925,0.71224922,0.07345389,0.63921571,0.87450981,0.04472818,0.72680235,0.00367999,0.27342224,false,
5,5,clean_negative/clean_5_13.jpg,train,clean_negative,clean_negative,true_negative,0.00173064,0.75,0.74826936,0.56440735,0.02596867,0.52549022,0.60784316,0.11666387,0.58149827,0.00031738,0.04829407,false,
5,5,clean_negative/clean_5_14.jpg,train,clean_negative,clean_negative,true_negative,0.00476158,0.75,0.74523842,0.55724716,0.02920595,0.49803922,0.60000002,0.12738696,0.57517391,0.00047747,0.06405640,false,
5,5,clean_negative/clean_5_15.jpg,train,clean_negative,clean_negative,true_negative,0.00016799,0.75,0.74983201,0.67952329,0.03944109,0.63921571,0.74509805,0.04808595,0.69714224,0.00116661,0.07844543,false,
5,5,clean_negative/clean_5_16.jpg,train,clean_negative,clean_negative,true_negative,0.00085043,0.75,0.74914957,0.69896692,0.06660605,0.63921571,0.85490197,0.04545934,0.71437538,0.00305993,0.21505737,false,
5,5,clean_negative/clean_5_17.jpg,train,clean_negative,clean_negative,true_negative,0.00090288,0.75,0.74909712,0.69973868,0.06725438,0.63921571,0.85490197,0.04535600,0.71506226,0.00315926,0.22027588,false,
5,5,clean_negative/clean_5_18.jpg,train,clean_negative,clean_negative,true_negative,0.00118326,0.75,0.74881674,0.56008935,0.02271838,0.52941179,0.60000002,0.11031502,0.57547408,0.00022869,0.03089905,false,
5,5,clean_negative/clean_5_19.jpg,train,clean_negative,clean_negative,true_negative,0.00702244,0.75,0.74297756,0.55480582,0.02641682,0.50980395,0.59607846,0.12088426,0.57074600,0.00035877,0.04873657,false,
5,5,clean_negative/clean_5_20.jpg,train,clean_negative,clean_negative,true_negative,0.07026335,0.75,0.67973665,0.56777203,0.04831233,0.50588238,0.65098041,0.13868834,0.58579147,0.00323005,0.21917725,false,
5,5,clean_negative/clean_5_21.jpg,train,clean_negative,clean_negative,true_negative,0.07617208,0.75,0.67382792,0.56711644,0.04751693,0.50588238,0.64705884,0.13802043,0.58505416,0.00311968,0.21209717,false,
5,5,clean_negative/clean_5_22.jpg,train,clean_negative,clean_negative,true_negative,0.02582668,0.75,0.72417332,0.55878234,0.03650881,0.50980395,0.60784316,0.12900978,0.57533187,0.00139115,0.10362244,false,
5,5,clean_negative/clean_5_23.jpg,train,clean_negative,clean_negative,true_negative,0.00020565,0.75,0.74979435,0.67587650,0.03390540,0.64313728,0.70588237,0.04903295,0.69412982,0.00120962,0.06199646,false,
5,5,clean_negative/clean_5_24.jpg,train,clean_negative,clean_negative,true_negative,0.00112141,0.75,0.74887859,0.69589913,0.06542949,0.63921571,0.85098040,0.04578241,0.71199739,0.00352134,0.20657349,false,
5,5,clean_negative/clean_5_25.jpg,train,clean_negative,clean_negative,true_negative,0.00124879,0.75,0.74875121,0.69656289,0.06599884,0.63921571,0.85098040,0.04565471,0.71257865,0.00362160,0.21179199,false,
5,5,clean_negative/clean_5_26.jpg,train,clean_negative,clean_negative,true_negative,0.01540074,0.75,0.73459926,0.57061803,0.04680044,0.52156866,0.65490198,0.13083062,0.58733535,0.00301456,0.20803833,false,
5,5,clean_negative/clean_5_27.jpg,train,clean_negative,clean_negative,true_negative,0.03391687,0.75,0.71608313,0.56991053,0.04613176,0.52156866,0.65098041,0.13013941,0.58652151,0.00291771,0.20027161,false,
5,5,clean_negative/clean_5_28.jpg,train,clean_negative,clean_negative,true_negative,0.01065195,0.75,0.73934805,0.55902839,0.03481798,0.52156866,0.60784316,0.12261096,0.57434440,0.00125442,0.09004211,false,
5,5,clean_negative/clean_5_29.jpg,train,clean_negative,clean_negative,true_negative,0.00253757,0.75,0.74746243,0.55246788,0.02350320,0.52156866,0.59215689,0.11507659,0.56705391,0.00021186,0.02879333,false,
5,5,clean_negative/clean_5_30.jpg,train,clean_negative,clean_negative,true_negative,0.00033048,0.75,0.74966952,0.55383098,0.02144173,0.52549022,0.59607846,0.10792459,0.56829780,0.00014997,0.01704407,false,
5,5,clean_negative/clean_5_31.jpg,train,clean_negative,clean_negative,true_negative,0.00018712,0.75,0.74981288,0.67500091,0.03249216,0.64313728,0.70196080,0.05017377,0.69393462,0.00114934,0.05621338,false,
5,5,clean_negative/clean_5_32.jpg,train,clean_negative,clean_negative,true_negative,0.00085396,0.75,0.74914604,0.69085008,0.06296237,0.63529414,0.84313726,0.04748876,0.70808506,0.00353064,0.18853760,false,
5,5,clean_negative/clean_5_33.jpg,train,clean_negative,clean_negative,true_negative,0.00348052,0.75,0.74651948,0.69855690,0.06910866,0.63529414,0.85490197,0.04654032,0.71445096,0.00490763,0.26751709,false,
5,5,clean_negative/clean_5_34.jpg,train,clean_negative,clean_negative,true_negative,0.00942819,0.75,0.74057181,0.56727076,0.04300484,0.51764709,0.65098041,0.13634735,0.58509833,0.00241633,0.19479370,false,
5,5,clean_negative/clean_5_35.jpg,train,clean_negative,clean_negative,true_negative,0.00266281,0.75,0.74733719,0.55378282,0.02906793,0.51372552,0.60000002,0.12923825,0.57031512,0.00104354,0.08346558,false,
5,5,clean_negative/clean_5_36.jpg,train,clean_negative,clean_negative,true_negative,0.00080519,0.75,0.74919481,0.54746562,0.02273475,0.51372552,0.58823532,0.12008446,0.56299943,0.00027719,0.03060913,false,
5,5,clean_negative/clean_5_37.jpg,train,clean_negative,clean_negative,true_negative,0.00057466,0.75,0.74942534,0.54559851,0.02180085,0.51372552,0.58823532,0.11227341,0.56071806,0.00018662,0.01428223,false,
5,5,clean_negative/clean_5_38.jpg,train,clean_negative,clean_negative,true_negative,0.02199930,0.75,0.72800070,0.57381570,0.05243923,0.51764709,0.68235296,0.14359292,0.59310555,0.00299959,0.25526428,false,
5,5,clean_negative/clean_5_39.jpg,train,clean_negative,clean_negative,true_negative,0.00013093,0.75,0.74986907,0.67016137,0.02886493,0.63529414,0.69411767,0.05153306,0.68984163,0.00095514,0.04103088,false,
5,5,clean_negative/clean_5_40.jpg,train,clean_negative,clean_negative,true_negative,0.00066228,0.75,0.74933772,0.67893213,0.05559403,0.62352943,0.80784315,0.05012805,0.69755983,0.00310218,0.14671326,false,
5,5,clean_negative/clean_5_41.jpg,train,clean_negative,clean_negative,true_negative,0.00148337,0.75,0.74851663,0.68390471,0.06214139,0.62352943,0.82745099,0.04941436,0.70139909,0.00435632,0.21308899,false,
5,5,clean_negative/clean_5_42.jpg,train,clean_negative,clean_negative,true_negative,0.01631666,0.75,0.73368334,0.57310808,0.05916709,0.50980395,0.69411767,0.14950880,0.59352756,0.00302207,0.26213074,false,
5,5,clean_negative/clean_5_43.jpg,train,clean_negative,clean_negative,true_negative,0.01627793,0.75,0.73372207,0.56297410,0.04791027,0.50588238,0.65490198,0.14708732,0.58282697,0.00208932,0.20570374,false,
5,5,clean_negative/clean_5_44.jpg,train,clean_negative,clean_negative,true_negative,0.00311194,0.75,0.74688806,0.54656541,0.02974351,0.50196081,0.59607846,0.14002717,0.56508446,0.00083793,0.09312439,false,
5,5,clean_negative/clean_5_45.jpg,train,clean_negative,clean_negative,true_negative,0.00039657,0.75,0.74960343,0.54001164,0.02512419,0.50196081,0.58431375,0.12779434,0.55692112,0.00042209,0.04225159,false,
5,5,clean_negative/clean_5_46.jpg,train,clean_negative,clean_negative,true_negative,0.00033092,0.75,0.74966908,0.53632462,0.02225312,0.50196081,0.57647061,0.11812919,0.55236655,0.00023361,0.01489258,false,
5,5,clean_negative/clean_5_47.jpg,train,clean_negative,clean_negative,true_negative,0.00012066,0.75,0.74987934,0.66956246,0.02560853,0.63529414,0.69411767,0.05210553,0.68959385,0.00083981,0.03428650,false,
5,5,clean_negative/clean_5_48.jpg,train,clean_negative,clean_negative,true_negative,0.00049680,0.75,0.74950320,0.67318881,0.04587797,0.62352943,0.76078433,0.05147831,0.69251406,0.00252950,0.11157227,false,
5,5,clean_negative/clean_5_49.jpg,train,clean_negative,clean_negative,true_negative,0.00087998,0.75,0.74912002,0.67592478,0.05194185,0.62352943,0.78823531,0.05083062,0.69428551,0.00349696,0.16242981,false,
5,5,clean_negative/clean_5_50.jpg,train,clean_negative,clean_negative,true_negative,0.07327113,0.75,0.67672887,0.57996035,0.07479504,0.50196081,0.73333335,0.15960695,0.60261238,0.00396960,0.33314514,false,
5,5,clean_negative/clean_5_51.jpg,train,clean_negative,clean_negative,true_negative,0.08905031,0.75,0.66094969,0.56277215,0.05806753,0.49803922,0.67843139,0.16001643,0.58530456,0.00272218,0.25778198,false,
5,5,clean_negative/clean_5_52.jpg,train,clean_negative,clean_negative,true_negative,0.02172596,0.75,0.72827404,0.54148674,0.03539590,0.49803922,0.60392159,0.15396360,0.56279933,0.00131745,0.13726807,false,
5,5,clean_negative/clean_5_53.jpg,train,clean_negative,clean_negative,true_negative,0.00999887,0.75,0.74000113,0.53141230,0.02672037,0.49411765,0.57647061,0.13933286,0.55047750,0.00073041,0.07283020,false,
5,5,clean_negative/clean_5_54.jpg,train,clean_negative,clean_negative,true_negative,0.00651363,0.75,0.74348637,0.52712613,0.02257178,0.49803922,0.56470591,0.12531279,0.54441559,0.00044171,0.03062439,false,
5,5,clean_negative/clean_5_55.jpg,train,clean_negative,clean_negative,true_negative,0.00012258,0.75,0.74987742,0.67038333,0.02427818,0.63529414,0.69411767,0.05267191,0.69057727,0.00071187,0.02745056,false,
5,5,clean_negative/clean_5_56.jpg,train,clean_negative,clean_negative,true_negative,0.00025353,0.75,0.74974647,0.67111117,0.03827667,0.62352943,0.72549021,0.05278871,0.69084185,0.00187703,0.07841492,false,
5,5,clean_negative/clean_5_57.jpg,train,clean_negative,clean_negative,true_negative,0.00053366,0.75,0.74946634,0.67278105,0.04397656,0.62352943,0.75294119,0.05199926,0.69171107,0.00268305,0.11582947,false,
5,5,clean_negative/clean_5_58.jpg,train,clean_negative,clean_negative,true_negative,0.10990945,0.75,0.64009055,0.58079875,0.08446682,0.49411765,0.75294119,0.17380504,0.60643005,0.00446261,0.40353394,false,
5,5,clean_negative/clean_5_59.jpg,train,clean_negative,clean_negative,true_negative,0.13081883,0.75,0.61918117,0.56180620,0.06910947,0.49411765,0.69803923,0.17508110,0.58750021,0.00336899,0.32705688,false,
5,5,clean_negative/clean_5_60.jpg,train,clean_negative,clean_negative,true_negative,0.04677334,0.75,0.70322666,0.53527558,0.04064442,0.49019608,0.61176473,0.16940004,0.55966604,0.00179646,0.19097900,false,
5,5,clean_negative/clean_5_61.jpg,train,clean_negative,clean_negative,true_negative,0.01396919,0.75,0.73603081,0.52301782,0.02694975,0.49019608,0.56470591,0.15123484,0.54429924,0.00094630,0.10156250,false,
5,5,clean_negative/clean_5_62.jpg,train,clean_negative,clean_negative,true_negative,0.00799165,0.75,0.74200835,0.51900250,0.02120103,0.49411765,0.55294120,0.13260919,0.53760028,0.00054006,0.04222107,false,
5,5,clean_negative/clean_5_63.jpg,train,clean_negative,clean_negative,true_negative,0.00264656,0.75,0.74735344,0.69348550,0.06957218,0.62352943,0.85490197,0.04947797,0.70920104,0.00599682,0.26898193,false,
5,5,clean_negative/clean_5_64.jpg,train,clean_negative,clean_negative,true_negative,0.06009420,0.75,0.68990580,0.70628297,0.07844282,0.61960787,0.87843138,0.05343622,0.71996915,0.00876697,0.40406799,false,
5,5,clean_negative/clean_5_65.jpg,train,clean_negative,clean_negative,true_negative,0.19392336,0.75,0.55607664,0.71521354,0.07938677,0.61960787,0.88235295,0.06333086,0.72831345,0.01086177,0.52442932,false,
5,5,clean_negative/clean_5_66.jpg,train,clean_negative,clean_negative,true_negative,0.14356727,0.75,0.60643273,0.71638417,0.07981449,0.61960787,0.88627452,0.06652090,0.72961748,0.01122173,0.54473877,false,
5,5,clean_negative/clean_5_67.jpg,train,clean_negative,clean_negative,true_negative,0.00005062,0.75,0.74994938,0.67109817,0.01837429,0.63529414,0.69411767,0.05313870,0.69126672,0.00024681,0.00772095,false,
5,5,clean_negative/clean_5_68.jpg,train,clean_negative,clean_negative,true_negative,0.00009404,0.75,0.74990596,0.67097020,0.03294288,0.62352943,0.70196080,0.05381195,0.69082081,0.00086597,0.04016113,false,
5,5,clean_negative/clean_5_69.jpg,train,clean_negative,clean_negative,true_negative,0.00079380,0.75,0.74920620,0.67770737,0.04950107,0.62352943,0.77647060,0.05193464,0.69593894,0.00261479,0.12121582,false,
5,5,clean_negative/clean_5_70.jpg,train,clean_negative,clean_negative,true_negative,0.00290282,0.75,0.74709718,0.69429046,0.07031956,0.62352943,0.85882354,0.04965539,0.71000969,0.00582028,0.26438904,false,
5,5,clean_negative/clean_5_71.jpg,train,clean_negative,clean_negative,true_negative,0.05928276,0.75,0.69071724,0.70660037,0.07922664,0.61960787,0.87843138,0.05411712,0.72039551,0.00857196,0.39904785,false,
5,5,clean_negative/clean_5_72.jpg,train,clean_negative,clean_negative,true_negative,0.12780168,0.75,0.62219832,0.71537578,0.08037371,0.61960787,0.88627452,0.06453331,0.72866583,0.01075628,0.52391052,false,
5,5,clean_negative/clean_5_73.jpg,train,clean_negative,clean_negative,true_negative,0.53554305,0.75,0.21445695,0.59351999,0.10255682,0.47843137,0.79607844,0.18587624,0.62162757,0.00627660,0.51388550,false,
5,5,clean_negative/clean_5_74.jpg,train,clean_negative,clean_negative,true_negative,0.41135347,0.75,0.33864653,0.55419391,0.07609552,0.47843137,0.70588237,0.19091453,0.58297229,0.00386550,0.36911011,false,
5,5,clean_negative/clean_5_75.jpg,train,clean_negative,clean_negative,true_negative,0.18126806,0.75,0.56873194,0.52581048,0.04492460,0.47843137,0.61176473,0.18420705,0.55306125,0.00209742,0.22319031,false,
5,5,clean_negative/clean_5_76.jpg,train,clean_negative,clean_negative,true_negative,0.04009858,0.75,0.70990142,0.51256448,0.02792395,0.47843137,0.55686277,0.16217808,0.53591037,0.00100450,0.11393738,false,
5,5,clean_negative/clean_5_77.jpg,train,clean_negative,clean_negative,true_negative,0.01761613,0.75,0.73238387,0.50916719,0.02102340,0.48235294,0.54117650,0.13921224,0.52908081,0.00054571,0.04399109,false,
5,5,clean_negative/clean_5_78.jpg,train,clean_negative,clean_negative,true_negative,0.30227883,0.75,0.44772117,0.71949363,0.08480152,0.61176473,0.89019608,0.08776221,0.73459303,0.01211887,0.62934875,false,
5,5,clean_negative/clean_5_79.jpg,train,clean_negative,clean_negative,true_negative,0.07880742,0.75,0.67119258,0.71029502,0.08064476,0.61960787,0.88235295,0.05701073,0.72455847,0.00802901,0.38551331,false,
5,5,clean_negative/clean_5_80.jpg,train,clean_negative,clean_negative,true_negative,0.17015381,0.75,0.57984619,0.71685696,0.08249247,0.61568630,0.89019608,0.06916361,0.73098922,0.01017989,0.51263428,false,
5,5,clean_negative/clean_5_81.jpg,train,clean_negative,clean_negative,true_negative,0.30575895,0.75,0.44424105,0.71940100,0.08497794,0.61176473,0.89019608,0.08822417,0.73457885,0.01204481,0.62872314,false,
5,5,clean_negative/clean_5_82.jpg,train,clean_negative,clean_negative,true_negative,0.00307693,0.75,0.74692307,0.69751632,0.07006370,0.62352943,0.85882354,0.05188282,0.71360177,0.00461497,0.22996521,false,
5,5,clean_negative/clean_5_83.jpg,train,clean_negative,clean_negative,true_negative,0.00000708,0.75,0.74999292,0.67339849,0.01502946,0.64313728,0.69411767,0.05294339,0.69322580,0.00008947,0.00123596,false,
5,5,clean_negative/clean_5_84.jpg,train,clean_negative,clean_negative,true_negative,0.00003447,0.75,0.74996553,0.67554736,0.03601698,0.62745100,0.70588237,0.05355889,0.69489950,0.00033844,0.02716064,false,
5,5,clean_negative/clean_5_85.jpg,train,clean_negative,clean_negative,true_negative,0.00041543,0.75,0.74958457,0.68402988,0.05350658,0.62745100,0.81176472,0.05290839,0.70188016,0.00173654,0.10548401,false,
5,5,clean_negative/clean_5_86.jpg,train,clean_negative,clean_negative,true_negative,0.19163412,0.75,0.55836588,0.59025043,0.10708133,0.47058824,0.80000001,0.18990666,0.61908901,0.00635370,0.52598572,false,
5,5,clean_negative/clean_5_87.jpg,train,clean_negative,clean_negative,true_negative,0.30804156,0.75,0.44195844,0.54882240,0.08100063,0.47058824,0.71372551,0.19490735,0.57821918,0.00393130,0.37875366,false,
5,5,clean_negative/clean_5_88.jpg,train,clean_negative,clean_negative,true_negative,0.14738372,0.75,0.60261628,0.51853198,0.04770363,0.47058824,0.61176473,0.18878767,0.54646116,0.00212291,0.23344421,false,
5,5,clean_negative/clean_5_89.jpg,train,clean_negative,clean_negative,true_negative,0.03122862,0.75,0.71877138,0.50413501,0.02832941,0.47058824,0.55294120,0.16683638,0.52806705,0.00100940,0.12030029,false,
5,5,clean_negative/clean_5_90.jpg,train,clean_negative,clean_negative,true_negative,0.01245026,0.75,0.73754974,0.50073934,0.02028825,0.47843137,0.52941179,0.14244081,0.52093303,0.00052925,0.04402161,false,
5,5,clean_negative/clean_5_91.jpg,train,clean_negative,clean_negative,true_negative,0.27735348,0.75,0.47264652,0.58889580,0.10757022,0.47058824,0.79607844,0.18942189,0.61776400,0.00625988,0.52256775,false,
5,5,clean_negative/clean_5_92.jpg,train,clean_negative,clean_negative,true_negative,0.37754826,0.75,0.37245174,0.54732579,0.08145388,0.47058824,0.71372551,0.19438694,0.57669878,0.00386483,0.37550354,false,
5,5,clean_negative/clean_5_93.jpg,train,clean_negative,clean_negative,true_negative,0.00001366,0.75,0.74998634,0.67713928,0.01310405,0.66274512,0.69803923,0.05231455,0.69644690,0.00014023,0.00520325,false,
5,5,clean_negative/clean_5_94.jpg,train,clean_negative,clean_negative,true_negative,0.00008914,0.75,0.74991086,0.68455648,0.03850366,0.65882355,0.75686276,0.05211577,0.70250237,0.00057373,0.05236816,false,
5,5,clean_negative/clean_5_95.jpg,train,clean_negative,clean_negative,true_negative,0.00062661,0.75,0.74937339,0.69631982,0.05486959,0.65490198,0.82745099,0.05372207,0.71286881,0.00188650,0.13981628,false,
5,5,clean_negative/clean_5_96.jpg,train,clean_negative,clean_negative,true_negative,0.00200314,0.75,0.74799686,0.70240879,0.06118969,0.65098041,0.84313726,0.05554923,0.71839911,0.00301832,0.19648743,false,
5,5,clean_negative/clean_5_97.jpg,train,clean_negative,clean_negative,true_negative,0.10461657,0.75,0.64538343,0.50642538,0.03990383,0.46666667,0.58823532,0.18154424,0.53301966,0.00154771,0.18713379,false,
5,5,clean_negative/clean_5_98.jpg,train,clean_negative,clean_negative,true_negative,0.02340782,0.75,0.72659218,0.49683362,0.02676891,0.46666667,0.54117650,0.16520698,0.52044535,0.00089250,0.10617065,false,
5,5,clean_negative/clean_5_99.jpg,train,clean_negative,clean_negative,true_negative,0.01055664,0.75,0.73944336,0.49470943,0.01905772,0.47450981,0.52156866,0.14213425,0.51473498,0.00047881,0.03759766,false,
5,5,clean_negative/clean_5_100.jpg,train,clean_negative,clean_negative,true_negative,0.00002004,0.75,0.74997996,0.67997593,0.02085766,0.66274512,0.70196080,0.05233154,0.69919688,0.00040758,0.02359009,false,
5,5,clean_negative/clean_5_101.jpg,train,clean_negative,clean_negative,true_negative,0.00229321,0.75,0.74770679,0.69115353,0.04399600,0.66274512,0.79215688,0.05239569,0.70840788,0.00106672,0.09339905,false,
5,5,clean_negative/clean_5_102.jpg,train,clean_negative,clean_negative,true_negative,0.01476481,0.75,0.73523519,0.70491177,0.05736373,0.66274512,0.83529413,0.05682427,0.72097421,0.00242257,0.19094849,false,
5,5,clean_negative/clean_5_103.jpg,train,clean_negative,clean_negative,true_negative,0.02968990,0.75,0.72031010,0.71085823,0.06186697,0.66274512,0.85098040,0.06041123,0.72653437,0.00327122,0.24742126,false,
5,5,clean_negative/clean_5_104.jpg,train,clean_negative,clean_negative,true_negative,0.05927403,0.75,0.69072597,0.49930242,0.03536418,0.46666667,0.57254905,0.17256626,0.52442300,0.00113486,0.14645386,false,
5,5,clean_negative/clean_5_105.jpg,train,clean_negative,clean_negative,true_negative,0.01248370,0.75,0.73751630,0.49144393,0.02187327,0.46666667,0.52941179,0.15908504,0.51407057,0.00057988,0.07536316,false,
5,5,clean_negative/clean_5_106.jpg,train,clean_negative,clean_negative,true_negative,0.00650485,0.75,0.74349515,0.49074459,0.01554975,0.47450981,0.51764709,0.13979477,0.51029223,0.00027309,0.02212524,false,
5,5,clean_negative/clean_5_107.jpg,train,clean_negative,clean_negative,true_negative,0.00005785,0.75,0.74994215,0.68391156,0.03590255,0.65882355,0.73333335,0.05322553,0.70377338,0.00083569,0.05084229,false,
5,5,clean_negative/clean_5_108.jpg,train,clean_negative,clean_negative,true_negative,0.00522895,0.75,0.74477105,0.69855410,0.05634796,0.65882355,0.83137256,0.05249544,0.71569455,0.00185608,0.14469910,false,
5,5,clean_negative/clean_5_109.jpg,train,clean_negative,clean_negative,true_negative,0.04944083,0.75,0.70055917,0.71644974,0.06887968,0.65882355,0.86666667,0.05693252,0.73191452,0.00356026,0.26708984,false,
5,5,clean_negative/clean_5_110.jpg,train,clean_negative,clean_negative,true_negative,0.08701022,0.75,0.66298978,0.72201973,0.07087132,0.65490198,0.87450981,0.06104605,0.73705959,0.00437628,0.32580566,false,
5,5,clean_negative/clean_5_111.jpg,train,clean_negative,clean_negative,true_negative,0.02916182,0.75,0.72083818,0.49272034,0.02788483,0.46666667,0.54901963,0.16247782,0.51587558,0.00071638,0.09765625,false,
5,5,clean_negative/clean_5_112.jpg,train,clean_negative,clean_negative,true_negative,0.00412257,0.75,0.74587743,0.48708421,0.01534643,0.47058824,0.50980395,0.15125716,0.50814307,0.00029789,0.04237366,false,
5,5,clean_negative/clean_5_113.jpg,train,clean_negative,clean_negative,true_negative,0.00213244,0.75,0.74786756,0.48751539,0.01071205,0.47450981,0.50588238,0.13643818,0.50632644,0.00012837,0.00813293,false,
5,5,clean_negative/clean_5_114.jpg,train,clean_negative,clean_negative,true_negative,0.00012798,0.75,0.74987202,0.68482727,0.04327661,0.65098041,0.76470590,0.05504229,0.70603424,0.00104347,0.06608582,false,
5,5,clean_negative/clean_5_115.jpg,train,clean_negative,clean_negative,true_negative,0.00690173,0.75,0.74309827,0.70219290,0.06469624,0.65098041,0.85490197,0.05263678,0.71982461,0.00246504,0.18174744,false,
5,5,clean_negative/clean_5_116.jpg,train,clean_negative,clean_negative,true_negative,0.07545726,0.75,0.67454274,0.72096014,0.07504552,0.65098041,0.88235295,0.05841597,0.73667169,0.00400688,0.30609131,false,
5,5,clean_negative/clean_5_117.jpg,train,clean_negative,clean_negative,true_negative,0.12502147,0.75,0.62497853,0.72655511,0.07640947,0.64705884,0.88627452,0.06393415,0.74197674,0.00472932,0.36418152,false,
5,5,clean_negative/clean_5_118.jpg,train,clean_negative,clean_negative,true_negative,0.00975632,0.75,0.74024368,0.49168122,0.02268569,0.47058824,0.52941179,0.15993026,0.51509058,0.00047204,0.06723022,false,
5,5,clean_negative/clean_5_119.jpg,train,clean_negative,clean_negative,true_negative,0.00099631,0.75,0.74900369,0.48831844,0.01371768,0.47352940,0.50980395,0.15366331,0.51089805,0.00021198,0.02656555,false,
5,5,clean_negative/clean_5_120.jpg,train,clean_negative,clean_negative,true_negative,0.00038721,0.75,0.74961279,0.48966897,0.01228265,0.47450981,0.51372552,0.14549190,0.51134098,0.00010603,0.00483704,false,
5,5,clean_negative/clean_5_121.jpg,train,clean_negative,clean_negative,true_negative,0.00012471,0.75,0.74987529,0.68267870,0.04388919,0.64705884,0.76470590,0.05737526,0.70563507,0.00104603,0.06654358,false,
5,5,clean_negative/clean_5_122.jpg,train,clean_negative,clean_negative,true_negative,0.00662842,0.75,0.74337158,0.69969225,0.06643696,0.64705884,0.85490197,0.05351102,0.71847200,0.00259079,0.18702698,false,
5,5,clean_negative/clean_5_123.jpg,train,clean_negative,clean_negative,true_negative,0.06536412,0.75,0.68463588,0.71795201,0.07627284,0.64705884,0.87843138,0.05956218,0.73449552,0.00406279,0.30775452,false,
5,5,clean_negative/clean_5_124.jpg,train,clean_negative,clean_negative,true_negative,0.10497325,0.75,0.64502675,0.72337049,0.07750358,0.64705884,0.88235295,0.06546248,0.73956603,0.00482939,0.36555481,false,
5,5,clean_negative/clean_5_125.jpg,train,clean_negative,clean_negative,true_negative,0.01160049,0.75,0.73839951,0.49458900,0.02020578,0.47450981,0.52549022,0.15804181,0.51892185,0.00033432,0.03996277,false,
5,5,clean_negative/clean_5_126.jpg,train,clean_negative,clean_negative,true_negative,0.00002808,0.75,0.74997192,0.49344969,0.01521655,0.47450981,0.52156866,0.15538660,0.51805931,0.00013299,0.01078796,false,
5,5,clean_negative/clean_5_127.jpg,train,clean_negative,clean_negative,true_negative,0.00000626,0.75,0.74999374,0.49585032,0.01602155,0.47843137,0.52549022,0.15108332,0.52040327,0.00009117,0.00120544,true,tmp\sourcewise_error_atlas\run_001\contact_sheets\source_5_true_negative.jpg
5,5,clean_negative/clean_5_128.jpg,train,clean_negative,clean_negative,true_negative,0.05540009,0.75,0.69459991,0.72152567,0.08097658,0.63921571,0.89019608,0.06478439,0.73835528,0.00517010,0.37286377,false,
5,5,clean_negative/clean_5_129.jpg,train,clean_negative,clean_negative,true_negative,0.05405264,0.75,0.69594736,0.72111493,0.08107459,0.63529414,0.88725489,0.06452738,0.73804528,0.00514929,0.37013245,false,
5,5,clean_negative/clean_5_130.jpg,train,clean_negative,clean_negative,true_negative,0.09340182,0.75,0.65659818,0.71366239,0.08095066,0.63529414,0.88627452,0.05983564,0.73147988,0.00453220,0.31278992,false,
5,5,clean_negative/clean_5_131.jpg,train,clean_negative,clean_negative,true_negative,0.00011011,0.75,0.74988989,0.67679220,0.04678255,0.63529414,0.76470590,0.06117895,0.70251369,0.00114140,0.06777954,false,
5,5,clean_negative/clean_5_132.jpg,train,clean_negative,clean_negative,true_negative,0.00330949,0.75,0.74669051,0.69437575,0.07137447,0.63137257,0.86274511,0.05548120,0.71522331,0.00308195,0.19439697,false,
5,5,clean_negative/clean_5_133.jpg,train,clean_negative,clean_negative,true_negative,0.01410135,0.75,0.73589865,0.50091779,0.01942255,0.47843137,0.53333336,0.15218225,0.52570170,0.00022283,0.01821899,false,
5,5,clean_negative/clean_5_134.jpg,train,clean_negative,clean_negative,true_negative,0.00000890,0.75,0.74999110,0.50210458,0.01834501,0.47843137,0.53333336,0.15499693,0.52869451,0.00009814,0.00091553,false,
5,5,clean_negative/clean_5_135.jpg,train,clean_negative,clean_negative,true_negative,0.00000110,0.75,0.74999890,0.50489634,0.01975145,0.47843137,0.54117650,0.15378174,0.53203207,0.00009151,0.00010681,true,tmp\sourcewise_error_atlas\run_001\contact_sheets\source_5_true_negative.jpg
5,5,clean_negative/clean_5_136.jpg,train,clean_negative,clean_negative,true_negative,0.00017752,0.75,0.74982248,0.66377890,0.05092734,0.60392159,0.72549021,0.06699656,0.69314504,0.00094372,0.05459595,false,
5,5,clean_negative/clean_5_137.jpg,train,clean_negative,clean_negative,true_negative,0.00192679,0.75,0.74807321,0.67766482,0.07609853,0.59215689,0.85490197,0.06024146,0.70183027,0.00278176,0.16691589,false,
5,5,clean_negative/clean_5_138.jpg,train,clean_negative,clean_negative,true_negative,0.00826872,0.75,0.74173128,0.68633091,0.08274619,0.59215689,0.87058824,0.06000989,0.70854104,0.00354487,0.22161865,false,
5,5,clean_negative/clean_5_139.jpg,train,clean_negative,clean_negative,true_negative,0.01270140,0.75,0.73729860,0.51218653,0.02443186,0.48235294,0.55686277,0.14243697,0.53635287,0.00024053,0.01855469,false,
5,5,clean_negative/clean_5_140.jpg,train,clean_negative,clean_negative,true_negative,0.00000080,0.75,0.74999920,0.51418936,0.02329281,0.48235294,0.55686277,0.14800936,0.54135370,0.00009821,0.00082397,true,tmp\sourcewise_error_atlas\run_001\contact_sheets\source_5_true_negative.jpg
5,5,clean_negative/clean_5_141.jpg,train,clean_negative,clean_negative,true_negative,0.00000100,0.75,0.74999900,0.51735914,0.02441866,0.48235294,0.56078434,0.14807388,0.54561841,0.00009897,0.00164795,true,tmp\sourcewise_error_atlas\run_001\contact_sheets\source_5_true_negative.jpg
5,5,clean_negative/clean_5_142.jpg,train,clean_negative,clean_negative,true_negative,0.00156119,0.75,0.74843881,0.51788867,0.02958738,0.48235294,0.56470591,0.13356945,0.53993767,0.00034172,0.03193665,false,
5,5,clean_negative/clean_5_143.jpg,train,clean_negative,clean_negative,true_negative,0.00002505,0.75,0.74997495,0.64543033,0.04816589,0.58431375,0.69019610,0.07238321,0.67800570,0.00056671,0.02947998,false,
5,5,clean_negative/clean_5_144.jpg,train,clean_negative,clean_negative,true_negative,0.00024645,0.75,0.74975355,0.65538645,0.07572040,0.57647061,0.83529413,0.06444080,0.68266797,0.00222758,0.12142944,false,
5,5,clean_negative/clean_5_145.jpg,train,clean_negative,clean_negative,true_negative,0.00057019,0.75,0.74942981,0.66266930,0.08441970,0.56862748,0.85490197,0.06305159,0.68775022,0.00294340,0.17224121,false,
5,5,clean_negative/clean_5_146.jpg,train,clean_negative,clean_negative,true_negative,0.00134535,0.75,0.74865465,0.52768910,0.03296089,0.48627451,0.58039218,0.12000351,0.54784691,0.00032518,0.02949524,false,
5,5,clean_negative/clean_5_147.jpg,train,clean_negative,clean_negative,true_negative,0.00022062,0.75,0.74977938,0.52814531,0.03105429,0.48627451,0.58039218,0.12126083,0.54950100,0.00021942,0.01702881,false,
5,5,clean_negative/clean_5_148.jpg,train,clean_negative,clean_negative,true_negative,0.00000068,0.75,0.74999932,0.53017396,0.02872302,0.49019608,0.58039218,0.12900224,0.55532056,0.00010305,0.00082397,true,tmp\sourcewise_error_atlas\run_001\contact_sheets\source_5_true_negative.jpg
5,5,clean_negative/clean_5_149.jpg,train,clean_negative,clean_negative,true_negative,0.00000134,0.75,0.74999866,0.53311551,0.02822805,0.49019608,0.58039218,0.13147387,0.56013769,0.00010520,0.00328064,true,tmp\sourcewise_error_atlas\run_001\contact_sheets\source_5_true_negative.jpg
5,5,clean_negative/clean_5_150.jpg,train,clean_negative,clean_negative,true_negative,0.00001216,0.75,0.74998784,0.62615657,0.03895821,0.57254905,0.68235296,0.07618169,0.66069752,0.00031345,0.00970459,false,
5,5,clean_negative/clean_5_151.jpg,train,clean_negative,clean_negative,true_negative,0.00007824,0.75,0.74992176,0.63152122,0.06423146,0.56862748,0.75294119,0.06874091,0.66094804,0.00146919,0.07679749,false,
5,5,clean_negative/clean_5_152.jpg,train,clean_negative,clean_negative,true_negative,0.00014959,0.75,0.74985041,0.63698661,0.07485689,0.56078434,0.80784315,0.06659576,0.66421032,0.00203078,0.11846924,false,
5,5,clean_negative/clean_5_153.jpg,train,clean_negative,clean_negative,true_negative,0.00047578,0.75,0.74952422,0.53712231,0.03422756,0.48627451,0.58823532,0.10655273,0.55548453,0.00027249,0.02462769,false,
5,5,clean_negative/clean_5_154.jpg,train,clean_negative,clean_negative,true_negative,0.00017454,0.75,0.74982546,0.53787613,0.03245757,0.49019608,0.58823532,0.10825561,0.55752575,0.00021934,0.01655579,false,
5,5,clean_negative/clean_5_155.jpg,train,clean_negative,clean_negative,true_negative,0.00000269,0.75,0.74999731,0.53965682,0.02915126,0.49803922,0.58431375,0.11573093,0.56299633,0.00010636,0.00097656,true,tmp\sourcewise_error_atlas\run_001\contact_sheets\source_5_true_negative.jpg
5,5,clean_negative/clean_5_156.jpg,train,clean_negative,clean_negative,true_negative,0.00000506,0.75,0.74999494,0.54207194,0.02790861,0.50196081,0.58431375,0.11617594,0.56678677,0.00010870,0.00343323,true,tmp\sourcewise_error_atlas\run_001\contact_sheets\source_5_true_negative.jpg
5,5,dirty_positive/dirty_5_1.jpg,train,dirty_positive,dirty_positive,true_positive,0.95831191,0.75,0.20831191,0.61255443,0.06878136,0.51372552,0.72156864,0.16412359,0.64080572,0.00287496,0.27575684,false,
5,5,dirty_positive/dirty_5_2.jpg,train,dirty_positive,dirty_positive,true_positive,0.97822817,0.75,0.22822817,0.60978317,0.07308029,0.50980395,0.72941178,0.18276967,0.64104897,0.00352013,0.34580994,false,
5,5,dirty_positive/dirty_5_3.jpg,train,dirty_positive,dirty_positive,true_positive,0.96746306,0.75,0.21746306,0.59076935,0.05610761,0.50196081,0.67843139,0.17768592,0.62109709,0.00205295,0.24079895,false,
5,5,dirty_positive/dirty_5_4.jpg,train,dirty_positive,dirty_positive,true_positive,0.91697931,0.75,0.16697931,0.61275852,0.06781411,0.51372552,0.71764708,0.16142949,0.64064384,0.00279003,0.26525879,false,
5,5,dirty_positive/dirty_5_5.jpg,train,dirty_positive,dirty_positive,true_positive,0.99088818,0.75,0.24088818,0.60611737,0.07146253,0.50980395,0.72941178,0.19293645,0.63908458,0.00351961,0.37492371,true,tmp\sourcewise_error_atlas\run_001\contact_sheets\source_5_true_positive.jpg
5,5,dirty_positive/dirty_5_6.jpg,train,dirty_positive,dirty_positive,true_positive,0.98823570,0.75,0.23823570,0.57190996,0.05674585,0.49411765,0.66666669,0.23020302,0.61055464,0.00342431,0.36709595,true,tmp\sourcewise_error_atlas\run_001\contact_sheets\source_5_true_positive.jpg
5,5,dirty_positive/dirty_5_7.jpg,train,dirty_positive,dirty_positive,true_positive,0.99315906,0.75,0.24315906,0.59803045,0.07840449,0.50196081,0.74117649,0.22749013,0.63696200,0.00611051,0.47929382,true,tmp\sourcewise_error_atlas\run_001\contact_sheets\source_5_true_positive.jpg
5,5,dirty_positive/dirty_5_8.jpg,train,dirty_positive,dirty_positive,true_positive,0.98542589,0.75,0.23542589,0.58216101,0.06232690,0.49803922,0.69411767,0.22299069,0.61997533,0.00365802,0.38679504,false,
5,5,dirty_positive/dirty_5_9.jpg,train,dirty_positive,dirty_positive,true_positive,0.96293442,0.75,0.21293442,0.56717831,0.05261189,0.49019608,0.64705884,0.21808437,0.60353267,0.00259249,0.28195190,false,
5,5,dirty_positive/dirty_5_10.jpg,train,dirty_positive,dirty_positive,true_positive,0.95553534,0.75,0.20553534,0.56535196,0.05273556,0.48627451,0.64313728,0.21325344,0.60081822,0.00211652,0.24307251,false,
5,5,dirty_positive/dirty_5_11.jpg,train,dirty_positive,dirty_positive,true_positive,0.98559210,0.75,0.23559210,0.57203722,0.05575372,0.49411765,0.66666669,0.22596270,0.61010486,0.00321028,0.34785461,true,tmp\sourcewise_error_atlas\run_001\contact_sheets\source_5_true_positive.jpg
5,5,dirty_positive/dirty_5_12.jpg,train,dirty_positive,dirty_positive,true_positive,0.90922164,0.75,0.15922164,0.55905002,0.05253624,0.48235294,0.63529414,0.21892738,0.59509635,0.00213975,0.24386597,false,
5,5,dirty_positive/dirty_5_13.jpg,train,dirty_positive,dirty_positive,true_positive,0.86297905,0.75,0.11297905,0.59530318,0.08911423,0.49019608,0.77254903,0.23717767,0.63508862,0.00779295,0.51916504,false,
5,5,dirty_positive/dirty_5_14.jpg,train,dirty_positive,dirty_positive,true_positive,0.96619813,0.75,0.21619813,0.56451607,0.07541867,0.48235294,0.71372551,0.25550473,0.60662746,0.00538193,0.42359924,false,
5,5,dirty_positive/dirty_5_15.jpg,train,dirty_positive,dirty_positive,true_positive,0.99448256,0.75,0.24448256,0.58542895,0.07278675,0.49803922,0.71764708,0.23615311,0.62559569,0.00504384,0.44152832,true,tmp\sourcewise_error_atlas\run_001\contact_sheets\source_5_true_positive.jpg
5,5,dirty_positive/dirty_5_16.jpg,train,dirty_positive,dirty_positive,true_positive,0.99774215,0.75,0.24774215,0.57744813,0.07148729,0.49411765,0.70980394,0.24347767,0.61855173,0.00506018,0.43058777,true,tmp\sourcewise_error_atlas\run_001\contact_sheets\source_5_true_positive.jpg
5,5,dirty_positive/dirty_5_17.jpg,train,dirty_positive,dirty_positive,true_positive,0.90147408,0.75,0.15147408,0.71151954,0.07876795,0.59215689,0.86274511,0.10854277,0.72916234,0.00730546,0.56623840,false,
5,5,dirty_positive/dirty_5_18.jpg,train,dirty_positive,dirty_positive,true_positive,0.87077401,0.75,0.12077401,0.70571673,0.07893799,0.58431375,0.85882354,0.11444978,0.72431463,0.00781861,0.57305908,false,
5,5,dirty_positive/dirty_5_19.jpg,train,dirty_positive,dirty_positive,true_positive,0.89634715,0.75,0.14634715,0.71170640,0.07875454,0.58823532,0.86666667,0.10099189,0.72817206,0.00757619,0.53941345,false,
5,5,dirty_positive/dirty_5_20.jpg,train,dirty_positive,clean_negative,false_negative,0.55018968,0.75,0.19981032,0.71704423,0.07982529,0.59215689,0.87450981,0.09139417,0.73211157,0.00773580,0.54576111,false,
5,5,dirty_positive/dirty_5_21.jpg,train,dirty_positive,dirty_positive,true_positive,0.98389251,0.75,0.23389251,0.73926026,0.07790266,0.63529414,0.89019608,0.08262120,0.75325429,0.00637543,0.56660461,false,
5,5,dirty_positive/dirty_5_22.jpg,train,dirty_positive,dirty_positive,true_positive,0.90024218,0.75,0.15024218,0.71579540,0.08223443,0.59215689,0.86666667,0.11480200,0.73400909,0.00779979,0.61187744,false,
5,5,dirty_positive/dirty_5_23.jpg,train,dirty_positive,dirty_positive,true_positive,0.91794192,0.75,0.16794192,0.74058849,0.07172516,0.65490198,0.89019608,0.05945333,0.75234175,0.00486266,0.44662476,false,
5,5,dirty_positive/dirty_5_24.jpg,train,dirty_positive,dirty_positive,true_positive,0.94889144,0.75,0.19889144,0.73281002,0.08481823,0.60784316,0.89019608,0.10684684,0.74995852,0.00720405,0.62789917,false,
5,5,dirty_positive/dirty_5_25.jpg,train,dirty_positive,dirty_positive,true_positive,0.84657224,0.75,0.09657224,0.68954289,0.08032489,0.57254905,0.83921570,0.14128156,0.71220011,0.00911391,0.63171387,false,
5,5,dirty_positive/dirty_5_26.jpg,train,dirty_positive,dirty_positive,true_positive,0.75728450,0.75,0.00728450,0.67347705,0.08110790,0.55294120,0.82352942,0.15250713,0.69860709,0.00926964,0.61799622,false,
5,5,dirty_positive/dirty_5_27.jpg,train,dirty_positive,dirty_positive,true_positive,0.86421851,0.75,0.11421851,0.69354391,0.08109232,0.57647061,0.84705883,0.13774955,0.71552759,0.00877997,0.62683105,false,
5,5,dirty_positive/dirty_5_28.jpg,train,dirty_positive,dirty_positive,true_positive,0.88583059,0.75,0.13583059,0.70008928,0.08081630,0.58039218,0.85098040,0.13205400,0.72112298,0.00799746,0.61170959,false,
5,5,dirty_positive/dirty_5_29.jpg,train,dirty_positive,clean_negative,false_negative,0.73368568,0.75,0.01631432,0.54529357,0.04914700,0.47450981,0.61568630,0.21861885,0.58065468,0.00160311,0.20805359,false,
5,5,dirty_positive/dirty_5_30.jpg,train,dirty_positive,clean_negative,false_negative,0.01125193,0.75,0.73874807,0.55509353,0.04373727,0.48235294,0.61176473,0.17668566,0.58337522,0.00105343,0.13853455,true,tmp\sourcewise_error_atlas\run_001\contact_sheets\source_5_false_negative.jpg
5,5,dirty_positive/dirty_5_31.jpg,train,dirty_positive,dirty_positive,true_positive,0.86577775,0.75,0.11577775,0.55069077,0.05177431,0.47843137,0.63137257,0.23424731,0.58887428,0.00243706,0.27522278,false,
5,5,dirty_positive/dirty_5_32.jpg,train,dirty_positive,clean_negative,false_negative,0.41091301,0.75,0.33908699,0.54913688,0.05075700,0.47450981,0.62352943,0.21989623,0.58487642,0.00172388,0.21955872,false,
5,5,dirty_positive/dirty_5_33.jpg,train,dirty_positive,dirty_positive,true_positive,0.83508593,0.75,0.08508593,0.55465579,0.08011723,0.47058824,0.71764708,0.25023645,0.59430099,0.00664875,0.43904114,false,
5,5,dirty_positive/dirty_5_34.jpg,train,dirty_positive,dirty_positive,true_positive,0.97965983,0.75,0.22965983,0.55207902,0.06495915,0.47843137,0.67843139,0.25927794,0.59412950,0.00463623,0.39637756,false,
5,5,dirty_positive/dirty_5_35.jpg,train,dirty_positive,dirty_positive,true_positive,0.93212195,0.75,0.18212195,0.54773831,0.05892916,0.47450981,0.64705884,0.24944915,0.58803195,0.00380286,0.35401917,false,
5,5,dirty_positive/dirty_5_36.jpg,train,dirty_positive,dirty_positive,true_positive,0.94238038,0.75,0.19238038,0.56190711,0.08367541,0.47450981,0.72941178,0.25238758,0.60277146,0.00661206,0.44294739,false,
5,5,dirty_positive/dirty_5_37.jpg,train,dirty_positive,dirty_positive,true_positive,0.77826400,0.75,0.02826400,0.53887904,0.04964174,0.47058824,0.61568630,0.23868516,0.57668066,0.00268624,0.29240417,false,
5,5,dirty_positive/dirty_5_38.jpg,train,dirty_positive,clean_negative,false_negative,0.44252640,0.75,0.30747360,0.54844642,0.04978415,0.47450981,0.61960787,0.21461225,0.58332705,0.00143484,0.19467163,false,
5,5,dirty_positive/dirty_5_39.jpg,train,dirty_positive,dirty_positive,true_positive,0.83923005,0.75,0.08923005,0.54630446,0.06629139,0.47058824,0.66274512,0.22471830,0.58068740,0.00478661,0.35890198,false,
5,5,dirty_positive/dirty_5_40.jpg,train,dirty_positive,clean_negative,false_negative,0.71845103,0.75,0.03154897,0.53871012,0.04853991,0.47058824,0.61568630,0.23421949,0.57581019,0.00240017,0.27241516,false,
5,5,dirty_positive/dirty_5_41.jpg,train,dirty_positive,dirty_positive,true_positive,0.83488828,0.75,0.08488828,0.55596596,0.08278884,0.47058824,0.72549021,0.22450905,0.58983469,0.00732168,0.44685364,false,
5,5,dirty_positive/dirty_5_42.jpg,train,dirty_positive,clean_negative,false_negative,0.45484211,0.75,0.29515789,0.55440760,0.06514203,0.47450981,0.67058825,0.19690961,0.58318889,0.00497563,0.34587097,false,
5,5,dirty_positive/dirty_5_43.jpg,train,dirty_positive,dirty_positive,true_positive,0.79629293,0.75,0.04629293,0.54372394,0.05911304,0.47058824,0.63529414,0.21915847,0.57718182,0.00365766,0.31323242,false,
5,5,dirty_positive/dirty_5_44.jpg,train,dirty_positive,dirty_positive,true_positive,0.86726863,0.75,0.11726863,0.54070222,0.05690353,0.47058824,0.63137257,0.23040636,0.57640684,0.00381037,0.32466125,false,
5,5,dirty_positive/dirty_5_45.jpg,train,dirty_positive,clean_negative,false_negative,0.15625907,0.75,0.59374093,0.72993600,0.08476092,0.61568630,0.89019608,0.10734577,0.74754131,0.00984975,0.66531372,true,tmp\sourcewise_error_atlas\run_001\contact_sheets\source_5_false_negative.jpg
5,5,dirty_positive/dirty_5_46.jpg,train,dirty_positive,clean_negative,false_negative,0.19703407,0.75,0.55296593,0.71660179,0.08912981,0.59607846,0.88627452,0.13136405,0.73782903,0.01089535,0.68446350,true,tmp\sourcewise_error_atlas\run_001\contact_sheets\source_5_false_negative.jpg
5,5,dirty_positive/dirty_5_47.jpg,train,dirty_positive,dirty_positive,true_positive,0.90327531,0.75,0.15327531,0.73025012,0.08538880,0.61568630,0.89411765,0.10542136,0.74803489,0.00868533,0.63456726,false,
5,5,dirty_positive/dirty_5_48.jpg,train,dirty_positive,clean_negative,false_negative,0.12718570,0.75,0.62281430,0.73224938,0.08492099,0.61960787,0.89803922,0.10133608,0.74856329,0.01035191,0.67607117,true,tmp\sourcewise_error_atlas\run_001\contact_sheets\source_5_false_negative.jpg
5,5,dirty_positive/dirty_5_49.jpg,train,dirty_positive,dirty_positive,true_positive,0.91094138,0.75,0.16094138,0.63108742,0.08549207,0.50980395,0.78823531,0.19296290,0.66102195,0.01094568,0.58987427,false,
5,5,dirty_positive/dirty_5_50.jpg,train,dirty_positive,dirty_positive,true_positive,0.89096056,0.75,0.14096056,0.62384361,0.08560886,0.50980395,0.78431374,0.19620469,0.65413582,0.01135906,0.58651733,false,
5,5,dirty_positive/dirty_5_51.jpg,train,dirty_positive,dirty_positive,true_positive,0.93092820,0.75,0.18092820,0.66700125,0.08968684,0.52941179,0.83921570,0.16851383,0.69330049,0.01143281,0.62481689,false,
5,5,dirty_positive/dirty_5_52.jpg,train,dirty_positive,dirty_positive,true_positive,0.77199719,0.75,0.02199719,0.63818991,0.07921989,0.52156866,0.77647060,0.18312594,0.66669971,0.00903905,0.57231140,false,
5,5,dirty_positive/dirty_5_53.jpg,train,dirty_positive,clean_negative,false_negative,0.53383255,0.75,0.21616745,0.59791714,0.08516996,0.49803922,0.76470590,0.19501588,0.62698066,0.01081335,0.56695557,false,
5,5,dirty_positive/dirty_5_54.jpg,train,dirty_positive,clean_negative,false_negative,0.60899287,0.75,0.14100713,0.61828208,0.08196602,0.51372552,0.77254903,0.18220025,0.64610195,0.00965474,0.57658386,false,
5,5,dirty_positive/dirty_5_55.jpg,train,dirty_positive,clean_negative,false_negative,0.20079573,0.75,0.54920427,0.58176064,0.07315412,0.49019608,0.72549021,0.18241052,0.60790461,0.00735132,0.46043396,false,
5,5,dirty_positive/dirty_5_56.jpg,train,dirty_positive,clean_negative,false_negative,0.25315486,0.75,0.49684514,0.59720314,0.08026948,0.50196081,0.75294119,0.18424977,0.62428856,0.00877574,0.51972961,false,
5,5,dirty_positive/dirty_5_57.jpg,train,dirty_positive,clean_negative,false_negative,0.42068252,0.75,0.32931748,0.62720084,0.08339696,0.52156866,0.78431374,0.17549822,0.65410268,0.00988678,0.58898926,false,
5,5,dirty_positive/dirty_5_58.jpg,train,dirty_positive,clean_negative,false_negative,0.22334395,0.75,0.52665605,0.61896896,0.08325610,0.52156866,0.78039217,0.16152757,0.64270335,0.00894235,0.53984070,false,
5,5,dirty_positive/dirty_5_59.jpg,train,dirty_positive,dirty_positive,true_positive,0.88746017,0.75,0.13746017,0.63088226,0.08232188,0.52156866,0.78431374,0.17825516,0.65843868,0.00984710,0.59638977,false,
5,5,dirty_positive/dirty_5_60.jpg,train,dirty_positive,clean_negative,false_negative,0.73198932,0.75,0.01801068,0.61692673,0.08484903,0.51372552,0.78039217,0.17068338,0.64232695,0.00977235,0.56234741,false,
5,5,dirty_positive/dirty_5_61.jpg,train,dirty_positive,dirty_positive,true_positive,0.95185618,0.75,0.20185618,0.66372859,0.07563628,0.54901963,0.80000001,0.16218777,0.68896562,0.00970973,0.59854126,false,
5,5,dirty_positive/dirty_5_62.jpg,train,dirty_positive,clean_negative,false_negative,0.73823574,0.75,0.01176426,0.63070333,0.08096782,0.51764709,0.77647060,0.18819287,0.65985894,0.00964518,0.57585144,false,
5,5,dirty_positive/dirty_5_63.jpg,train,dirty_positive,dirty_positive,true_positive,0.82223943,0.75,0.07223943,0.68468034,0.07569172,0.57647061,0.82745099,0.14291227,0.70695400,0.01105899,0.64103699,false,
5,5,dirty_positive/dirty_5_64.jpg,train,dirty_positive,dirty_positive,true_positive,0.93452431,0.75,0.18452431,0.67083335,0.07776885,0.55686277,0.81568629,0.15508579,0.69503438,0.01046520,0.62832642,false,
5,5,dirty_positive/dirty_5_65.jpg,train,dirty_positive,clean_negative,false_negative,0.21979448,0.75,0.53020552,0.71937978,0.07750120,0.61960787,0.87450981,0.07835993,0.73223352,0.01208778,0.65014648,false,
5,5,dirty_positive/dirty_5_66.jpg,train,dirty_positive,clean_negative,false_negative,0.15909545,0.75,0.59090455,0.70871663,0.07541353,0.61960787,0.86666667,0.06038041,0.72116309,0.01124019,0.54798889,true,tmp\sourcewise_error_atlas\run_001\contact_sheets\source_5_false_negative.jpg
5,5,dirty_positive/dirty_5_67.jpg,train,dirty_positive,clean_negative,false_negative,0.22365618,0.75,0.52634382,0.72510225,0.08101974,0.63137257,0.89019608,0.05933407,0.73645556,0.01113163,0.59407043,false,
5,5,dirty_positive/dirty_5_68.jpg,train,dirty_positive,clean_negative,false_negative,0.44541604,0.75,0.30458396,0.70508724,0.06985372,0.61568630,0.84313726,0.10544817,0.72104335,0.01237652,0.64953613,false,
5,5,dirty_positive/dirty_5_69.jpg,train,dirty_positive,dirty_positive,true_positive,0.84511627,0.75,0.09511627,0.68763226,0.07291266,0.58823532,0.82745099,0.13743341,0.70894921,0.01157667,0.64382935,false,
5,5,dirty_positive/dirty_5_70.jpg,train,dirty_positive,dirty_positive,true_positive,0.77986913,0.75,0.02986913,0.70374072,0.07003663,0.61568630,0.84313726,0.11470918,0.72143227,0.01278129,0.65420532,false,
5,5,dirty_positive/dirty_5_71.jpg,train,dirty_positive,clean_negative,false_negative,0.71282892,0.75,0.03717108,0.70443308,0.07027970,0.61568630,0.84705883,0.11417937,0.72207135,0.01278400,0.65423584,false,
5,5,dirty_positive/dirty_5_72.jpg,train,dirty_positive,dirty_positive,true_positive,0.92093269,0.75,0.17093269,0.69632661,0.07337641,0.60000002,0.84313726,0.12415580,0.71509826,0.01183037,0.64682007,false,
5,5,dirty_positive/dirty_5_73.jpg,train,dirty_positive,clean_negative,false_negative,0.64595931,0.75,0.10404069,0.66561651,0.08285289,0.54901963,0.81960785,0.15218614,0.68957359,0.01059922,0.65254211,false,
5,5,dirty_positive/dirty_5_74.jpg,train,dirty_positive,clean_negative,false_negative,0.71791494,0.75,0.03208506,0.64223516,0.08480226,0.53725493,0.80392158,0.15290439,0.66533017,0.00968882,0.59774780,false,
5,5,dirty_positive/dirty_5_75.jpg,train,dirty_positive,dirty_positive,true_positive,0.84041168,0.75,0.09041168,0.69494486,0.07588061,0.58823532,0.83921570,0.13926470,0.71725988,0.01159093,0.68066406,false,
5,5,dirty_positive/dirty_5_76.jpg,train,dirty_positive,clean_negative,false_negative,0.51106317,0.75,0.23893683,0.66895485,0.08385935,0.54901963,0.82352942,0.15097848,0.69279230,0.01050017,0.65557861,false,
5,5,dirty_positive/dirty_5_77.jpg,train,dirty_positive,dirty_positive,true_positive,0.85856928,0.75,0.10856928,0.69034505,0.07518423,0.58431375,0.83529413,0.13886786,0.71209288,0.01143494,0.65330505,false,
5,5,dirty_positive/dirty_5_78.jpg,train,dirty_positive,clean_negative,false_negative,0.61614380,0.75,0.13385620,0.66440517,0.08041061,0.54901963,0.81568629,0.15808292,0.68926471,0.01080823,0.64363098,false,
5,5,dirty_positive/dirty_5_79.jpg,train,dirty_positive,clean_negative,false_negative,0.18740099,0.75,0.56259901,0.69222069,0.07675414,0.58039218,0.83921570,0.13937600,0.71440196,0.01151338,0.67160034,true,tmp\sourcewise_error_atlas\run_001\contact_sheets\source_5_false_negative.jpg
5,5,dirty_positive/dirty_5_80.jpg,train,dirty_positive,dirty_positive,true_positive,0.86354472,0.75,0.11354472,0.69803131,0.07477675,0.59215689,0.84313726,0.13762070,0.72006679,0.01167366,0.68072510,false,
5,5,dirty_positive/dirty_5_81.jpg,train,dirty_positive,dirty_positive,true_positive,0.93461862,0.75,0.18461862,0.67120582,0.08548648,0.54901963,0.83137256,0.16835341,0.69872767,0.01138937,0.69932556,false,
5,5,dirty_positive/dirty_5_82.jpg,train,dirty_positive,clean_negative,false_negative,0.56576004,0.75,0.18423996,0.69159484,0.07956896,0.57254905,0.83921570,0.14450900,0.71473277,0.01203836,0.68769836,false,
5,5,dirty_positive/dirty_5_83.jpg,train,dirty_positive,clean_negative,false_negative,0.46760186,0.75,0.28239814,0.67021441,0.08520933,0.54901963,0.82745099,0.16890512,0.69784081,0.01141578,0.69711304,false,
5,5,dirty_positive/dirty_5_84.jpg,train,dirty_positive,clean_negative,false_negative,0.49626140,0.75,0.25373860,0.68194330,0.08216807,0.56470591,0.83529413,0.15708403,0.70759243,0.01135901,0.70362854,false,
5,5,dirty_positive/dirty_5_85.jpg,train,dirty_positive,clean_negative,false_negative,0.29682424,0.75,0.45317576,0.69702423,0.09966953,0.52941179,0.87450981,0.12753943,0.71689135,0.00986714,0.64593506,false,
5,5,dirty_positive/dirty_5_86.jpg,train,dirty_positive,dirty_positive,true_positive,0.99745360,0.75,0.24745360,0.68253088,0.09055023,0.55294120,0.85490197,0.14383653,0.70548046,0.01095957,0.67292786,true,tmp\sourcewise_error_atlas\run_001\contact_sheets\source_5_true_positive.jpg
5,5,dirty_positive/dirty_5_87.jpg,train,dirty_positive,dirty_positive,true_positive,0.99579811,0.75,0.24579811,0.70675564,0.10330191,0.52156866,0.87843138,0.12126843,0.72583067,0.00799678,0.59596252,true,tmp\sourcewise_error_atlas\run_001\contact_sheets\source_5_true_positive.jpg
5,5,dirty_positive/dirty_5_88.jpg,train,dirty_positive,clean_negative,false_negative,0.15584498,0.75,0.59415502,0.70480168,0.10086337,0.52549022,0.87843138,0.12053134,0.72354376,0.00917121,0.62265015,true,tmp\sourcewise_error_atlas\run_001\contact_sheets\source_5_false_negative.jpg
5,5,dirty_positive/dirty_5_89.jpg,train,dirty_positive,clean_negative,false_negative,0.16770114,0.75,0.58229886,0.58558929,0.10066810,0.47058824,0.77254903,0.17114709,0.61189461,0.00514573,0.49113464,true,tmp\sourcewise_error_atlas\run_001\contact_sheets\source_5_false_negative.jpg
5,5,dirty_positive/dirty_5_90.jpg,train,dirty_positive,dirty_positive,true_positive,0.75202976,0.75,0.00202976,0.62723434,0.09129091,0.49019608,0.79607844,0.17180189,0.65451729,0.00882388,0.64846802,false,
5,5,dirty_positive/dirty_5_91.jpg,train,dirty_positive,clean_negative,false_negative,0.32565111,0.75,0.42434889,0.58373821,0.10083313,0.46666667,0.77254903,0.18013665,0.61140394,0.00579818,0.50868225,false,
5,5,dirty_positive/dirty_5_92.jpg,train,dirty_positive,clean_negative,false_negative,0.13934345,0.75,0.61065655,0.56879878,0.09551648,0.47058824,0.74901962,0.17403565,0.59523129,0.00391198,0.42466736,true,tmp\sourcewise_error_atlas\run_001\contact_sheets\source_5_false_negative.jpg
5,5,dirty_positive/dirty_5_93.jpg,train,dirty_positive,clean_negative,false_negative,0.49360961,0.75,0.25639039,0.55742127,0.08361305,0.47058824,0.73333335,0.16389441,0.58157444,0.00394238,0.38752747,false,
5,5,dirty_positive/dirty_5_94.jpg,train,dirty_positive,clean_negative,false_negative,0.06456818,0.75,0.68543182,0.54387254,0.06063461,0.47450981,0.66274512,0.13676345,0.56370509,0.00256062,0.25321960,true,tmp\sourcewise_error_atlas\run_001\contact_sheets\source_5_false_negative.jpg
5,5,dirty_positive/dirty_5_95.jpg,train,dirty_positive,clean_negative,false_negative,0.15285029,0.75,0.59714971,0.56752282,0.08846167,0.47058824,0.74509805,0.16790856,0.59243274,0.00491573,0.45172119,true,tmp\sourcewise_error_atlas\run_001\contact_sheets\source_5_false_negative.jpg
5,5,dirty_positive/dirty_5_96.jpg,train,dirty_positive,clean_negative,false_negative,0.08885032,0.75,0.66114968,0.53588283,0.06746937,0.47058824,0.67843139,0.16781911,0.56065470,0.00291918,0.30189514,true,tmp\sourcewise_error_atlas\run_001\contact_sheets\source_5_false_negative.jpg
5,5,dirty_positive/dirty_5_97.jpg,train,dirty_positive,clean_negative,false_negative,0.00905054,0.75,0.74094946,0.68707252,0.10798565,0.54117650,0.88235295,0.07653725,0.70308387,0.00996195,0.56860352,true,tmp\sourcewise_error_atlas\run_001\contact_sheets\source_5_false_negative.jpg
5,5,dirty_positive/dirty_5_98.jpg,train,dirty_positive,clean_negative,false_negative,0.07147574,0.75,0.67852426,0.69077122,0.10451717,0.54509807,0.88235295,0.08046773,0.70765376,0.00913071,0.54518127,true,tmp\sourcewise_error_atlas\run_001\contact_sheets\source_5_false_negative.jpg
5,5,dirty_positive/dirty_5_99.jpg,train,dirty_positive,clean_negative,false_negative,0.00889406,0.75,0.74110594,0.67279470,0.10227425,0.54509807,0.86666667,0.07345312,0.69084239,0.00788569,0.45111084,true,tmp\sourcewise_error_atlas\run_001\contact_sheets\source_5_false_negative.jpg
5,5,dirty_positive/dirty_5_100.jpg,train,dirty_positive,clean_negative,false_negative,0.02597635,0.75,0.72402365,0.68629664,0.10790683,0.54117650,0.88235295,0.07609564,0.70243752,0.00982134,0.56062317,true,tmp\sourcewise_error_atlas\run_001\contact_sheets\source_5_false_negative.jpg
6,6,clean_negative/clean_6_1.jpg,train,clean_negative,clean_negative,true_negative,0.00033763,0.25,0.24966237,0.70488757,0.04464766,0.67450982,0.80784315,0.05032648,0.72296154,0.00127010,0.10128784,true,tmp\sourcewise_error_atlas\run_001\contact_sheets\source_6_true_negative.jpg
6,6,clean_negative/clean_6_2.jpg,train,clean_negative,clean_negative,true_negative,0.00450873,0.25,0.24549127,0.71391273,0.05057818,0.67843139,0.83137256,0.05171449,0.73110789,0.00148697,0.15660095,true,tmp\sourcewise_error_atlas\run_001\contact_sheets\source_6_true_negative.jpg
6,6,clean_negative/clean_6_3.jpg,train,clean_negative,clean_negative,true_negative,0.07892608,0.25,0.17107392,0.72461236,0.06072355,0.67058825,0.85882354,0.05502810,0.74075079,0.00168133,0.22676086,false,
6,6,clean_negative/clean_6_4.jpg,train,clean_negative,clean_negative,true_negative,0.15872288,0.25,0.09127712,0.72963274,0.06512530,0.64705884,0.86666667,0.05991912,0.74447942,0.00180575,0.28273010,false,
6,6,clean_negative/clean_6_5.jpg,train,clean_negative,dirty_positive,false_positive,0.75694775,0.25,0.50694775,0.72817260,0.07036311,0.62745100,0.87058824,0.07017134,0.74300933,0.00205879,0.33399963,true,tmp\sourcewise_error_atlas\run_001\contact_sheets\source_6_false_positive.jpg
6,6,clean_negative/clean_6_6.jpg,train,clean_negative,dirty_positive,false_positive,0.71166442,0.25,0.46166442,0.72320747,0.07459149,0.61960787,0.87058824,0.08399384,0.73919737,0.00230198,0.37272644,true,tmp\sourcewise_error_atlas\run_001\contact_sheets\source_6_false_positive.jpg
6,6,clean_negative/clean_6_7.jpg,train,clean_negative,dirty_positive,false_positive,0.67857113,0.25,0.42857113,0.71469039,0.07889452,0.60392159,0.86274511,0.10245302,0.73279160,0.00244043,0.39306641,true,tmp\sourcewise_error_atlas\run_001\contact_sheets\source_6_false_positive.jpg
6,6,clean_negative/clean_6_8.jpg,train,clean_negative,dirty_positive,false_positive,0.64325533,0.25,0.39325533,0.70915800,0.07779224,0.60000002,0.85490197,0.11213008,0.72824764,0.00306020,0.43112183,false,
6,6,clean_negative/clean_6_9.jpg,train,clean_negative,dirty_positive,false_positive,0.49837395,0.25,0.24837395,0.69879699,0.08026746,0.58431375,0.84705883,0.12501490,0.72026634,0.00351453,0.46279907,false,
6,6,clean_negative/clean_6_10.jpg,train,clean_negative,dirty_positive,false_positive,0.30109122,0.25,0.05109122,0.68906909,0.08255107,0.56862748,0.83921570,0.13195914,0.71220267,0.00438764,0.46160889,false,
6,6,clean_negative/clean_6_11.jpg,train,clean_negative,dirty_positive,false_positive,0.46648419,0.25,0.21648419,0.67429334,0.08977271,0.53725493,0.83529413,0.14500147,0.70000619,0.00440558,0.44136047,false,
6,6,clean_negative/clean_6_12.jpg,train,clean_negative,dirty_positive,false_positive,0.27200276,0.25,0.02200276,0.66099936,0.09444553,0.52156866,0.82745099,0.15082902,0.68779123,0.00441855,0.42875671,false,
6,6,clean_negative/clean_6_13.jpg,train,clean_negative,clean_negative,true_negative,0.24106195,0.25,0.00893805,0.64592922,0.09049883,0.51372552,0.80392158,0.15433010,0.67344254,0.00431357,0.39097595,false,
6,6,clean_negative/clean_6_14.jpg,train,clean_negative,dirty_positive,false_positive,0.63196345,0.25,0.38196345,0.63147962,0.08421433,0.50980395,0.75294119,0.15548150,0.65909100,0.00394117,0.32768250,false,
6,6,clean_negative/clean_6_15.jpg,train,clean_negative,dirty_positive,false_positive,0.66895005,0.25,0.41895005,0.62459636,0.07838883,0.50980395,0.74509805,0.15071088,0.65106583,0.00339486,0.28375244,false,
6,6,clean_negative/clean_6_16.jpg,train,clean_negative,dirty_positive,false_positive,0.69975622,0.25,0.44975622,0.63267684,0.07598821,0.50980395,0.74117649,0.13120292,0.65561736,0.00342449,0.28652954,true,tmp\sourcewise_error_atlas\run_001\contact_sheets\source_6_false_positive.jpg
6,6,clean_negative/clean_6_17.jpg,train,clean_negative,dirty_positive,false_positive,0.81109394,0.25,0.56109394,0.64395505,0.07102842,0.52549022,0.75294119,0.10724381,0.66284937,0.00375867,0.29360962,true,tmp\sourcewise_error_atlas\run_001\contact_sheets\source_6_false_positive.jpg
6,6,clean_negative/clean_6_18.jpg,train,clean_negative,dirty_positive,false_positive,0.84857271,0.25,0.59857271,0.65113956,0.06961810,0.54117650,0.77254903,0.08833367,0.66677654,0.00378315,0.26696777,true,tmp\sourcewise_error_atlas\run_001\contact_sheets\source_6_false_positive.jpg
6,6,clean_negative/clean_6_19.jpg,train,clean_negative,dirty_positive,false_positive,0.84257083,0.25,0.59257083,0.65233791,0.06732145,0.55686277,0.77254903,0.07590465,0.66571689,0.00352862,0.23243713,true,tmp\sourcewise_error_atlas\run_001\contact_sheets\source_6_false_positive.jpg
6,6,clean_negative/clean_6_20.jpg,train,clean_negative,dirty_positive,false_positive,0.34100528,0.25,0.09100528,0.66544557,0.08169700,0.54901963,0.81960785,0.15577167,0.69238716,0.00523361,0.47819519,false,
6,6,clean_negative/clean_6_21.jpg,train,clean_negative,dirty_positive,false_positive,0.55999860,0.25,0.30999860,0.64756638,0.08780612,0.52156866,0.81176472,0.17439511,0.67775357,0.00495883,0.46028137,false,
6,6,clean_negative/clean_6_22.jpg,train,clean_negative,clean_negative,true_negative,0.23987336,0.25,0.01012664,0.63254255,0.09343697,0.50588238,0.80784315,0.18589509,0.66441590,0.00495954,0.45256042,false,
6,6,clean_negative/clean_6_23.jpg,train,clean_negative,clean_negative,true_negative,0.19166894,0.25,0.05833106,0.61461788,0.08868045,0.49803922,0.77647060,0.19638517,0.64819801,0.00434999,0.41741943,false,
6,6,clean_negative/clean_6_24.jpg,train,clean_negative,dirty_positive,false_positive,0.40579460,0.25,0.15579460,0.59900546,0.08246642,0.49019608,0.73333335,0.20332834,0.63354433,0.00369706,0.35777283,false,
6,6,clean_negative/clean_6_25.jpg,train,clean_negative,dirty_positive,false_positive,0.36775635,0.25,0.11775635,0.59380436,0.07669789,0.48627451,0.70980394,0.19945525,0.62758577,0.00311206,0.31675720,false,
6,6,clean_negative/clean_6_26.jpg,train,clean_negative,clean_negative,true_negative,0.00140010,0.25,0.24859990,0.71493661,0.05710953,0.67058825,0.84313726,0.05027777,0.73140234,0.00107237,0.16540527,true,tmp\sourcewise_error_atlas\run_001\contact_sheets\source_6_true_negative.jpg
6,6,clean_negative/clean_6_27.jpg,train,clean_negative,clean_negative,true_negative,0.01435336,0.25,0.23564664,0.72355175,0.06082313,0.67450982,0.85490197,0.05639002,0.73966157,0.00133224,0.22883606,false,
6,6,clean_negative/clean_6_28.jpg,train,clean_negative,dirty_positive,false_positive,0.35855821,0.25,0.10855821,0.73189509,0.06984003,0.64705884,0.87450981,0.06440011,0.74744344,0.00158017,0.30329895,false,
6,6,clean_negative/clean_6_29.jpg,train,clean_negative,dirty_positive,false_positive,0.39897212,0.25,0.14897212,0.72908831,0.07332616,0.62745100,0.87450981,0.07453231,0.74446094,0.00172050,0.33612061,false,
6,6,clean_negative/clean_6_30.jpg,train,clean_negative,dirty_positive,false_positive,0.72074938,0.25,0.47074938,0.71943021,0.07429729,0.61568630,0.86274511,0.08775768,0.73571229,0.00236777,0.37226868,true,tmp\sourcewise_error_atlas\run_001\contact_sheets\source_6_false_positive.jpg
6,6,clean_negative/clean_6_31.jpg,train,clean_negative,dirty_positive,false_positive,0.62522393,0.25,0.37522393,0.70707089,0.07696426,0.60392159,0.85490197,0.10580966,0.72567850,0.00265411,0.38787842,false,
6,6,clean_negative/clean_6_32.jpg,train,clean_negative,dirty_positive,false_positive,0.57837064,0.25,0.32837064,0.69282919,0.08160561,0.58039218,0.84705883,0.12661302,0.71442711,0.00287506,0.39775085,false,
6,6,clean_negative/clean_6_33.jpg,train,clean_negative,dirty_positive,false_positive,0.53473811,0.25,0.28473811,0.68545735,0.07714925,0.57647061,0.82745099,0.13416043,0.70810157,0.00408939,0.43188477,false,
6,6,clean_negative/clean_6_34.jpg,train,clean_negative,dirty_positive,false_positive,0.44223677,0.25,0.19223677,0.67324448,0.07680491,0.56470591,0.81960785,0.14816356,0.69870323,0.00473659,0.47026062,false,
6,6,clean_negative/clean_6_35.jpg,train,clean_negative,dirty_positive,false_positive,0.28077268,0.25,0.03077268,0.59961271,0.08042692,0.48627451,0.72941178,0.18697050,0.63121665,0.00311147,0.32635498,false,
6,6,clean_negative/clean_6_36.jpg,train,clean_negative,dirty_positive,false_positive,0.39999802,0.25,0.14999802,0.61811686,0.08108325,0.49019608,0.75686276,0.15578783,0.64463431,0.00363083,0.35589600,false,
6,6,clean_negative/clean_6_37.jpg,train,clean_negative,dirty_positive,false_positive,0.55735655,0.25,0.30735655,0.63163978,0.08029267,0.50196081,0.77647060,0.12956837,0.65383065,0.00391111,0.34385681,false,
6,6,clean_negative/clean_6_38.jpg,train,clean_negative,dirty_positive,false_positive,0.62466598,0.25,0.37466598,0.63536865,0.07578130,0.51372552,0.77647060,0.11173163,0.65446568,0.00363712,0.30773926,false,
6,6,clean_negative/clean_6_39.jpg,train,clean_negative,dirty_positive,false_positive,0.49116840,0.25,0.24116840,0.66940284,0.07640205,0.56470591,0.81568629,0.15150356,0.69545627,0.00495190,0.47042847,false,
6,6,clean_negative/clean_6_40.jpg,train,clean_negative,dirty_positive,false_positive,0.40072720,0.25,0.15072720,0.66576815,0.07602125,0.55686277,0.81176472,0.15509009,0.69253218,0.00501565,0.47384644,false,
6,6,clean_negative/clean_6_41.jpg,train,clean_negative,dirty_positive,false_positive,0.38039652,0.25,0.13039652,0.73335272,0.07210372,0.64313728,0.88235295,0.06604363,0.74884480,0.00168567,0.31602478,false,
6,6,clean_negative/clean_6_42.jpg,train,clean_negative,dirty_positive,false_positive,0.41727512,0.25,0.16727512,0.72879958,0.07474805,0.62745100,0.87450981,0.07677643,0.74427342,0.00185749,0.34690857,false,
6,6,clean_negative/clean_6_43.jpg,train,clean_negative,dirty_positive,false_positive,0.72241689,0.25,0.47241689,0.71816039,0.07525851,0.61568630,0.86274511,0.09017424,0.73463821,0.00251737,0.38131714,true,tmp\sourcewise_error_atlas\run_001\contact_sheets\source_6_false_positive.jpg
6,6,clean_negative/clean_6_44.jpg,train,clean_negative,dirty_positive,false_positive,0.62037099,0.25,0.37037099,0.70455706,0.07770687,0.60000002,0.85490197,0.10915366,0.72361565,0.00278244,0.39292908,false,
6,6,clean_negative/clean_6_45.jpg,train,clean_negative,dirty_positive,false_positive,0.55324748,0.25,0.30324748,0.68902659,0.08182912,0.57647061,0.84705883,0.13058043,0.71126127,0.00297731,0.39694214,false,
6,6,clean_negative/clean_6_46.jpg,train,clean_negative,dirty_positive,false_positive,0.50537595,0.25,0.25537595,0.68147039,0.07704962,0.57254905,0.82745099,0.13765565,0.70473790,0.00426962,0.43273926,false,
6,6,clean_negative/clean_6_47.jpg,train,clean_negative,clean_negative,true_negative,0.04186009,0.25,0.20813991,0.73098838,0.06681465,0.67058825,0.87058824,0.05721316,0.74594617,0.00192960,0.28498840,false,
6,6,clean_negative/clean_6_48.jpg,train,clean_negative,clean_negative,true_negative,0.00718058,0.25,0.24281942,0.72683597,0.06703410,0.66666669,0.86666667,0.05047081,0.74182314,0.00168319,0.24096680,false,
6,6,clean_negative/clean_6_49.jpg,train,clean_negative,dirty_positive,false_positive,0.33551681,0.25,0.08551681,0.57732737,0.08271836,0.47058824,0.72941178,0.22726388,0.61529392,0.00357592,0.37100220,false,
6,6,clean_negative/clean_6_50.jpg,train,clean_negative,dirty_positive,false_positive,0.28925395,0.25,0.03925395,0.59512186,0.08736865,0.47450981,0.75686276,0.19873436,0.62861490,0.00410766,0.40908813,false,
6,6,clean_negative/clean_6_51.jpg,train,clean_negative,dirty_positive,false_positive,0.28770786,0.25,0.03770786,0.61522853,0.09303062,0.48235294,0.79215688,0.16795129,0.64373219,0.00477009,0.41979980,false,
6,6,clean_negative/clean_6_52.jpg,train,clean_negative,dirty_positive,false_positive,0.37405687,0.25,0.12405687,0.62189674,0.08878103,0.49411765,0.79607844,0.14661065,0.64685261,0.00472121,0.39465332,false,
6,6,clean_negative/clean_6_53.jpg,train,clean_negative,clean_negative,true_negative,0.01072724,0.25,0.23927276,0.73936903,0.07759478,0.66274512,0.89411765,0.05004464,0.75299662,0.00219959,0.32292175,false,
6,6,clean_negative/clean_6_54.jpg,train,clean_negative,clean_negative,true_negative,0.04534793,0.25,0.20465207,0.74548912,0.07661591,0.66274512,0.89411765,0.05752701,0.75887167,0.00252419,0.38002014,false,
6,6,clean_negative/clean_6_55.jpg,train,clean_negative,dirty_positive,false_positive,0.54363045,0.25,0.29363045,0.56226158,0.08127934,0.46274510,0.72156864,0.25260842,0.60387218,0.00421039,0.39678955,false,
6,6,clean_negative/clean_6_56.jpg,train,clean_negative,dirty_positive,false_positive,0.52640245,0.25,0.27640245,0.58009166,0.08918564,0.46666667,0.75294119,0.22627565,0.61770427,0.00448024,0.43685913,false,
6,6,clean_negative/clean_6_57.jpg,train,clean_negative,dirty_positive,false_positive,0.31023890,0.25,0.06023890,0.60559040,0.09810537,0.47450981,0.79607844,0.19116913,0.63768494,0.00565138,0.48097229,false,
6,6,clean_negative/clean_6_58.jpg,train,clean_negative,dirty_positive,false_positive,0.36247649,0.25,0.11247649,0.61263669,0.09460046,0.48235294,0.79607844,0.16949153,0.64132452,0.00558160,0.46276855,false,
6,6,clean_negative/clean_6_59.jpg,train,clean_negative,clean_negative,true_negative,0.00497288,0.25,0.24502712,0.74560595,0.08415364,0.65490198,0.90980393,0.04981971,0.75865752,0.00250794,0.36317444,true,tmp\sourcewise_error_atlas\run_001\contact_sheets\source_6_true_negative.jpg
6,6,clean_negative/clean_6_60.jpg,train,clean_negative,clean_negative,true_negative,0.00840250,0.25,0.24159750,0.75272655,0.08273579,0.65490198,0.91372550,0.05781729,0.76556218,0.00291121,0.42367554,false,
6,6,clean_negative/clean_6_61.jpg,train,clean_negative,dirty_positive,false_positive,0.57838683,0.25,0.32838683,0.55555803,0.07772968,0.45882353,0.70588237,0.25968975,0.59810305,0.00475309,0.41558838,false,
6,6,clean_negative/clean_6_62.jpg,train,clean_negative,dirty_positive,false_positive,0.56116118,0.25,0.31116118,0.57277858,0.08629031,0.46274510,0.74509805,0.23426102,0.61147285,0.00511377,0.45399475,false,
6,6,clean_negative/clean_6_63.jpg,train,clean_negative,dirty_positive,false_positive,0.33237927,0.25,0.08237927,0.59871650,0.09626820,0.47450981,0.78823531,0.19921014,0.63204974,0.00640969,0.50349426,false,
6,6,clean_negative/clean_6_64.jpg,train,clean_negative,dirty_positive,false_positive,0.39300701,0.25,0.14300701,0.60503078,0.09287208,0.48235294,0.78823531,0.17888477,0.63525999,0.00618620,0.48913574,false,
6,6,clean_negative/clean_6_65.jpg,train,clean_negative,dirty_positive,false_positive,0.55221668,0.25,0.30221668,0.55721658,0.07391330,0.45882353,0.69411767,0.25313646,0.59841043,0.00556242,0.44993591,false,
6,6,clean_negative/clean_6_66.jpg,train,clean_negative,dirty_positive,false_positive,0.54784181,0.25,0.29784181,0.57285571,0.08187293,0.46274510,0.72941178,0.22960889,0.61060953,0.00592643,0.48234558,false,
6,6,clean_negative/clean_6_67.jpg,train,clean_negative,clean_negative,true_negative,0.19539819,0.25,0.05460181,0.59365606,0.08895043,0.47450981,0.76470590,0.19789149,0.62667143,0.00698349,0.51820374,false,
6,6,clean_negative/clean_6_68.jpg,train,clean_negative,clean_negative,true_negative,0.24884632,0.25,0.00115368,0.59875524,0.08563007,0.48627451,0.76862746,0.17976603,0.62906414,0.00662699,0.49838257,false,
6,6,clean_negative/clean_6_69.jpg,train,clean_negative,dirty_positive,false_positive,0.56705785,0.25,0.31705785,0.56287313,0.07998091,0.45490196,0.71372551,0.23402335,0.60037053,0.00717863,0.52140808,false,
6,6,clean_negative/clean_6_70.jpg,train,clean_negative,dirty_positive,false_positive,0.44046896,0.25,0.19046896,0.57606477,0.08594768,0.45882353,0.73725492,0.21358943,0.61062568,0.00761135,0.54257202,false,
6,6,clean_negative/clean_6_71.jpg,train,clean_negative,clean_negative,true_negative,0.17455521,0.25,0.07544479,0.59149611,0.08917397,0.46666667,0.76470590,0.18584302,0.62201762,0.00798637,0.55201721,false,
6,6,clean_negative/clean_6_72.jpg,train,clean_negative,clean_negative,true_negative,0.18260722,0.25,0.06739278,0.59703839,0.08517741,0.48235294,0.76470590,0.16958721,0.62530547,0.00752104,0.52380371,false,
6,6,clean_negative/clean_6_73.jpg,train,clean_negative,dirty_positive,false_positive,0.42415908,0.25,0.17415908,0.56387472,0.08475114,0.44313726,0.71764708,0.21118900,0.59696162,0.00795262,0.56123352,false,
6,6,clean_negative/clean_6_74.jpg,train,clean_negative,dirty_positive,false_positive,0.26119262,0.25,0.01119262,0.57415080,0.09065279,0.44313726,0.74117649,0.19110796,0.60432523,0.00838721,0.56286621,false,
6,6,clean_negative/clean_6_75.jpg,train,clean_negative,clean_negative,true_negative,0.13010408,0.25,0.11989592,0.58355528,0.09012977,0.44705883,0.75294119,0.16644672,0.61020339,0.00821223,0.53916931,false,
6,6,clean_negative/clean_6_76.jpg,train,clean_negative,clean_negative,true_negative,0.15519459,0.25,0.09480541,0.58961082,0.08566800,0.45882353,0.75294119,0.15135936,0.61427158,0.00758342,0.49775696,false,
6,6,clean_negative/clean_6_77.jpg,train,clean_negative,dirty_positive,false_positive,0.29509043,0.25,0.04509043,0.54800832,0.08326247,0.42745098,0.69803923,0.21703827,0.58098662,0.00737706,0.52503967,false,
6,6,clean_negative/clean_6_78.jpg,train,clean_negative,dirty_positive,false_positive,0.29029191,0.25,0.04029191,0.54702270,0.08280376,0.42745098,0.69803923,0.21613646,0.57975709,0.00728170,0.52403259,false,
6,6,clean_negative/clean_6_79.jpg,train,clean_negative,dirty_positive,false_positive,0.28053748,0.25,0.03053748,0.55264491,0.08760747,0.42745098,0.71372551,0.20287322,0.58341193,0.00755561,0.53157043,false,
6,6,clean_negative/clean_6_80.jpg,train,clean_negative,clean_negative,true_negative,0.10936793,0.25,0.14063207,0.56380361,0.09582804,0.42745098,0.74117649,0.17506278,0.59038162,0.00828515,0.52856445,false,
6,6,clean_negative/clean_6_81.jpg,train,clean_negative,clean_negative,true_negative,0.04383753,0.25,0.20616247,0.56975591,0.09200543,0.43137255,0.73725492,0.15074027,0.59281826,0.00750843,0.47129822,false,
6,6,clean_negative/clean_6_82.jpg,train,clean_negative,clean_negative,true_negative,0.04723407,0.25,0.20276593,0.57657635,0.08678525,0.43137255,0.72941178,0.13472627,0.59749675,0.00663397,0.41445923,false,
6,6,clean_negative/clean_6_83.jpg,train,clean_negative,clean_negative,true_negative,0.18994107,0.25,0.06005893,0.53892684,0.08043160,0.42745098,0.68627453,0.20768039,0.56927985,0.00668265,0.48010254,false,
6,6,clean_negative/clean_6_84.jpg,train,clean_negative,clean_negative,true_negative,0.13904761,0.25,0.11095239,0.54320860,0.08478911,0.42745098,0.70196080,0.19468571,0.57161051,0.00665989,0.47212219,false,
6,6,clean_negative/clean_6_85.jpg,train,clean_negative,clean_negative,true_negative,0.03947715,0.25,0.21052285,0.55380285,0.09397092,0.42745098,0.73333335,0.16468866,0.57756984,0.00728969,0.45968628,false,
6,6,clean_negative/clean_6_86.jpg,train,clean_negative,clean_negative,true_negative,0.02377850,0.25,0.22622150,0.56089628,0.08972266,0.43137255,0.72549021,0.13814855,0.58079779,0.00621201,0.39488220,false,
6,6,clean_negative/clean_6_87.jpg,train,clean_negative,clean_negative,true_negative,0.02192123,0.25,0.22807877,0.57000941,0.08561396,0.43137255,0.72156864,0.11943163,0.58735323,0.00534103,0.33227539,false,
6,6,clean_negative/clean_6_88.jpg,train,clean_negative,clean_negative,true_negative,0.22579715,0.25,0.02420285,0.53263140,0.07530575,0.42745098,0.67058825,0.20015733,0.56079459,0.00611851,0.45297241,false,
6,6,clean_negative/clean_6_89.jpg,train,clean_negative,clean_negative,true_negative,0.11922950,0.25,0.13077050,0.53615081,0.07883983,0.42745098,0.68235296,0.18691294,0.56229067,0.00604239,0.43615723,false,
6,6,clean_negative/clean_6_90.jpg,train,clean_negative,clean_negative,true_negative,0.03170231,0.25,0.21829769,0.54355633,0.08546033,0.42745098,0.70980394,0.15730071,0.56510508,0.00627081,0.39671326,false,
6,6,clean_negative/clean_6_91.jpg,train,clean_negative,clean_negative,true_negative,0.01778270,0.25,0.23221730,0.55091977,0.08137766,0.43137255,0.70196080,0.12978217,0.56852698,0.00510374,0.31834412,false,
6,6,clean_negative/clean_6_92.jpg,train,clean_negative,clean_negative,true_negative,0.01367911,0.25,0.23632089,0.56127989,0.07803999,0.43137255,0.69411767,0.10943126,0.57612479,0.00419003,0.25024414,false,
6,6,clean_negative/clean_6_93.jpg,train,clean_negative,clean_negative,true_negative,0.11641773,0.25,0.13358227,0.52759230,0.06693283,0.42745098,0.63921571,0.18502396,0.55273169,0.00475256,0.36849976,false,
6,6,clean_negative/clean_6_94.jpg,train,clean_negative,clean_negative,true_negative,0.04206354,0.25,0.20793646,0.53055090,0.06744441,0.42745098,0.63921571,0.15679233,0.55143231,0.00442882,0.30421448,false,
6,6,clean_negative/clean_6_95.jpg,train,clean_negative,clean_negative,true_negative,0.01769572,0.25,0.23230428,0.53810501,0.06379295,0.43137255,0.62745100,0.12827341,0.55504054,0.00330139,0.21907043,false,
6,6,clean_negative/clean_6_96.jpg,train,clean_negative,clean_negative,true_negative,0.01027637,0.25,0.23972363,0.54834247,0.06192588,0.43137255,0.63529414,0.10664572,0.56238067,0.00245315,0.15280151,false,
6,6,clean_negative/clean_6_97.jpg,train,clean_negative,clean_negative,true_negative,0.13855710,0.25,0.11144290,0.71676457,0.07682455,0.63529414,0.87058824,0.06452769,0.73331356,0.00379286,0.42362976,false,
6,6,clean_negative/clean_6_98.jpg,train,clean_negative,dirty_positive,false_positive,0.28785372,0.25,0.03785372,0.52753824,0.06504162,0.43137255,0.63921571,0.20288087,0.55514365,0.00508051,0.41307068,false,
6,6,clean_negative/clean_6_99.jpg,train,clean_negative,dirty_positive,false_positive,0.36951643,0.25,0.11951643,0.56452435,0.07140625,0.47843137,0.69803923,0.22605664,0.59662879,0.00497152,0.34362793,false,
6,6,clean_negative/clean_6_100.jpg,train,clean_negative,dirty_positive,false_positive,0.34818567,0.25,0.09818567,0.55660725,0.07277162,0.47450981,0.69803923,0.22883362,0.58890176,0.00538731,0.37518311,false,
6,6,clean_negative/clean_6_101.jpg,train,clean_negative,dirty_positive,false_positive,0.42026430,0.25,0.17026430,0.54560131,0.07113196,0.46666667,0.67843139,0.23197933,0.57806987,0.00583943,0.39523315,false,
6,6,clean_negative/clean_6_102.jpg,train,clean_negative,dirty_positive,false_positive,0.46309140,0.25,0.21309140,0.53357702,0.06217074,0.45882353,0.64313728,0.23238575,0.56569868,0.00491780,0.40460205,false,
6,6,clean_negative/clean_6_103.jpg,train,clean_negative,dirty_positive,false_positive,0.74699532,0.25,0.49699532,0.53260946,0.06128601,0.45490196,0.64313728,0.22430983,0.56349695,0.00532302,0.44612122,true,tmp\sourcewise_error_atlas\run_001\contact_sheets\source_6_false_positive.jpg
6,6,clean_negative/clean_6_104.jpg,train,clean_negative,clean_negative,true_negative,0.12832405,0.25,0.12167595,0.72022551,0.07851727,0.63137257,0.87843138,0.06365877,0.73661256,0.00431862,0.44879150,false,
6,6,clean_negative/clean_6_105.jpg,train,clean_negative,dirty_positive,false_positive,0.37469361,0.25,0.12469361,0.56573105,0.07073212,0.48235294,0.69803923,0.22421499,0.59764570,0.00538907,0.35168457,false,
6,6,clean_negative/clean_6_106.jpg,train,clean_negative,dirty_positive,false_positive,0.32138503,0.25,0.07138503,0.55745745,0.07232017,0.47450981,0.69411767,0.22663468,0.58944488,0.00569540,0.37776184,false,
6,6,clean_negative/clean_6_107.jpg,train,clean_negative,dirty_positive,false_positive,0.54965421,0.25,0.29965421,0.54558206,0.07056702,0.46666667,0.67450982,0.23041150,0.57777095,0.00588748,0.39031982,false,
6,6,clean_negative/clean_6_108.jpg,train,clean_negative,dirty_positive,false_positive,0.52081178,0.25,0.27081178,0.53287232,0.06208448,0.45882353,0.64313728,0.23155394,0.56480843,0.00488446,0.39401245,false,
6,6,clean_negative/clean_6_109.jpg,train,clean_negative,dirty_positive,false_positive,0.49915941,0.25,0.24915941,0.53153187,0.06009544,0.45098040,0.63529414,0.22434880,0.56235039,0.00510862,0.43196106,false,
6,6,clean_negative/clean_6_110.jpg,train,clean_negative,clean_negative,true_negative,0.20842749,0.25,0.04157251,0.52459365,0.06175653,0.43529412,0.63137257,0.20686802,0.55234301,0.00460077,0.37675476,false,
6,6,clean_negative/clean_6_111.jpg,train,clean_negative,clean_negative,true_negative,0.08258888,0.25,0.16741112,0.52308995,0.05908440,0.43137255,0.61568630,0.18502408,0.54761565,0.00355059,0.29853821,false,
6,6,clean_negative/clean_6_112.jpg,train,clean_negative,clean_negative,true_negative,0.02813546,0.25,0.22186454,0.52762014,0.05800101,0.43137255,0.61176473,0.15571997,0.54796922,0.00287383,0.23101807,false,
6,6,clean_negative/clean_6_113.jpg,train,clean_negative,clean_negative,true_negative,0.01368237,0.25,0.23631763,0.53770941,0.05528660,0.43137255,0.61568630,0.12647952,0.55415869,0.00204744,0.16180420,false,
6,6,clean_negative/clean_6_114.jpg,train,clean_negative,clean_negative,true_negative,0.00577623,0.25,0.24422377,0.54567564,0.05391706,0.43137255,0.62352943,0.10465664,0.55919296,0.00126663,0.10083008,false,
6,6,clean_negative/clean_6_115.jpg,train,clean_negative,dirty_positive,false_positive,0.38929409,0.25,0.13929409,0.56605983,0.06982271,0.48235294,0.69411767,0.22339778,0.59789771,0.00562904,0.35441589,false,
6,6,clean_negative/clean_6_116.jpg,train,clean_negative,dirty_positive,false_positive,0.43695753,0.25,0.18695753,0.56127548,0.06275249,0.48627451,0.67058825,0.22083245,0.59265983,0.00630928,0.37202454,false,
6,6,clean_negative/clean_6_117.jpg,train,clean_negative,dirty_positive,false_positive,0.36117122,0.25,0.11117122,0.55642200,0.06464221,0.47843137,0.67058825,0.22118640,0.58761156,0.00632613,0.39375305,false,
6,6,clean_negative/clean_6_118.jpg,train,clean_negative,dirty_positive,false_positive,0.50908551,0.25,0.25908551,0.54420269,0.06662016,0.46274510,0.66274512,0.22303240,0.57513011,0.00587744,0.38362122,false,
6,6,clean_negative/clean_6_119.jpg,train,clean_negative,dirty_positive,false_positive,0.39379772,0.25,0.14379772,0.53230965,0.06242936,0.45490196,0.64313728,0.22336325,0.56279409,0.00467268,0.37048340,false,
6,6,clean_negative/clean_6_120.jpg,train,clean_negative,dirty_positive,false_positive,0.46456750,0.25,0.21456750,0.53203762,0.05828039,0.45490196,0.63529414,0.21743184,0.56160718,0.00453330,0.39726257,false,
6,6,clean_negative/clean_6_121.jpg,train,clean_negative,clean_negative,true_negative,0.24572759,0.25,0.00427241,0.52875656,0.05791733,0.45098040,0.62745100,0.19957110,0.55517149,0.00426416,0.35531616,false,
6,6,clean_negative/clean_6_122.jpg,train,clean_negative,clean_negative,true_negative,0.11426059,0.25,0.13573941,0.52958292,0.05335225,0.45098040,0.61176473,0.17741457,0.55267119,0.00320251,0.27606201,false,
6,6,clean_negative/clean_6_123.jpg,train,clean_negative,clean_negative,true_negative,0.05872555,0.25,0.19127445,0.53708887,0.05068177,0.45490196,0.61176473,0.14956889,0.55639660,0.00271641,0.22271729,false,
6,6,clean_negative/clean_6_124.jpg,train,clean_negative,clean_negative,true_negative,0.05891073,0.25,0.19108927,0.54737014,0.04405307,0.47843137,0.61176473,0.12378106,0.56353348,0.00220877,0.17005920,false,
6,6,clean_negative/clean_6_125.jpg,train,clean_negative,clean_negative,true_negative,0.01250681,0.25,0.23749319,0.55282378,0.04045185,0.49019608,0.61568630,0.10318718,0.56639558,0.00143877,0.11355591,false,
6,6,clean_negative/clean_6_126.jpg,train,clean_negative,dirty_positive,false_positive,0.53151138,0.25,0.28151138,0.56575787,0.06314056,0.49411765,0.67843139,0.21848415,0.59710884,0.00746698,0.41387939,false,
6,6,clean_negative/clean_6_127.jpg,train,clean_negative,dirty_positive,false_positive,0.44672722,0.25,0.19672722,0.56080109,0.06492659,0.48627451,0.67843139,0.21805164,0.59177041,0.00729271,0.42843628,false,
6,6,clean_negative/clean_6_128.jpg,train,clean_negative,dirty_positive,false_positive,0.53555444,0.25,0.28555444,0.54887623,0.06678427,0.47058824,0.66666669,0.21773228,0.57924974,0.00660746,0.40431213,false,
6,6,clean_negative/clean_6_129.jpg,train,clean_negative,dirty_positive,false_positive,0.51307266,0.25,0.26307266,0.53584552,0.06322505,0.45490196,0.64705884,0.21754254,0.56560493,0.00516743,0.37484741,false,
6,6,clean_negative/clean_6_130.jpg,train,clean_negative,dirty_positive,false_positive,0.48842105,0.25,0.23842105,0.53498185,0.05858996,0.45490196,0.63529414,0.21138301,0.56368130,0.00496174,0.39047241,false,
6,6,clean_negative/clean_6_131.jpg,train,clean_negative,dirty_positive,false_positive,0.27854067,0.25,0.02854067,0.53373277,0.05684876,0.45490196,0.63137257,0.19364154,0.55920863,0.00460167,0.35855103,false,
6,6,clean_negative/clean_6_132.jpg,train,clean_negative,clean_negative,true_negative,0.13582097,0.25,0.11417903,0.53381407,0.05202775,0.45490196,0.61568630,0.17196903,0.55597866,0.00352314,0.28318787,false,
6,6,clean_negative/clean_6_133.jpg,train,clean_negative,clean_negative,true_negative,0.09367826,0.25,0.15632174,0.53941876,0.04838181,0.46274510,0.61176473,0.14860338,0.55856323,0.00298727,0.23391724,false,
6,6,clean_negative/clean_6_134.jpg,train,clean_negative,clean_negative,true_negative,0.12564637,0.25,0.12435363,0.54769742,0.04041670,0.49803922,0.61176473,0.12737608,0.56451517,0.00256462,0.18835449,false,
6,6,clean_negative/clean_6_135.jpg,train,clean_negative,clean_negative,true_negative,0.01730435,0.25,0.23269565,0.55127525,0.03524719,0.51372552,0.60784316,0.10834615,0.56590009,0.00179525,0.13526917,false,
6,6,clean_negative/clean_6_136.jpg,train,clean_negative,dirty_positive,false_positive,0.55987391,0.25,0.30987391,0.56645089,0.06335739,0.49411765,0.67843139,0.21825933,0.59782350,0.00762440,0.41963196,false,
6,6,clean_negative/clean_6_137.jpg,train,clean_negative,dirty_positive,false_positive,0.54832963,0.25,0.29832963,0.56218350,0.06712321,0.48235294,0.68235296,0.21258157,0.59229112,0.00817826,0.46089172,false,
6,6,clean_negative/clean_6_138.jpg,train,clean_negative,dirty_positive,false_positive,0.48368957,0.25,0.23368957,0.55406880,0.06703188,0.47450981,0.67450982,0.21165246,0.58375943,0.00735590,0.44052124,false,
6,6,clean_negative/clean_6_139.jpg,train,clean_negative,dirty_positive,false_positive,0.45422497,0.25,0.20422497,0.53938323,0.06355706,0.45882353,0.65098041,0.21298328,0.56859952,0.00573926,0.40028381,false,
6,6,clean_negative/clean_6_140.jpg,train,clean_negative,dirty_positive,false_positive,0.45532950,0.25,0.20532950,0.53610837,0.05747841,0.45882353,0.63921571,0.20852453,0.56448078,0.00525484,0.40139771,false,
6,6,clean_negative/clean_6_141.jpg,train,clean_negative,dirty_positive,false_positive,0.26163810,0.25,0.01163810,0.53428268,0.05562595,0.45882353,0.63137257,0.19401947,0.55999696,0.00473811,0.37614441,false,
6,6,clean_negative/clean_6_142.jpg,train,clean_negative,clean_negative,true_negative,0.20321969,0.25,0.04678031,0.53334653,0.05288957,0.45882353,0.61960787,0.17439291,0.55614376,0.00394619,0.31721497,false,
6,6,clean_negative/clean_6_143.jpg,train,clean_negative,clean_negative,true_negative,0.14848888,0.25,0.10151112,0.53727353,0.04905296,0.46666667,0.61176473,0.15416142,0.55761975,0.00338808,0.26396179,false,
6,6,clean_negative/clean_6_144.jpg,train,clean_negative,clean_negative,true_negative,0.19369115,0.25,0.05630885,0.54384208,0.04180266,0.49803922,0.60784316,0.13538700,0.56231129,0.00288739,0.21488953,false,
6,6,clean_negative/clean_6_145.jpg,train,clean_negative,clean_negative,true_negative,0.03651341,0.25,0.21348659,0.54709619,0.03777737,0.50980395,0.60392159,0.11636198,0.56344271,0.00226920,0.16427612,false,
6,6,clean_negative/clean_6_146.jpg,train,clean_negative,dirty_positive,false_positive,0.53491513,0.25,0.28491513,0.56665325,0.06963776,0.48627451,0.69411767,0.20759816,0.59619510,0.00882934,0.48797607,false,
6,6,clean_negative/clean_6_147.jpg,train,clean_negative,dirty_positive,false_positive,0.28534907,0.25,0.03534907,0.55764520,0.06952485,0.47450981,0.68235296,0.20747808,0.58687973,0.00795694,0.46237183,false,
6,6,clean_negative/clean_6_148.jpg,train,clean_negative,dirty_positive,false_positive,0.38040510,0.25,0.13040510,0.54217243,0.06661489,0.45882353,0.66274512,0.20982340,0.57105905,0.00625911,0.41584778,false,
6,6,clean_negative/clean_6_149.jpg,train,clean_negative,dirty_positive,false_positive,0.40275298,0.25,0.15275298,0.53759199,0.05995099,0.45882353,0.64313728,0.20580415,0.56569952,0.00555150,0.40950012,false,
6,6,clean_negative/clean_6_150.jpg,train,clean_negative,clean_negative,true_negative,0.24462418,0.25,0.00537582,0.53389668,0.05553377,0.45882353,0.63137257,0.19497599,0.56000423,0.00490991,0.38604736,false,
6,6,clean_negative/clean_6_151.jpg,train,clean_negative,dirty_positive,false_positive,0.67071745,0.25,0.42071745,0.53472328,0.05805057,0.45882353,0.63137257,0.17427616,0.55782545,0.00438083,0.33885193,true,tmp\sourcewise_error_atlas\run_001\contact_sheets\source_6_false_positive.jpg
6,6,clean_negative/clean_6_152.jpg,train,clean_negative,clean_negative,true_negative,0.15905843,0.25,0.09094157,0.53774679,0.05728329,0.46666667,0.63137257,0.15696777,0.55895770,0.00415967,0.30300903,false,
6,6,clean_negative/clean_6_153.jpg,train,clean_negative,clean_negative,true_negative,0.19666099,0.25,0.05333901,0.54282093,0.05133518,0.49411765,0.62745100,0.13943446,0.56217593,0.00358841,0.25137329,false,
6,6,clean_negative/clean_6_154.jpg,train,clean_negative,clean_negative,true_negative,0.03468029,0.25,0.21531971,0.54450142,0.04807793,0.50196081,0.61960787,0.12162375,0.56181729,0.00292235,0.19795227,false,
6,6,clean_negative/clean_6_155.jpg,train,clean_negative,dirty_positive,false_positive,0.47118399,0.25,0.22118399,0.71542490,0.08441502,0.59607846,0.87450981,0.08999521,0.73030508,0.00822350,0.66264343,false,
6,6,clean_negative/clean_6_156.jpg,train,clean_negative,dirty_positive,false_positive,0.45833599,0.25,0.20833599,0.71388656,0.08434898,0.59607846,0.87450981,0.09129340,0.72881269,0.00821710,0.66310120,false,
6,6,clean_negative/clean_6_157.jpg,train,clean_negative,clean_negative,true_negative,0.03961335,0.25,0.21038665,0.70445776,0.08818973,0.61568630,0.88627452,0.07376620,0.73066312,0.00574181,0.39993286,false,
6,6,clean_negative/clean_6_158.jpg,train,clean_negative,clean_negative,true_negative,0.07201072,0.25,0.17798928,0.71910655,0.08987086,0.61568630,0.89411765,0.07143471,0.74000275,0.00750205,0.53422546,false,
6,6,clean_negative/clean_6_159.jpg,train,clean_negative,dirty_positive,false_positive,0.49103079,0.25,0.24103079,0.72724831,0.08663820,0.61568630,0.89411765,0.07447828,0.74347091,0.00865006,0.64089966,false,
6,6,clean_negative/clean_6_160.jpg,train,clean_negative,clean_negative,true_negative,0.04876499,0.25,0.20123501,0.69661707,0.08653691,0.61568630,0.88235295,0.07707664,0.72627014,0.00528683,0.35357666,false,
6,6,clean_negative/clean_6_161.jpg,train,clean_negative,clean_negative,true_negative,0.10273521,0.25,0.14726479,0.71560735,0.09251871,0.61568630,0.90196079,0.07255764,0.73964518,0.00716106,0.49282837,false,
6,6,clean_negative/clean_6_162.jpg,train,clean_negative,dirty_positive,false_positive,0.34493043,0.25,0.09493043,0.72816193,0.09032866,0.61568630,0.90196079,0.07415400,0.74695903,0.00844312,0.61582947,false,
6,6,clean_negative/clean_6_163.jpg,train,clean_negative,dirty_positive,false_positive,0.54980531,0.25,0.29980531,0.72274411,0.08758858,0.60784316,0.89411765,0.08351537,0.73872733,0.00846041,0.66467285,false,
6,6,clean_negative/clean_6_164.jpg,train,clean_negative,dirty_positive,false_positive,0.54947300,0.25,0.29947300,0.72181159,0.08750816,0.60392159,0.89019608,0.08455165,0.73769963,0.00847035,0.66743469,false,
6,6,clean_negative/clean_6_165.jpg,train,clean_negative,clean_negative,true_negative,0.01198043,0.25,0.23801957,0.68523270,0.08158963,0.61176473,0.86666667,0.08314042,0.71975064,0.00445101,0.27981567,false,
6,6,clean_negative/clean_6_166.jpg,train,clean_negative,clean_negative,true_negative,0.04735881,0.25,0.20264119,0.70434690,0.09192105,0.61176473,0.89411765,0.07579586,0.73288876,0.00634043,0.41973877,false,
6,6,clean_negative/clean_6_167.jpg,train,clean_negative,clean_negative,true_negative,0.14821064,0.25,0.10178936,0.71832544,0.09233318,0.61176473,0.89803922,0.07544970,0.74113119,0.00770305,0.54747009,false,
6,6,clean_negative/clean_6_168.jpg,train,clean_negative,dirty_positive,false_positive,0.44553397,0.25,0.19553397,0.71982169,0.08918458,0.60784316,0.89411765,0.07852520,0.73776650,0.00804734,0.61932373,false,
6,6,clean_negative/clean_6_169.jpg,train,clean_negative,dirty_positive,false_positive,0.33889223,0.25,0.08889223,0.71564579,0.09028762,0.59607846,0.89411765,0.08569683,0.73150009,0.00942549,0.66526794,false,
6,6,clean_negative/clean_6_170.jpg,train,clean_negative,clean_negative,true_negative,0.23402639,0.25,0.01597361,0.69962716,0.08850183,0.57647061,0.87058824,0.10176297,0.71563506,0.00932641,0.66494751,false,
6,6,clean_negative/clean_6_171.jpg,train,clean_negative,dirty_positive,false_positive,0.43206640,0.25,0.18206640,0.67234242,0.08636682,0.55686277,0.83137256,0.12528604,0.69085431,0.00864763,0.63288879,false,
6,6,clean_negative/clean_6_172.jpg,train,clean_negative,dirty_positive,false_positive,0.36417255,0.25,0.11417255,0.64955783,0.08508248,0.54117650,0.81176472,0.14441422,0.67126197,0.00821550,0.60577393,false,
6,6,clean_negative/clean_6_173.jpg,train,clean_negative,dirty_positive,false_positive,0.45030679,0.25,0.20030679,0.64448607,0.09238526,0.52941179,0.83529413,0.14821653,0.66683006,0.00876238,0.62759399,false,
6,6,clean_negative/clean_6_174.jpg,train,clean_negative,dirty_positive,false_positive,0.51748277,0.25,0.26748277,0.64378613,0.09748782,0.52549022,0.84313726,0.14960203,0.66638482,0.00888024,0.63697815,false,
6,6,clean_negative/clean_6_175.jpg,train,clean_negative,clean_negative,true_negative,0.00460660,0.25,0.24539340,0.67743027,0.07631078,0.61176473,0.85490197,0.09693772,0.71796572,0.00367379,0.22183228,true,tmp\sourcewise_error_atlas\run_001\contact_sheets\source_6_true_negative.jpg
6,6,clean_negative/clean_6_176.jpg,train,clean_negative,clean_negative,true_negative,0.01864393,0.25,0.23135607,0.69236720,0.08892848,0.60784316,0.88627452,0.09064566,0.72762483,0.00537899,0.34429932,false,
6,6,clean_negative/clean_6_177.jpg,train,clean_negative,clean_negative,true_negative,0.08459517,0.25,0.16540483,0.70726967,0.09327434,0.60784316,0.89411765,0.08807386,0.73639834,0.00695783,0.47764587,false,
6,6,clean_negative/clean_6_178.jpg,train,clean_negative,clean_negative,true_negative,0.17131781,0.25,0.07868219,0.71233273,0.09109675,0.60392159,0.89411765,0.08503903,0.73503017,0.00760540,0.56428528,false,
6,6,clean_negative/clean_6_179.jpg,train,clean_negative,dirty_positive,false_positive,0.26147680,0.25,0.01147680,0.71172935,0.09095580,0.60000002,0.89019608,0.08638982,0.72988397,0.00890173,0.62475586,false,
6,6,clean_negative/clean_6_180.jpg,train,clean_negative,dirty_positive,false_positive,0.28012405,0.25,0.03012405,0.70022631,0.08767013,0.58039218,0.87058824,0.09915246,0.71703809,0.00885862,0.64273071,false,
6,6,clean_negative/clean_6_181.jpg,train,clean_negative,dirty_positive,false_positive,0.55727443,0.25,0.30727443,0.67936158,0.08605199,0.55686277,0.83921570,0.11995725,0.69745195,0.00854318,0.63719177,false,
6,6,clean_negative/clean_6_182.jpg,train,clean_negative,dirty_positive,false_positive,0.42252685,0.25,0.17252685,0.65850425,0.08393854,0.54509807,0.81568629,0.13711160,0.67923272,0.00827929,0.62005615,false,
6,6,clean_negative/clean_6_183.jpg,train,clean_negative,dirty_positive,false_positive,0.42631900,0.25,0.17631900,0.65084749,0.08910471,0.53725493,0.82745099,0.14285974,0.67265528,0.00845872,0.63433838,false,
6,6,clean_negative/clean_6_184.jpg,train,clean_negative,dirty_positive,false_positive,0.55399541,0.25,0.30399541,0.64818978,0.09490949,0.52549022,0.83921570,0.14669287,0.67081964,0.00846381,0.65270996,false,
6,6,clean_negative/clean_6_185.jpg,train,clean_negative,dirty_positive,false_positive,0.52414179,0.25,0.27414179,0.62613565,0.09308570,0.50980395,0.80784315,0.16312191,0.65167093,0.00718298,0.62707520,false,
6,6,clean_negative/clean_6_186.jpg,train,clean_negative,clean_negative,true_negative,0.07551829,0.25,0.17448171,0.69701630,0.08862102,0.60000002,0.88235295,0.09222718,0.72628021,0.00648341,0.45408630,false,
6,6,clean_negative/clean_6_187.jpg,train,clean_negative,clean_negative,true_negative,0.11313943,0.25,0.13686057,0.69780099,0.08867028,0.60000002,0.88235295,0.09141283,0.72565430,0.00668674,0.47483826,false,
6,6,clean_negative/clean_6_188.jpg,train,clean_negative,dirty_positive,false_positive,0.32150405,0.25,0.07150405,0.70483696,0.09030963,0.60000002,0.89019608,0.08370744,0.72581226,0.00834899,0.55888367,false,
6,6,clean_negative/clean_6_189.jpg,train,clean_negative,dirty_positive,false_positive,0.34063283,0.25,0.09063283,0.69960159,0.08611450,0.59607846,0.87058824,0.09064212,0.71727681,0.00876236,0.61146545,false,
6,6,clean_negative/clean_6_190.jpg,train,clean_negative,dirty_positive,false_positive,0.60321548,0.25,0.35321548,0.68474436,0.08579139,0.56470591,0.85098040,0.10780078,0.70219421,0.00884670,0.63772583,false,
6,6,clean_negative/clean_6_191.jpg,train,clean_negative,dirty_positive,false_positive,0.71992276,0.25,0.46992276,0.66959977,0.08333091,0.56078434,0.83137256,0.12346767,0.68877316,0.00879198,0.64268494,true,tmp\sourcewise_error_atlas\run_001\contact_sheets\source_6_false_positive.jpg
6,6,clean_negative/clean_6_192.jpg,train,clean_negative,dirty_positive,false_positive,0.60914753,0.25,0.35914753,0.66012466,0.08751993,0.55294120,0.83529413,0.13267800,0.68090248,0.00871133,0.65324402,false,
6,6,clean_negative/clean_6_193.jpg,train,clean_negative,dirty_positive,false_positive,0.72451730,0.25,0.47451730,0.64300722,0.08903693,0.52941179,0.81568629,0.14864928,0.66642153,0.00790477,0.64791870,true,tmp\sourcewise_error_atlas\run_001\contact_sheets\source_6_false_positive.jpg
6,6,clean_negative/clean_6_194.jpg,train,clean_negative,dirty_positive,false_positive,0.56892814,0.25,0.31892814,0.62215072,0.09001170,0.50588238,0.79607844,0.16439581,0.64797950,0.00703837,0.61608887,false,
6,6,clean_negative/clean_6_195.jpg,train,clean_negative,clean_negative,true_negative,0.00025879,0.25,0.24974121,0.51556093,0.02215792,0.49019608,0.56078434,0.09792924,0.53106189,0.00017298,0.00354004,true,tmp\sourcewise_error_atlas\run_001\contact_sheets\source_6_true_negative.jpg
6,6,clean_negative/clean_6_196.jpg,train,clean_negative,dirty_positive,false_positive,0.42429461,0.25,0.17429461,0.58971947,0.08557377,0.48627451,0.74901962,0.18209109,0.61810267,0.00529363,0.53256226,false,
6,6,clean_negative/clean_6_197.jpg,train,clean_negative,clean_negative,true_negative,0.03464156,0.25,0.21535844,0.68405330,0.07935605,0.60000002,0.85882354,0.09413196,0.71805966,0.00499955,0.33206177,false,
6,6,clean_negative/clean_6_198.jpg,train,clean_negative,clean_negative,true_negative,0.05097831,0.25,0.19902169,0.68416822,0.07985909,0.60000002,0.85882354,0.09256288,0.71680999,0.00516463,0.34901428,false,
6,6,clean_negative/clean_6_199.jpg,train,clean_negative,clean_negative,true_negative,0.19990291,0.25,0.05009709,0.69371367,0.08661677,0.60000002,0.88235295,0.08131140,0.71904552,0.00731728,0.45353699,false,
6,6,clean_negative/clean_6_200.jpg,train,clean_negative,dirty_positive,false_positive,0.31500348,0.25,0.06500348,0.69600052,0.08643845,0.59607846,0.87450981,0.08243720,0.71649373,0.00841559,0.54191589,false,
6,6,clean_negative/clean_6_201.jpg,train,clean_negative,dirty_positive,false_positive,0.62228959,0.25,0.37228959,0.68530893,0.08637730,0.57647061,0.85490197,0.09367467,0.70366043,0.00889046,0.59976196,false,
6,6,clean_negative/clean_6_202.jpg,train,clean_negative,dirty_positive,false_positive,0.75681450,0.25,0.50681450,0.67279339,0.08425391,0.56470591,0.83921570,0.10596650,0.69123399,0.00903921,0.63415527,true,tmp\sourcewise_error_atlas\run_001\contact_sheets\source_6_false_positive.jpg
6,6,clean_negative/clean_6_203.jpg,train,clean_negative,dirty_positive,false_positive,0.65269216,0.25,0.40269216,0.66243076,0.08766875,0.55294120,0.83921570,0.11763774,0.68194520,0.00890885,0.65684509,false,
6,6,clean_negative/clean_6_204.jpg,train,clean_negative,dirty_positive,false_positive,0.76053637,0.25,0.51053637,0.64503586,0.08800022,0.52941179,0.81568629,0.13653344,0.66696727,0.00805464,0.65556335,true,tmp\sourcewise_error_atlas\run_001\contact_sheets\source_6_false_positive.jpg
6,6,clean_negative/clean_6_205.jpg,train,clean_negative,dirty_positive,false_positive,0.64852777,0.25,0.39852777,0.61512369,0.08569282,0.50196081,0.77254903,0.15959796,0.64037359,0.00672368,0.60040283,false,
6,6,clean_negative/clean_6_206.jpg,train,clean_negative,dirty_positive,false_positive,0.53581879,0.25,0.28581879,0.58927882,0.08557517,0.48627451,0.74901962,0.17863569,0.61716264,0.00525123,0.52899170,false,
6,6,clean_negative/clean_6_207.jpg,train,clean_negative,clean_negative,true_negative,0.00013173,0.25,0.24986827,0.52075154,0.02465904,0.49411765,0.56862748,0.08950496,0.53514904,0.00017134,0.00357056,true,tmp\sourcewise_error_atlas\run_001\contact_sheets\source_6_true_negative.jpg
6,6,clean_negative/clean_6_208.jpg,train,clean_negative,clean_negative,true_negative,0.01480475,0.25,0.23519525,0.52034271,0.02554011,0.49411765,0.56470591,0.09411664,0.53495264,0.00039129,0.01622009,false,
6,6,clean_negative/clean_6_209.jpg,train,clean_negative,dirty_positive,false_positive,0.51466116,0.25,0.26466116,0.56473219,0.07616387,0.48235294,0.70980394,0.17971799,0.59244257,0.00399311,0.42617798,false,
6,6,clean_negative/clean_6_210.jpg,train,clean_negative,dirty_positive,false_positive,0.37844048,0.25,0.12844048,0.54315960,0.06248664,0.48235294,0.66666669,0.17352685,0.56935334,0.00301708,0.31506348,false,
6,6,clean_negative/clean_6_211.jpg,train,clean_negative,clean_negative,true_negative,0.17846796,0.25,0.07153204,0.52806139,0.04950695,0.48235294,0.61568630,0.15822709,0.55153680,0.00206541,0.20071411,false,
6,6,clean_negative/clean_6_212.jpg,train,clean_negative,clean_negative,true_negative,0.06654789,0.25,0.18345211,0.51744431,0.03160908,0.48235294,0.56078434,0.13952412,0.53800029,0.00104654,0.10583496,false,
6,6,clean_negative/clean_6_213.jpg,train,clean_negative,clean_negative,true_negative,0.02197423,0.25,0.22802577,0.51633364,0.02508138,0.49019608,0.56078434,0.11529027,0.53353339,0.00053435,0.04521179,false,
6,6,clean_negative/clean_6_214.jpg,train,clean_negative,clean_negative,true_negative,0.01081713,0.25,0.23918287,0.66871244,0.06163123,0.60392159,0.80000001,0.09665559,0.70712340,0.00319842,0.21090698,false,
6,6,clean_negative/clean_6_215.jpg,train,clean_negative,clean_negative,true_negative,0.01624204,0.25,0.23375796,0.66839290,0.06240918,0.60000002,0.80000001,0.09462676,0.70553678,0.00333110,0.22308350,false,
6,6,clean_negative/clean_6_216.jpg,train,clean_negative,clean_negative,true_negative,0.07007546,0.25,0.17992454,0.67405820,0.07330129,0.59607846,0.83137256,0.08161801,0.70415008,0.00520677,0.31526184,false,
6,6,clean_negative/clean_6_217.jpg,train,clean_negative,clean_negative,true_negative,0.16975138,0.25,0.08024862,0.68251997,0.08107975,0.58823532,0.85490197,0.07710482,0.70668650,0.00713287,0.43716431,false,
6,6,clean_negative/clean_6_218.jpg,train,clean_negative,dirty_positive,false_positive,0.32850010,0.25,0.07850010,0.67828059,0.08463518,0.57647061,0.85098040,0.08018321,0.69838560,0.00804294,0.52191162,false,
6,6,clean_negative/clean_6_219.jpg,train,clean_negative,dirty_positive,false_positive,0.69460540,0.25,0.44460540,0.66685373,0.08347652,0.56862748,0.83529413,0.08825241,0.68533194,0.00828731,0.57409668,true,tmp\sourcewise_error_atlas\run_001\contact_sheets\source_6_false_positive.jpg
6,6,clean_negative/clean_6_220.jpg,train,clean_negative,dirty_positive,false_positive,0.63191578,0.25,0.38191578,0.65910971,0.08605302,0.55686277,0.83137256,0.09846377,0.67736149,0.00845967,0.61985779,false,
6,6,clean_negative/clean_6_221.jpg,train,clean_negative,dirty_positive,false_positive,0.55899388,0.25,0.30899388,0.65007830,0.08709782,0.53725493,0.81960785,0.11275540,0.66906828,0.00821705,0.65092468,false,
6,6,clean_negative/clean_6_222.jpg,train,clean_negative,dirty_positive,false_positive,0.43682430,0.25,0.18682430,0.62381554,0.08369794,0.50588238,0.77647060,0.13312247,0.64547312,0.00673890,0.59736633,false,
6,6,clean_negative/clean_6_223.jpg,train,clean_negative,dirty_positive,false_positive,0.31606822,0.25,0.06606822,0.59892273,0.08211541,0.49019608,0.74901962,0.15205264,0.62303483,0.00514358,0.52018738,false,
6,6,clean_negative/clean_6_224.jpg,train,clean_negative,dirty_positive,false_positive,0.38920352,0.25,0.13920352,0.57647294,0.07787816,0.48235294,0.72156864,0.15934102,0.60128248,0.00405494,0.42417908,false,
6,6,clean_negative/clean_6_225.jpg,train,clean_negative,dirty_positive,false_positive,0.27689950,0.25,0.02689950,0.55698133,0.06939104,0.48235294,0.69411767,0.15196182,0.58015680,0.00301971,0.31338501,false,
6,6,clean_negative/clean_6_226.jpg,train,clean_negative,clean_negative,true_negative,0.14220573,0.25,0.10779427,0.54017794,0.05568197,0.48627451,0.63921571,0.13762704,0.56088865,0.00201634,0.19613647,false,
6,6,clean_negative/clean_6_227.jpg,train,clean_negative,clean_negative,true_negative,0.07782394,0.25,0.17217606,0.52879578,0.03893359,0.48627451,0.60000002,0.12059975,0.54686999,0.00102964,0.10112000,false,
6,6,clean_negative/clean_6_228.jpg,train,clean_negative,clean_negative,true_negative,0.02148426,0.25,0.22851574,0.52705568,0.03240247,0.49019608,0.58431375,0.09902829,0.54207051,0.00053240,0.04525757,false,
6,6,clean_negative/clean_6_229.jpg,train,clean_negative,clean_negative,true_negative,0.01901736,0.25,0.23098264,0.53123903,0.03100197,0.49411765,0.58431375,0.07833109,0.54372537,0.00038664,0.01710510,false,
6,6,clean_negative/clean_6_230.jpg,train,clean_negative,clean_negative,true_negative,0.00016848,0.25,0.24983152,0.53478813,0.03073343,0.49803922,0.58823532,0.06916158,0.54639864,0.00017511,0.00358582,true,tmp\sourcewise_error_atlas\run_001\contact_sheets\source_6_true_negative.jpg
6,6,dirty_positive/dirty_6_1.jpg,train,dirty_positive,dirty_positive,true_positive,0.93795016,0.25,0.68795016,0.54123455,0.06592685,0.46274510,0.67058825,0.28173441,0.58684868,0.00421604,0.37448120,false,
6,6,dirty_positive/dirty_6_2.jpg,train,dirty_positive,dirty_positive,true_positive,0.88020241,0.25,0.63020241,0.55020845,0.07208291,0.46666667,0.69019610,0.27240771,0.59457403,0.00457903,0.40539551,false,
6,6,dirty_positive/dirty_6_3.jpg,train,dirty_positive,dirty_positive,true_positive,0.91354636,0.25,0.66354636,0.53299141,0.05593954,0.45882353,0.63137257,0.29067934,0.57988679,0.00372535,0.35528564,false,
6,6,dirty_positive/dirty_6_4.jpg,train,dirty_positive,dirty_positive,true_positive,0.94803702,0.25,0.69803702,0.53304148,0.05585373,0.45882353,0.63137257,0.29054704,0.57995570,0.00371622,0.35488892,false,
6,6,dirty_positive/dirty_6_5.jpg,train,dirty_positive,dirty_positive,true_positive,0.95265004,0.25,0.70265004,0.57559383,0.09103714,0.47450981,0.76078433,0.24465577,0.61561394,0.00622187,0.46594238,false,
6,6,dirty_positive/dirty_6_6.jpg,train,dirty_positive,dirty_positive,true_positive,0.95707143,0.25,0.70707143,0.60206473,0.10579295,0.48235294,0.83137256,0.21251133,0.63641512,0.00871523,0.56556702,false,
6,6,dirty_positive/dirty_6_7.jpg,train,dirty_positive,dirty_positive,true_positive,0.96692691,0.25,0.71692691,0.57725000,0.08877015,0.47843137,0.75294119,0.24471611,0.61771810,0.00580180,0.45399475,false,
6,6,dirty_positive/dirty_6_8.jpg,train,dirty_positive,dirty_positive,true_positive,0.95478474,0.25,0.70478474,0.59220773,0.10293745,0.47843137,0.81568629,0.22271681,0.62820494,0.00816049,0.53950500,false,
6,6,dirty_positive/dirty_6_9.jpg,train,dirty_positive,dirty_positive,true_positive,0.99535077,0.25,0.74535077,0.69887072,0.09050004,0.57647061,0.87058824,0.13874011,0.72133970,0.00762187,0.58189392,true,tmp\sourcewise_error_atlas\run_001\contact_sheets\source_6_true_positive.jpg
6,6,dirty_positive/dirty_6_10.jpg,train,dirty_positive,dirty_positive,true_positive,0.99393459,0.25,0.74393459,0.68849367,0.09227271,0.56470591,0.86666667,0.14740817,0.71255094,0.00833421,0.59008789,true,tmp\sourcewise_error_atlas\run_001\contact_sheets\source_6_true_positive.jpg
6,6,dirty_positive/dirty_6_11.jpg,train,dirty_positive,dirty_positive,true_positive,0.99482127,0.25,0.74482127,0.67979622,0.09186549,0.56078434,0.86666667,0.15343958,0.70501262,0.00862230,0.57839966,true,tmp\sourcewise_error_atlas\run_001\contact_sheets\source_6_true_positive.jpg
6,6,dirty_positive/dirty_6_12.jpg,train,dirty_positive,dirty_positive,true_positive,0.99415620,0.25,0.74415620,0.67639756,0.09377937,0.55686277,0.86666667,0.15611118,0.70208579,0.00909608,0.59352112,true,tmp\sourcewise_error_atlas\run_001\contact_sheets\source_6_true_positive.jpg
6,6,dirty_positive/dirty_6_13.jpg,train,dirty_positive,dirty_positive,true_positive,0.96286357,0.25,0.71286357,0.53997886,0.06491948,0.45882353,0.65882355,0.27710021,0.58413899,0.00480794,0.41207886,false,
6,6,dirty_positive/dirty_6_14.jpg,train,dirty_positive,dirty_positive,true_positive,0.98577676,0.25,0.73577676,0.54347694,0.06493510,0.46274510,0.66274512,0.26990515,0.58649969,0.00504218,0.44247437,false,
6,6,dirty_positive/dirty_6_15.jpg,train,dirty_positive,dirty_positive,true_positive,0.90243486,0.25,0.65243486,0.53449821,0.05740416,0.45882353,0.64313728,0.28803754,0.58086002,0.00383664,0.36347961,false,
6,6,dirty_positive/dirty_6_16.jpg,train,dirty_positive,dirty_positive,true_positive,0.98073085,0.25,0.73073085,0.54012215,0.06239780,0.46274510,0.65098041,0.27342546,0.58349979,0.00486729,0.43499756,false,
6,6,dirty_positive/dirty_6_17.jpg,train,dirty_positive,dirty_positive,true_positive,0.95059767,0.25,0.70059767,0.64215058,0.10602246,0.50588238,0.85882354,0.17501222,0.67024946,0.00961248,0.62274170,false,
6,6,dirty_positive/dirty_6_18.jpg,train,dirty_positive,dirty_positive,true_positive,0.93894867,0.25,0.68894867,0.62703657,0.10909699,0.49803922,0.85490197,0.18586913,0.65666080,0.00947299,0.60284424,false,
6,6,dirty_positive/dirty_6_19.jpg,train,dirty_positive,dirty_positive,true_positive,0.97433425,0.25,0.72433425,0.64635360,0.10511807,0.50980395,0.86274511,0.17540392,0.67519665,0.01047729,0.61735535,false,
6,6,dirty_positive/dirty_6_20.jpg,train,dirty_positive,dirty_positive,true_positive,0.94157668,0.25,0.69157668,0.62164629,0.10842314,0.49411765,0.85098040,0.19035029,0.65206873,0.00930372,0.59721375,false,
6,6,dirty_positive/dirty_6_21.jpg,train,dirty_positive,dirty_positive,true_positive,0.52130718,0.25,0.27130718,0.74523449,0.08615915,0.61960787,0.90588236,0.09577733,0.76073182,0.00384463,0.55558777,false,
6,6,dirty_positive/dirty_6_22.jpg,train,dirty_positive,clean_negative,false_negative,0.14575980,0.25,0.10424020,0.74212176,0.08653092,0.63921571,0.90588236,0.07588071,0.75714326,0.00296613,0.44311523,true,tmp\sourcewise_error_atlas\run_001\contact_sheets\source_6_false_negative.jpg
6,6,dirty_positive/dirty_6_23.jpg,train,dirty_positive,dirty_positive,true_positive,0.62982283,0.25,0.37982283,0.72367531,0.09151855,0.58823532,0.89803922,0.11670982,0.74173480,0.00591891,0.59202576,false,
6,6,dirty_positive/dirty_6_24.jpg,train,dirty_positive,dirty_positive,true_positive,0.29534013,0.25,0.04534013,0.74056828,0.08317697,0.62745100,0.89803922,0.09001759,0.75560820,0.00363064,0.52632141,false,
6,6,dirty_positive/dirty_6_25.jpg,train,dirty_positive,clean_negative,false_negative,0.10223060,0.25,0.14776940,0.72683966,0.08539291,0.63921571,0.89803922,0.07044181,0.74327838,0.00208258,0.35334778,true,tmp\sourcewise_error_atlas\run_001\contact_sheets\source_6_false_negative.jpg
6,6,dirty_positive/dirty_6_26.jpg,train,dirty_positive,clean_negative,false_negative,0.09728208,0.25,0.15271792,0.72643280,0.08595886,0.63921571,0.89803922,0.06992846,0.74318695,0.00194993,0.34259033,true,tmp\sourcewise_error_atlas\run_001\contact_sheets\source_6_false_negative.jpg
6,6,dirty_positive/dirty_6_27.jpg,train,dirty_positive,clean_negative,false_negative,0.07824464,0.25,0.17175536,0.73182541,0.08568623,0.63921571,0.89803922,0.07005442,0.74781114,0.00226699,0.36773682,true,tmp\sourcewise_error_atlas\run_001\contact_sheets\source_6_false_negative.jpg
6,6,dirty_positive/dirty_6_28.jpg,train,dirty_positive,clean_negative,false_negative,0.10685781,0.25,0.14314219,0.73105228,0.08663948,0.63921571,0.89803922,0.06687556,0.74705863,0.00220905,0.35144043,true,tmp\sourcewise_error_atlas\run_001\contact_sheets\source_6_false_negative.jpg
6,6,dirty_positive/dirty_6_29.jpg,train,dirty_positive,dirty_positive,true_positive,0.96552796,0.25,0.71552796,0.54590124,0.07321981,0.45882353,0.68627453,0.25865451,0.58543932,0.00510516,0.46510315,false,
6,6,dirty_positive/dirty_6_30.jpg,train,dirty_positive,dirty_positive,true_positive,0.92766664,0.25,0.67766664,0.54063582,0.06793194,0.45882353,0.66274512,0.25313509,0.57809949,0.00494708,0.43601990,false,
6,6,dirty_positive/dirty_6_31.jpg,train,dirty_positive,dirty_positive,true_positive,0.93226304,0.25,0.68226304,0.56135774,0.08521850,0.46274510,0.72941178,0.23523471,0.59657466,0.00507440,0.44592285,false,
6,6,dirty_positive/dirty_6_32.jpg,train,dirty_positive,dirty_positive,true_positive,0.94357216,0.25,0.69357216,0.55705321,0.08645981,0.46274510,0.72941178,0.25236177,0.59644997,0.00565418,0.47459412,false,
6,6,dirty_positive/dirty_6_33.jpg,train,dirty_positive,dirty_positive,true_positive,0.52521772,0.25,0.27521772,0.68396688,0.07041509,0.58039218,0.81176472,0.11226801,0.69974184,0.00601305,0.52514648,false,
6,6,dirty_positive/dirty_6_34.jpg,train,dirty_positive,dirty_positive,true_positive,0.61975816,0.25,0.36975816,0.67578244,0.06791440,0.57647061,0.79215688,0.12042075,0.69291914,0.00633998,0.51869202,false,
6,6,dirty_positive/dirty_6_35.jpg,train,dirty_positive,dirty_positive,true_positive,0.42061039,0.25,0.17061039,0.66386718,0.07901611,0.55686277,0.80784315,0.13291550,0.68280315,0.00582043,0.49122620,false,
6,6,dirty_positive/dirty_6_36.jpg,train,dirty_positive,dirty_positive,true_positive,0.61820887,0.25,0.36820887,0.69418442,0.07345986,0.58823532,0.83137256,0.10559651,0.70902640,0.00599775,0.54063416,false,
6,6,dirty_positive/dirty_6_37.jpg,train,dirty_positive,dirty_positive,true_positive,0.46652719,0.25,0.21652719,0.64480919,0.07808901,0.54509807,0.79215688,0.15677090,0.66733670,0.00616448,0.47734070,false,
6,6,dirty_positive/dirty_6_38.jpg,train,dirty_positive,dirty_positive,true_positive,0.48502353,0.25,0.23502353,0.61906481,0.07132393,0.53333336,0.75294119,0.17753004,0.64463770,0.00772773,0.46266174,false,
6,6,dirty_positive/dirty_6_39.jpg,train,dirty_positive,dirty_positive,true_positive,0.39841175,0.25,0.14841175,0.64394891,0.08102240,0.54509807,0.80000001,0.15804474,0.66660082,0.00556767,0.46777344,false,
6,6,dirty_positive/dirty_6_40.jpg,train,dirty_positive,dirty_positive,true_positive,0.84740501,0.25,0.59740501,0.63204658,0.07056716,0.54117650,0.76078433,0.16467711,0.65585518,0.00743719,0.47419739,false,
6,6,dirty_positive/dirty_6_41.jpg,train,dirty_positive,dirty_positive,true_positive,0.99999975,0.25,0.74999975,0.72653776,0.08606297,0.61960787,0.89019608,0.07090712,0.74516547,0.00683305,0.53575134,true,tmp\sourcewise_error_atlas\run_001\contact_sheets\source_6_true_positive.jpg
6,6,dirty_positive/dirty_6_42.jpg,train,dirty_positive,dirty_positive,true_positive,0.99999816,0.25,0.74999816,0.72654104,0.08554920,0.61568630,0.88627452,0.07274625,0.74474180,0.00707027,0.54815674,true,tmp\sourcewise_error_atlas\run_001\contact_sheets\source_6_true_positive.jpg
6,6,dirty_positive/dirty_6_43.jpg,train,dirty_positive,dirty_positive,true_positive,0.99999377,0.25,0.74999377,0.71942425,0.08613956,0.61568630,0.88235295,0.07243491,0.73933387,0.00650624,0.51010132,true,tmp\sourcewise_error_atlas\run_001\contact_sheets\source_6_true_positive.jpg
6,6,dirty_positive/dirty_6_44.jpg,train,dirty_positive,dirty_positive,true_positive,0.99999981,0.25,0.74999981,0.73024893,0.08480208,0.62352943,0.89019608,0.06913051,0.74809784,0.00693182,0.55088806,true,tmp\sourcewise_error_atlas\run_001\contact_sheets\source_6_true_positive.jpg
6,6,dirty_positive/dirty_6_45.jpg,train,dirty_positive,dirty_positive,true_positive,0.40168781,0.25,0.15168781,0.62206805,0.06356734,0.54117650,0.73725492,0.16834921,0.64694202,0.00801421,0.49662781,false,
6,6,dirty_positive/dirty_6_46.jpg,train,dirty_positive,dirty_positive,true_positive,0.88061271,0.25,0.63061271,0.62981868,0.06486260,0.54901963,0.74509805,0.15735212,0.65317470,0.00821863,0.52536011,false,
6,6,dirty_positive/dirty_6_47.jpg,train,dirty_positive,dirty_positive,true_positive,0.84560844,0.25,0.59560844,0.60962510,0.06681514,0.52941179,0.73333335,0.18172100,0.63613522,0.00848445,0.46615601,false,
6,6,dirty_positive/dirty_6_48.jpg,train,dirty_positive,dirty_positive,true_positive,0.84545921,0.25,0.59545921,0.60640514,0.06707478,0.52941179,0.72941178,0.18585613,0.63340008,0.00834293,0.45445251,false,
6,6,dirty_positive/dirty_6_49.jpg,train,dirty_positive,dirty_positive,true_positive,0.81239549,0.25,0.56239549,0.61424959,0.06480303,0.53725493,0.72941178,0.16399357,0.63831753,0.00713447,0.51962280,false,
6,6,dirty_positive/dirty_6_50.jpg,train,dirty_positive,dirty_positive,true_positive,0.26490377,0.25,0.01490377,0.61234105,0.06337111,0.53725493,0.72549021,0.16585597,0.63681495,0.00799204,0.52046204,false,
6,6,dirty_positive/dirty_6_51.jpg,train,dirty_positive,dirty_positive,true_positive,0.36321439,0.25,0.11321439,0.60254902,0.06986255,0.51764709,0.73333335,0.17813560,0.62874305,0.00732037,0.51501465,false,
6,6,dirty_positive/dirty_6_52.jpg,train,dirty_positive,clean_negative,false_negative,0.20846916,0.25,0.04153084,0.61493456,0.06478229,0.53725493,0.72941178,0.16547140,0.63949823,0.00686941,0.51216125,true,tmp\sourcewise_error_atlas\run_001\contact_sheets\source_6_false_negative.jpg
6,6,dirty_positive/dirty_6_53.jpg,train,dirty_positive,dirty_positive,true_positive,0.53162509,0.25,0.28162509,0.57135248,0.10218785,0.44705883,0.78039217,0.18979709,0.59822083,0.00666484,0.54222107,false,
6,6,dirty_positive/dirty_6_54.jpg,train,dirty_positive,dirty_positive,true_positive,0.44524767,0.25,0.19524767,0.56037128,0.09610835,0.45098040,0.76078433,0.19412154,0.58753359,0.00687289,0.52238464,false,
6,6,dirty_positive/dirty_6_55.jpg,train,dirty_positive,dirty_positive,true_positive,0.62317072,0.25,0.37317072,0.57238197,0.10469087,0.45098040,0.78823531,0.18754795,0.59960783,0.00577164,0.51141357,false,
6,6,dirty_positive/dirty_6_56.jpg,train,dirty_positive,dirty_positive,true_positive,0.70032502,0.25,0.45032502,0.59257472,0.09673172,0.47450981,0.79215688,0.18297367,0.61893791,0.00665339,0.56413269,false,
6,6,dirty_positive/dirty_6_57.jpg,train,dirty_positive,clean_negative,false_negative,0.24710677,0.25,0.00289323,0.50970125,0.05563699,0.44705883,0.59607846,0.16323286,0.53270227,0.00292038,0.22233582,true,tmp\sourcewise_error_atlas\run_001\contact_sheets\source_6_false_negative.jpg
6,6,dirty_positive/dirty_6_58.jpg,train,dirty_positive,dirty_positive,true_positive,0.41111392,0.25,0.16111392,0.51679444,0.06178353,0.44313726,0.62352943,0.17193389,0.54081672,0.00401571,0.30232239,false,
6,6,dirty_positive/dirty_6_59.jpg,train,dirty_positive,clean_negative,false_negative,0.13082208,0.25,0.11917792,0.50900614,0.04742996,0.45882353,0.56862748,0.14036573,0.52893507,0.00174356,0.12838745,true,tmp\sourcewise_error_atlas\run_001\contact_sheets\source_6_false_negative.jpg
6,6,dirty_positive/dirty_6_60.jpg,train,dirty_positive,dirty_positive,true_positive,0.30720601,0.25,0.05720601,0.51685297,0.05527699,0.45882353,0.60392159,0.15012640,0.53803110,0.00283723,0.21032715,false,
6,6,dirty_positive/dirty_6_61.jpg,train,dirty_positive,dirty_positive,true_positive,0.43624134,0.25,0.18624134,0.53542632,0.08281196,0.44313726,0.70588237,0.19618417,0.56360531,0.00392727,0.38778687,false,
6,6,dirty_positive/dirty_6_62.jpg,train,dirty_positive,dirty_positive,true_positive,0.51722201,0.25,0.26722201,0.56088978,0.09967270,0.44313726,0.76470590,0.19054908,0.58780921,0.00628927,0.51794434,false,
6,6,dirty_positive/dirty_6_63.jpg,train,dirty_positive,dirty_positive,true_positive,0.57851670,0.25,0.32851670,0.56716639,0.10449358,0.44705883,0.78431374,0.18824559,0.59457839,0.00520908,0.48924255,false,
6,6,dirty_positive/dirty_6_64.jpg,train,dirty_positive,dirty_positive,true_positive,0.51026571,0.25,0.26026571,0.51673722,0.06338499,0.44313726,0.63137257,0.19105597,0.54359961,0.00394376,0.34638977,false,
6,6,dirty_positive/dirty_6_65.jpg,train,dirty_positive,dirty_positive,true_positive,0.49693522,0.25,0.24693522,0.50708401,0.05180060,0.44313726,0.60392159,0.19147256,0.53418076,0.00239912,0.25279236,false,
6,6,dirty_positive/dirty_6_66.jpg,train,dirty_positive,dirty_positive,true_positive,0.58843926,0.25,0.33843926,0.52785808,0.07781611,0.44313726,0.68627453,0.19576764,0.55599409,0.00319166,0.34251404,false,
6,6,dirty_positive/dirty_6_67.jpg,train,dirty_positive,dirty_positive,true_positive,0.53629539,0.25,0.28629539,0.51910698,0.06986008,0.44313726,0.65882355,0.19080153,0.54640663,0.00252696,0.27810669,false,
6,6,dirty_positive/dirty_6_68.jpg,train,dirty_positive,clean_negative,false_negative,0.07692789,0.25,0.17307211,0.49551111,0.03227695,0.44313726,0.53333336,0.16771643,0.51883864,0.00135377,0.12991333,true,tmp\sourcewise_error_atlas\run_001\contact_sheets\source_6_false_negative.jpg
7,7,clean_negative/clean_7_1.jpg,train,clean_negative,clean_negative,true_negative,0.00038292,0.65,0.64961708,0.72216487,0.05544341,0.64705884,0.83529413,0.06743589,0.74507993,0.00482381,0.36732483,true,tmp\sourcewise_error_atlas\run_001\contact_sheets\source_7_true_negative.jpg
7,7,clean_negative/clean_7_2.jpg,train,clean_negative,clean_negative,true_negative,0.04371668,0.65,0.60628332,0.59936559,0.07268780,0.51372552,0.73725492,0.12438607,0.61659646,0.00149183,0.38861084,false,
7,7,clean_negative/clean_7_3.jpg,train,clean_negative,clean_negative,true_negative,0.02838350,0.65,0.62161650,0.58344835,0.06789237,0.50196081,0.71372551,0.13497400,0.60197163,0.00139250,0.35279846,false,
7,7,clean_negative/clean_7_4.jpg,train,clean_negative,clean_negative,true_negative,0.05055630,0.65,0.59944370,0.56378019,0.05313585,0.49803922,0.65882355,0.15184572,0.58451939,0.00121970,0.31123352,false,
7,7,clean_negative/clean_7_5.jpg,train,clean_negative,clean_negative,true_negative,0.12026947,0.65,0.52973053,0.59664458,0.06946713,0.51372552,0.72549021,0.12325883,0.61383510,0.00115948,0.33250427,false,
7,7,clean_negative/clean_7_6.jpg,train,clean_negative,clean_negative,true_negative,0.10115351,0.65,0.54884649,0.58158511,0.06453571,0.50196081,0.70196080,0.13351232,0.60002023,0.00108859,0.30142212,false,
7,7,clean_negative/clean_7_7.jpg,train,clean_negative,clean_negative,true_negative,0.07485941,0.65,0.57514059,0.56219256,0.05211979,0.49803922,0.65882355,0.15064201,0.58271706,0.00097421,0.26417542,false,
7,7,clean_negative/clean_7_8.jpg,train,clean_negative,clean_negative,true_negative,0.36509802,0.65,0.28490198,0.59085763,0.06803845,0.50588238,0.71372551,0.12704229,0.60874236,0.00100952,0.30961609,false,
7,7,clean_negative/clean_7_9.jpg,train,clean_negative,clean_negative,true_negative,0.28681308,0.65,0.36318692,0.57662821,0.06283622,0.50196081,0.69019610,0.13638365,0.59566057,0.00093144,0.27949524,false,
7,7,clean_negative/clean_7_10.jpg,train,clean_negative,clean_negative,true_negative,0.24547173,0.65,0.40452827,0.55834460,0.05249172,0.49803922,0.65098041,0.15213056,0.57931846,0.00086003,0.24807739,false,
7,7,clean_negative/clean_7_11.jpg,train,clean_negative,clean_negative,true_negative,0.28753086,0.65,0.36246914,0.57130533,0.06001215,0.49803922,0.68235296,0.14381462,0.59167695,0.00075786,0.26876831,false,
7,7,clean_negative/clean_7_12.jpg,train,clean_negative,clean_negative,true_negative,0.23862559,0.65,0.41137441,0.55458724,0.04907909,0.49411765,0.64313728,0.15584412,0.57640409,0.00071753,0.23937988,false,
7,7,clean_negative/clean_7_13.jpg,train,clean_negative,clean_negative,true_negative,0.37456943,0.65,0.27543057,0.58999181,0.06780650,0.50588238,0.71372551,0.13471381,0.60929728,0.00089685,0.31094360,false,
7,7,clean_negative/clean_7_14.jpg,train,clean_negative,clean_negative,true_negative,0.24979173,0.65,0.40020827,0.67779720,0.07310498,0.59215689,0.83529413,0.09025359,0.69208956,0.00197026,0.47441101,false,
7,7,clean_negative/clean_7_15.jpg,train,clean_negative,clean_negative,true_negative,0.11284400,0.65,0.53715600,0.67430198,0.07094937,0.59607846,0.82352942,0.06579968,0.68868667,0.00293420,0.45678711,false,
7,7,clean_negative/clean_7_16.jpg,train,clean_negative,clean_negative,true_negative,0.11573579,0.65,0.53426421,0.68241453,0.07513846,0.59607846,0.84705883,0.06512368,0.69527495,0.00308704,0.49649048,false,
7,7,clean_negative/clean_7_17.jpg,train,clean_negative,clean_negative,true_negative,0.22355070,0.65,0.42644930,0.68829334,0.07453956,0.60392159,0.85098040,0.07174216,0.69991183,0.00257566,0.51715088,false,
7,7,clean_negative/clean_7_18.jpg,train,clean_negative,clean_negative,true_negative,0.10958064,0.65,0.54041936,0.67759550,0.07393856,0.59607846,0.83529413,0.06934641,0.69217306,0.00299376,0.47253418,false,
7,7,clean_negative/clean_7_19.jpg,train,clean_negative,clean_negative,true_negative,0.12459703,0.65,0.52540297,0.68411887,0.07700387,0.59607846,0.85098040,0.06929364,0.69737887,0.00301603,0.50137329,false,
7,7,clean_negative/clean_7_20.jpg,train,clean_negative,clean_negative,true_negative,0.62881747,0.65,0.02118253,0.68472731,0.07446859,0.60000002,0.84705883,0.07836263,0.69781208,0.00238247,0.50273132,false,
7,7,clean_negative/clean_7_21.jpg,train,clean_negative,clean_negative,true_negative,0.47968242,0.65,0.17031758,0.67197955,0.07509545,0.57647061,0.83137256,0.09731153,0.68786573,0.00184622,0.46435547,false,
7,7,clean_negative/clean_7_22.jpg,train,clean_negative,clean_negative,true_negative,0.08012772,0.65,0.56987228,0.68131608,0.07750777,0.59215689,0.84313726,0.07188804,0.69626927,0.00316245,0.49191284,false,
7,7,clean_negative/clean_7_23.jpg,train,clean_negative,clean_negative,true_negative,0.10948837,0.65,0.54051163,0.68625045,0.07805412,0.59607846,0.85098040,0.07257584,0.69994593,0.00314083,0.51071167,false,
7,7,clean_negative/clean_7_24.jpg,train,clean_negative,clean_negative,true_negative,0.59067329,0.65,0.05932671,0.68036288,0.07417735,0.59215689,0.83529413,0.08472189,0.69454896,0.00224369,0.49249268,false,
7,7,clean_negative/clean_7_25.jpg,train,clean_negative,clean_negative,true_negative,0.34748552,0.65,0.30251448,0.66531467,0.07765868,0.55294120,0.82352942,0.10417774,0.68237710,0.00176697,0.46345520,false,
7,7,clean_negative/clean_7_26.jpg,train,clean_negative,clean_negative,true_negative,0.16536109,0.65,0.48463891,0.53576189,0.04640630,0.48235294,0.62352943,0.16864219,0.56248844,0.00049994,0.23229980,false,
7,7,clean_negative/clean_7_27.jpg,train,clean_negative,clean_negative,true_negative,0.12435929,0.65,0.52564071,0.53999692,0.05078422,0.48235294,0.63529414,0.15249574,0.56470013,0.00052458,0.23493958,false,
7,7,clean_negative/clean_7_28.jpg,train,clean_negative,clean_negative,true_negative,0.08265429,0.65,0.56734571,0.54224831,0.04937484,0.49019608,0.63921571,0.13332000,0.56478298,0.00049374,0.21376038,false,
7,7,clean_negative/clean_7_29.jpg,train,clean_negative,clean_negative,true_negative,0.03026891,0.65,0.61973109,0.54090637,0.04642536,0.49411765,0.63529414,0.11517324,0.56126362,0.00040936,0.16572571,false,
7,7,clean_negative/clean_7_30.jpg,train,clean_negative,clean_negative,true_negative,0.00886503,0.65,0.64113497,0.53969336,0.04293368,0.50196081,0.62745100,0.10241066,0.55841434,0.00034224,0.13108826,false,
7,7,clean_negative/clean_7_31.jpg,train,clean_negative,clean_negative,true_negative,0.15687886,0.65,0.49312114,0.68375480,0.08093860,0.58823532,0.85098040,0.07660817,0.69943911,0.00309531,0.50320435,false,
7,7,clean_negative/clean_7_32.jpg,train,clean_negative,clean_negative,true_negative,0.20514033,0.65,0.44485967,0.68659699,0.08023952,0.59215689,0.85098040,0.07802891,0.70129573,0.00298876,0.51052856,false,
7,7,clean_negative/clean_7_33.jpg,train,clean_negative,clean_negative,true_negative,0.40271324,0.65,0.24728676,0.67099702,0.07284258,0.57254905,0.81176472,0.09309573,0.68698597,0.00200855,0.47479248,false,
7,7,clean_negative/clean_7_34.jpg,train,clean_negative,clean_negative,true_negative,0.20874399,0.65,0.44125601,0.65342808,0.07780231,0.53725493,0.79607844,0.11287280,0.67233157,0.00167899,0.44786072,false,
7,7,clean_negative/clean_7_35.jpg,train,clean_negative,clean_negative,true_negative,0.05891664,0.65,0.59108336,0.53089154,0.04102236,0.48235294,0.60784316,0.14916861,0.55457395,0.00040706,0.18591309,false,
7,7,clean_negative/clean_7_36.jpg,train,clean_negative,clean_negative,true_negative,0.04244042,0.65,0.60755958,0.53333819,0.04380296,0.48235294,0.61176473,0.13410461,0.55524188,0.00041561,0.17832947,false,
7,7,clean_negative/clean_7_37.jpg,train,clean_negative,clean_negative,true_negative,0.03535794,0.65,0.61464206,0.53733724,0.04331177,0.49019608,0.61960787,0.11658596,0.55757105,0.00038570,0.16365051,false,
7,7,clean_negative/clean_7_38.jpg,train,clean_negative,clean_negative,true_negative,0.01484264,0.65,0.63515736,0.53712845,0.04052877,0.49411765,0.61568630,0.10207634,0.55600095,0.00032590,0.12451172,false,
7,7,clean_negative/clean_7_39.jpg,train,clean_negative,clean_negative,true_negative,0.00539591,0.65,0.64460409,0.53761876,0.03773740,0.50196081,0.61176473,0.09102550,0.55530065,0.00027197,0.09999084,false,
7,7,clean_negative/clean_7_40.jpg,train,clean_negative,clean_negative,true_negative,0.00007267,0.65,0.64992733,0.63561052,0.08047545,0.54117650,0.81176472,0.09125990,0.67282289,0.00186991,0.20654297,true,tmp\sourcewise_error_atlas\run_001\contact_sheets\source_7_true_negative.jpg
7,7,clean_negative/clean_7_41.jpg,train,clean_negative,clean_negative,true_negative,0.00055874,0.65,0.64944126,0.65049237,0.08628919,0.54117650,0.82745099,0.08843055,0.68183041,0.00230413,0.30477905,true,tmp\sourcewise_error_atlas\run_001\contact_sheets\source_7_true_negative.jpg
7,7,clean_negative/clean_7_42.jpg,train,clean_negative,clean_negative,true_negative,0.00595370,0.65,0.64404630,0.65971017,0.08560722,0.54509807,0.83137256,0.08409563,0.68461972,0.00247498,0.37307739,false,
7,7,clean_negative/clean_7_43.jpg,train,clean_negative,clean_negative,true_negative,0.00017228,0.65,0.64982772,0.63428485,0.08271442,0.53725493,0.81176472,0.08882590,0.67073691,0.00184818,0.20796204,true,tmp\sourcewise_error_atlas\run_001\contact_sheets\source_7_true_negative.jpg
7,7,clean_negative/clean_7_44.jpg,train,clean_negative,clean_negative,true_negative,0.00094996,0.65,0.64905004,0.65020812,0.08834908,0.53725493,0.82745099,0.08721069,0.68104744,0.00227684,0.30876160,true,tmp\sourcewise_error_atlas\run_001\contact_sheets\source_7_true_negative.jpg
7,7,clean_negative/clean_7_45.jpg,train,clean_negative,clean_negative,true_negative,0.00812483,0.65,0.64187517,0.65993106,0.08732431,0.54117650,0.83137256,0.08311021,0.68442237,0.00245211,0.37792969,false,
7,7,clean_negative/clean_7_46.jpg,train,clean_negative,clean_negative,true_negative,0.06014266,0.65,0.58985734,0.67241406,0.08632766,0.55686277,0.84313726,0.08083108,0.69152379,0.00278962,0.45664978,false,
7,7,clean_negative/clean_7_47.jpg,train,clean_negative,clean_negative,true_negative,0.24428909,0.65,0.40571091,0.68382466,0.08488993,0.56470591,0.85098040,0.08218630,0.69921333,0.00281115,0.50575256,false,
7,7,clean_negative/clean_7_48.jpg,train,clean_negative,clean_negative,true_negative,0.14776412,0.65,0.50223588,0.65866727,0.07819321,0.54117650,0.80392158,0.09656996,0.67568433,0.00173273,0.44352722,false,
7,7,clean_negative/clean_7_49.jpg,train,clean_negative,clean_negative,true_negative,0.08130797,0.65,0.56869203,0.63334024,0.07991056,0.51764709,0.77647060,0.11406293,0.65280885,0.00144764,0.39920044,false,
7,7,clean_negative/clean_7_50.jpg,train,clean_negative,clean_negative,true_negative,0.04873854,0.65,0.60126146,0.53264678,0.03459917,0.48235294,0.59215689,0.11802280,0.55156803,0.00029827,0.13430786,false,
7,7,clean_negative/clean_7_51.jpg,train,clean_negative,clean_negative,true_negative,0.02815128,0.65,0.62184872,0.53509462,0.03819376,0.48627451,0.59215689,0.10552770,0.55260956,0.00030748,0.12797546,false,
7,7,clean_negative/clean_7_52.jpg,train,clean_negative,clean_negative,true_negative,0.02749460,0.65,0.62250540,0.53858858,0.03776361,0.49019608,0.60000002,0.09220989,0.55508655,0.00028561,0.11824036,false,
7,7,clean_negative/clean_7_53.jpg,train,clean_negative,clean_negative,true_negative,0.01463346,0.65,0.63536654,0.53833288,0.03520203,0.49803922,0.59607846,0.08236701,0.55427647,0.00024224,0.08874512,false,
7,7,clean_negative/clean_7_54.jpg,train,clean_negative,clean_negative,true_negative,0.00641014,0.65,0.64358986,0.53929329,0.03326698,0.50588238,0.59215689,0.07430623,0.55463839,0.00020979,0.07383728,false,
7,7,clean_negative/clean_7_55.jpg,train,clean_negative,clean_negative,true_negative,0.00007459,0.65,0.64992541,0.62391007,0.09196873,0.51764709,0.81568629,0.08073258,0.65813947,0.00185618,0.21051025,true,tmp\sourcewise_error_atlas\run_001\contact_sheets\source_7_true_negative.jpg
7,7,clean_negative/clean_7_56.jpg,train,clean_negative,clean_negative,true_negative,0.00052318,0.65,0.64947682,0.64517868,0.09838560,0.51764709,0.83137256,0.07980251,0.67405713,0.00229645,0.31404114,true,tmp\sourcewise_error_atlas\run_001\contact_sheets\source_7_true_negative.jpg
7,7,clean_negative/clean_7_57.jpg,train,clean_negative,clean_negative,true_negative,0.00425069,0.65,0.64574931,0.65813708,0.09616312,0.51764709,0.83529413,0.07931358,0.68159008,0.00247567,0.38780212,true,tmp\sourcewise_error_atlas\run_001\contact_sheets\source_7_true_negative.jpg
7,7,clean_negative/clean_7_58.jpg,train,clean_negative,clean_negative,true_negative,0.02321279,0.65,0.62678721,0.67168212,0.09297138,0.52156866,0.84705883,0.08000189,0.69065309,0.00282211,0.47297668,false,
7,7,clean_negative/clean_7_59.jpg,train,clean_negative,clean_negative,true_negative,0.22386081,0.65,0.42613919,0.68077391,0.08682323,0.55294120,0.84705883,0.08451497,0.69679165,0.00279705,0.51159668,false,
7,7,clean_negative/clean_7_60.jpg,train,clean_negative,clean_negative,true_negative,0.16176982,0.65,0.48823018,0.65137327,0.07979862,0.53333336,0.79607844,0.09862163,0.66921020,0.00169105,0.42976379,false,
7,7,clean_negative/clean_7_61.jpg,train,clean_negative,clean_negative,true_negative,0.09536552,0.65,0.55463448,0.62047541,0.07733760,0.50980395,0.75294119,0.11039597,0.63994777,0.00127809,0.36680603,false,
7,7,dirty_positive/dirty_7_1.jpg,train,dirty_positive,dirty_positive,true_positive,0.99605426,0.65,0.34605426,0.63946509,0.08240622,0.52549022,0.79607844,0.13361111,0.66293585,0.00505269,0.49357605,false,
7,7,dirty_positive/dirty_7_2.jpg,train,dirty_positive,dirty_positive,true_positive,0.99098848,0.65,0.34098848,0.62599999,0.07628642,0.52156866,0.76078433,0.13923585,0.65030897,0.00490287,0.47181702,false,
7,7,dirty_positive/dirty_7_3.jpg,train,dirty_positive,dirty_positive,true_positive,0.99542943,0.65,0.34542943,0.62616003,0.07640514,0.52156866,0.76078433,0.13928133,0.65052056,0.00490854,0.47189331,false,
7,7,dirty_positive/dirty_7_4.jpg,train,dirty_positive,dirty_positive,true_positive,0.99059640,0.65,0.34059640,0.60654646,0.07458729,0.50196081,0.73725492,0.16209030,0.63418281,0.00500859,0.50036621,false,
7,7,dirty_positive/dirty_7_5.jpg,train,dirty_positive,dirty_positive,true_positive,0.77266942,0.65,0.12266942,0.63373721,0.08273223,0.52549022,0.80392158,0.09053777,0.65019667,0.00377244,0.43557739,false,
7,7,dirty_positive/dirty_7_6.jpg,train,dirty_positive,dirty_positive,true_positive,0.70789909,0.65,0.05789909,0.63339400,0.08173846,0.52549022,0.80000001,0.08825936,0.64946151,0.00362607,0.42073059,false,
7,7,dirty_positive/dirty_7_7.jpg,train,dirty_positive,dirty_positive,true_positive,0.77607912,0.65,0.12607912,0.63186979,0.07855844,0.52941179,0.79607844,0.08202318,0.64678675,0.00311933,0.36700439,false,
7,7,dirty_positive/dirty_7_8.jpg,train,dirty_positive,clean_negative,false_negative,0.54889381,0.65,0.10110619,0.62325054,0.07179085,0.53333336,0.76862746,0.08659004,0.63789463,0.00281798,0.33717346,false,
7,7,dirty_positive/dirty_7_9.jpg,train,dirty_positive,dirty_positive,true_positive,0.66631294,0.65,0.01631294,0.62590170,0.06681354,0.54509807,0.75686276,0.07559983,0.63982928,0.00191189,0.27310181,false,
7,7,dirty_positive/dirty_7_10.jpg,train,dirty_positive,clean_negative,false_negative,0.40665236,0.65,0.24334764,0.62089908,0.06450372,0.54117650,0.74509805,0.08126838,0.63489658,0.00205753,0.28332520,true,tmp\sourcewise_error_atlas\run_001\contact_sheets\source_7_false_negative.jpg
7,7,dirty_positive/dirty_7_11.jpg,train,dirty_positive,clean_negative,false_negative,0.59064001,0.65,0.05935999,0.62518859,0.07527283,0.52941179,0.77647060,0.08853246,0.64045262,0.00322839,0.36851501,false,
7,7,dirty_positive/dirty_7_12.jpg,train,dirty_positive,clean_negative,false_negative,0.41843868,0.65,0.23156132,0.62465322,0.06662276,0.54509807,0.75294119,0.07672760,0.63857603,0.00192029,0.27474976,true,tmp\sourcewise_error_atlas\run_001\contact_sheets\source_7_false_negative.jpg
7,7,dirty_positive/dirty_7_13.jpg,train,dirty_positive,dirty_positive,true_positive,0.96831313,0.65,0.31831313,0.61413044,0.07809597,0.50588238,0.75686276,0.15777344,0.64106417,0.00488783,0.49282837,false,
7,7,dirty_positive/dirty_7_14.jpg,train,dirty_positive,dirty_positive,true_positive,0.99520719,0.65,0.34520719,0.63312483,0.07991108,0.52156866,0.78039217,0.13739845,0.65711427,0.00500423,0.48440552,false,
7,7,dirty_positive/dirty_7_15.jpg,train,dirty_positive,dirty_positive,true_positive,0.99476934,0.65,0.34476934,0.61979997,0.07247119,0.51764709,0.74509805,0.13896814,0.64397657,0.00475299,0.47953796,false,
7,7,dirty_positive/dirty_7_16.jpg,train,dirty_positive,dirty_positive,true_positive,0.99566517,0.65,0.34566517,0.63085300,0.07872633,0.52156866,0.77254903,0.13855004,0.65508378,0.00495048,0.48352051,false,
7,7,dirty_positive/dirty_7_17.jpg,train,dirty_positive,clean_negative,false_negative,0.50809374,0.65,0.14190626,0.61788964,0.06122307,0.53725493,0.73333335,0.08924022,0.63277841,0.00252043,0.34660339,false,
7,7,dirty_positive/dirty_7_18.jpg,train,dirty_positive,clean_negative,false_negative,0.53408024,0.65,0.11591976,0.62137860,0.07761636,0.51764709,0.77254903,0.10640966,0.63916987,0.00466053,0.47312927,false,
7,7,dirty_positive/dirty_7_19.jpg,train,dirty_positive,clean_negative,false_negative,0.56989230,0.65,0.08010770,0.62009120,0.06403765,0.54117650,0.74509805,0.08513238,0.63436639,0.00238961,0.31875610,false,
7,7,dirty_positive/dirty_7_20.jpg,train,dirty_positive,clean_negative,false_negative,0.38925021,0.65,0.26074979,0.62228811,0.06906930,0.53725493,0.76078433,0.08497668,0.63663483,0.00250391,0.31967163,true,tmp\sourcewise_error_atlas\run_001\contact_sheets\source_7_false_negative.jpg
7,7,dirty_positive/dirty_7_21.jpg,train,dirty_positive,dirty_positive,true_positive,0.96630234,0.65,0.31630234,0.62182903,0.09816746,0.48627451,0.80784315,0.15029022,0.64599109,0.00653504,0.50668335,false,
7,7,dirty_positive/dirty_7_22.jpg,train,dirty_positive,dirty_positive,true_positive,0.92666840,0.65,0.27666840,0.62842482,0.10002302,0.49019608,0.81960785,0.14630553,0.65198791,0.00635531,0.51329041,false,
7,7,dirty_positive/dirty_7_23.jpg,train,dirty_positive,dirty_positive,true_positive,0.98287557,0.65,0.33287557,0.61551815,0.09616135,0.48627451,0.80000001,0.15264213,0.63969660,0.00669982,0.50325012,false,
7,7,dirty_positive/dirty_7_24.jpg,train,dirty_positive,dirty_positive,true_positive,0.98569299,0.65,0.33569299,0.65798330,0.10107768,0.50196081,0.84705883,0.13027751,0.68013561,0.00598574,0.53732300,false,
7,7,dirty_positive/dirty_7_25.jpg,train,dirty_positive,clean_negative,false_negative,0.47576801,0.65,0.17423199,0.66113698,0.08709971,0.54117650,0.82745099,0.12113738,0.68080604,0.00728409,0.53610229,true,tmp\sourcewise_error_atlas\run_001\contact_sheets\source_7_false_negative.jpg
7,7,dirty_positive/dirty_7_26.jpg,train,dirty_positive,clean_negative,false_negative,0.37420776,0.65,0.27579224,0.67032069,0.08965889,0.53725493,0.83921570,0.11530487,0.68915498,0.00712109,0.54371643,true,tmp\sourcewise_error_atlas\run_001\contact_sheets\source_7_false_negative.jpg
7,7,dirty_positive/dirty_7_27.jpg,train,dirty_positive,clean_negative,false_negative,0.55273761,0.65,0.09726239,0.67019641,0.08481421,0.56078434,0.83529413,0.11553030,0.68910563,0.00777398,0.54458618,false,
7,7,dirty_positive/dirty_7_28.jpg,train,dirty_positive,dirty_positive,true_positive,0.81396079,0.65,0.16396079,0.68211234,0.08546919,0.56078434,0.84705883,0.10767291,0.69990993,0.00745817,0.55912781,false,
7,7,dirty_positive/dirty_7_29.jpg,train,dirty_positive,dirty_positive,true_positive,0.99999647,0.65,0.34999647,0.66077435,0.07137246,0.57254905,0.80392158,0.12128890,0.68022966,0.00572036,0.46232605,true,tmp\sourcewise_error_atlas\run_001\contact_sheets\source_7_true_positive.jpg
7,7,dirty_positive/dirty_7_30.jpg,train,dirty_positive,dirty_positive,true_positive,0.99999860,0.65,0.34999860,0.67182505,0.06306613,0.59215689,0.79215688,0.10770857,0.68931460,0.00500446,0.44490051,true,tmp\sourcewise_error_atlas\run_001\contact_sheets\source_7_true_positive.jpg
7,7,dirty_positive/dirty_7_31.jpg,train,dirty_positive,dirty_positive,true_positive,0.99929848,0.65,0.34929848,0.67238092,0.06238548,0.59215689,0.78823531,0.10997775,0.69020188,0.00514106,0.46678162,false,
7,7,dirty_positive/dirty_7_32.jpg,train,dirty_positive,dirty_positive,true_positive,0.99999691,0.65,0.34999691,0.66065234,0.07076302,0.57254905,0.80000001,0.12167569,0.68026912,0.00565888,0.46806335,true,tmp\sourcewise_error_atlas\run_001\contact_sheets\source_7_true_positive.jpg
7,7,dirty_positive/dirty_7_33.jpg,train,dirty_positive,dirty_positive,true_positive,0.94869710,0.65,0.29869710,0.60293007,0.08826102,0.49803922,0.77254903,0.16789936,0.62999940,0.00762547,0.63224792,false,
7,7,dirty_positive/dirty_7_34.jpg,train,dirty_positive,dirty_positive,true_positive,0.94593941,0.65,0.29593941,0.59689116,0.08534319,0.49803922,0.76470590,0.17299345,0.62455124,0.00792465,0.61787415,false,
7,7,dirty_positive/dirty_7_35.jpg,train,dirty_positive,dirty_positive,true_positive,0.95897426,0.65,0.30897426,0.60025215,0.08758467,0.49803922,0.76862746,0.16370839,0.62695920,0.00748665,0.61218262,false,
7,7,dirty_positive/dirty_7_36.jpg,train,dirty_positive,dirty_positive,true_positive,0.95637234,0.65,0.30637234,0.58864701,0.08184890,0.49019608,0.74509805,0.18000555,0.61682725,0.00704199,0.60444641,false,
7,7,dirty_positive/dirty_7_37.jpg,train,dirty_positive,dirty_positive,true_positive,0.66076561,0.65,0.01076561,0.59727484,0.08427649,0.48627451,0.76470590,0.14801033,0.61885357,0.00707682,0.51106262,false,
7,7,dirty_positive/dirty_7_38.jpg,train,dirty_positive,dirty_positive,true_positive,0.99995163,0.65,0.34995163,0.62305999,0.08892220,0.49019608,0.79607844,0.13953811,0.64438695,0.00710320,0.51762390,false,
7,7,dirty_positive/dirty_7_39.jpg,train,dirty_positive,clean_negative,false_negative,0.48510379,0.65,0.16489621,0.57760704,0.07273149,0.49019608,0.70980394,0.14682187,0.59784985,0.00679719,0.49569702,false,
7,7,dirty_positive/dirty_7_40.jpg,train,dirty_positive,dirty_positive,true_positive,0.77148861,0.65,0.12148861,0.60239553,0.09202282,0.48627451,0.78431374,0.14906408,0.62459081,0.00752428,0.52899170,false,
7,7,dirty_positive/dirty_7_41.jpg,train,dirty_positive,dirty_positive,true_positive,0.97691101,0.65,0.32691101,0.70979607,0.06657805,0.62352943,0.83921570,0.07768807,0.72352934,0.00597096,0.54766846,false,
7,7,dirty_positive/dirty_7_42.jpg,train,dirty_positive,dirty_positive,true_positive,0.97595407,0.65,0.32595407,0.69113553,0.06286486,0.60784316,0.81176472,0.09074049,0.70637369,0.00533289,0.52894592,false,
7,7,dirty_positive/dirty_7_43.jpg,train,dirty_positive,dirty_positive,true_positive,0.99747876,0.65,0.34747876,0.70526832,0.06407753,0.61960787,0.82745099,0.08254844,0.71918470,0.00520686,0.50680542,false,
7,7,dirty_positive/dirty_7_44.jpg,train,dirty_positive,dirty_positive,true_positive,0.99318729,0.65,0.34318729,0.70672369,0.06517202,0.62352943,0.83529413,0.07619043,0.72090590,0.00625411,0.56681824,false,
7,7,dirty_positive/dirty_7_45.jpg,train,dirty_positive,dirty_positive,true_positive,0.99825515,0.65,0.34825515,0.63810408,0.07330389,0.54901963,0.78823531,0.13902056,0.66008091,0.00667719,0.50321960,false,
7,7,dirty_positive/dirty_7_46.jpg,train,dirty_positive,dirty_positive,true_positive,0.99999331,0.65,0.34999331,0.65756309,0.07536211,0.56470591,0.80784315,0.12483546,0.67751443,0.00626469,0.49388123,true,tmp\sourcewise_error_atlas\run_001\contact_sheets\source_7_true_positive.jpg
7,7,dirty_positive/dirty_7_47.jpg,train,dirty_positive,dirty_positive,true_positive,0.99684330,0.65,0.34684330,0.60973626,0.06800461,0.51372552,0.72941178,0.14568961,0.63152015,0.00624682,0.48789978,false,
7,7,dirty_positive/dirty_7_48.jpg,train,dirty_positive,dirty_positive,true_positive,0.99998106,0.65,0.34998106,0.63537997,0.08178224,0.52941179,0.80000001,0.13691910,0.65695488,0.00745550,0.53581238,true,tmp\sourcewise_error_atlas\run_001\contact_sheets\source_7_true_positive.jpg
7,7,dirty_positive/dirty_7_49.jpg,train,dirty_positive,dirty_positive,true_positive,0.99998072,0.65,0.34998072,0.60648584,0.06185542,0.51764709,0.71372551,0.14579649,0.62803149,0.00538674,0.47438049,true,tmp\sourcewise_error_atlas\run_001\contact_sheets\source_7_true_positive.jpg
7,7,dirty_positive/dirty_7_50.jpg,train,dirty_positive,clean_negative,false_negative,0.53114496,0.65,0.11885504,0.58162582,0.05877526,0.49803922,0.68627453,0.14339422,0.60169083,0.00439134,0.42707825,false,
7,7,dirty_positive/dirty_7_51.jpg,train,dirty_positive,dirty_positive,true_positive,0.99999267,0.65,0.34999267,0.62879211,0.06890579,0.54509807,0.76078433,0.14360867,0.65122110,0.00644391,0.49360657,true,tmp\sourcewise_error_atlas\run_001\contact_sheets\source_7_true_positive.jpg
7,7,dirty_positive/dirty_7_52.jpg,train,dirty_positive,dirty_positive,true_positive,0.99997592,0.65,0.34997592,0.60164535,0.07005734,0.49803922,0.72549021,0.14507370,0.62288988,0.00626157,0.47839355,true,tmp\sourcewise_error_atlas\run_001\contact_sheets\source_7_true_positive.jpg
7,7,dirty_positive/dirty_7_53.jpg,train,dirty_positive,dirty_positive,true_positive,0.96921110,0.65,0.31921110,0.71430051,0.06726729,0.63529414,0.85098040,0.06227459,0.72906137,0.00652709,0.58023071,false,
7,7,dirty_positive/dirty_7_54.jpg,train,dirty_positive,dirty_positive,true_positive,0.97289916,0.65,0.32289916,0.71234411,0.06673743,0.63137257,0.84705883,0.06751111,0.72694969,0.00616521,0.56933594,false,
7,7,dirty_positive/dirty_7_55.jpg,train,dirty_positive,clean_negative,false_negative,0.39912162,0.65,0.25087838,0.71592295,0.06741612,0.63921571,0.85490197,0.06002467,0.73007029,0.00685507,0.59361267,true,tmp\sourcewise_error_atlas\run_001\contact_sheets\source_7_false_negative.jpg
7,7,dirty_positive/dirty_7_56.jpg,train,dirty_positive,dirty_positive,true_positive,0.99188797,0.65,0.34188797,0.71051681,0.06650688,0.63137257,0.84705883,0.06789970,0.72376430,0.00653051,0.59446716,false,
7,7,dirty_positive/dirty_7_57.jpg,train,dirty_positive,dirty_positive,true_positive,0.83925499,0.65,0.18925499,0.62267709,0.07337903,0.53725493,0.76470590,0.12971306,0.64134860,0.00372103,0.49121094,false,
7,7,dirty_positive/dirty_7_58.jpg,train,dirty_positive,clean_negative,false_negative,0.55585120,0.65,0.09414880,0.60719752,0.08066627,0.50588238,0.77254903,0.13039008,0.62562382,0.00319148,0.46215820,false,
7,7,dirty_positive/dirty_7_59.jpg,train,dirty_positive,dirty_positive,true_positive,0.99327266,0.65,0.34327266,0.63466555,0.06681854,0.55294120,0.76078433,0.13150086,0.65394080,0.00392742,0.49301147,false,
7,7,dirty_positive/dirty_7_60.jpg,train,dirty_positive,dirty_positive,true_positive,0.86653149,0.65,0.21653149,0.63118231,0.07854994,0.54117650,0.78823531,0.12464289,0.64929140,0.00394921,0.52093506,false,
7,7,dirty_positive/dirty_7_61.jpg,train,dirty_positive,dirty_positive,true_positive,0.96491835,0.65,0.31491835,0.54960859,0.05820198,0.48235294,0.65490198,0.19901758,0.57952332,0.00269502,0.43936157,false,
7,7,dirty_positive/dirty_7_62.jpg,train,dirty_positive,dirty_positive,true_positive,0.91689106,0.65,0.26689106,0.54878664,0.05684099,0.48627451,0.65098041,0.19095412,0.57774913,0.00269081,0.44338989,false,
7,7,dirty_positive/dirty_7_63.jpg,train,dirty_positive,dirty_positive,true_positive,0.92553369,0.65,0.27553369,0.55079472,0.05784662,0.48627451,0.65882355,0.19014362,0.57935953,0.00247574,0.43453979,false,
7,7,dirty_positive/dirty_7_64.jpg,train,dirty_positive,dirty_positive,true_positive,0.94296124,0.65,0.29296124,0.55184817,0.05841695,0.49019608,0.66274512,0.18501708,0.57973123,0.00232060,0.42494202,false,
7,7,dirty_positive/dirty_7_65.jpg,train,dirty_positive,dirty_positive,true_positive,0.66596392,0.65,0.01596392,0.57142460,0.06698010,0.49803922,0.70588237,0.16425884,0.59484708,0.00229133,0.40740967,false,
7,7,dirty_positive/dirty_7_66.jpg,train,dirty_positive,dirty_positive,true_positive,0.89571170,0.65,0.24571170,0.54848921,0.04820264,0.49019608,0.63137257,0.18911713,0.57590705,0.00243277,0.36589050,false,
7,7,dirty_positive/dirty_7_67.jpg,train,dirty_positive,dirty_positive,true_positive,0.71670047,0.65,0.06670047,0.57142520,0.06482352,0.50196081,0.70588237,0.16998658,0.59567350,0.00187762,0.39706421,false,
7,7,dirty_positive/dirty_7_68.jpg,train,dirty_positive,dirty_positive,true_positive,0.69038108,0.65,0.04038108,0.56442451,0.06016162,0.49803922,0.68235296,0.17198506,0.58907533,0.00204897,0.38696289,false,
7,7,dirty_positive/dirty_7_69.jpg,train,dirty_positive,dirty_positive,true_positive,0.69656258,0.65,0.04656258,0.61994165,0.08571692,0.52156866,0.79607844,0.12487943,0.63783455,0.00345587,0.50889587,false,
7,7,dirty_positive/dirty_7_70.jpg,train,dirty_positive,clean_negative,false_negative,0.26911640,0.65,0.38088360,0.60257328,0.08680059,0.50196081,0.78431374,0.13425228,0.62161016,0.00310348,0.45477295,true,tmp\sourcewise_error_atlas\run_001\contact_sheets\source_7_false_negative.jpg
7,7,dirty_positive/dirty_7_71.jpg,train,dirty_positive,clean_negative,false_negative,0.52874112,0.65,0.12125888,0.58739674,0.08212250,0.49803922,0.76862746,0.14221457,0.60742319,0.00280666,0.41667175,false,
7,7,dirty_positive/dirty_7_72.jpg,train,dirty_positive,clean_negative,false_negative,0.55084571,0.65,0.09915429,0.61925411,0.08030539,0.52156866,0.78039217,0.12670858,0.63741136,0.00356412,0.50059509,false,
7,7,dirty_positive/dirty_7_73.jpg,train,dirty_positive,clean_negative,false_negative,0.42270015,0.65,0.22729985,0.71696579,0.08150217,0.62352943,0.87843138,0.06153050,0.73291612,0.00690672,0.58901978,true,tmp\sourcewise_error_atlas\run_001\contact_sheets\source_7_false_negative.jpg
7,7,dirty_positive/dirty_7_74.jpg,train,dirty_positive,clean_negative,false_negative,0.41642120,0.65,0.23357880,0.71403396,0.08333746,0.61960787,0.87843138,0.06323996,0.73001385,0.00716003,0.58932495,true,tmp\sourcewise_error_atlas\run_001\contact_sheets\source_7_false_negative.jpg
7,7,dirty_positive/dirty_7_75.jpg,train,dirty_positive,clean_negative,false_negative,0.43390787,0.65,0.21609213,0.71493548,0.08213980,0.62352943,0.87843138,0.06269795,0.73091030,0.00709261,0.58892822,true,tmp\sourcewise_error_atlas\run_001\contact_sheets\source_7_false_negative.jpg
7,7,dirty_positive/dirty_7_76.jpg,train,dirty_positive,clean_negative,false_negative,0.48374389,0.65,0.16625611,0.71724319,0.07764060,0.62745100,0.87450981,0.06257606,0.73332381,0.00639357,0.57858276,false,
7,7,dirty_positive/dirty_7_77.jpg,train,dirty_positive,clean_negative,false_negative,0.50933012,0.65,0.14066988,0.72129297,0.08292990,0.61960787,0.88235295,0.06050457,0.73321700,0.00766736,0.66206360,false,
7,7,dirty_positive/dirty_7_78.jpg,train,dirty_positive,clean_negative,false_negative,0.54469276,0.65,0.10530724,0.71454692,0.07787820,0.61960787,0.87058824,0.06550724,0.72574663,0.00672357,0.64611816,false,
7,7,dirty_positive/dirty_7_79.jpg,train,dirty_positive,dirty_positive,true_positive,0.87248816,0.65,0.22248816,0.70262706,0.07961287,0.59607846,0.85490197,0.07157761,0.71374130,0.00718536,0.64976501,false,
7,7,dirty_positive/dirty_7_80.jpg,train,dirty_positive,dirty_positive,true_positive,0.75152133,0.65,0.10152133,0.70074564,0.07190283,0.61176473,0.84313726,0.07506708,0.71252429,0.00581995,0.60841370,false,
7,7,dirty_positive/dirty_7_81.jpg,train,dirty_positive,dirty_positive,true_positive,0.83639530,0.65,0.18639530,0.65180612,0.08367069,0.54901963,0.82352942,0.10901688,0.66771168,0.00559162,0.59329224,false,
7,7,dirty_positive/dirty_7_82.jpg,train,dirty_positive,dirty_positive,true_positive,0.90166278,0.65,0.25166278,0.65042889,0.08429431,0.54901963,0.82352942,0.10710618,0.66587740,0.00579040,0.59626770,false,
7,7,dirty_positive/dirty_7_83.jpg,train,dirty_positive,clean_negative,false_negative,0.59283405,0.65,0.05716595,0.64060640,0.07958565,0.54509807,0.80000001,0.11973734,0.65804672,0.00450404,0.55339050,false,
7,7,dirty_positive/dirty_7_84.jpg,train,dirty_positive,dirty_positive,true_positive,0.88670995,0.65,0.23670995,0.65332651,0.08193788,0.55294120,0.81960785,0.11134489,0.66963601,0.00520656,0.57865906,false,
7,7,dirty_positive/dirty_7_85.jpg,train,dirty_positive,dirty_positive,true_positive,0.77051806,0.65,0.12051806,0.65642691,0.08126983,0.55686277,0.81960785,0.07697485,0.66881180,0.00695679,0.58947754,false,
7,7,dirty_positive/dirty_7_86.jpg,train,dirty_positive,dirty_positive,true_positive,0.87455271,0.65,0.22455271,0.64747465,0.08138406,0.55294120,0.81568629,0.08766624,0.66034067,0.00657299,0.59286499,false,
7,7,dirty_positive/dirty_7_87.jpg,train,dirty_positive,dirty_positive,true_positive,0.88779089,0.65,0.23779089,0.66367221,0.08098358,0.56470591,0.82352942,0.06984361,0.67657876,0.00661529,0.55180359,false,
7,7,dirty_positive/dirty_7_88.jpg,train,dirty_positive,dirty_positive,true_positive,0.85735567,0.65,0.20735567,0.65442669,0.08400530,0.55294120,0.82745099,0.08567087,0.66665208,0.00687015,0.62619019,false,
7,7,dirty_positive/dirty_7_89.jpg,train,dirty_positive,dirty_positive,true_positive,0.81841372,0.65,0.16841372,0.64660037,0.07601763,0.55294120,0.79607844,0.08838101,0.65923500,0.00514720,0.58361816,false,
7,7,dirty_positive/dirty_7_90.jpg,train,dirty_positive,dirty_positive,true_positive,0.91632598,0.65,0.26632598,0.64639080,0.07733378,0.55294120,0.80000001,0.08892237,0.65905678,0.00502819,0.58325195,false,
7,7,dirty_positive/dirty_7_91.jpg,train,dirty_positive,clean_negative,false_negative,0.61934444,0.65,0.03065556,0.64361823,0.08453856,0.54509807,0.81568629,0.09913325,0.65773988,0.00471661,0.59869385,false,
7,7,dirty_positive/dirty_7_92.jpg,train,dirty_positive,dirty_positive,true_positive,0.91422920,0.65,0.26422920,0.64497149,0.08256467,0.54901963,0.81568629,0.09689194,0.65866411,0.00528146,0.60188293,false,
7,7,dirty_positive/dirty_7_93.jpg,train,dirty_positive,clean_negative,false_negative,0.51919147,0.65,0.13080853,0.65312386,0.06942535,0.56078434,0.78431374,0.08238442,0.66474116,0.00394841,0.53468323,false,
7,7,dirty_positive/dirty_7_94.jpg,train,dirty_positive,clean_negative,false_negative,0.35591315,0.65,0.29408685,0.65368986,0.06980331,0.56078434,0.78823531,0.07998060,0.66486675,0.00406104,0.52922058,true,tmp\sourcewise_error_atlas\run_001\contact_sheets\source_7_false_negative.jpg
7,7,dirty_positive/dirty_7_95.jpg,train,dirty_positive,dirty_positive,true_positive,0.91752471,0.65,0.26752471,0.65540993,0.06868412,0.56470591,0.78431374,0.08284177,0.66733015,0.00363036,0.52056885,false,
7,7,dirty_positive/dirty_7_96.jpg,train,dirty_positive,clean_negative,false_negative,0.34608802,0.65,0.30391198,0.64609814,0.07929991,0.54901963,0.80392158,0.09517823,0.65981877,0.00429386,0.58155823,true,tmp\sourcewise_error_atlas\run_001\contact_sheets\source_7_false_negative.jpg
7,7,dirty_positive/dirty_7_97.jpg,train,dirty_positive,dirty_positive,true_positive,0.66633220,0.65,0.01633220,0.66141260,0.07785436,0.56470591,0.82352942,0.06247403,0.67400074,0.00573846,0.50431824,false,
7,7,dirty_positive/dirty_7_98.jpg,train,dirty_positive,dirty_positive,true_positive,0.66991462,0.65,0.01991462,0.66403496,0.07897536,0.56862748,0.82352942,0.06356262,0.67701727,0.00627898,0.52214050,false,
7,7,dirty_positive/dirty_7_99.jpg,train,dirty_positive,dirty_positive,true_positive,0.91569770,0.65,0.26569770,0.65184963,0.07469252,0.55686277,0.80000001,0.07420601,0.66375947,0.00616391,0.54930115,false,
7,7,dirty_positive/dirty_7_100.jpg,train,dirty_positive,dirty_positive,true_positive,0.91152202,0.65,0.26152202,0.66315907,0.08003429,0.56470591,0.82352942,0.06754175,0.67642045,0.00654469,0.53727722,false,
7,7,dirty_positive/dirty_7_101.jpg,train,dirty_positive,clean_negative,false_negative,0.08782487,0.65,0.56217513,0.54675424,0.03527115,0.50980395,0.61176473,0.13282932,0.56765246,0.00053736,0.17552185,true,tmp\sourcewise_error_atlas\run_001\contact_sheets\source_7_false_negative.jpg
7,7,dirty_positive/dirty_7_102.jpg,train,dirty_positive,clean_negative,false_negative,0.44792572,0.65,0.20207428,0.54654169,0.03846479,0.49803922,0.61568630,0.14692295,0.56883687,0.00064306,0.20149231,true,tmp\sourcewise_error_atlas\run_001\contact_sheets\source_7_false_negative.jpg
7,7,dirty_positive/dirty_7_103.jpg,train,dirty_positive,clean_negative,false_negative,0.11653481,0.65,0.53346519,0.54523492,0.03728009,0.50588238,0.61568630,0.11973112,0.56483889,0.00043860,0.15225220,true,tmp\sourcewise_error_atlas\run_001\contact_sheets\source_7_false_negative.jpg
7,7,dirty_positive/dirty_7_104.jpg,train,dirty_positive,clean_negative,false_negative,0.10163564,0.65,0.54836436,0.54426551,0.03401921,0.51372552,0.60784316,0.11246847,0.56295383,0.00039791,0.13652039,true,tmp\sourcewise_error_atlas\run_001\contact_sheets\source_7_false_negative.jpg
7,7,dirty_positive/dirty_7_105.jpg,train,dirty_positive,dirty_positive,true_positive,0.84862619,0.65,0.19862619,0.55568993,0.05761152,0.49019608,0.66666669,0.18493575,0.58436424,0.00078679,0.30061340,false,
7,7,dirty_positive/dirty_7_106.jpg,train,dirty_positive,dirty_positive,true_positive,0.83797536,0.65,0.18797536,0.56321049,0.06040424,0.49411765,0.67843139,0.17466989,0.59076411,0.00083777,0.30918884,false,
7,7,dirty_positive/dirty_7_107.jpg,train,dirty_positive,dirty_positive,true_positive,0.96010952,0.65,0.31010952,0.54861248,0.05353585,0.49019608,0.65490198,0.18516117,0.57740784,0.00073927,0.27647400,false,
7,7,dirty_positive/dirty_7_108.jpg,train,dirty_positive,dirty_positive,true_positive,0.96108385,0.65,0.31108385,0.58744609,0.08299353,0.49803922,0.75294119,0.16570251,0.61303651,0.00094400,0.34713745,false,
8,8,clean_negative/clean_8_1.jpg,train,clean_negative,clean_negative,true_negative,0.00000005,0.30,0.29999995,0.70112145,0.02194632,0.68627453,0.71764708,0.08402501,0.74551344,0.00094934,0.03344727,true,tmp\sourcewise_error_atlas\run_001\contact_sheets\source_8_true_negative.jpg
8,8,clean_negative/clean_8_2.jpg,train,clean_negative,clean_negative,true_negative,0.00000018,0.30,0.29999982,0.70324802,0.02503797,0.68627453,0.72156864,0.08000788,0.74510711,0.00114769,0.06088257,true,tmp\sourcewise_error_atlas\run_001\contact_sheets\source_8_true_negative.jpg
8,8,clean_negative/clean_8_3.jpg,train,clean_negative,clean_negative,true_negative,0.00000392,0.30,0.29999608,0.70728970,0.03228054,0.68627453,0.75686276,0.07678451,0.74633670,0.00134590,0.09776306,true,tmp\sourcewise_error_atlas\run_001\contact_sheets\source_8_true_negative.jpg
8,8,clean_negative/clean_8_4.jpg,train,clean_negative,clean_negative,true_negative,0.05360270,0.30,0.24639730,0.59384024,0.07572487,0.49803922,0.74117649,0.15054742,0.61407340,0.00558039,0.54280090,false,
8,8,clean_negative/clean_8_5.jpg,train,clean_negative,clean_negative,true_negative,0.05954179,0.30,0.24045821,0.60585999,0.08705830,0.49411765,0.77647060,0.14135253,0.62498790,0.00511394,0.56781006,false,
8,8,clean_negative/clean_8_6.jpg,train,clean_negative,clean_negative,true_negative,0.06163186,0.30,0.23836814,0.61477637,0.09078243,0.49411765,0.78823531,0.13439566,0.63312513,0.00447244,0.57394409,false,
8,8,clean_negative/clean_8_7.jpg,train,clean_negative,clean_negative,true_negative,0.06340579,0.30,0.23659421,0.62363106,0.08908648,0.49803922,0.79215688,0.12963887,0.64160329,0.00428984,0.59309387,false,
8,8,clean_negative/clean_8_8.jpg,train,clean_negative,clean_negative,true_negative,0.04604951,0.30,0.25395049,0.58299506,0.06270218,0.49803922,0.69803923,0.15490097,0.60366350,0.00481474,0.47000122,false,
8,8,clean_negative/clean_8_9.jpg,train,clean_negative,clean_negative,true_negative,0.10828769,0.30,0.19171231,0.58998233,0.05977877,0.50980395,0.69803923,0.14958282,0.60979313,0.00498432,0.46972656,false,
8,8,clean_negative/clean_8_10.jpg,train,clean_negative,clean_negative,true_negative,0.22911876,0.30,0.07088124,0.59130871,0.06318628,0.50588238,0.70588237,0.14923216,0.61098701,0.00590292,0.49601746,false,
8,8,clean_negative/clean_8_11.jpg,train,clean_negative,clean_negative,true_negative,0.19047393,0.30,0.10952607,0.58534861,0.06714191,0.49803922,0.70980394,0.15623464,0.60614109,0.00653473,0.52134705,false,
8,8,clean_negative/clean_8_12.jpg,train,clean_negative,clean_negative,true_negative,0.13835108,0.30,0.16164892,0.59081799,0.07654265,0.49803922,0.73725492,0.15537500,0.61167395,0.00700255,0.57649231,false,
8,8,clean_negative/clean_8_13.jpg,train,clean_negative,clean_negative,true_negative,0.13550106,0.30,0.16449894,0.60429907,0.08896724,0.49411765,0.78431374,0.14648810,0.62414426,0.00647713,0.60040283,false,
8,8,clean_negative/clean_8_14.jpg,train,clean_negative,clean_negative,true_negative,0.15734065,0.30,0.14265935,0.61876774,0.09270728,0.49803922,0.79607844,0.13773400,0.63759601,0.00508599,0.60855103,false,
8,8,clean_negative/clean_8_15.jpg,train,clean_negative,clean_negative,true_negative,0.23860530,0.30,0.06139470,0.62841219,0.09046391,0.50196081,0.80000001,0.13177472,0.64673209,0.00488654,0.62878418,false,
8,8,clean_negative/clean_8_16.jpg,train,clean_negative,clean_negative,true_negative,0.22863311,0.30,0.07136689,0.59775805,0.06875905,0.50980395,0.72549021,0.14853024,0.61731827,0.00698444,0.55708313,false,
8,8,clean_negative/clean_8_17.jpg,train,clean_negative,clean_negative,true_negative,0.22675171,0.30,0.07324829,0.58987403,0.07090820,0.50196081,0.72549021,0.15810578,0.61096418,0.00754143,0.58175659,false,
8,8,clean_negative/clean_8_18.jpg,train,clean_negative,clean_negative,true_negative,0.15917858,0.30,0.14082142,0.59162605,0.07809339,0.49803922,0.74509805,0.15835842,0.61295086,0.00777557,0.62678528,false,
8,8,clean_negative/clean_8_19.jpg,train,clean_negative,clean_negative,true_negative,0.14805004,0.30,0.15194996,0.60158610,0.08934424,0.49803922,0.78431374,0.15266666,0.62234175,0.00705785,0.63717651,false,
8,8,clean_negative/clean_8_20.jpg,train,clean_negative,clean_negative,true_negative,0.16206394,0.30,0.13793606,0.61367273,0.09417880,0.49411765,0.79607844,0.14516345,0.63355410,0.00541938,0.63516235,false,
8,8,clean_negative/clean_8_21.jpg,train,clean_negative,clean_negative,true_negative,0.20748842,0.30,0.09251158,0.62252426,0.09359165,0.49803922,0.80000001,0.13766211,0.64164895,0.00525690,0.65519714,false,
8,8,clean_negative/clean_8_22.jpg,train,clean_negative,clean_negative,true_negative,0.18280231,0.30,0.11719769,0.59354150,0.07112314,0.50196081,0.72549021,0.15700859,0.61444044,0.00690831,0.55285645,false,
8,8,clean_negative/clean_8_23.jpg,train,clean_negative,clean_negative,true_negative,0.16530908,0.30,0.13469092,0.58524787,0.07300751,0.49019608,0.72156864,0.16529991,0.60737121,0.00728789,0.57991028,false,
8,8,clean_negative/clean_8_24.jpg,train,clean_negative,clean_negative,true_negative,0.13987073,0.30,0.16012927,0.58609807,0.07848731,0.48627451,0.73725492,0.16477124,0.60834032,0.00722246,0.60791016,false,
8,8,clean_negative/clean_8_25.jpg,train,clean_negative,clean_negative,true_negative,0.13306236,0.30,0.16693764,0.59140611,0.08782570,0.48627451,0.77254903,0.16141897,0.61341727,0.00641636,0.61323547,false,
8,8,clean_negative/clean_8_26.jpg,train,clean_negative,clean_negative,true_negative,0.15890514,0.30,0.14109486,0.60026044,0.09323686,0.48627451,0.78431374,0.15614307,0.62174404,0.00483283,0.60549927,false,
8,8,clean_negative/clean_8_27.jpg,train,clean_negative,clean_negative,true_negative,0.17155900,0.30,0.12844100,0.60718918,0.09390961,0.48627451,0.79215688,0.14955379,0.62798142,0.00469406,0.62117004,false,
8,8,clean_negative/clean_8_28.jpg,train,clean_negative,clean_negative,true_negative,0.17816503,0.30,0.12183497,0.59449315,0.07358355,0.50196081,0.73333335,0.15776953,0.61556399,0.00674816,0.55340576,false,
8,8,clean_negative/clean_8_29.jpg,train,clean_negative,clean_negative,true_negative,0.15790044,0.30,0.14209956,0.58559734,0.07424771,0.49019608,0.72549021,0.16675463,0.60803461,0.00699453,0.57356262,false,
8,8,clean_negative/clean_8_30.jpg,train,clean_negative,clean_negative,true_negative,0.12683764,0.30,0.17316236,0.58439022,0.07704724,0.48627451,0.73333335,0.16801538,0.60720968,0.00674114,0.58854675,false,
8,8,clean_negative/clean_8_31.jpg,train,clean_negative,clean_negative,true_negative,0.12287810,0.30,0.17712190,0.58782178,0.08434004,0.48627451,0.75686276,0.16544382,0.61053866,0.00592784,0.59072876,false,
8,8,clean_negative/clean_8_32.jpg,train,clean_negative,clean_negative,true_negative,0.21085817,0.30,0.08914183,0.58687389,0.08618185,0.48235294,0.75686276,0.16926935,0.61043072,0.00390531,0.54620361,false,
8,8,clean_negative/clean_8_33.jpg,train,clean_negative,clean_negative,true_negative,0.20728063,0.30,0.09271937,0.58924729,0.08770519,0.47843137,0.76078433,0.16732179,0.61266708,0.00383014,0.55609131,false,
8,8,clean_negative/clean_8_34.jpg,train,clean_negative,dirty_positive,false_positive,0.37881427,0.30,0.07881427,0.56734109,0.07133552,0.47843137,0.70588237,0.18683282,0.59353507,0.00315803,0.47534180,false,
8,8,clean_negative/clean_8_35.jpg,train,clean_negative,dirty_positive,false_positive,0.35671418,0.30,0.05671418,0.56603974,0.07319308,0.47450981,0.70588237,0.18929097,0.59275895,0.00303304,0.47943115,false,
8,8,clean_negative/clean_8_36.jpg,train,clean_negative,dirty_positive,false_positive,0.44175781,0.30,0.14175781,0.72274268,0.08944549,0.59607846,0.88627452,0.07124287,0.73595726,0.00605320,0.67568970,false,
8,8,clean_negative/clean_8_37.jpg,train,clean_negative,dirty_positive,false_positive,0.47387114,0.30,0.17387114,0.55682921,0.06917296,0.47058824,0.68627453,0.20193686,0.58546996,0.00252050,0.43109131,false,
8,8,clean_negative/clean_8_38.jpg,train,clean_negative,dirty_positive,false_positive,0.40225920,0.30,0.10225920,0.56226856,0.06918958,0.47450981,0.69019610,0.19299217,0.58970118,0.00265050,0.42788696,false,
8,8,clean_negative/clean_8_39.jpg,train,clean_negative,dirty_positive,false_positive,0.45002461,0.30,0.15002461,0.55700916,0.06927095,0.47058824,0.68627453,0.20284317,0.58596128,0.00231399,0.41583252,false,
8,8,clean_negative/clean_8_40.jpg,train,clean_negative,dirty_positive,false_positive,0.75991199,0.30,0.45991199,0.54279709,0.06246513,0.46666667,0.65490198,0.22435358,0.57473010,0.00165180,0.36465454,false,
8,8,clean_negative/clean_8_41.jpg,train,clean_negative,dirty_positive,false_positive,0.76044406,0.30,0.46044406,0.52659720,0.05696454,0.45882353,0.62745100,0.23933393,0.56022024,0.00140980,0.34037781,false,
8,8,clean_negative/clean_8_42.jpg,train,clean_negative,dirty_positive,false_positive,0.95300727,0.30,0.65300727,0.51192147,0.05661450,0.44705883,0.61568630,0.25127202,0.54662502,0.00131100,0.32115173,true,tmp\sourcewise_error_atlas\run_001\contact_sheets\source_8_false_positive.jpg
8,8,clean_negative/clean_8_43.jpg,train,clean_negative,dirty_positive,false_positive,0.92493425,0.30,0.62493425,0.50364637,0.05531086,0.44313726,0.60392159,0.25121331,0.53805220,0.00123550,0.30416870,true,tmp\sourcewise_error_atlas\run_001\contact_sheets\source_8_false_positive.jpg
8,8,clean_negative/clean_8_44.jpg,train,clean_negative,dirty_positive,false_positive,0.91008557,0.30,0.61008557,0.49760354,0.04738404,0.43921569,0.58431375,0.24825382,0.53140670,0.00102291,0.28923035,true,tmp\sourcewise_error_atlas\run_001\contact_sheets\source_8_false_positive.jpg
8,8,clean_negative/clean_8_45.jpg,train,clean_negative,dirty_positive,false_positive,0.65876877,0.30,0.35876877,0.71178102,0.09038068,0.58039218,0.87843138,0.08108354,0.72537303,0.00529530,0.66458130,false,
8,8,clean_negative/clean_8_46.jpg,train,clean_negative,dirty_positive,false_positive,0.42365198,0.30,0.12365198,0.56181419,0.06959533,0.47450981,0.69803923,0.19861302,0.59053922,0.00178946,0.39102173,false,
8,8,clean_negative/clean_8_47.jpg,train,clean_negative,dirty_positive,false_positive,0.43736867,0.30,0.13736867,0.55469608,0.06923663,0.47058824,0.69019610,0.21152572,0.58533323,0.00144199,0.37049866,false,
8,8,clean_negative/clean_8_48.jpg,train,clean_negative,dirty_positive,false_positive,0.52722668,0.30,0.22722668,0.53809357,0.05959151,0.46274510,0.64705884,0.23357558,0.57161856,0.00112093,0.32749939,false,
8,8,clean_negative/clean_8_49.jpg,train,clean_negative,dirty_positive,false_positive,0.75534631,0.30,0.45534631,0.51953018,0.04789438,0.45882353,0.60392159,0.24972510,0.55480921,0.00104320,0.30049133,false,
8,8,clean_negative/clean_8_50.jpg,train,clean_negative,dirty_positive,false_positive,0.97602060,0.30,0.67602060,0.50407743,0.04587628,0.44705883,0.58431375,0.26212361,0.54040986,0.00099018,0.28439331,true,tmp\sourcewise_error_atlas\run_001\contact_sheets\source_8_false_positive.jpg
8,8,clean_negative/clean_8_51.jpg,train,clean_negative,dirty_positive,false_positive,0.95383752,0.30,0.65383752,0.49546024,0.04373726,0.44313726,0.57254905,0.26148543,0.53141379,0.00093410,0.26496887,true,tmp\sourcewise_error_atlas\run_001\contact_sheets\source_8_false_positive.jpg
8,8,clean_negative/clean_8_52.jpg,train,clean_negative,dirty_positive,false_positive,0.94031075,0.30,0.64031075,0.49209154,0.04061997,0.43921569,0.56470591,0.25538978,0.52707261,0.00087217,0.25897217,true,tmp\sourcewise_error_atlas\run_001\contact_sheets\source_8_false_positive.jpg
8,8,clean_negative/clean_8_53.jpg,train,clean_negative,dirty_positive,false_positive,0.42603781,0.30,0.12603781,0.69365776,0.08900537,0.56078434,0.85490197,0.09704512,0.70864117,0.00418771,0.61917114,false,
8,8,clean_negative/clean_8_54.jpg,train,clean_negative,dirty_positive,false_positive,0.41503965,0.30,0.11503965,0.55417776,0.06888393,0.47058824,0.69019610,0.20707765,0.58414912,0.00129200,0.34388733,false,
8,8,clean_negative/clean_8_55.jpg,train,clean_negative,dirty_positive,false_positive,0.45666100,0.30,0.15666100,0.54895651,0.06654280,0.47058824,0.68235296,0.21914113,0.58082557,0.00098128,0.32310486,false,
8,8,clean_negative/clean_8_56.jpg,train,clean_negative,dirty_positive,false_positive,0.67733852,0.30,0.37733852,0.53307045,0.05647478,0.46666667,0.63529414,0.23947647,0.56767344,0.00084970,0.28440857,false,
8,8,clean_negative/clean_8_57.jpg,train,clean_negative,dirty_positive,false_positive,0.86305033,0.30,0.56305033,0.51503217,0.04260598,0.45882353,0.59215689,0.25599307,0.55150545,0.00075264,0.25349426,false,
8,8,clean_negative/clean_8_58.jpg,train,clean_negative,dirty_positive,false_positive,0.98717213,0.30,0.68717213,0.50073820,0.03945143,0.44705883,0.57254905,0.26706862,0.53820771,0.00071076,0.23945618,true,tmp\sourcewise_error_atlas\run_001\contact_sheets\source_8_false_positive.jpg
8,8,clean_negative/clean_8_59.jpg,train,clean_negative,dirty_positive,false_positive,0.98719224,0.30,0.68719224,0.49144629,0.03562966,0.44313726,0.55686277,0.26733220,0.52880836,0.00066353,0.22045898,true,tmp\sourcewise_error_atlas\run_001\contact_sheets\source_8_false_positive.jpg
8,8,clean_negative/clean_8_60.jpg,train,clean_negative,dirty_positive,false_positive,0.99244577,0.30,0.69244577,0.48932588,0.03398407,0.44313726,0.54901963,0.25850078,0.52551389,0.00067999,0.21665955,true,tmp\sourcewise_error_atlas\run_001\contact_sheets\source_8_false_positive.jpg
8,8,clean_negative/clean_8_61.jpg,train,clean_negative,dirty_positive,false_positive,0.36044445,0.30,0.06044445,0.67731899,0.08600459,0.55294120,0.83529413,0.11041339,0.69402361,0.00350014,0.57095337,false,
8,8,clean_negative/clean_8_62.jpg,train,clean_negative,dirty_positive,false_positive,0.71745549,0.30,0.41745549,0.48753279,0.03189013,0.44313726,0.53725493,0.22972089,0.51989973,0.00073245,0.20239258,false,
8,8,clean_negative/clean_8_63.jpg,train,clean_negative,clean_negative,true_negative,0.25253639,0.30,0.04746361,0.49291191,0.03293847,0.44313726,0.54117650,0.19576353,0.52093792,0.00069609,0.17691040,false,
8,8,clean_negative/clean_8_64.jpg,train,clean_negative,clean_negative,true_negative,0.07532895,0.30,0.22467105,0.49972099,0.03133492,0.44705883,0.54117650,0.16309367,0.52380639,0.00057111,0.13844299,false,
8,8,clean_negative/clean_8_65.jpg,train,clean_negative,dirty_positive,false_positive,0.36631871,0.30,0.06631871,0.54842490,0.06813601,0.47058824,0.68627453,0.20919137,0.57862276,0.00121177,0.32362366,false,
8,8,clean_negative/clean_8_66.jpg,train,clean_negative,dirty_positive,false_positive,0.38354438,0.30,0.08354438,0.54561168,0.06545438,0.47058824,0.67843139,0.21892750,0.57744324,0.00092013,0.30331421,false,
8,8,clean_negative/clean_8_67.jpg,train,clean_negative,dirty_positive,false_positive,0.58809664,0.30,0.28809664,0.53076386,0.05481177,0.46666667,0.63137257,0.23637572,0.56492579,0.00077676,0.26226807,false,
8,8,clean_negative/clean_8_68.jpg,train,clean_negative,dirty_positive,false_positive,0.79790585,0.30,0.49790585,0.51328170,0.04078338,0.45882353,0.58823532,0.25339562,0.54950130,0.00068604,0.22830200,false,
8,8,clean_negative/clean_8_69.jpg,train,clean_negative,dirty_positive,false_positive,0.97549533,0.30,0.67549533,0.50186700,0.03954897,0.44705883,0.57647061,0.26140952,0.53879571,0.00065748,0.22262573,true,tmp\sourcewise_error_atlas\run_001\contact_sheets\source_8_false_positive.jpg
8,8,clean_negative/clean_8_70.jpg,train,clean_negative,dirty_positive,false_positive,0.97752473,0.30,0.67752473,0.49307948,0.03604053,0.44313726,0.56078434,0.26265422,0.53018427,0.00061474,0.20420837,true,tmp\sourcewise_error_atlas\run_001\contact_sheets\source_8_false_positive.jpg
8,8,clean_negative/clean_8_71.jpg,train,clean_negative,dirty_positive,false_positive,0.95013076,0.30,0.65013076,0.48968428,0.03365692,0.44313726,0.54509807,0.25047159,0.52505744,0.00070413,0.20689392,true,tmp\sourcewise_error_atlas\run_001\contact_sheets\source_8_false_positive.jpg
8,8,clean_negative/clean_8_72.jpg,train,clean_negative,dirty_positive,false_positive,0.70930398,0.30,0.40930398,0.48810235,0.03184261,0.44313726,0.53725493,0.22894983,0.52046096,0.00072660,0.19874573,false,
8,8,clean_negative/clean_8_73.jpg,train,clean_negative,clean_negative,true_negative,0.26216196,0.30,0.03783804,0.49383751,0.03274285,0.44313726,0.54117650,0.19484577,0.52184975,0.00069105,0.17449951,false,
8,8,clean_negative/clean_8_74.jpg,train,clean_negative,clean_negative,true_negative,0.07991048,0.30,0.22008952,0.50069088,0.03094942,0.44705883,0.54117650,0.16225001,0.52475822,0.00056344,0.13575745,false,
8,8,clean_negative/clean_8_75.jpg,train,clean_negative,dirty_positive,false_positive,0.48500658,0.30,0.18500658,0.53066969,0.05486999,0.46666667,0.63137257,0.23511025,0.56464028,0.00077744,0.26197815,false,
8,8,clean_negative/clean_8_76.jpg,train,clean_negative,dirty_positive,false_positive,0.74411282,0.30,0.44411282,0.51315683,0.04065935,0.45882353,0.58823532,0.25236818,0.54923284,0.00068657,0.22659302,false,
8,8,clean_negative/clean_8_77.jpg,train,clean_negative,dirty_positive,false_positive,0.99251458,0.30,0.69251458,0.50215101,0.03959940,0.45098040,0.57647061,0.26011586,0.53893238,0.00065969,0.22181702,true,tmp\sourcewise_error_atlas\run_001\contact_sheets\source_8_false_positive.jpg
8,8,clean_negative/clean_8_78.jpg,train,clean_negative,dirty_positive,false_positive,0.99161363,0.30,0.69161363,0.49360031,0.03640873,0.44705883,0.56078434,0.26151782,0.53060609,0.00062966,0.20582581,true,tmp\sourcewise_error_atlas\run_001\contact_sheets\source_8_false_positive.jpg
8,8,clean_negative/clean_8_79.jpg,train,clean_negative,dirty_positive,false_positive,0.98255972,0.30,0.68255972,0.49024886,0.03393489,0.44313726,0.54901963,0.24968538,0.52558726,0.00071516,0.20811462,true,tmp\sourcewise_error_atlas\run_001\contact_sheets\source_8_false_positive.jpg
8,8,clean_negative/clean_8_80.jpg,train,clean_negative,dirty_positive,false_positive,0.90623150,0.30,0.60623150,0.48873740,0.03183961,0.44313726,0.53725493,0.22822388,0.52106583,0.00073526,0.19929504,true,tmp\sourcewise_error_atlas\run_001\contact_sheets\source_8_false_positive.jpg
8,8,clean_negative/clean_8_81.jpg,train,clean_negative,dirty_positive,false_positive,0.55800337,0.30,0.25800337,0.53532779,0.05724995,0.47058824,0.64313728,0.22932100,0.56857347,0.00079668,0.27450562,false,
8,8,clean_negative/clean_8_82.jpg,train,clean_negative,dirty_positive,false_positive,0.32000333,0.30,0.02000333,0.66061604,0.07862486,0.54901963,0.81176472,0.12187932,0.67887795,0.00329995,0.52148438,false,
8,8,clean_negative/clean_8_83.jpg,train,clean_negative,clean_negative,true_negative,0.27219976,0.30,0.02780024,0.54417300,0.06854264,0.46666667,0.68235296,0.21099849,0.57469839,0.00111903,0.31538391,false,
8,8,clean_negative/clean_8_84.jpg,train,clean_negative,dirty_positive,false_positive,0.56210799,0.30,0.26210799,0.50021303,0.02969075,0.45490196,0.54117650,0.17693040,0.52651995,0.00058109,0.14691162,false,
8,8,clean_negative/clean_8_85.jpg,train,clean_negative,clean_negative,true_negative,0.25244123,0.30,0.04755877,0.54075825,0.06978488,0.46274510,0.68627453,0.20733213,0.57055473,0.00116134,0.31169128,false,
8,8,clean_negative/clean_8_86.jpg,train,clean_negative,clean_negative,true_negative,0.14076905,0.30,0.15923095,0.50558084,0.02736028,0.45882353,0.54117650,0.15430993,0.52924937,0.00052526,0.12248230,false,
8,8,clean_negative/clean_8_87.jpg,train,clean_negative,dirty_positive,false_positive,0.30470529,0.30,0.00470529,0.65625495,0.07566432,0.54901963,0.80392158,0.12287850,0.67485678,0.00295194,0.49537659,false,
8,8,clean_negative/clean_8_88.jpg,train,clean_negative,clean_negative,true_negative,0.14536735,0.30,0.15463265,0.53636897,0.07031702,0.45882353,0.68235296,0.20682518,0.56598020,0.00111256,0.30407715,false,
8,8,clean_negative/clean_8_89.jpg,train,clean_negative,clean_negative,true_negative,0.10762474,0.30,0.19237526,0.52632689,0.06503332,0.45098040,0.66274512,0.20547199,0.55542046,0.00089674,0.27934265,false,
8,8,clean_negative/clean_8_90.jpg,train,clean_negative,clean_negative,true_negative,0.16708347,0.30,0.13291653,0.52635574,0.06500732,0.45098040,0.66274512,0.20561793,0.55536509,0.00089391,0.27897644,false,
8,8,clean_negative/clean_8_91.jpg,train,clean_negative,clean_negative,true_negative,0.20105402,0.30,0.09894598,0.50728714,0.02891845,0.45882353,0.54117650,0.16207893,0.53240418,0.00053417,0.13208008,false,
8,8,clean_negative/clean_8_92.jpg,train,clean_negative,clean_negative,true_negative,0.14842332,0.30,0.15157668,0.51060343,0.02679134,0.46274510,0.54117650,0.14576316,0.53377545,0.00049428,0.11146545,false,
8,8,clean_negative/clean_8_93.jpg,train,clean_negative,clean_negative,true_negative,0.08563277,0.30,0.21436723,0.52261984,0.06355489,0.44705883,0.65490198,0.20073327,0.55067843,0.00092418,0.28535461,false,
8,8,clean_negative/clean_8_94.jpg,train,clean_negative,clean_negative,true_negative,0.12036548,0.30,0.17963452,0.55491966,0.07657671,0.46274510,0.70588237,0.18306497,0.58136368,0.00112040,0.33639526,false,
8,8,clean_negative/clean_8_95.jpg,train,clean_negative,clean_negative,true_negative,0.12934604,0.30,0.17065396,0.54607868,0.07392893,0.46274510,0.69411767,0.18754441,0.57291037,0.00109856,0.31872559,false,
8,8,clean_negative/clean_8_96.jpg,train,clean_negative,clean_negative,true_negative,0.13282115,0.30,0.16717885,0.54611695,0.07419510,0.46274510,0.69411767,0.18730788,0.57291400,0.00109095,0.31806946,false,
8,8,clean_negative/clean_8_97.jpg,train,clean_negative,clean_negative,true_negative,0.07536523,0.30,0.22463477,0.52255279,0.06376058,0.44705883,0.65098041,0.19730574,0.55012298,0.00084222,0.27241516,false,
8,8,clean_negative/clean_8_98.jpg,train,clean_negative,clean_negative,true_negative,0.13908384,0.30,0.16091616,0.51064152,0.04321105,0.44705883,0.58431375,0.20500651,0.53937441,0.00066134,0.23338318,false,
8,8,clean_negative/clean_8_99.jpg,train,clean_negative,clean_negative,true_negative,0.28139443,0.30,0.01860557,0.51065254,0.04317808,0.44705883,0.58431375,0.20517191,0.53931236,0.00065675,0.23329163,false,
8,8,clean_negative/clean_8_100.jpg,train,clean_negative,clean_negative,true_negative,0.02067633,0.30,0.27932367,0.51720124,0.03471123,0.46666667,0.56470591,0.15834028,0.54383361,0.00050366,0.13143921,false,
8,8,clean_negative/clean_8_101.jpg,train,clean_negative,clean_negative,true_negative,0.01735222,0.30,0.28264778,0.51895130,0.03232945,0.47058824,0.56078434,0.14369383,0.54381514,0.00045294,0.10682678,false,
8,8,clean_negative/clean_8_102.jpg,train,clean_negative,clean_negative,true_negative,0.04328846,0.30,0.25671154,0.55299866,0.08910016,0.45882353,0.74509805,0.17151293,0.57761753,0.00102405,0.30279541,false,
8,8,clean_negative/clean_8_103.jpg,train,clean_negative,clean_negative,true_negative,0.03349331,0.30,0.26650669,0.52819729,0.07311804,0.44705883,0.68627453,0.18061823,0.55372995,0.00077226,0.25527954,false,
8,8,clean_negative/clean_8_104.jpg,train,clean_negative,clean_negative,true_negative,0.08760199,0.30,0.21239801,0.50873739,0.04185581,0.44705883,0.58431375,0.19040073,0.53560889,0.00053054,0.20596313,false,
8,8,clean_negative/clean_8_105.jpg,train,clean_negative,clean_negative,true_negative,0.07479008,0.30,0.22520992,0.50862277,0.04168128,0.44705883,0.58431375,0.19059911,0.53542805,0.00052653,0.20571899,false,
8,8,clean_negative/clean_8_106.jpg,train,clean_negative,clean_negative,true_negative,0.01277843,0.30,0.28722157,0.53030229,0.04235319,0.47450981,0.60784316,0.14913008,0.55750704,0.00039075,0.12144470,false,
8,8,clean_negative/clean_8_107.jpg,train,clean_negative,clean_negative,true_negative,0.01386127,0.30,0.28613873,0.53115219,0.03949335,0.47843137,0.60000002,0.13532573,0.55666506,0.00033593,0.09516907,false,
8,8,clean_negative/clean_8_108.jpg,train,clean_negative,clean_negative,true_negative,0.02533497,0.30,0.27466503,0.56550092,0.09890974,0.45882353,0.77647060,0.14102186,0.58665967,0.00105659,0.29470825,false,
8,8,clean_negative/clean_8_109.jpg,train,clean_negative,clean_negative,true_negative,0.01332231,0.30,0.28667769,0.53623891,0.08131719,0.44705883,0.71372551,0.14953351,0.55823976,0.00072880,0.23524475,false,
8,8,clean_negative/clean_8_110.jpg,train,clean_negative,clean_negative,true_negative,0.01778170,0.30,0.28221830,0.50979573,0.04345681,0.45098040,0.58431375,0.15617120,0.53262699,0.00045155,0.17271423,false,
8,8,clean_negative/clean_8_111.jpg,train,clean_negative,clean_negative,true_negative,0.01895117,0.30,0.28104883,0.50953174,0.04300389,0.45098040,0.58431375,0.15626934,0.53227532,0.00044822,0.17205811,false,
8,8,clean_negative/clean_8_112.jpg,train,clean_negative,clean_negative,true_negative,0.01064572,0.30,0.28935428,0.54275894,0.04195435,0.48627451,0.61960787,0.13418107,0.56999946,0.00034740,0.10777283,false,
8,8,clean_negative/clean_8_113.jpg,train,clean_negative,clean_negative,true_negative,0.01397538,0.30,0.28602462,0.54288077,0.03875878,0.49411765,0.60784316,0.12291021,0.56870598,0.00029450,0.08262634,false,
8,8,clean_negative/clean_8_114.jpg,train,clean_negative,clean_negative,true_negative,0.01125184,0.30,0.28874816,0.57321686,0.09973926,0.46274510,0.78039217,0.11322238,0.59230894,0.00118469,0.28443909,false,
8,8,clean_negative/clean_8_115.jpg,train,clean_negative,clean_negative,true_negative,0.00500616,0.30,0.29499384,0.54495203,0.08128757,0.45098040,0.71764708,0.11939291,0.56471163,0.00076649,0.21191406,false,
8,8,clean_negative/clean_8_116.jpg,train,clean_negative,clean_negative,true_negative,0.00330271,0.30,0.29669729,0.51910520,0.04737139,0.45098040,0.58823532,0.12505296,0.53978777,0.00046265,0.14039612,false,
8,8,clean_negative/clean_8_117.jpg,train,clean_negative,clean_negative,true_negative,0.00307950,0.30,0.29692050,0.51884091,0.04697519,0.45098040,0.58823532,0.12514350,0.53945667,0.00046078,0.13951111,false,
8,8,clean_negative/clean_8_118.jpg,train,clean_negative,clean_negative,true_negative,0.00133753,0.30,0.29866247,0.55518222,0.03837314,0.50980395,0.61568630,0.12255704,0.58342826,0.00028614,0.09620667,false,
8,8,clean_negative/clean_8_119.jpg,train,clean_negative,clean_negative,true_negative,0.00098836,0.30,0.29901164,0.55442387,0.03547181,0.51372552,0.60392159,0.11416687,0.58150315,0.00024139,0.07434082,true,tmp\sourcewise_error_atlas\run_001\contact_sheets\source_8_true_negative.jpg
8,8,clean_negative/clean_8_120.jpg,train,clean_negative,clean_negative,true_negative,0.00477653,0.30,0.29522347,0.57454592,0.09630530,0.46666667,0.78039217,0.09463729,0.59306550,0.00110571,0.25410461,false,
8,8,clean_negative/clean_8_121.jpg,train,clean_negative,clean_negative,true_negative,0.00214095,0.30,0.29785905,0.54990518,0.07690687,0.45882353,0.71372551,0.09958318,0.56877929,0.00071013,0.18592834,false,
8,8,clean_negative/clean_8_122.jpg,train,clean_negative,clean_negative,true_negative,0.00133608,0.30,0.29866392,0.52704108,0.04576348,0.45882353,0.58823532,0.10378544,0.54641581,0.00042636,0.11851501,true,tmp\sourcewise_error_atlas\run_001\contact_sheets\source_8_true_negative.jpg
8,8,clean_negative/clean_8_123.jpg,train,clean_negative,clean_negative,true_negative,0.00110684,0.30,0.29889316,0.52680343,0.04541471,0.45882353,0.58823532,0.10384773,0.54612148,0.00042418,0.11772156,true,tmp\sourcewise_error_atlas\run_001\contact_sheets\source_8_true_negative.jpg
8,8,clean_negative/clean_8_124.jpg,train,clean_negative,clean_negative,true_negative,0.00013756,0.30,0.29986244,0.56265271,0.03517977,0.52156866,0.61568630,0.10946004,0.58989668,0.00026716,0.08604431,true,tmp\sourcewise_error_atlas\run_001\contact_sheets\source_8_true_negative.jpg
8,8,clean_negative/clean_8_125.jpg,train,clean_negative,clean_negative,true_negative,0.00021821,0.30,0.29978179,0.56114542,0.03320833,0.52156866,0.60392159,0.10256307,0.58729768,0.00022713,0.06674194,true,tmp\sourcewise_error_atlas\run_001\contact_sheets\source_8_true_negative.jpg
8,8,dirty_positive/dirty_8_1.jpg,train,dirty_positive,dirty_positive,true_positive,0.57854966,0.30,0.27854966,0.72937036,0.08086502,0.61176473,0.89019608,0.07219215,0.74712777,0.00280681,0.49157715,false,
8,8,dirty_positive/dirty_8_2.jpg,train,dirty_positive,dirty_positive,true_positive,0.48157191,0.30,0.18157191,0.73233938,0.07855523,0.61568630,0.89019608,0.06841844,0.75154847,0.00273688,0.45957947,false,
8,8,dirty_positive/dirty_8_3.jpg,train,dirty_positive,clean_negative,false_negative,0.27312903,0.30,0.02687097,0.73271978,0.07251072,0.63137257,0.88235295,0.06543041,0.75387752,0.00261736,0.42213440,false,
8,8,dirty_positive/dirty_8_4.jpg,train,dirty_positive,dirty_positive,true_positive,0.53899861,0.30,0.23899861,0.70670301,0.08885561,0.58431375,0.87843138,0.08798607,0.72398835,0.00247975,0.47381592,false,
8,8,dirty_positive/dirty_8_5.jpg,train,dirty_positive,dirty_positive,true_positive,0.83942643,0.30,0.53942643,0.66587156,0.06802587,0.58431375,0.78823531,0.09764315,0.68308753,0.00141203,0.35511780,false,
8,8,dirty_positive/dirty_8_6.jpg,train,dirty_positive,dirty_positive,true_positive,0.86671963,0.30,0.56671963,0.63739163,0.05118206,0.56470591,0.72156864,0.10656668,0.65450573,0.00123849,0.30407715,false,
8,8,dirty_positive/dirty_8_7.jpg,train,dirty_positive,dirty_positive,true_positive,0.74352508,0.30,0.44352508,0.64353150,0.05064161,0.57254905,0.72549021,0.10057931,0.66020656,0.00112393,0.29058838,false,
8,8,dirty_positive/dirty_8_8.jpg,train,dirty_positive,dirty_positive,true_positive,0.89396816,0.30,0.59396816,0.66746843,0.06573445,0.58431375,0.78039217,0.09468719,0.68451154,0.00134897,0.34716797,false,
8,8,dirty_positive/dirty_8_9.jpg,train,dirty_positive,dirty_positive,true_positive,0.94199492,0.30,0.64199492,0.63276678,0.05109420,0.56078434,0.71764708,0.11107939,0.65026015,0.00126153,0.30519104,false,
8,8,dirty_positive/dirty_8_10.jpg,train,dirty_positive,dirty_positive,true_positive,0.96195090,0.30,0.66195090,0.62545621,0.05807018,0.55294120,0.72549021,0.12604396,0.64476442,0.00139150,0.32063293,false,
8,8,dirty_positive/dirty_8_11.jpg,train,dirty_positive,dirty_positive,true_positive,0.91382687,0.30,0.61382687,0.64553905,0.04661715,0.57647061,0.72156864,0.08420256,0.66004425,0.00098228,0.25015259,false,
8,8,dirty_positive/dirty_8_12.jpg,train,dirty_positive,dirty_positive,true_positive,0.92599217,0.30,0.62599217,0.61893260,0.05407678,0.54901963,0.71372551,0.12147027,0.63677132,0.00167598,0.35304260,false,
8,8,dirty_positive/dirty_8_13.jpg,train,dirty_positive,dirty_positive,true_positive,0.30798018,0.30,0.00798018,0.70302153,0.08605071,0.58039218,0.87058824,0.08536115,0.72042596,0.00231006,0.44358826,false,
8,8,dirty_positive/dirty_8_14.jpg,train,dirty_positive,dirty_positive,true_positive,0.47830332,0.30,0.17830332,0.72328269,0.08227477,0.60392159,0.88627452,0.07460728,0.74158430,0.00260326,0.46374512,false,
8,8,dirty_positive/dirty_8_15.jpg,train,dirty_positive,dirty_positive,true_positive,0.61170879,0.30,0.31170879,0.68328154,0.08371279,0.56862748,0.84313726,0.09771609,0.70039737,0.00208295,0.42901611,false,
8,8,dirty_positive/dirty_8_16.jpg,train,dirty_positive,clean_negative,false_negative,0.16707470,0.30,0.13292530,0.72523767,0.06540686,0.63529414,0.86274511,0.06773221,0.74865687,0.00236306,0.37391663,true,tmp\sourcewise_error_atlas\run_001\contact_sheets\source_8_false_negative.jpg
8,8,dirty_positive/dirty_8_17.jpg,train,dirty_positive,dirty_positive,true_positive,0.73280063,0.30,0.43280063,0.65407884,0.08731322,0.55686277,0.83921570,0.12605371,0.67371094,0.00172727,0.39067078,false,
8,8,dirty_positive/dirty_8_18.jpg,train,dirty_positive,dirty_positive,true_positive,0.53452021,0.30,0.23452021,0.64857459,0.08483987,0.54901963,0.82745099,0.12999597,0.66866386,0.00173460,0.38612366,false,
8,8,dirty_positive/dirty_8_19.jpg,train,dirty_positive,dirty_positive,true_positive,0.94876249,0.30,0.64876249,0.67588305,0.09112252,0.56862748,0.86666667,0.11107244,0.69389200,0.00208262,0.44429016,false,
8,8,dirty_positive/dirty_8_20.jpg,train,dirty_positive,dirty_positive,true_positive,0.83825583,0.30,0.53825583,0.64677477,0.08412735,0.55294120,0.82352942,0.13094418,0.66703689,0.00167079,0.37648010,false,
8,8,dirty_positive/dirty_8_21.jpg,train,dirty_positive,dirty_positive,true_positive,0.91105594,0.30,0.61105594,0.62806171,0.05193216,0.56078434,0.71372551,0.08584446,0.64059508,0.00162277,0.32275391,false,
8,8,dirty_positive/dirty_8_22.jpg,train,dirty_positive,dirty_positive,true_positive,0.99373585,0.30,0.69373585,0.63183039,0.04633023,0.56862748,0.70196080,0.07069972,0.64237142,0.00144957,0.26533508,false,
8,8,dirty_positive/dirty_8_23.jpg,train,dirty_positive,dirty_positive,true_positive,0.97838774,0.30,0.67838774,0.62005389,0.05923028,0.54117650,0.72549021,0.10902981,0.63567710,0.00207613,0.42546082,false,
8,8,dirty_positive/dirty_8_24.jpg,train,dirty_positive,dirty_positive,true_positive,0.99043671,0.30,0.69043671,0.62937605,0.04699719,0.56470591,0.70196080,0.07633339,0.64084065,0.00152295,0.27862549,false,
8,8,dirty_positive/dirty_8_25.jpg,train,dirty_positive,dirty_positive,true_positive,0.68501414,0.30,0.38501414,0.71332788,0.06752907,0.61960787,0.84705883,0.06958971,0.72880179,0.00315561,0.50900269,false,
8,8,dirty_positive/dirty_8_26.jpg,train,dirty_positive,dirty_positive,true_positive,0.36631742,0.30,0.06631742,0.70848930,0.06944691,0.60392159,0.84313726,0.07019163,0.72396088,0.00331940,0.52229309,false,
8,8,dirty_positive/dirty_8_27.jpg,train,dirty_positive,dirty_positive,true_positive,0.31968582,0.30,0.01968582,0.69296384,0.07750167,0.58039218,0.83529413,0.08487980,0.70753157,0.00310688,0.52751160,false,
8,8,dirty_positive/dirty_8_28.jpg,train,dirty_positive,dirty_positive,true_positive,0.59416558,0.30,0.29416558,0.71472090,0.06535554,0.62352943,0.84705883,0.07148246,0.73266470,0.00264542,0.45709229,false,
8,8,dirty_positive/dirty_8_29.jpg,train,dirty_positive,clean_negative,false_negative,0.08051702,0.30,0.21948298,0.71685666,0.05918799,0.65490198,0.84313726,0.06568993,0.74226922,0.00296569,0.39189148,true,tmp\sourcewise_error_atlas\run_001\contact_sheets\source_8_false_negative.jpg
8,8,dirty_positive/dirty_8_30.jpg,train,dirty_positive,clean_negative,false_negative,0.02703162,0.30,0.27296838,0.71502572,0.05238321,0.66666669,0.82745099,0.06904519,0.74265087,0.00226649,0.31372070,true,tmp\sourcewise_error_atlas\run_001\contact_sheets\source_8_false_negative.jpg
8,8,dirty_positive/dirty_8_31.jpg,train,dirty_positive,clean_negative,false_negative,0.02263845,0.30,0.27736155,0.71506715,0.05258283,0.66274512,0.82745099,0.06917904,0.74239910,0.00221801,0.31362915,true,tmp\sourcewise_error_atlas\run_001\contact_sheets\source_8_false_negative.jpg
8,8,dirty_positive/dirty_8_32.jpg,train,dirty_positive,clean_negative,false_negative,0.10704761,0.30,0.19295239,0.71606618,0.05552739,0.65490198,0.83529413,0.06804630,0.74084985,0.00244003,0.35806274,true,tmp\sourcewise_error_atlas\run_001\contact_sheets\source_8_false_negative.jpg
8,8,dirty_positive/dirty_8_33.jpg,train,dirty_positive,dirty_positive,true_positive,0.97151531,0.30,0.67151531,0.60412288,0.06222522,0.50196081,0.70980394,0.12043230,0.62359726,0.00170490,0.37493896,false,
8,8,dirty_positive/dirty_8_34.jpg,train,dirty_positive,dirty_positive,true_positive,0.85332113,0.30,0.55332113,0.59493130,0.06750806,0.49019608,0.70980394,0.12620580,0.61506402,0.00174926,0.40266418,false,
8,8,dirty_positive/dirty_8_35.jpg,train,dirty_positive,dirty_positive,true_positive,0.95821861,0.30,0.65821861,0.59547782,0.06737790,0.49019608,0.70980394,0.12580405,0.61557364,0.00174232,0.40107727,false,
8,8,dirty_positive/dirty_8_36.jpg,train,dirty_positive,dirty_positive,true_positive,0.96978321,0.30,0.66978321,0.61221343,0.05478610,0.52941179,0.70588237,0.11366422,0.63064015,0.00169910,0.35746765,false,
8,8,dirty_positive/dirty_8_37.jpg,train,dirty_positive,dirty_positive,true_positive,0.99994899,0.30,0.69994899,0.57651597,0.04970468,0.50588238,0.66274512,0.16627754,0.60016513,0.00136035,0.29835510,true,tmp\sourcewise_error_atlas\run_001\contact_sheets\source_8_true_positive.jpg
8,8,dirty_positive/dirty_8_38.jpg,train,dirty_positive,dirty_positive,true_positive,0.99999807,0.30,0.69999807,0.59779972,0.05508823,0.52941179,0.69803923,0.15272313,0.62018955,0.00145431,0.31144714,true,tmp\sourcewise_error_atlas\run_001\contact_sheets\source_8_true_positive.jpg
8,8,dirty_positive/dirty_8_39.jpg,train,dirty_positive,dirty_positive,true_positive,0.99999654,0.30,0.69999654,0.58416438,0.05222051,0.51764709,0.67843139,0.16171092,0.60746264,0.00142269,0.30020142,true,tmp\sourcewise_error_atlas\run_001\contact_sheets\source_8_true_positive.jpg
8,8,dirty_positive/dirty_8_40.jpg,train,dirty_positive,dirty_positive,true_positive,0.99992040,0.30,0.69992040,0.58792639,0.05901916,0.50588238,0.69411767,0.14779556,0.60855377,0.00202359,0.38044739,true,tmp\sourcewise_error_atlas\run_001\contact_sheets\source_8_true_positive.jpg
8,8,dirty_positive/dirty_8_41.jpg,train,dirty_positive,dirty_positive,true_positive,0.99998685,0.30,0.69998685,0.62328148,0.07552913,0.52941179,0.76862746,0.14589527,0.64424914,0.00151093,0.36994934,true,tmp\sourcewise_error_atlas\run_001\contact_sheets\source_8_true_positive.jpg
8,8,dirty_positive/dirty_8_42.jpg,train,dirty_positive,clean_negative,false_negative,0.08040396,0.30,0.21959604,0.62239718,0.08475568,0.51372552,0.78823531,0.14155909,0.64253354,0.00158492,0.38825989,true,tmp\sourcewise_error_atlas\run_001\contact_sheets\source_8_false_negative.jpg
8,8,dirty_positive/dirty_8_43.jpg,train,dirty_positive,clean_negative,false_negative,0.21788188,0.30,0.08211812,0.64345860,0.08340542,0.53725493,0.80000001,0.13347168,0.66270870,0.00159616,0.41410828,false,
8,8,dirty_positive/dirty_8_44.jpg,train,dirty_positive,dirty_positive,true_positive,0.99999376,0.30,0.69999376,0.59770358,0.06797445,0.50588238,0.73333335,0.15841407,0.62025678,0.00180548,0.35475159,true,tmp\sourcewise_error_atlas\run_001\contact_sheets\source_8_true_positive.jpg
8,8,dirty_positive/dirty_8_45.jpg,train,dirty_positive,clean_negative,false_negative,0.16770903,0.30,0.13229097,0.68692148,0.07897943,0.56862748,0.83137256,0.08348204,0.70213854,0.00315161,0.50859070,true,tmp\sourcewise_error_atlas\run_001\contact_sheets\source_8_false_negative.jpg
8,8,dirty_positive/dirty_8_46.jpg,train,dirty_positive,clean_negative,false_negative,0.19139020,0.30,0.10860980,0.69361871,0.07686523,0.58431375,0.83921570,0.07908427,0.70934600,0.00330036,0.50961304,true,tmp\sourcewise_error_atlas\run_001\contact_sheets\source_8_false_negative.jpg
8,8,dirty_positive/dirty_8_47.jpg,train,dirty_positive,dirty_positive,true_positive,0.34968442,0.30,0.04968442,0.67385411,0.07875410,0.56078434,0.81960785,0.09284434,0.68903351,0.00288678,0.49308777,false,
8,8,dirty_positive/dirty_8_48.jpg,train,dirty_positive,clean_negative,false_negative,0.09697895,0.30,0.20302105,0.68352628,0.07934138,0.56862748,0.83137256,0.08551744,0.69860339,0.00311557,0.50625610,true,tmp\sourcewise_error_atlas\run_001\contact_sheets\source_8_false_negative.jpg
8,8,dirty_positive/dirty_8_49.jpg,train,dirty_positive,dirty_positive,true_positive,0.90385392,0.30,0.60385392,0.57661438,0.07546785,0.47058824,0.71372551,0.13576284,0.59647125,0.00187055,0.41984558,false,
8,8,dirty_positive/dirty_8_50.jpg,train,dirty_positive,dirty_positive,true_positive,0.91086752,0.30,0.61086752,0.58953154,0.07411816,0.48627451,0.72156864,0.12661231,0.60821569,0.00208369,0.43461609,false,
8,8,dirty_positive/dirty_8_51.jpg,train,dirty_positive,dirty_positive,true_positive,0.97899738,0.30,0.67899738,0.57861805,0.07570810,0.47450981,0.71372551,0.13098904,0.59739888,0.00202667,0.43548584,false,
8,8,dirty_positive/dirty_8_52.jpg,train,dirty_positive,dirty_positive,true_positive,0.84045810,0.30,0.54045810,0.57299745,0.07489721,0.47058824,0.70588237,0.13992837,0.59377044,0.00174256,0.41291809,false,
8,8,dirty_positive/dirty_8_53.jpg,train,dirty_positive,dirty_positive,true_positive,0.99883765,0.30,0.69883765,0.54590273,0.06457988,0.46666667,0.67058825,0.16418135,0.56767225,0.00161144,0.40538025,true,tmp\sourcewise_error_atlas\run_001\contact_sheets\source_8_true_positive.jpg
8,8,dirty_positive/dirty_8_54.jpg,train,dirty_positive,dirty_positive,true_positive,0.99606649,0.30,0.69606649,0.55797708,0.07280484,0.46666667,0.69411767,0.16105330,0.57937574,0.00175393,0.42619324,false,
8,8,dirty_positive/dirty_8_55.jpg,train,dirty_positive,dirty_positive,true_positive,0.99275963,0.30,0.69275963,0.56726086,0.07431661,0.46666667,0.70196080,0.15449736,0.58789712,0.00179711,0.44482422,false,
8,8,dirty_positive/dirty_8_56.jpg,train,dirty_positive,dirty_positive,true_positive,0.99407129,0.30,0.69407129,0.54922283,0.06616201,0.46666667,0.67450982,0.16077834,0.57058597,0.00172291,0.41229248,false,
8,8,dirty_positive/dirty_8_57.jpg,train,dirty_positive,clean_negative,false_negative,0.11317270,0.30,0.18682730,0.70512080,0.08871897,0.58823532,0.87450981,0.07573423,0.71799994,0.00574098,0.59092712,true,tmp\sourcewise_error_atlas\run_001\contact_sheets\source_8_false_negative.jpg
8,8,dirty_positive/dirty_8_58.jpg,train,dirty_positive,clean_negative,false_negative,0.21404707,0.30,0.08595293,0.70342040,0.08546832,0.59215689,0.86666667,0.07657022,0.71766531,0.00496580,0.56809998,false,
8,8,dirty_positive/dirty_8_59.jpg,train,dirty_positive,clean_negative,false_negative,0.16409564,0.30,0.13590436,0.70449251,0.08570282,0.59215689,0.86666667,0.07590333,0.71877259,0.00509282,0.57151794,true,tmp\sourcewise_error_atlas\run_001\contact_sheets\source_8_false_negative.jpg
8,8,dirty_positive/dirty_8_60.jpg,train,dirty_positive,clean_negative,false_negative,0.10292180,0.30,0.19707820,0.67260110,0.09016027,0.56078434,0.85098040,0.09207693,0.68537623,0.00631425,0.59709167,true,tmp\sourcewise_error_atlas\run_001\contact_sheets\source_8_false_negative.jpg
8,8,dirty_positive/dirty_8_61.jpg,train,dirty_positive,dirty_positive,true_positive,0.81630627,0.30,0.51630627,0.50459337,0.04993582,0.43137255,0.59607846,0.19192290,0.53127992,0.00087987,0.27716064,false,
8,8,dirty_positive/dirty_8_62.jpg,train,dirty_positive,dirty_positive,true_positive,0.79581445,0.30,0.49581445,0.50126922,0.04852710,0.43137255,0.59215689,0.19025347,0.52771801,0.00084811,0.26811218,false,
8,8,dirty_positive/dirty_8_63.jpg,train,dirty_positive,dirty_positive,true_positive,0.87732851,0.30,0.57732851,0.51028609,0.05154536,0.43529412,0.60392159,0.19303972,0.53723878,0.00092790,0.29856873,false,
8,8,dirty_positive/dirty_8_64.jpg,train,dirty_positive,dirty_positive,true_positive,0.64368349,0.30,0.34368349,0.51591861,0.05304686,0.43529412,0.60784316,0.19306348,0.54298270,0.00105496,0.31106567,false,
8,8,dirty_positive/dirty_8_65.jpg,train,dirty_positive,dirty_positive,true_positive,0.70703473,0.30,0.40703473,0.59496671,0.09100579,0.47450981,0.77647060,0.16628993,0.61878645,0.00268024,0.48249817,false,
8,8,dirty_positive/dirty_8_66.jpg,train,dirty_positive,dirty_positive,true_positive,0.67868000,0.30,0.37868000,0.58477020,0.09336742,0.47058824,0.76862746,0.17183785,0.60928297,0.00212336,0.43511963,false,
8,8,dirty_positive/dirty_8_67.jpg,train,dirty_positive,dirty_positive,true_positive,0.74584027,0.30,0.44584027,0.59306896,0.09180554,0.47450981,0.77647060,0.16720414,0.61696410,0.00259846,0.47935486,false,
8,8,dirty_positive/dirty_8_68.jpg,train,dirty_positive,dirty_positive,true_positive,0.75585384,0.30,0.45585384,0.61599314,0.09547484,0.48627451,0.80000001,0.15371257,0.63837808,0.00285862,0.52206421,false,
8,8,dirty_positive/dirty_8_69.jpg,train,dirty_positive,clean_negative,false_negative,0.11534190,0.30,0.18465810,0.53013575,0.05541936,0.46274510,0.63921571,0.17726958,0.55651486,0.00072243,0.27119446,true,tmp\sourcewise_error_atlas\run_001\contact_sheets\source_8_false_negative.jpg
8,8,dirty_positive/dirty_8_70.jpg,train,dirty_positive,clean_negative,false_negative,0.03101271,0.30,0.26898729,0.51815981,0.05266945,0.45098040,0.61960787,0.16471678,0.54219759,0.00068271,0.24430847,true,tmp\sourcewise_error_atlas\run_001\contact_sheets\source_8_false_negative.jpg
8,8,dirty_positive/dirty_8_71.jpg,train,dirty_positive,clean_negative,false_negative,0.03612540,0.30,0.26387460,0.54657066,0.05602612,0.47058824,0.65098041,0.12700102,0.56688541,0.00065565,0.23158264,true,tmp\sourcewise_error_atlas\run_001\contact_sheets\source_8_false_negative.jpg
8,8,dirty_positive/dirty_8_72.jpg,train,dirty_positive,clean_negative,false_negative,0.21478250,0.30,0.08521750,0.51606417,0.04677253,0.45098040,0.60392159,0.20467544,0.54565889,0.00058899,0.23745728,false,
8,8,dirty_positive/dirty_8_73.jpg,train,dirty_positive,dirty_positive,true_positive,0.98849137,0.30,0.68849137,0.63578510,0.08077775,0.53725493,0.80000001,0.08548920,0.65451229,0.00276385,0.43112183,false,
8,8,dirty_positive/dirty_8_74.jpg,train,dirty_positive,dirty_positive,true_positive,0.98275850,0.30,0.68275850,0.62891483,0.08411135,0.52941179,0.80000001,0.08655319,0.64844686,0.00283569,0.43283081,false,
8,8,dirty_positive/dirty_8_75.jpg,train,dirty_positive,dirty_positive,true_positive,0.99679145,0.30,0.69679145,0.64823568,0.07465145,0.54901963,0.80000001,0.08863436,0.66353816,0.00294365,0.47601318,true,tmp\sourcewise_error_atlas\run_001\contact_sheets\source_8_true_positive.jpg
8,8,dirty_positive/dirty_8_76.jpg,train,dirty_positive,dirty_positive,true_positive,0.96140574,0.30,0.66140574,0.61661625,0.08264129,0.52941179,0.78431374,0.08455393,0.63839066,0.00272120,0.39636230,false,
8,8,dirty_positive/dirty_8_77.jpg,train,dirty_positive,dirty_positive,true_positive,0.95329713,0.30,0.65329713,0.63418245,0.09868040,0.52549022,0.82745099,0.07671001,0.65353072,0.00309947,0.46130371,false,
8,8,dirty_positive/dirty_8_78.jpg,train,dirty_positive,dirty_positive,true_positive,0.95165196,0.30,0.65165196,0.61735749,0.08588944,0.52549022,0.79215688,0.08255957,0.63885647,0.00284968,0.40951538,false,
8,8,dirty_positive/dirty_8_79.jpg,train,dirty_positive,dirty_positive,true_positive,0.94658315,0.30,0.64658315,0.63048303,0.09722352,0.52549022,0.82745099,0.07653798,0.65021110,0.00313830,0.45262146,false,
8,8,dirty_positive/dirty_8_80.jpg,train,dirty_positive,clean_negative,false_negative,0.09486939,0.30,0.20513061,0.62684095,0.09884658,0.51372552,0.81960785,0.08244641,0.64577734,0.00248815,0.43453979,true,tmp\sourcewise_error_atlas\run_001\contact_sheets\source_8_false_negative.jpg
9,9,clean_negative/clean_9_1.jpg,validation,clean_negative,clean_negative,true_negative,0.00000338,0.60,0.59999662,0.70320702,0.01403509,0.69019610,0.71764708,0.02838183,0.71105945,0.00059128,0.00433350,true,tmp\sourcewise_error_atlas\run_001\contact_sheets\source_9_true_negative.jpg
9,9,clean_negative/clean_9_2.jpg,validation,clean_negative,clean_negative,true_negative,0.00000459,0.60,0.59999541,0.70265472,0.01655919,0.69019610,0.71764708,0.02885192,0.71048415,0.00071082,0.00927734,false,
9,9,clean_negative/clean_9_3.jpg,validation,clean_negative,clean_negative,true_negative,0.00001298,0.60,0.59998702,0.70721221,0.03113759,0.69019610,0.72549021,0.02980269,0.71502233,0.00120941,0.04299927,false,
9,9,clean_negative/clean_9_4.jpg,validation,clean_negative,clean_negative,true_negative,0.00032139,0.60,0.59967861,0.71060288,0.03521163,0.69019610,0.76862746,0.03120159,0.71853298,0.00149155,0.06573486,false,
9,9,clean_negative/clean_9_5.jpg,validation,clean_negative,clean_negative,true_negative,0.00036446,0.60,0.59963554,0.71371126,0.03535192,0.69019610,0.77254903,0.03176473,0.72159350,0.00156560,0.07337952,false,
9,9,clean_negative/clean_9_6.jpg,validation,clean_negative,clean_negative,true_negative,0.00586113,0.60,0.59413887,0.71785003,0.03637199,0.69411767,0.78039217,0.03196465,0.72550690,0.00184406,0.09356689,false,
9,9,clean_negative/clean_9_7.jpg,validation,clean_negative,clean_negative,true_negative,0.01706916,0.60,0.58293084,0.72403306,0.04133724,0.69411767,0.81176472,0.03360698,0.73142457,0.00241708,0.14913940,false,
9,9,clean_negative/clean_9_8.jpg,validation,clean_negative,clean_negative,true_negative,0.01521179,0.60,0.58478821,0.72427636,0.04203504,0.67450982,0.80392158,0.03692268,0.73165721,0.00252008,0.17936707,false,
9,9,clean_negative/clean_9_9.jpg,validation,clean_negative,clean_negative,true_negative,0.01182963,0.60,0.58817037,0.72367603,0.04222986,0.65490198,0.78823531,0.03692932,0.73052251,0.00255285,0.19715881,false,
9,9,clean_negative/clean_9_10.jpg,validation,clean_negative,clean_negative,true_negative,0.01199088,0.60,0.58800912,0.72387064,0.04622903,0.63921571,0.79215688,0.03733802,0.73024869,0.00257628,0.21360779,false,
9,9,clean_negative/clean_9_11.jpg,validation,clean_negative,clean_negative,true_negative,0.01195649,0.60,0.58804351,0.72259206,0.05017994,0.62745100,0.79215688,0.03823110,0.72860932,0.00251259,0.21488953,false,
9,9,clean_negative/clean_9_12.jpg,validation,clean_negative,clean_negative,true_negative,0.01150536,0.60,0.58849464,0.71983254,0.05129641,0.62745100,0.78431374,0.03684794,0.72539759,0.00200287,0.17704773,false,
9,9,clean_negative/clean_9_13.jpg,validation,clean_negative,clean_negative,true_negative,0.00798478,0.60,0.59201522,0.71443254,0.04840180,0.62352943,0.77254903,0.03340083,0.71919346,0.00137849,0.12173462,false,
9,9,clean_negative/clean_9_14.jpg,validation,clean_negative,clean_negative,true_negative,0.00893541,0.60,0.59106459,0.71173072,0.04954097,0.62352943,0.77254903,0.03122547,0.71593809,0.00103761,0.08345032,false,
9,9,clean_negative/clean_9_15.jpg,validation,clean_negative,clean_negative,true_negative,0.00651388,0.60,0.59348612,0.70727539,0.05019113,0.61568630,0.77254903,0.03098677,0.71119398,0.00076122,0.05787659,false,
9,9,clean_negative/clean_9_16.jpg,validation,clean_negative,clean_negative,true_negative,0.00523168,0.60,0.59476832,0.70513821,0.04964856,0.61960787,0.76862746,0.02975805,0.70859551,0.00068099,0.04936218,false,
9,9,clean_negative/clean_9_17.jpg,validation,clean_negative,clean_negative,true_negative,0.00771531,0.60,0.59228469,0.70369375,0.04950719,0.61960787,0.76862746,0.02946257,0.70688903,0.00067859,0.05270386,false,
9,9,clean_negative/clean_9_18.jpg,validation,clean_negative,clean_negative,true_negative,0.00600287,0.60,0.59399713,0.70437646,0.04802178,0.62352943,0.76862746,0.02880542,0.70732969,0.00068710,0.05448914,false,
9,9,clean_negative/clean_9_19.jpg,validation,clean_negative,clean_negative,true_negative,0.00646558,0.60,0.59353442,0.70661283,0.04597397,0.62745100,0.76862746,0.02731569,0.70931977,0.00070139,0.05744934,false,
9,9,clean_negative/clean_9_20.jpg,validation,clean_negative,clean_negative,true_negative,0.00000323,0.60,0.59999677,0.69986266,0.00876691,0.68627453,0.71372551,0.02929646,0.70775700,0.00005488,0.00048828,true,tmp\sourcewise_error_atlas\run_001\contact_sheets\source_9_true_negative.jpg
9,9,clean_negative/clean_9_21.jpg,validation,clean_negative,clean_negative,true_negative,0.00000701,0.60,0.59999299,0.70010382,0.01636338,0.68627453,0.71372551,0.02960373,0.70783389,0.00028328,0.01051331,false,
9,9,clean_negative/clean_9_22.jpg,validation,clean_negative,clean_negative,true_negative,0.00003740,0.60,0.59996260,0.70914829,0.04069613,0.68627453,0.79215688,0.03110800,0.71680927,0.00120399,0.07261658,false,
9,9,clean_negative/clean_9_23.jpg,validation,clean_negative,clean_negative,true_negative,0.00070286,0.60,0.59929714,0.71759570,0.05077121,0.68627453,0.83921570,0.03347443,0.72537160,0.00176865,0.12234497,false,
9,9,clean_negative/clean_9_24.jpg,validation,clean_negative,clean_negative,true_negative,0.00128425,0.60,0.59871575,0.72256911,0.05215586,0.69019610,0.84705883,0.03625740,0.73046476,0.00207863,0.15495300,false,
9,9,clean_negative/clean_9_25.jpg,validation,clean_negative,clean_negative,true_negative,0.02103374,0.60,0.57896626,0.72662920,0.05369639,0.69019610,0.85098040,0.03903893,0.73456573,0.00258221,0.20031738,false,
9,9,clean_negative/clean_9_26.jpg,validation,clean_negative,clean_negative,true_negative,0.33133278,0.60,0.26866722,0.72911280,0.06050997,0.65490198,0.86274511,0.04665354,0.73766965,0.00323758,0.26800537,false,
9,9,clean_negative/clean_9_27.jpg,validation,clean_negative,clean_negative,true_negative,0.14593656,0.60,0.45406344,0.72236061,0.06122566,0.61568630,0.84313726,0.05492716,0.73172688,0.00295139,0.28617859,false,
9,9,clean_negative/clean_9_28.jpg,validation,clean_negative,clean_negative,true_negative,0.10925034,0.60,0.49074966,0.71249247,0.06017266,0.60000002,0.81176472,0.05833435,0.72191364,0.00283159,0.29295349,false,
9,9,clean_negative/clean_9_29.jpg,validation,clean_negative,clean_negative,true_negative,0.15171116,0.60,0.44828884,0.70972002,0.06168298,0.59607846,0.80392158,0.05867376,0.71870863,0.00312683,0.31350708,false,
9,9,clean_negative/clean_9_30.jpg,validation,clean_negative,clean_negative,true_negative,0.16704610,0.60,0.43295390,0.70580280,0.06363405,0.59607846,0.79607844,0.05979770,0.71452737,0.00299407,0.30868530,false,
9,9,clean_negative/clean_9_31.jpg,validation,clean_negative,clean_negative,true_negative,0.02143849,0.60,0.57856151,0.70136821,0.06298675,0.59607846,0.78823531,0.05576489,0.70918643,0.00236236,0.25445557,false,
9,9,clean_negative/clean_9_32.jpg,validation,clean_negative,clean_negative,true_negative,0.01555674,0.60,0.58444326,0.69518387,0.05819826,0.59607846,0.76862746,0.04919805,0.70167685,0.00171678,0.19020081,false,
9,9,clean_negative/clean_9_33.jpg,validation,clean_negative,clean_negative,true_negative,0.00792682,0.60,0.59207318,0.69216394,0.05697203,0.60000002,0.76862746,0.04537258,0.69783723,0.00126852,0.13787842,false,
9,9,clean_negative/clean_9_34.jpg,validation,clean_negative,clean_negative,true_negative,0.00386124,0.60,0.59613876,0.68516409,0.05504129,0.60000002,0.76078433,0.04594613,0.69070053,0.00056527,0.08705139,false,
9,9,clean_negative/clean_9_35.jpg,validation,clean_negative,clean_negative,true_negative,0.00126722,0.60,0.59873278,0.67924988,0.05218696,0.60000002,0.75686276,0.04541411,0.68458307,0.00023537,0.05384827,false,
9,9,clean_negative/clean_9_36.jpg,validation,clean_negative,clean_negative,true_negative,0.00148845,0.60,0.59851155,0.67839891,0.05086809,0.60000002,0.75294119,0.04488986,0.68354583,0.00021584,0.05503845,false,
9,9,clean_negative/clean_9_37.jpg,validation,clean_negative,clean_negative,true_negative,0.00188720,0.60,0.59811280,0.68057275,0.04867320,0.60392159,0.75294119,0.04320601,0.68536961,0.00022006,0.05668640,false,
9,9,clean_negative/clean_9_38.jpg,validation,clean_negative,clean_negative,true_negative,0.00199446,0.60,0.59800554,0.68479013,0.04678945,0.60784316,0.75294119,0.04050203,0.68917382,0.00022602,0.06016541,false,
9,9,clean_negative/clean_9_39.jpg,validation,clean_negative,clean_negative,true_negative,0.00000396,0.60,0.59999604,0.69711685,0.00856505,0.68235296,0.71372551,0.03058837,0.70524096,0.00005745,0.00032043,false,
9,9,clean_negative/clean_9_40.jpg,validation,clean_negative,clean_negative,true_negative,0.00001148,0.60,0.59998852,0.69719076,0.01694364,0.68235296,0.70980394,0.03049011,0.70482564,0.00030018,0.01225281,false,
9,9,clean_negative/clean_9_41.jpg,validation,clean_negative,clean_negative,true_negative,0.00010892,0.60,0.59989108,0.71040088,0.04786943,0.68235296,0.82352942,0.03230531,0.71787512,0.00148770,0.09942627,false,
9,9,clean_negative/clean_9_42.jpg,validation,clean_negative,clean_negative,true_negative,0.00140532,0.60,0.59859468,0.72276282,0.05935783,0.68235296,0.86274511,0.03607118,0.73038304,0.00232888,0.17727661,false,
9,9,clean_negative/clean_9_43.jpg,validation,clean_negative,clean_negative,true_negative,0.02986363,0.60,0.57013637,0.72845650,0.06101210,0.68235296,0.87058824,0.04169647,0.73649812,0.00294327,0.23576355,false,
9,9,clean_negative/clean_9_44.jpg,validation,clean_negative,clean_negative,true_negative,0.03389177,0.60,0.56610823,0.73047209,0.06432976,0.66666669,0.87450981,0.04736316,0.73883760,0.00359490,0.30439758,false,
9,9,clean_negative/clean_9_45.jpg,validation,clean_negative,clean_negative,true_negative,0.19768444,0.60,0.40231556,0.72923338,0.07392683,0.60784316,0.88235295,0.05997697,0.73898697,0.00431812,0.38458252,false,
9,9,clean_negative/clean_9_46.jpg,validation,clean_negative,clean_negative,true_negative,0.14072838,0.60,0.45927162,0.71686572,0.07560446,0.59607846,0.86274511,0.07256003,0.72816068,0.00398368,0.39736938,false,
9,9,clean_negative/clean_9_47.jpg,validation,clean_negative,clean_negative,true_negative,0.13589669,0.60,0.46410331,0.69794977,0.07161877,0.58431375,0.82352942,0.07933709,0.70989013,0.00372975,0.39340210,false,
9,9,clean_negative/clean_9_48.jpg,validation,clean_negative,clean_negative,true_negative,0.11775434,0.60,0.48224566,0.68802625,0.07335694,0.57647061,0.80784315,0.08152771,0.69981819,0.00387814,0.40461731,false,
9,9,clean_negative/clean_9_49.jpg,validation,clean_negative,clean_negative,true_negative,0.14495266,0.60,0.45504734,0.68004274,0.07353701,0.57254905,0.79607844,0.08315095,0.69177115,0.00356141,0.38070679,false,
9,9,clean_negative/clean_9_50.jpg,validation,clean_negative,clean_negative,true_negative,0.05209776,0.60,0.54790224,0.67457026,0.07032238,0.57647061,0.78431374,0.07794447,0.68520904,0.00284389,0.31242371,false,
9,9,clean_negative/clean_9_51.jpg,validation,clean_negative,clean_negative,true_negative,0.02670074,0.60,0.57329926,0.66709876,0.06335232,0.57647061,0.75686276,0.06986827,0.67614472,0.00209501,0.23689270,false,
9,9,clean_negative/clean_9_52.jpg,validation,clean_negative,clean_negative,true_negative,0.02089771,0.60,0.57910229,0.66319257,0.06118717,0.57647061,0.75294119,0.06519405,0.67124039,0.00148458,0.16896057,false,
9,9,clean_negative/clean_9_53.jpg,validation,clean_negative,clean_negative,true_negative,0.01312746,0.60,0.58687254,0.65737569,0.05490432,0.58039218,0.74509805,0.06394899,0.66513485,0.00066098,0.10342407,false,
9,9,clean_negative/clean_9_54.jpg,validation,clean_negative,clean_negative,true_negative,0.00102574,0.60,0.59897426,0.65219176,0.04835889,0.58431375,0.73333335,0.06273684,0.65986800,0.00023758,0.05931091,false,
9,9,clean_negative/clean_9_55.jpg,validation,clean_negative,clean_negative,true_negative,0.00113395,0.60,0.59886605,0.65218341,0.04667170,0.58431375,0.72941178,0.06145337,0.65975869,0.00021829,0.06062317,false,
9,9,clean_negative/clean_9_56.jpg,validation,clean_negative,clean_negative,true_negative,0.00153481,0.60,0.59846519,0.65607172,0.04490278,0.58823532,0.72941178,0.05793697,0.66311210,0.00022603,0.06233215,false,
9,9,clean_negative/clean_9_57.jpg,validation,clean_negative,clean_negative,true_negative,0.00189793,0.60,0.59810207,0.66211700,0.04397140,0.59215689,0.73333335,0.05335472,0.66853219,0.00023214,0.06455994,false,
9,9,clean_negative/clean_9_58.jpg,validation,clean_negative,clean_negative,true_negative,0.00001935,0.60,0.59998065,0.69664603,0.01675336,0.68235296,0.70980394,0.03220490,0.70503783,0.00032104,0.01780701,false,
9,9,clean_negative/clean_9_59.jpg,validation,clean_negative,clean_negative,true_negative,0.00015319,0.60,0.59984681,0.69785064,0.02402627,0.67843139,0.71764708,0.03387116,0.70569897,0.00072420,0.04705811,false,
9,9,clean_negative/clean_9_60.jpg,validation,clean_negative,clean_negative,true_negative,0.00086475,0.60,0.59913525,0.71390063,0.05381744,0.67843139,0.84313726,0.03706545,0.72164726,0.00236828,0.15788269,false,
9,9,clean_negative/clean_9_61.jpg,validation,clean_negative,clean_negative,true_negative,0.00460399,0.60,0.59539601,0.72912014,0.06501187,0.68235296,0.87843138,0.04310817,0.73721188,0.00354313,0.26322937,false,
9,9,clean_negative/clean_9_62.jpg,validation,clean_negative,clean_negative,true_negative,0.08527267,0.60,0.51472733,0.73497200,0.06703457,0.67450982,0.88627452,0.05202182,0.74393374,0.00444562,0.34759521,false,
9,9,clean_negative/clean_9_63.jpg,validation,clean_negative,clean_negative,true_negative,0.02966184,0.60,0.57033816,0.73229897,0.07256375,0.63529414,0.88627452,0.06103875,0.74197656,0.00500991,0.42202759,false,
9,9,clean_negative/clean_9_64.jpg,validation,clean_negative,clean_negative,true_negative,0.23900973,0.60,0.36099027,0.72589946,0.08435765,0.59215689,0.89019608,0.07599452,0.73728830,0.00560886,0.49578857,false,
9,9,clean_negative/clean_9_65.jpg,validation,clean_negative,clean_negative,true_negative,0.18784533,0.60,0.41215467,0.70782202,0.08542328,0.58823532,0.87058824,0.09139572,0.72122163,0.00509473,0.49760437,false,
9,9,clean_negative/clean_9_66.jpg,validation,clean_negative,clean_negative,true_negative,0.20905793,0.60,0.39094207,0.68124831,0.07744516,0.57647061,0.82352942,0.10175452,0.69589388,0.00446141,0.48106384,false,
9,9,clean_negative/clean_9_67.jpg,validation,clean_negative,clean_negative,true_negative,0.21657284,0.60,0.38342716,0.66539198,0.07628362,0.56470591,0.80392158,0.10535507,0.68004823,0.00445422,0.47851562,false,
9,9,clean_negative/clean_9_68.jpg,validation,clean_negative,clean_negative,true_negative,0.21293239,0.60,0.38706761,0.65515614,0.07328107,0.56470591,0.79215688,0.10623223,0.66958016,0.00397589,0.43353271,false,
9,9,clean_negative/clean_9_69.jpg,validation,clean_negative,clean_negative,true_negative,0.18705308,0.60,0.41294692,0.64940751,0.06794071,0.56470591,0.77254903,0.10105526,0.66288084,0.00321831,0.35388184,false,
9,9,clean_negative/clean_9_70.jpg,validation,clean_negative,clean_negative,true_negative,0.11388740,0.60,0.48611260,0.64229393,0.05979009,0.56862748,0.73725492,0.09153557,0.65402019,0.00246449,0.27206421,false,
9,9,clean_negative/clean_9_71.jpg,validation,clean_negative,clean_negative,true_negative,0.07977121,0.60,0.52022879,0.63787645,0.05684452,0.56862748,0.72549021,0.08524530,0.64834654,0.00168911,0.18469238,false,
9,9,clean_negative/clean_9_72.jpg,validation,clean_negative,clean_negative,true_negative,0.05572238,0.60,0.54427762,0.63288713,0.04811134,0.57647061,0.71372551,0.08134270,0.64273226,0.00071249,0.10400391,false,
9,9,clean_negative/clean_9_73.jpg,validation,clean_negative,clean_negative,true_negative,0.00123891,0.60,0.59876109,0.62844682,0.03876560,0.57647061,0.69803923,0.07936306,0.63834196,0.00024820,0.05653381,false,
9,9,clean_negative/clean_9_74.jpg,validation,clean_negative,clean_negative,true_negative,0.00141630,0.60,0.59858370,0.62858438,0.03794242,0.57647061,0.69803923,0.07721941,0.63841724,0.00022122,0.05667114,false,
9,9,clean_negative/clean_9_75.jpg,validation,clean_negative,clean_negative,true_negative,0.00154920,0.60,0.59845080,0.63339466,0.03822535,0.57647061,0.70196080,0.07171494,0.64241397,0.00021786,0.05731201,false,
9,9,clean_negative/clean_9_76.jpg,validation,clean_negative,clean_negative,true_negative,0.00159263,0.60,0.59840737,0.64032650,0.03924653,0.58039218,0.70588237,0.06544896,0.64848328,0.00022378,0.05830383,false,
9,9,clean_negative/clean_9_77.jpg,validation,clean_negative,clean_negative,true_negative,0.09916861,0.60,0.50083139,0.67999268,0.08350861,0.57647061,0.83921570,0.11744452,0.69659364,0.00582634,0.54830933,false,
9,9,clean_negative/clean_9_78.jpg,validation,clean_negative,clean_negative,true_negative,0.11293557,0.60,0.48706443,0.67971039,0.08437992,0.57647061,0.84313726,0.11927252,0.69657207,0.00611005,0.55860901,false,
9,9,clean_negative/clean_9_79.jpg,validation,clean_negative,clean_negative,true_negative,0.00046625,0.60,0.59953375,0.69808400,0.02703553,0.67843139,0.72156864,0.03702112,0.70708406,0.00094453,0.05856323,false,
9,9,clean_negative/clean_9_80.jpg,validation,clean_negative,clean_negative,true_negative,0.00228782,0.60,0.59771218,0.69937521,0.03369175,0.67450982,0.75294119,0.04233010,0.70811796,0.00171548,0.11216736,false,
9,9,clean_negative/clean_9_81.jpg,validation,clean_negative,clean_negative,true_negative,0.01099492,0.60,0.58900508,0.71543807,0.05969679,0.67058825,0.85490197,0.04909979,0.72442472,0.00374370,0.24449158,false,
9,9,clean_negative/clean_9_82.jpg,validation,clean_negative,clean_negative,true_negative,0.04536212,0.60,0.55463788,0.73221821,0.07106122,0.66666669,0.88627452,0.05750446,0.74173993,0.00553004,0.37910461,false,
9,9,clean_negative/clean_9_83.jpg,validation,clean_negative,clean_negative,true_negative,0.09306752,0.60,0.50693248,0.73566622,0.07458932,0.64313728,0.89411765,0.06984343,0.74646235,0.00667708,0.48085022,false,
9,9,clean_negative/clean_9_84.jpg,validation,clean_negative,clean_negative,true_negative,0.09957223,0.60,0.50042777,0.72788298,0.08115544,0.61176473,0.89019608,0.08078662,0.73972458,0.00708054,0.54765320,false,
9,9,clean_negative/clean_9_85.jpg,validation,clean_negative,clean_negative,true_negative,0.29123306,0.60,0.30876694,0.71708608,0.09192668,0.58823532,0.89019608,0.09683138,0.73082268,0.00744612,0.60081482,false,
9,9,clean_negative/clean_9_86.jpg,validation,clean_negative,clean_negative,true_negative,0.25020716,0.60,0.34979284,0.69739032,0.09130130,0.58039218,0.87058824,0.11163725,0.71319699,0.00685113,0.58152771,false,
9,9,clean_negative/clean_9_87.jpg,validation,clean_negative,clean_negative,true_negative,0.30220727,0.60,0.29779273,0.68015409,0.08467235,0.57647061,0.84313726,0.11938292,0.69703865,0.00615746,0.56048584,false,
9,9,clean_negative/clean_9_88.jpg,validation,clean_negative,clean_negative,true_negative,0.00728307,0.60,0.59271693,0.60900569,0.03460849,0.55686277,0.66666669,0.09906916,0.62174422,0.00055516,0.07849121,false,
9,9,clean_negative/clean_9_89.jpg,validation,clean_negative,clean_negative,true_negative,0.00516770,0.60,0.59483230,0.60815132,0.03337278,0.55686277,0.66274512,0.09898683,0.62092328,0.00047186,0.07353210,false,
9,9,clean_negative/clean_9_90.jpg,validation,clean_negative,clean_negative,true_negative,0.00441033,0.60,0.59558967,0.60734272,0.03393831,0.55294120,0.66274512,0.09557718,0.62000954,0.00035975,0.06761169,false,
9,9,clean_negative/clean_9_91.jpg,validation,clean_negative,clean_negative,true_negative,0.00364792,0.60,0.59635208,0.61244428,0.03571477,0.55686277,0.67450982,0.08644614,0.62391853,0.00024833,0.05712891,false,
9,9,clean_negative/clean_9_92.jpg,validation,clean_negative,clean_negative,true_negative,0.00427700,0.60,0.59572300,0.61995941,0.03808045,0.56078434,0.68627453,0.07732239,0.63009512,0.00021664,0.05288696,false,
9,9,clean_negative/clean_9_93.jpg,validation,clean_negative,clean_negative,true_negative,0.29444462,0.60,0.30555538,0.73192537,0.07312920,0.65490198,0.89019608,0.06318097,0.74206781,0.00615871,0.41249084,false,
9,9,clean_negative/clean_9_94.jpg,validation,clean_negative,clean_negative,true_negative,0.25698101,0.60,0.34301899,0.73403275,0.07720888,0.63529414,0.89411765,0.07597501,0.74548721,0.00728636,0.51377869,false,
9,9,clean_negative/clean_9_95.jpg,validation,clean_negative,clean_negative,true_negative,0.13698529,0.60,0.46301471,0.72519124,0.08417974,0.60392159,0.89019608,0.08665492,0.73764074,0.00768054,0.57847595,false,
9,9,clean_negative/clean_9_96.jpg,validation,clean_negative,clean_negative,true_negative,0.28815487,0.60,0.31184513,0.71382123,0.09437698,0.58431375,0.89411765,0.10217130,0.72813195,0.00808758,0.62626648,false,
9,9,clean_negative/clean_9_97.jpg,validation,clean_negative,clean_negative,true_negative,0.30388027,0.60,0.29611973,0.70747250,0.09620316,0.58039218,0.89019608,0.10877477,0.72268486,0.00788859,0.62309265,false,
9,9,clean_negative/clean_9_98.jpg,validation,clean_negative,clean_negative,true_negative,0.06503065,0.60,0.53496935,0.70865858,0.05692306,0.64705884,0.83529413,0.06109907,0.71913677,0.00396481,0.26354980,false,
9,9,clean_negative/clean_9_99.jpg,validation,clean_negative,clean_negative,true_negative,0.04113652,0.60,0.55886348,0.70080602,0.03512131,0.67843139,0.76862746,0.04456009,0.71070707,0.00169000,0.11340332,false,
9,9,clean_negative/clean_9_100.jpg,validation,clean_negative,clean_negative,true_negative,0.05076589,0.60,0.54923411,0.70059311,0.04186985,0.65882355,0.78431374,0.05541101,0.71083343,0.00253160,0.18089294,false,
9,9,clean_negative/clean_9_101.jpg,validation,clean_negative,clean_negative,true_negative,0.01255967,0.60,0.58744033,0.59040701,0.03775640,0.52549022,0.64705884,0.12724407,0.60743260,0.00097658,0.11598206,false,
9,9,clean_negative/clean_9_102.jpg,validation,clean_negative,clean_negative,true_negative,0.01164062,0.60,0.58835938,0.58925140,0.03617900,0.52549022,0.64313728,0.12694955,0.60627139,0.00083777,0.10940552,false,
9,9,clean_negative/clean_9_103.jpg,validation,clean_negative,clean_negative,true_negative,0.00788692,0.60,0.59211308,0.58672017,0.03715558,0.52549022,0.64705884,0.12196974,0.60354489,0.00052460,0.08512878,false,
9,9,clean_negative/clean_9_104.jpg,validation,clean_negative,clean_negative,true_negative,0.00772809,0.60,0.59227191,0.59174740,0.03919758,0.52549022,0.65882355,0.10759506,0.60669303,0.00036787,0.06706238,false,
9,9,clean_negative/clean_9_105.jpg,validation,clean_negative,clean_negative,true_negative,0.00770539,0.60,0.59229461,0.59931386,0.04204611,0.52941179,0.67058825,0.09462515,0.61237693,0.00025835,0.05296326,false,
9,9,clean_negative/clean_9_106.jpg,validation,clean_negative,clean_negative,true_negative,0.01742637,0.60,0.58257363,0.70503867,0.05161408,0.64313728,0.81568629,0.06541371,0.71611029,0.00373070,0.25712585,false,
9,9,clean_negative/clean_9_107.jpg,validation,clean_negative,clean_negative,true_negative,0.01066066,0.60,0.58933934,0.58705717,0.03993213,0.52156866,0.64705884,0.13480628,0.60509437,0.00118951,0.13493347,false,
9,9,clean_negative/clean_9_108.jpg,validation,clean_negative,clean_negative,true_negative,0.01428822,0.60,0.58571178,0.58580941,0.03835276,0.52156866,0.64313728,0.13444737,0.60386884,0.00103158,0.12730408,false,
9,9,clean_negative/clean_9_109.jpg,validation,clean_negative,clean_negative,true_negative,0.00914702,0.60,0.59085298,0.58253455,0.03925879,0.51764709,0.64705884,0.12897885,0.60032940,0.00064571,0.09645081,false,
9,9,clean_negative/clean_9_110.jpg,validation,clean_negative,clean_negative,true_negative,0.09554250,0.60,0.50445750,0.70263243,0.04364136,0.66960788,0.79607844,0.05492710,0.71307796,0.00259986,0.18199158,false,
9,9,clean_negative/clean_9_111.jpg,validation,clean_negative,clean_negative,true_negative,0.00516606,0.60,0.59483394,0.57839125,0.04157762,0.51764709,0.64705884,0.11850151,0.59495342,0.00052534,0.07534790,false,
9,9,clean_negative/clean_9_112.jpg,validation,clean_negative,clean_negative,true_negative,0.11663911,0.60,0.48336089,0.70488060,0.04575549,0.67058825,0.80392158,0.05005960,0.71530592,0.00266008,0.17486572,false,
9,9,clean_negative/clean_9_113.jpg,validation,clean_negative,clean_negative,true_negative,0.00432246,0.60,0.59567754,0.58003032,0.04352555,0.51764709,0.65490198,0.11209299,0.59564829,0.00038418,0.06120300,false,
9,9,clean_negative/clean_9_114.jpg,validation,clean_negative,clean_negative,true_negative,0.23033456,0.60,0.36966544,0.70723629,0.05163481,0.66274512,0.81960785,0.05411575,0.71788508,0.00342381,0.22946167,false,
9,9,clean_negative/clean_9_115.jpg,validation,clean_negative,clean_negative,true_negative,0.25116655,0.60,0.34883345,0.70803958,0.05255948,0.66274512,0.82352942,0.05761007,0.71882033,0.00368547,0.25225830,false,
9,9,clean_negative/clean_9_116.jpg,validation,clean_negative,clean_negative,true_negative,0.00596118,0.60,0.59403882,0.55949926,0.04127169,0.50588238,0.63137257,0.14159666,0.57926488,0.00090726,0.10174561,false,
9,9,clean_negative/clean_9_117.jpg,validation,clean_negative,clean_negative,true_negative,0.00477055,0.60,0.59522945,0.56279635,0.04250696,0.50980395,0.63529414,0.13118431,0.58109879,0.00074147,0.08261108,false,
9,9,clean_negative/clean_9_118.jpg,validation,clean_negative,clean_negative,true_negative,0.00610481,0.60,0.59389519,0.55919206,0.04144790,0.50588238,0.63137257,0.14246474,0.57908273,0.00097376,0.10371399,false,
9,9,clean_negative/clean_9_119.jpg,validation,clean_negative,clean_negative,true_negative,0.00495800,0.60,0.59504200,0.56247622,0.04265638,0.50588238,0.63529414,0.13197124,0.58091325,0.00080693,0.08503723,false,
9,9,clean_negative/clean_9_120.jpg,validation,clean_negative,clean_negative,true_negative,0.37259671,0.60,0.22740329,0.70639586,0.05558298,0.65882355,0.82745099,0.05665959,0.71700233,0.00397265,0.26701355,false,
9,9,clean_negative/clean_9_121.jpg,validation,clean_negative,clean_negative,true_negative,0.40314933,0.60,0.19685067,0.70774883,0.05679856,0.65490198,0.83137256,0.06036311,0.71851230,0.00436476,0.29388428,false,
9,9,clean_negative/clean_9_122.jpg,validation,clean_negative,clean_negative,true_negative,0.44032481,0.60,0.15967519,0.70756114,0.05871031,0.65882355,0.83529413,0.05603949,0.71779490,0.00471929,0.29751587,false,
9,9,clean_negative/clean_9_123.jpg,validation,clean_negative,clean_negative,true_negative,0.48446703,0.60,0.11553297,0.70909560,0.05972640,0.65490198,0.83921570,0.05975875,0.71947885,0.00509890,0.32342529,false,
9,9,clean_negative/clean_9_124.jpg,validation,clean_negative,clean_negative,true_negative,0.04149927,0.60,0.55850073,0.70846355,0.05981586,0.65882355,0.83921570,0.05164101,0.71795702,0.00460060,0.29168701,false,
9,9,clean_negative/clean_9_125.jpg,validation,clean_negative,clean_negative,true_negative,0.05009241,0.60,0.54990759,0.71093738,0.06132978,0.65882355,0.84313726,0.05481263,0.72053194,0.00498844,0.31890869,false,
9,9,clean_negative/clean_9_126.jpg,validation,clean_negative,clean_negative,true_negative,0.19972458,0.60,0.40027542,0.72565091,0.09149352,0.59607846,0.88627452,0.11033440,0.74208021,0.00812427,0.63427734,false,
9,9,clean_negative/clean_9_127.jpg,validation,clean_negative,dirty_positive,false_positive,0.67815291,0.60,0.07815291,0.69987875,0.09483807,0.56862748,0.86666667,0.13641652,0.71909118,0.00783867,0.60668945,true,tmp\sourcewise_error_atlas\run_001\contact_sheets\source_9_false_positive.jpg
9,9,clean_negative/clean_9_128.jpg,validation,clean_negative,clean_negative,true_negative,0.41233922,0.60,0.18766078,0.66118956,0.09174775,0.54509807,0.83137256,0.16028449,0.68352127,0.00684218,0.54248047,false,
9,9,clean_negative/clean_9_129.jpg,validation,clean_negative,clean_negative,true_negative,0.30588517,0.60,0.29411483,0.64085817,0.09141026,0.52941179,0.81960785,0.16067135,0.66319132,0.00892189,0.56515503,false,
9,9,clean_negative/clean_9_130.jpg,validation,clean_negative,clean_negative,true_negative,0.32268045,0.60,0.27731955,0.61744213,0.08224078,0.51764709,0.78039217,0.16932896,0.64081210,0.00902156,0.55239868,false,
9,9,clean_negative/clean_9_131.jpg,validation,clean_negative,clean_negative,true_negative,0.02328045,0.60,0.57671955,0.54429758,0.08940803,0.42745098,0.71764708,0.15553895,0.56306440,0.01159979,0.59233093,false,
9,9,clean_negative/clean_9_132.jpg,validation,clean_negative,clean_negative,true_negative,0.27326295,0.60,0.32673705,0.72371781,0.09950864,0.57647061,0.89803922,0.10038979,0.73937428,0.00823433,0.63821411,false,
9,9,clean_negative/clean_9_133.jpg,validation,clean_negative,clean_negative,true_negative,0.43908672,0.60,0.16091328,0.70690078,0.10374259,0.56470591,0.88627452,0.12205824,0.72414422,0.00849229,0.63832092,false,
9,9,clean_negative/clean_9_134.jpg,validation,clean_negative,clean_negative,true_negative,0.24172163,0.60,0.35827837,0.67077911,0.10358214,0.54117650,0.86274511,0.14402814,0.69072735,0.00806135,0.58586121,false,
9,9,clean_negative/clean_9_135.jpg,validation,clean_negative,clean_negative,true_negative,0.26678349,0.60,0.33321651,0.63946122,0.09314390,0.52843142,0.82352942,0.15641594,0.66115946,0.00918052,0.57543945,false,
9,9,clean_negative/clean_9_136.jpg,validation,clean_negative,clean_negative,true_negative,0.29448877,0.60,0.30551123,0.61652577,0.08362177,0.51764709,0.78039217,0.16514619,0.63917249,0.00914243,0.55902100,false,
9,9,clean_negative/clean_9_137.jpg,validation,clean_negative,clean_negative,true_negative,0.01994549,0.60,0.58005451,0.54496074,0.08869471,0.42745098,0.71764708,0.14810361,0.56273425,0.01129439,0.57376099,false,
9,9,clean_negative/clean_9_138.jpg,validation,clean_negative,clean_negative,true_negative,0.02171656,0.60,0.57828344,0.54574823,0.08855438,0.42745098,0.71764708,0.14624664,0.56335688,0.01120089,0.56861877,false,
9,9,clean_negative/clean_9_139.jpg,validation,clean_negative,clean_negative,true_negative,0.02483006,0.60,0.57516994,0.55900967,0.08329611,0.44313726,0.71764708,0.11811692,0.57356739,0.01002731,0.49896240,false,
9,9,clean_negative/clean_9_140.jpg,validation,clean_negative,clean_negative,true_negative,0.10920363,0.60,0.49079637,0.71396530,0.10635066,0.56862748,0.90196079,0.08778405,0.72931135,0.00885567,0.62243652,false,
9,9,clean_negative/clean_9_141.jpg,validation,clean_negative,clean_negative,true_negative,0.33814459,0.60,0.26185541,0.70738256,0.10726044,0.56078434,0.89411765,0.10318868,0.72252524,0.00986945,0.66638184,false,
9,9,clean_negative/clean_9_142.jpg,validation,clean_negative,clean_negative,true_negative,0.15787688,0.60,0.44212312,0.67799163,0.10588731,0.54117650,0.87450981,0.12164631,0.69477534,0.01039005,0.64657593,false,
9,9,clean_negative/clean_9_143.jpg,validation,clean_negative,clean_negative,true_negative,0.28317372,0.60,0.31682628,0.64392209,0.09689879,0.52549022,0.83921570,0.13312809,0.66207123,0.01084313,0.62541199,false,
9,9,clean_negative/clean_9_144.jpg,validation,clean_negative,clean_negative,true_negative,0.24973463,0.60,0.35026537,0.61880302,0.08783090,0.51372552,0.79607844,0.14011586,0.63757610,0.01080295,0.60174561,false,
9,9,clean_negative/clean_9_145.jpg,validation,clean_negative,clean_negative,true_negative,0.01349199,0.60,0.58650801,0.55130935,0.08467869,0.42745098,0.70588237,0.11042008,0.56461459,0.00956336,0.45036316,false,
9,9,clean_negative/clean_9_146.jpg,validation,clean_negative,clean_negative,true_negative,0.01275849,0.60,0.58724151,0.55316377,0.08448503,0.43137255,0.70588237,0.11014932,0.56652200,0.00954047,0.45393372,false,
9,9,clean_negative/clean_9_147.jpg,validation,clean_negative,clean_negative,true_negative,0.03884733,0.60,0.56115267,0.56750643,0.08098618,0.45490196,0.71764708,0.11214091,0.58141798,0.01001178,0.48892212,false,
9,9,clean_negative/clean_9_148.jpg,validation,clean_negative,clean_negative,true_negative,0.03183960,0.60,0.56816040,0.56725955,0.08042940,0.45490196,0.71372551,0.11639124,0.58191669,0.00898199,0.46560669,false,
9,9,clean_negative/clean_9_149.jpg,validation,clean_negative,clean_negative,true_negative,0.03523548,0.60,0.56476452,0.56471407,0.07958718,0.45490196,0.70980394,0.11399207,0.57915431,0.00810412,0.41703796,false,
9,9,clean_negative/clean_9_150.jpg,validation,clean_negative,clean_negative,true_negative,0.05393999,0.60,0.54606001,0.56433332,0.07352914,0.46666667,0.69411767,0.11472276,0.57900858,0.00661768,0.39054871,false,
9,9,clean_negative/clean_9_151.jpg,validation,clean_negative,clean_negative,true_negative,0.05208671,0.60,0.54791329,0.56300902,0.07047172,0.46666667,0.68235296,0.11536196,0.57783037,0.00599728,0.38566589,false,
9,9,clean_negative/clean_9_152.jpg,validation,clean_negative,clean_negative,true_negative,0.13191083,0.60,0.46808917,0.68790406,0.10994096,0.56470591,0.89411765,0.08385771,0.70565915,0.00806336,0.53437805,false,
9,9,clean_negative/clean_9_153.jpg,validation,clean_negative,clean_negative,true_negative,0.27989387,0.60,0.32010613,0.69025618,0.10934430,0.56078434,0.89411765,0.09209344,0.70636451,0.00976344,0.61158752,false,
9,9,clean_negative/clean_9_154.jpg,validation,clean_negative,clean_negative,true_negative,0.17154462,0.60,0.42845538,0.67038971,0.10422119,0.54901963,0.87450981,0.10249138,0.68654448,0.01076822,0.61885071,false,
9,9,clean_negative/clean_9_155.jpg,validation,clean_negative,clean_negative,true_negative,0.24974776,0.60,0.35025224,0.64013910,0.09394715,0.52549022,0.83529413,0.11136116,0.65672123,0.01062723,0.59330750,false,
9,9,clean_negative/clean_9_156.jpg,validation,clean_negative,clean_negative,true_negative,0.18485954,0.60,0.41514046,0.61725986,0.08483408,0.51372552,0.79215688,0.11644647,0.63408649,0.01058410,0.56233215,false,
9,9,clean_negative/clean_9_157.jpg,validation,clean_negative,clean_negative,true_negative,0.01123695,0.60,0.58876305,0.55826932,0.07760479,0.43137255,0.67843139,0.07794244,0.56789303,0.00677917,0.32002258,false,
9,9,clean_negative/clean_9_158.jpg,validation,clean_negative,clean_negative,true_negative,0.00940185,0.60,0.59059815,0.55980074,0.07722303,0.43137255,0.67843139,0.07770254,0.56943429,0.00675046,0.32348633,false,
9,9,clean_negative/clean_9_159.jpg,validation,clean_negative,clean_negative,true_negative,0.03529048,0.60,0.56470952,0.57288927,0.07178913,0.45882353,0.69019610,0.07888933,0.58283257,0.00718747,0.35777283,false,
9,9,clean_negative/clean_9_160.jpg,validation,clean_negative,clean_negative,true_negative,0.03596727,0.60,0.56403273,0.57363439,0.07071808,0.46274510,0.69019610,0.08320583,0.58422750,0.00636353,0.34042358,false,
9,9,clean_negative/clean_9_161.jpg,validation,clean_negative,clean_negative,true_negative,0.01752040,0.60,0.58247960,0.57234097,0.06988636,0.46666667,0.68235296,0.07986079,0.58250237,0.00570322,0.29751587,false,
9,9,clean_negative/clean_9_162.jpg,validation,clean_negative,clean_negative,true_negative,0.02505371,0.60,0.57494629,0.57397676,0.06412060,0.47843137,0.67450982,0.07871842,0.58405089,0.00475663,0.28091431,false,
9,9,clean_negative/clean_9_163.jpg,validation,clean_negative,clean_negative,true_negative,0.01998726,0.60,0.58001274,0.57307810,0.06101554,0.47843137,0.66274512,0.07902718,0.58322740,0.00429014,0.27702332,false,
9,9,clean_negative/clean_9_164.jpg,validation,clean_negative,clean_negative,true_negative,0.19038013,0.60,0.40961987,0.57638496,0.04140528,0.49411765,0.61568630,0.04579109,0.58185178,0.00259479,0.15896606,false,
9,9,clean_negative/clean_9_165.jpg,validation,clean_negative,clean_negative,true_negative,0.06508286,0.60,0.53491714,0.65995580,0.10796919,0.56470591,0.88235295,0.08227749,0.68186617,0.00697276,0.42083740,false,
9,9,clean_negative/clean_9_166.jpg,validation,clean_negative,clean_negative,true_negative,0.16526592,0.60,0.43473408,0.66663408,0.10770161,0.56470591,0.88235295,0.08443006,0.68590498,0.00868593,0.49659729,false,
9,9,clean_negative/clean_9_167.jpg,validation,clean_negative,clean_negative,true_negative,0.15673016,0.60,0.44326984,0.65653479,0.10170142,0.55686277,0.87058824,0.08784354,0.67458761,0.00980165,0.51499939,false,
9,9,clean_negative/clean_9_168.jpg,validation,clean_negative,clean_negative,true_negative,0.20702123,0.60,0.39297877,0.63187838,0.08889977,0.53333336,0.82745099,0.09384976,0.64956665,0.00930236,0.48818970,false,
9,9,clean_negative/clean_9_169.jpg,validation,clean_negative,clean_negative,true_negative,0.13357610,0.60,0.46642390,0.61345035,0.07933106,0.51764709,0.78039217,0.09653932,0.63071251,0.00918317,0.45814514,false,
9,9,clean_negative/clean_9_170.jpg,validation,clean_negative,clean_negative,true_negative,0.00081451,0.60,0.59918549,0.56460369,0.06350441,0.44313726,0.62352943,0.06438760,0.57476377,0.00347927,0.19006348,false,
9,9,clean_negative/clean_9_171.jpg,validation,clean_negative,clean_negative,true_negative,0.00248384,0.60,0.59751616,0.57445192,0.05868309,0.47058824,0.63921571,0.06030357,0.58330047,0.00409499,0.22151184,false,
9,9,clean_negative/clean_9_172.jpg,validation,clean_negative,clean_negative,true_negative,0.00885142,0.60,0.59114858,0.57798868,0.05826084,0.47450981,0.64313728,0.05741919,0.58578759,0.00388148,0.21469116,false,
9,9,clean_negative/clean_9_173.jpg,validation,clean_negative,clean_negative,true_negative,0.01282452,0.60,0.58717548,0.57745659,0.05735215,0.47450981,0.63529414,0.05164945,0.58425999,0.00334148,0.18069458,false,
9,9,clean_negative/clean_9_174.jpg,validation,clean_negative,clean_negative,true_negative,0.02745869,0.60,0.57254131,0.58097404,0.05081903,0.49019608,0.63137257,0.04792229,0.58715904,0.00313233,0.17559814,false,
9,9,clean_negative/clean_9_175.jpg,validation,clean_negative,clean_negative,true_negative,0.03357402,0.60,0.56642598,0.57927144,0.04206529,0.49803922,0.61960787,0.04486880,0.58483136,0.00269991,0.16439819,false,
9,9,clean_negative/clean_9_176.jpg,validation,clean_negative,clean_negative,true_negative,0.21446146,0.60,0.38553854,0.57789618,0.04018544,0.49803922,0.61568630,0.04170910,0.58283842,0.00246714,0.14637756,false,
9,9,clean_negative/clean_9_177.jpg,validation,clean_negative,clean_negative,true_negative,0.00343787,0.60,0.59656213,0.56539041,0.05783987,0.45098040,0.61568630,0.06152991,0.57621169,0.00248821,0.13442993,false,
9,9,clean_negative/clean_9_178.jpg,validation,clean_negative,clean_negative,true_negative,0.01352044,0.60,0.58647956,0.63376987,0.09964150,0.56470591,0.86274511,0.08250818,0.66050553,0.00538116,0.30647278,false,
9,9,clean_negative/clean_9_179.jpg,validation,clean_negative,clean_negative,true_negative,0.02881307,0.60,0.57118693,0.64156532,0.09995294,0.56470591,0.86666667,0.08064205,0.66524833,0.00666310,0.36494446,false,
9,9,clean_negative/clean_9_180.jpg,validation,clean_negative,clean_negative,true_negative,0.03520941,0.60,0.56479059,0.63969737,0.09629092,0.56470591,0.86274511,0.07945372,0.66121650,0.00795568,0.39312744,false,
9,9,clean_negative/clean_9_181.jpg,validation,clean_negative,clean_negative,true_negative,0.16303153,0.60,0.43696847,0.62325877,0.08141972,0.54901963,0.81176472,0.08182224,0.64338070,0.00744513,0.37579346,false,
9,9,clean_negative/clean_9_182.jpg,validation,clean_negative,clean_negative,true_negative,0.02779152,0.60,0.57220848,0.60584712,0.06747524,0.52549022,0.74509805,0.08284895,0.62481725,0.00684862,0.33425903,false,
9,9,clean_negative/clean_9_183.jpg,validation,clean_negative,clean_negative,true_negative,0.00012742,0.60,0.59987258,0.57403207,0.04465860,0.47450981,0.61568630,0.05655093,0.58535600,0.00115387,0.07427979,false,
9,9,clean_negative/clean_9_184.jpg,validation,clean_negative,clean_negative,true_negative,0.00033544,0.60,0.59966456,0.58053744,0.04369349,0.49019608,0.61960787,0.05043108,0.58987850,0.00170475,0.09555054,false,
9,9,clean_negative/clean_9_185.jpg,validation,clean_negative,clean_negative,true_negative,0.00213104,0.60,0.59786896,0.58529049,0.04244963,0.49803922,0.61960787,0.04319991,0.59246910,0.00163589,0.09283447,false,
9,9,clean_negative/clean_9_186.jpg,validation,clean_negative,clean_negative,true_negative,0.00814557,0.60,0.59185443,0.58710277,0.04013416,0.50196081,0.61960787,0.03187047,0.59181684,0.00125435,0.06356812,false,
9,9,clean_negative/clean_9_187.jpg,validation,clean_negative,clean_negative,true_negative,0.02293753,0.60,0.57706247,0.58929491,0.03596744,0.50980395,0.61960787,0.02599799,0.59287947,0.00125744,0.05900574,false,
9,9,clean_negative/clean_9_188.jpg,validation,clean_negative,clean_negative,true_negative,0.10775065,0.60,0.49224935,0.59081751,0.02961019,0.53333336,0.61960787,0.02106449,0.59340310,0.00121171,0.05702209,false,
9,9,clean_negative/clean_9_189.jpg,validation,clean_negative,clean_negative,true_negative,0.18927222,0.60,0.41072778,0.59069955,0.02504077,0.54901963,0.61568630,0.01780270,0.59262288,0.00101717,0.04710388,false,
9,9,clean_negative/clean_9_190.jpg,validation,clean_negative,clean_negative,true_negative,0.00021901,0.60,0.59978099,0.57304478,0.04126240,0.48235294,0.61176473,0.06538745,0.58704650,0.00097947,0.06945801,false,
9,9,clean_negative/clean_9_191.jpg,validation,clean_negative,clean_negative,true_negative,0.00740296,0.60,0.59259704,0.59534305,0.06072434,0.51372552,0.71372551,0.07377679,0.61342430,0.00512898,0.24139404,false,
9,9,clean_negative/clean_9_192.jpg,validation,clean_negative,clean_negative,true_negative,0.00396008,0.60,0.59603992,0.58792287,0.05583932,0.50588238,0.67450982,0.06870782,0.60427725,0.00393843,0.19132996,false,
9,9,clean_negative/clean_9_193.jpg,validation,clean_negative,clean_negative,true_negative,0.00027899,0.60,0.59972101,0.57693732,0.04063660,0.49803922,0.60784316,0.07449335,0.59414637,0.00215995,0.13310242,false,
9,9,clean_negative/clean_9_194.jpg,validation,clean_negative,clean_negative,true_negative,0.00016637,0.60,0.59983363,0.57221735,0.03625345,0.49019608,0.60392159,0.07486603,0.58940691,0.00124158,0.08860779,false,
9,9,clean_negative/clean_9_195.jpg,validation,clean_negative,clean_negative,true_negative,0.00025931,0.60,0.59974069,0.57277513,0.03575297,0.49411765,0.60392159,0.08059364,0.59154868,0.00091455,0.07527161,false,
9,9,clean_negative/clean_9_196.jpg,validation,clean_negative,clean_negative,true_negative,0.00038405,0.60,0.59961595,0.57630312,0.03467340,0.49803922,0.60784316,0.07591033,0.59397388,0.00091924,0.06932068,false,
9,9,clean_negative/clean_9_197.jpg,validation,clean_negative,clean_negative,true_negative,0.00262828,0.60,0.59737172,0.61055255,0.07986815,0.56470591,0.81568629,0.08496424,0.64242899,0.00360534,0.18789673,false,
9,9,clean_negative/clean_9_198.jpg,validation,clean_negative,clean_negative,true_negative,0.00577944,0.60,0.59422056,0.61857319,0.08187923,0.56862748,0.82352942,0.08103310,0.64737999,0.00469981,0.23826599,false,
9,9,clean_negative/clean_9_199.jpg,validation,clean_negative,clean_negative,true_negative,0.01147571,0.60,0.58852429,0.62137944,0.08127896,0.56862748,0.82352942,0.07720804,0.64747465,0.00566546,0.26799011,false,
9,9,clean_negative/clean_9_200.jpg,validation,clean_negative,clean_negative,true_negative,0.07740963,0.60,0.52259037,0.61423397,0.07087128,0.56078434,0.77647060,0.07473325,0.63782197,0.00537687,0.26435852,false,
9,9,clean_negative/clean_9_201.jpg,validation,clean_negative,clean_negative,true_negative,0.04515586,0.60,0.55484414,0.60424167,0.05956180,0.54901963,0.72549021,0.07125340,0.62560463,0.00512103,0.23513794,false,
9,9,clean_negative/clean_9_202.jpg,validation,clean_negative,clean_negative,true_negative,0.02107755,0.60,0.57892245,0.59683925,0.05318903,0.53725493,0.69411767,0.06585030,0.61580426,0.00421731,0.19267273,false,
9,9,clean_negative/clean_9_203.jpg,validation,clean_negative,clean_negative,true_negative,0.00976421,0.60,0.59023579,0.59106386,0.04616949,0.53725493,0.65098041,0.06048638,0.60800338,0.00304809,0.14418030,false,
9,9,clean_negative/clean_9_204.jpg,validation,clean_negative,clean_negative,true_negative,0.00093691,0.60,0.59906309,0.58462852,0.03519528,0.52941179,0.60784316,0.06727624,0.60254371,0.00184740,0.10409546,false,
9,9,clean_negative/clean_9_205.jpg,validation,clean_negative,clean_negative,true_negative,0.00011351,0.60,0.59988649,0.58126915,0.02621865,0.52941179,0.60392159,0.07133994,0.59972107,0.00105387,0.06838989,false,
9,9,clean_negative/clean_9_206.jpg,validation,clean_negative,clean_negative,true_negative,0.00002795,0.60,0.59997205,0.58145809,0.02406969,0.52549022,0.60784316,0.08116432,0.60226583,0.00044711,0.05198669,false,
9,9,clean_negative/clean_9_207.jpg,validation,clean_negative,clean_negative,true_negative,0.00004065,0.60,0.59995935,0.58447027,0.02329911,0.53333336,0.61176473,0.07860790,0.60431796,0.00035155,0.04100037,false,
9,9,clean_negative/clean_9_208.jpg,validation,clean_negative,clean_negative,true_negative,0.00000242,0.60,0.59999758,0.58717984,0.02275984,0.53725493,0.61568630,0.07449725,0.60557055,0.00018524,0.03112793,true,tmp\sourcewise_error_atlas\run_001\contact_sheets\source_9_true_negative.jpg
9,9,clean_negative/clean_9_209.jpg,validation,clean_negative,clean_negative,true_negative,0.00000277,0.60,0.59999723,0.59058595,0.02349678,0.53725493,0.61960787,0.06339351,0.60574728,0.00017703,0.02508545,true,tmp\sourcewise_error_atlas\run_001\contact_sheets\source_9_true_negative.jpg
9,9,clean_negative/clean_9_210.jpg,validation,clean_negative,clean_negative,true_negative,0.00001377,0.60,0.59998623,0.59480762,0.02344687,0.54509807,0.62352943,0.05147729,0.60650134,0.00030587,0.02366638,false,
9,9,clean_negative/clean_9_211.jpg,validation,clean_negative,clean_negative,true_negative,0.00419677,0.60,0.59580323,0.59856927,0.02195324,0.56078434,0.62745100,0.03826701,0.60658914,0.00036351,0.02000427,false,
9,9,clean_negative/clean_9_212.jpg,validation,clean_negative,clean_negative,true_negative,0.03737005,0.60,0.56262995,0.60018981,0.01967630,0.56862748,0.62745100,0.02473420,0.60491168,0.00030583,0.01155090,false,
9,9,clean_negative/clean_9_213.jpg,validation,clean_negative,clean_negative,true_negative,0.14460137,0.60,0.45539863,0.59981120,0.01875000,0.57647061,0.62745100,0.01920364,0.60325599,0.00030776,0.01173401,false,
9,9,clean_negative/clean_9_214.jpg,validation,clean_negative,clean_negative,true_negative,0.29484172,0.60,0.30515828,0.59821522,0.01724418,0.58039218,0.62352943,0.01447574,0.60052431,0.00030817,0.01184082,false,
9,9,clean_negative/clean_9_215.jpg,validation,clean_negative,clean_negative,true_negative,0.37014033,0.60,0.22985967,0.59640402,0.01578982,0.57647061,0.62352943,0.01170080,0.59798712,0.00029730,0.01145935,false,
9,9,clean_negative/clean_9_216.jpg,validation,clean_negative,clean_negative,true_negative,0.00114466,0.60,0.59885534,0.58832657,0.04346619,0.56470591,0.65490198,0.09018335,0.62478006,0.00154231,0.07437134,false,
9,9,clean_negative/clean_9_217.jpg,validation,clean_negative,clean_negative,true_negative,0.00195897,0.60,0.59804103,0.59413898,0.04779405,0.56862748,0.69019610,0.08625872,0.62818360,0.00213886,0.10096741,false,
9,9,clean_negative/clean_9_218.jpg,validation,clean_negative,clean_negative,true_negative,0.00334270,0.60,0.59665730,0.59827274,0.05035659,0.56862748,0.70196080,0.08149098,0.62970430,0.00270634,0.12225342,false,
9,9,clean_negative/clean_9_219.jpg,validation,clean_negative,clean_negative,true_negative,0.00409474,0.60,0.59590526,0.60049939,0.05086420,0.57254905,0.70196080,0.07575320,0.62887323,0.00279022,0.13090515,false,
9,9,clean_negative/clean_9_220.jpg,validation,clean_negative,clean_negative,true_negative,0.00289941,0.60,0.59710059,0.59712994,0.04287077,0.57254905,0.66666669,0.07013425,0.62278295,0.00248989,0.10797119,false,
9,9,clean_negative/clean_9_221.jpg,validation,clean_negative,clean_negative,true_negative,0.00078059,0.60,0.59921941,0.59446466,0.03624186,0.57254905,0.63137257,0.06435542,0.61737508,0.00187154,0.07815552,false,
9,9,clean_negative/clean_9_222.jpg,validation,clean_negative,clean_negative,true_negative,0.00045928,0.60,0.59954072,0.59144807,0.02743419,0.57254905,0.60784316,0.05928154,0.61177206,0.00108664,0.04890442,false,
9,9,clean_negative/clean_9_223.jpg,validation,clean_negative,clean_negative,true_negative,0.00006995,0.60,0.59993005,0.59039009,0.02479615,0.57254905,0.60784316,0.06584461,0.61102843,0.00073263,0.04057312,false,
9,9,clean_negative/clean_9_224.jpg,validation,clean_negative,clean_negative,true_negative,0.00000469,0.60,0.59999531,0.58855605,0.01538454,0.56862748,0.60784316,0.07080036,0.60921669,0.00034370,0.02456665,false,
9,9,clean_negative/clean_9_225.jpg,validation,clean_negative,clean_negative,true_negative,0.00000154,0.60,0.59999846,0.58941871,0.01666232,0.56862748,0.60784316,0.08613396,0.61315441,0.00022649,0.03363037,true,tmp\sourcewise_error_atlas\run_001\contact_sheets\source_9_true_negative.jpg
9,9,clean_negative/clean_9_226.jpg,validation,clean_negative,clean_negative,true_negative,0.00000217,0.60,0.59999783,0.59220421,0.01764884,0.57254905,0.61568630,0.08423235,0.61457920,0.00018891,0.03330994,true,tmp\sourcewise_error_atlas\run_001\contact_sheets\source_9_true_negative.jpg
9,9,clean_negative/clean_9_227.jpg,validation,clean_negative,clean_negative,true_negative,0.00000237,0.60,0.59999763,0.59554172,0.01833918,0.57647061,0.61960787,0.07996163,0.61601293,0.00013385,0.03218079,true,tmp\sourcewise_error_atlas\run_001\contact_sheets\source_9_true_negative.jpg
9,9,clean_negative/clean_9_228.jpg,validation,clean_negative,clean_negative,true_negative,0.00000319,0.60,0.59999681,0.59959614,0.01807339,0.58039218,0.62745100,0.06817460,0.61643982,0.00012467,0.02613831,true,tmp\sourcewise_error_atlas\run_001\contact_sheets\source_9_true_negative.jpg
9,9,clean_negative/clean_9_229.jpg,validation,clean_negative,clean_negative,true_negative,0.00001536,0.60,0.59998464,0.60346311,0.01716116,0.58431375,0.63137257,0.05517524,0.61648792,0.00011607,0.01921082,false,
9,9,clean_negative/clean_9_230.jpg,validation,clean_negative,clean_negative,true_negative,0.00007231,0.60,0.59992769,0.60677654,0.01476570,0.59215689,0.63529414,0.03680187,0.61478078,0.00009509,0.00859070,false,
9,9,clean_negative/clean_9_231.jpg,validation,clean_negative,clean_negative,true_negative,0.00004674,0.60,0.59995326,0.60775799,0.01303799,0.59215689,0.63529414,0.02294629,0.61239552,0.00008050,0.00154114,false,
9,9,clean_negative/clean_9_232.jpg,validation,clean_negative,clean_negative,true_negative,0.00015059,0.60,0.59984941,0.60650241,0.01394019,0.58823532,0.63529414,0.01712497,0.60984594,0.00008276,0.00172424,false,
9,9,clean_negative/clean_9_233.jpg,validation,clean_negative,clean_negative,true_negative,0.00057415,0.60,0.59942585,0.60372829,0.01497540,0.58431375,0.63529414,0.01231294,0.60595655,0.00008400,0.00183105,false,
9,9,clean_negative/clean_9_234.jpg,validation,clean_negative,clean_negative,true_negative,0.00071126,0.60,0.59928874,0.60095108,0.01540459,0.58039218,0.63137257,0.00960885,0.60244775,0.00009402,0.00219727,false,
9,9,clean_negative/clean_9_235.jpg,validation,clean_negative,clean_negative,true_negative,0.00042931,0.60,0.59957069,0.58068913,0.02270392,0.56862748,0.59607846,0.09390505,0.61958575,0.00056585,0.02516174,false,
9,9,clean_negative/clean_9_236.jpg,validation,clean_negative,clean_negative,true_negative,0.00056492,0.60,0.59943508,0.58435678,0.02643322,0.56862748,0.60000002,0.09127061,0.62138015,0.00083680,0.03395081,false,
9,9,clean_negative/clean_9_237.jpg,validation,clean_negative,clean_negative,true_negative,0.00059097,0.60,0.59940903,0.58677405,0.02624471,0.57254905,0.60392159,0.08740062,0.62168139,0.00086657,0.03556824,false,
9,9,clean_negative/clean_9_238.jpg,validation,clean_negative,clean_negative,true_negative,0.00084277,0.60,0.59915723,0.58970994,0.03010195,0.57254905,0.60784316,0.08186455,0.62166798,0.00096390,0.04591370,false,
9,9,clean_negative/clean_9_239.jpg,validation,clean_negative,clean_negative,true_negative,0.00065996,0.60,0.59934004,0.58940864,0.02635405,0.57254905,0.60392159,0.07568731,0.61835504,0.00074670,0.03463745,false,
9,9,clean_negative/clean_9_240.jpg,validation,clean_negative,clean_negative,true_negative,0.00003795,0.60,0.59996205,0.58907789,0.02342185,0.57254905,0.60392159,0.06914057,0.61481839,0.00052336,0.02478027,false,
9,9,clean_negative/clean_9_241.jpg,validation,clean_negative,clean_negative,true_negative,0.00002892,0.60,0.59997108,0.58831465,0.01881247,0.57254905,0.60392159,0.06310306,0.61101562,0.00021594,0.01440430,false,
9,9,clean_negative/clean_9_242.jpg,validation,clean_negative,clean_negative,true_negative,0.00000564,0.60,0.59999436,0.58850098,0.01987853,0.57254905,0.60392159,0.06900886,0.61105072,0.00022066,0.02140808,false,
9,9,clean_negative/clean_9_243.jpg,validation,clean_negative,clean_negative,true_negative,0.00001318,0.60,0.59998682,0.58764541,0.01346879,0.56862748,0.60784316,0.07339999,0.60984033,0.00009041,0.01522827,false,
9,9,clean_negative/clean_9_244.jpg,validation,clean_negative,clean_negative,true_negative,0.00003029,0.60,0.59996971,0.58901852,0.01628364,0.56862748,0.60784316,0.08819066,0.61398876,0.00012756,0.03074646,false,
9,9,clean_negative/clean_9_245.jpg,validation,clean_negative,clean_negative,true_negative,0.00004244,0.60,0.59995756,0.59223747,0.01753850,0.56862748,0.61568630,0.08588934,0.61566186,0.00013047,0.03211975,false,
9,9,clean_negative/clean_9_246.jpg,validation,clean_negative,clean_negative,true_negative,0.00004791,0.60,0.59995209,0.59610474,0.01840102,0.57254905,0.61960787,0.08122140,0.61745030,0.00013145,0.03216553,false,
9,9,clean_negative/clean_9_247.jpg,validation,clean_negative,clean_negative,true_negative,0.00012197,0.60,0.59987803,0.60033870,0.01804629,0.58039218,0.62745100,0.06900132,0.61782479,0.00012267,0.02618408,false,
9,9,clean_negative/clean_9_248.jpg,validation,clean_negative,clean_negative,true_negative,0.00011838,0.60,0.59988162,0.60435176,0.01686111,0.58823532,0.63137257,0.05536715,0.61779255,0.00011379,0.01930237,false,
9,9,clean_negative/clean_9_249.jpg,validation,clean_negative,clean_negative,true_negative,0.00014921,0.60,0.59985079,0.60757971,0.01434189,0.59215689,0.63529414,0.03616854,0.61567038,0.00009268,0.00851440,false,
9,9,clean_negative/clean_9_250.jpg,validation,clean_negative,clean_negative,true_negative,0.00005772,0.60,0.59994228,0.60843956,0.01259209,0.59215689,0.63529414,0.02211328,0.61305201,0.00007808,0.00152588,false,
9,9,clean_negative/clean_9_251.jpg,validation,clean_negative,clean_negative,true_negative,0.00018983,0.60,0.59981017,0.60706031,0.01360902,0.58823532,0.63529414,0.01613357,0.61028999,0.00008072,0.00167847,false,
9,9,clean_negative/clean_9_252.jpg,validation,clean_negative,clean_negative,true_negative,0.00068544,0.60,0.59931456,0.60414964,0.01473830,0.58431375,0.63529414,0.01144044,0.60623103,0.00008175,0.00177002,false,
9,9,clean_negative/clean_9_253.jpg,validation,clean_negative,clean_negative,true_negative,0.00092265,0.60,0.59907735,0.60129654,0.01517432,0.58039218,0.63137257,0.00884298,0.60264540,0.00009329,0.00219727,false,
9,9,dirty_positive/dirty_9_1.jpg,validation,dirty_positive,dirty_positive,true_positive,0.96022532,0.60,0.36022532,0.60771930,0.06216137,0.52941179,0.71764708,0.16945688,0.63104802,0.00627612,0.46800232,true,tmp\sourcewise_error_atlas\run_001\contact_sheets\source_9_true_positive.jpg
9,9,dirty_positive/dirty_9_2.jpg,validation,dirty_positive,dirty_positive,true_positive,0.80809897,0.60,0.20809897,0.61537075,0.05891423,0.54901963,0.72941178,0.15496194,0.63677281,0.00514422,0.44078064,false,
9,9,dirty_positive/dirty_9_3.jpg,validation,dirty_positive,clean_negative,false_negative,0.07430571,0.60,0.52569429,0.59793395,0.05551247,0.51764709,0.69411767,0.16015399,0.61972082,0.00413576,0.36247253,true,tmp\sourcewise_error_atlas\run_001\contact_sheets\source_9_false_negative.jpg
9,9,dirty_positive/dirty_9_4.jpg,validation,dirty_positive,clean_negative,false_negative,0.14297749,0.60,0.45702251,0.60760307,0.06001569,0.53333336,0.71764708,0.15526365,0.62876415,0.00482675,0.39730835,true,tmp\sourcewise_error_atlas\run_001\contact_sheets\source_9_false_negative.jpg
9,9,dirty_positive/dirty_9_5.jpg,validation,dirty_positive,clean_negative,false_negative,0.31093778,0.60,0.28906222,0.61086202,0.07352124,0.51764709,0.74901962,0.18177241,0.63587320,0.00927481,0.55473328,false,
9,9,dirty_positive/dirty_9_6.jpg,validation,dirty_positive,dirty_positive,true_positive,0.92878656,0.60,0.32878656,0.61766154,0.06623795,0.54117650,0.74117649,0.16868725,0.64083982,0.00755797,0.53381348,true,tmp\sourcewise_error_atlas\run_001\contact_sheets\source_9_true_positive.jpg
9,9,dirty_positive/dirty_9_7.jpg,validation,dirty_positive,clean_negative,false_negative,0.19700066,0.60,0.40299934,0.61133444,0.07877579,0.50980395,0.76078433,0.18710023,0.63722587,0.01146114,0.59915161,true,tmp\sourcewise_error_atlas\run_001\contact_sheets\source_9_false_negative.jpg
9,9,dirty_positive/dirty_9_8.jpg,validation,dirty_positive,clean_negative,false_negative,0.27707609,0.60,0.32292391,0.60724735,0.07177835,0.50980395,0.73333335,0.17869982,0.63180375,0.00781725,0.51448059,false,
9,9,dirty_positive/dirty_9_9.jpg,validation,dirty_positive,clean_negative,false_negative,0.21967308,0.60,0.38032692,0.66665816,0.07661740,0.55686277,0.81176472,0.15080240,0.68713260,0.00996343,0.61923218,false,
9,9,dirty_positive/dirty_9_10.jpg,validation,dirty_positive,clean_negative,false_negative,0.13406940,0.60,0.46593060,0.64769524,0.07833484,0.53725493,0.79215688,0.16440724,0.66972756,0.00961789,0.59950256,true,tmp\sourcewise_error_atlas\run_001\contact_sheets\source_9_false_negative.jpg
9,9,dirty_positive/dirty_9_11.jpg,validation,dirty_positive,clean_negative,false_negative,0.15667011,0.60,0.44332989,0.65706122,0.07696123,0.54901963,0.80000001,0.15903938,0.67846066,0.00967447,0.60551453,true,tmp\sourcewise_error_atlas\run_001\contact_sheets\source_9_false_negative.jpg
9,9,dirty_positive/dirty_9_12.jpg,validation,dirty_positive,clean_negative,false_negative,0.24185903,0.60,0.35814097,0.64444137,0.07819885,0.53333336,0.78823531,0.16592419,0.66678989,0.00968525,0.59631348,false,
9,9,dirty_positive/dirty_9_13.jpg,validation,dirty_positive,clean_negative,false_negative,0.19787829,0.60,0.40212171,0.69946253,0.07454889,0.60000002,0.84313726,0.13406786,0.71768808,0.00970835,0.64129639,false,
9,9,dirty_positive/dirty_9_14.jpg,validation,dirty_positive,clean_negative,false_negative,0.32851803,0.60,0.27148197,0.71356738,0.07288461,0.61960787,0.85882354,0.11237452,0.72905254,0.00909118,0.59963989,false,
9,9,dirty_positive/dirty_9_15.jpg,validation,dirty_positive,clean_negative,false_negative,0.29586590,0.60,0.30413410,0.71320367,0.07338178,0.61960787,0.85882354,0.11395355,0.72891724,0.00913304,0.60490417,false,
9,9,dirty_positive/dirty_9_16.jpg,validation,dirty_positive,clean_negative,false_negative,0.18474139,0.60,0.41525861,0.71296710,0.07412257,0.61568630,0.85882354,0.11600630,0.72885442,0.00933500,0.61863708,true,tmp\sourcewise_error_atlas\run_001\contact_sheets\source_9_false_negative.jpg
9,9,dirty_positive/dirty_9_17.jpg,validation,dirty_positive,dirty_positive,true_positive,0.91343837,0.60,0.31343837,0.55988830,0.07670382,0.46666667,0.70980394,0.24107367,0.59265494,0.00715913,0.53096008,true,tmp\sourcewise_error_atlas\run_001\contact_sheets\source_9_true_positive.jpg
9,9,dirty_positive/dirty_9_18.jpg,validation,dirty_positive,dirty_positive,true_positive,0.92064094,0.60,0.32064094,0.55602115,0.07487865,0.46666667,0.70196080,0.24276286,0.58887953,0.00690661,0.51809692,true,tmp\sourcewise_error_atlas\run_001\contact_sheets\source_9_true_positive.jpg
9,9,dirty_positive/dirty_9_19.jpg,validation,dirty_positive,dirty_positive,true_positive,0.78027620,0.60,0.18027620,0.57815087,0.08974081,0.47058824,0.75686276,0.22927582,0.60956860,0.00903768,0.59359741,false,
9,9,dirty_positive/dirty_9_20.jpg,validation,dirty_positive,dirty_positive,true_positive,0.91064283,0.60,0.31064283,0.57524920,0.07752904,0.47450981,0.71764708,0.22780919,0.60664272,0.00827046,0.56300354,true,tmp\sourcewise_error_atlas\run_001\contact_sheets\source_9_true_positive.jpg
9,9,dirty_positive/dirty_9_21.jpg,validation,dirty_positive,dirty_positive,true_positive,0.88299374,0.60,0.28299374,0.53612328,0.05658420,0.47058824,0.63921571,0.24005061,0.56791246,0.00551584,0.44157410,false,
9,9,dirty_positive/dirty_9_22.jpg,validation,dirty_positive,dirty_positive,true_positive,0.93004573,0.60,0.33004573,0.53480214,0.05696087,0.47450981,0.63921571,0.23340762,0.56556565,0.00548769,0.42259216,true,tmp\sourcewise_error_atlas\run_001\contact_sheets\source_9_true_positive.jpg
9,9,dirty_positive/dirty_9_23.jpg,validation,dirty_positive,dirty_positive,true_positive,0.87497711,0.60,0.27497711,0.52743810,0.04454194,0.47450981,0.60392159,0.22774528,0.55769157,0.00414775,0.33172607,false,
9,9,dirty_positive/dirty_9_24.jpg,validation,dirty_positive,dirty_positive,true_positive,0.93406812,0.60,0.33406812,0.54938996,0.07661231,0.46274510,0.70588237,0.24357487,0.58184671,0.00719605,0.51959229,true,tmp\sourcewise_error_atlas\run_001\contact_sheets\source_9_true_positive.jpg
9,9,dirty_positive/dirty_9_25.jpg,validation,dirty_positive,clean_negative,false_negative,0.19933163,0.60,0.40066837,0.59102190,0.07820652,0.47843137,0.72941178,0.21862788,0.62082243,0.00954913,0.53775024,false,
9,9,dirty_positive/dirty_9_26.jpg,validation,dirty_positive,dirty_positive,true_positive,0.77333610,0.60,0.17333610,0.58520079,0.08157098,0.47450981,0.74117649,0.22122900,0.61536711,0.01079528,0.55331421,false,
9,9,dirty_positive/dirty_9_27.jpg,validation,dirty_positive,dirty_positive,true_positive,0.76109805,0.60,0.16109805,0.61270463,0.08114614,0.49803922,0.76078433,0.19869314,0.63950914,0.00952114,0.56265259,false,
9,9,dirty_positive/dirty_9_28.jpg,validation,dirty_positive,dirty_positive,true_positive,0.75663607,0.60,0.15663607,0.58434975,0.08294822,0.47450981,0.74509805,0.22118604,0.61450648,0.01140376,0.56439209,false,
9,9,dirty_positive/dirty_9_29.jpg,validation,dirty_positive,clean_negative,false_negative,0.20987737,0.60,0.39012263,0.58980078,0.10570463,0.45882353,0.80392158,0.21765077,0.61857307,0.01277615,0.66156006,false,
9,9,dirty_positive/dirty_9_30.jpg,validation,dirty_positive,clean_negative,false_negative,0.14070500,0.60,0.45929500,0.59777218,0.10680319,0.46274510,0.80784315,0.20802501,0.62541437,0.01453551,0.69468689,true,tmp\sourcewise_error_atlas\run_001\contact_sheets\source_9_false_negative.jpg
9,9,dirty_positive/dirty_9_31.jpg,validation,dirty_positive,clean_negative,false_negative,0.34397173,0.60,0.25602827,0.58629739,0.10448158,0.45882353,0.80000001,0.21861610,0.61521173,0.01227479,0.64517212,false,
9,9,dirty_positive/dirty_9_32.jpg,validation,dirty_positive,clean_negative,false_negative,0.27802892,0.60,0.32197108,0.58862531,0.10578848,0.45882353,0.80392158,0.21887270,0.61742896,0.01293739,0.66403198,false,
9,9,dirty_positive/dirty_9_33.jpg,validation,dirty_positive,dirty_positive,true_positive,0.91012353,0.60,0.31012353,0.58295834,0.07046026,0.49019608,0.71372551,0.23906139,0.61619377,0.00704029,0.49650574,true,tmp\sourcewise_error_atlas\run_001\contact_sheets\source_9_true_positive.jpg
9,9,dirty_positive/dirty_9_34.jpg,validation,dirty_positive,dirty_positive,true_positive,0.75526767,0.60,0.15526767,0.56418568,0.07104862,0.46666667,0.69411767,0.24733201,0.59793675,0.00814247,0.50198364,false,
9,9,dirty_positive/dirty_9_35.jpg,validation,dirty_positive,dirty_positive,true_positive,0.84672423,0.60,0.24672423,0.59129328,0.07372077,0.49803922,0.73333335,0.23243164,0.62364608,0.00716455,0.50550842,false,
9,9,dirty_positive/dirty_9_36.jpg,validation,dirty_positive,dirty_positive,true_positive,0.86659579,0.60,0.26659579,0.60454571,0.07557892,0.50980395,0.74509805,0.22092424,0.63527119,0.00737264,0.52667236,false,
9,9,dirty_positive/dirty_9_37.jpg,validation,dirty_positive,clean_negative,false_negative,0.13378601,0.60,0.46621399,0.68967915,0.06840926,0.59215689,0.81568629,0.12275212,0.70766020,0.00611820,0.48750305,true,tmp\sourcewise_error_atlas\run_001\contact_sheets\source_9_false_negative.jpg
9,9,dirty_positive/dirty_9_38.jpg,validation,dirty_positive,clean_negative,false_negative,0.21381019,0.60,0.38618981,0.69383252,0.06826813,0.59607846,0.82352942,0.11151124,0.71000046,0.00648200,0.49369812,false,
9,9,dirty_positive/dirty_9_39.jpg,validation,dirty_positive,clean_negative,false_negative,0.23611780,0.60,0.36388220,0.71266687,0.07453948,0.60784316,0.85882354,0.10268591,0.72786093,0.00627671,0.49342346,false,
9,9,dirty_positive/dirty_9_40.jpg,validation,dirty_positive,clean_negative,false_negative,0.15469863,0.60,0.44530137,0.70290977,0.07443003,0.59607846,0.84705883,0.11706167,0.71992308,0.00644133,0.50790405,true,tmp\sourcewise_error_atlas\run_001\contact_sheets\source_9_false_negative.jpg
9,9,dirty_positive/dirty_9_41.jpg,validation,dirty_positive,clean_negative,false_negative,0.48163019,0.60,0.11836981,0.54459345,0.09546309,0.41176471,0.72549021,0.22356574,0.57272929,0.01049731,0.59185791,false,
9,9,dirty_positive/dirty_9_42.jpg,validation,dirty_positive,dirty_positive,true_positive,0.88487025,0.60,0.28487025,0.54635167,0.09597690,0.41176471,0.72941178,0.22699970,0.57478797,0.01036443,0.59709167,false,
9,9,dirty_positive/dirty_9_43.jpg,validation,dirty_positive,clean_negative,false_negative,0.48605594,0.60,0.11394406,0.54639232,0.09591193,0.41176471,0.72941178,0.22611342,0.57481503,0.01043678,0.59939575,false,
9,9,dirty_positive/dirty_9_44.jpg,validation,dirty_positive,clean_negative,false_negative,0.35009972,0.60,0.24990028,0.53504610,0.08421262,0.41568628,0.69411767,0.22930706,0.56414545,0.00898047,0.55072021,false,
9,9,dirty_positive/dirty_9_45.jpg,validation,dirty_positive,dirty_positive,true_positive,0.63129322,0.60,0.03129322,0.52415133,0.06953684,0.41568628,0.64313728,0.19113472,0.54865682,0.00743607,0.49021912,false,
9,9,dirty_positive/dirty_9_46.jpg,validation,dirty_positive,clean_negative,false_negative,0.02144324,0.60,0.57855676,0.52937543,0.06780478,0.41568628,0.63921571,0.16963622,0.55090284,0.00620910,0.43853760,true,tmp\sourcewise_error_atlas\run_001\contact_sheets\source_9_false_negative.jpg
9,9,dirty_positive/dirty_9_47.jpg,validation,dirty_positive,clean_negative,false_negative,0.01800759,0.60,0.58199241,0.53573704,0.06605950,0.43039215,0.63529414,0.15295872,0.55506271,0.00561498,0.40818787,true,tmp\sourcewise_error_atlas\run_001\contact_sheets\source_9_false_negative.jpg
9,9,dirty_positive/dirty_9_48.jpg,validation,dirty_positive,clean_negative,false_negative,0.01006277,0.60,0.58993723,0.53544694,0.06541362,0.43137255,0.63529414,0.15177917,0.55461347,0.00540334,0.39921570,true,tmp\sourcewise_error_atlas\run_001\contact_sheets\source_9_false_negative.jpg
9,9,dirty_positive/dirty_9_49.jpg,validation,dirty_positive,clean_negative,false_negative,0.07492502,0.60,0.52507498,0.53169155,0.07801584,0.43529412,0.68235296,0.17831218,0.55399978,0.00703560,0.47573853,true,tmp\sourcewise_error_atlas\run_001\contact_sheets\source_9_false_negative.jpg
9,9,dirty_positive/dirty_9_50.jpg,validation,dirty_positive,clean_negative,false_negative,0.13503476,0.60,0.46496524,0.53418726,0.08078355,0.43529412,0.69019610,0.17982866,0.55681205,0.00736712,0.48237610,true,tmp\sourcewise_error_atlas\run_001\contact_sheets\source_9_false_negative.jpg
9,9,dirty_positive/dirty_9_51.jpg,validation,dirty_positive,clean_negative,false_negative,0.06001546,0.60,0.53998454,0.53095597,0.06619046,0.43529412,0.61960787,0.13596928,0.54789376,0.00517344,0.36291504,true,tmp\sourcewise_error_atlas\run_001\contact_sheets\source_9_false_negative.jpg
9,9,dirty_positive/dirty_9_52.jpg,validation,dirty_positive,clean_negative,false_negative,0.12845035,0.60,0.47154965,0.53729141,0.07952669,0.43921569,0.68627453,0.15572187,0.55667257,0.00684180,0.43919373,true,tmp\sourcewise_error_atlas\run_001\contact_sheets\source_9_false_negative.jpg
10,10,clean_negative/clean_10_1.jpg,train,clean_negative,clean_negative,true_negative,0.07563094,0.45,0.37436906,0.70592678,0.08085416,0.59607846,0.87058824,0.06937352,0.71933061,0.00697646,0.51994324,false,
10,10,clean_negative/clean_10_2.jpg,train,clean_negative,clean_negative,true_negative,0.09718524,0.45,0.35281476,0.70904285,0.08534415,0.59215689,0.87843138,0.07257386,0.72221804,0.00817633,0.60044861,false,
10,10,clean_negative/clean_10_3.jpg,train,clean_negative,clean_negative,true_negative,0.15606154,0.45,0.29393846,0.70939070,0.08863673,0.58431375,0.88235295,0.08422553,0.72411603,0.00850042,0.66069031,false,
10,10,clean_negative/clean_10_4.jpg,train,clean_negative,clean_negative,true_negative,0.07938661,0.45,0.37061339,0.68879545,0.08520510,0.57254905,0.85882354,0.08701281,0.70429581,0.00714751,0.54370117,false,
10,10,clean_negative/clean_10_5.jpg,train,clean_negative,dirty_positive,false_positive,0.74105270,0.45,0.29105270,0.68823373,0.09158847,0.56470591,0.86666667,0.09504402,0.70463645,0.00847446,0.61274719,false,
10,10,clean_negative/clean_10_6.jpg,train,clean_negative,dirty_positive,false_positive,0.51254683,0.45,0.06254683,0.68307889,0.09688336,0.54509807,0.86666667,0.11162481,0.70204580,0.00838070,0.64756775,false,
10,10,clean_negative/clean_10_7.jpg,train,clean_negative,clean_negative,true_negative,0.26299686,0.45,0.18700314,0.72004062,0.08060616,0.61568630,0.87450981,0.08440044,0.73563743,0.00616640,0.55093384,false,
10,10,clean_negative/clean_10_8.jpg,train,clean_negative,clean_negative,true_negative,0.24554062,0.45,0.20445938,0.70373183,0.07350165,0.60392159,0.84313726,0.10069736,0.72064030,0.00669515,0.55264282,false,
10,10,clean_negative/clean_10_9.jpg,train,clean_negative,clean_negative,true_negative,0.10986562,0.45,0.34013438,0.68898994,0.07497868,0.58823532,0.83529413,0.11783490,0.70880783,0.00701575,0.55229187,false,
10,10,clean_negative/clean_10_10.jpg,train,clean_negative,dirty_positive,false_positive,0.63556411,0.45,0.18556411,0.62218857,0.09507824,0.48627451,0.79607844,0.17853031,0.65094036,0.01085909,0.68688965,false,
10,10,clean_negative/clean_10_11.jpg,train,clean_negative,dirty_positive,false_positive,0.61131128,0.45,0.16131128,0.62930465,0.09326761,0.49019608,0.79607844,0.16778566,0.65669137,0.00985754,0.66775513,false,
10,10,clean_negative/clean_10_12.jpg,train,clean_negative,dirty_positive,false_positive,0.79756940,0.45,0.34756940,0.63554090,0.08602101,0.51764709,0.79607844,0.15523642,0.66145575,0.00890714,0.62759399,false,
10,10,clean_negative/clean_10_13.jpg,train,clean_negative,dirty_positive,false_positive,0.52607856,0.45,0.07607856,0.62257558,0.08071567,0.52156866,0.77647060,0.15277568,0.64805186,0.00635315,0.53096008,false,
10,10,clean_negative/clean_10_14.jpg,train,clean_negative,dirty_positive,false_positive,0.49693570,0.45,0.04693570,0.60910952,0.07395104,0.52156866,0.75294119,0.14979017,0.63390470,0.00542544,0.47029114,false,
10,10,clean_negative/clean_10_15.jpg,train,clean_negative,dirty_positive,false_positive,0.46820060,0.45,0.01820060,0.70267433,0.07270627,0.60392159,0.84313726,0.10382182,0.71992278,0.00711491,0.57975769,false,
10,10,clean_negative/clean_10_16.jpg,train,clean_negative,dirty_positive,false_positive,0.59832002,0.45,0.14832002,0.72375381,0.07654715,0.62745100,0.87058824,0.07656927,0.73853004,0.00672091,0.57127380,false,
10,10,clean_negative/clean_10_17.jpg,train,clean_negative,dirty_positive,false_positive,0.56464910,0.45,0.11464910,0.71328604,0.07389451,0.61176473,0.85098040,0.09315486,0.72890592,0.00750010,0.60054016,false,
10,10,clean_negative/clean_10_18.jpg,train,clean_negative,dirty_positive,false_positive,0.50132512,0.45,0.05132512,0.62090123,0.10111731,0.47843137,0.80784315,0.17916536,0.64916062,0.01180989,0.70437622,false,
10,10,clean_negative/clean_10_19.jpg,train,clean_negative,clean_negative,true_negative,0.32688319,0.45,0.12311681,0.62558353,0.09943079,0.47843137,0.80392158,0.17082921,0.65282977,0.01068798,0.68336487,false,
10,10,clean_negative/clean_10_20.jpg,train,clean_negative,clean_negative,true_negative,0.33626737,0.45,0.11373263,0.62698138,0.09484409,0.49019608,0.80000001,0.16627708,0.65402782,0.00942014,0.65069580,false,
10,10,clean_negative/clean_10_21.jpg,train,clean_negative,clean_negative,true_negative,0.41692899,0.45,0.03307101,0.61565381,0.09005304,0.49411765,0.78431374,0.16456300,0.64260411,0.00766415,0.58169556,false,
10,10,clean_negative/clean_10_22.jpg,train,clean_negative,clean_negative,true_negative,0.36358873,0.45,0.08641127,0.60516298,0.08298591,0.50196081,0.76470590,0.16080360,0.63146889,0.00697959,0.53979492,false,
10,10,clean_negative/clean_10_23.jpg,train,clean_negative,dirty_positive,false_positive,0.71353328,0.45,0.26353328,0.72668791,0.07312103,0.63137257,0.86274511,0.07090245,0.74157155,0.00706229,0.58833313,false,
10,10,clean_negative/clean_10_24.jpg,train,clean_negative,dirty_positive,false_positive,0.67426066,0.45,0.22426066,0.72194105,0.07359596,0.61960787,0.85882354,0.08773296,0.73703742,0.00806786,0.64375305,false,
10,10,clean_negative/clean_10_25.jpg,train,clean_negative,dirty_positive,false_positive,0.61531059,0.45,0.16531059,0.71962339,0.07406043,0.61568630,0.85490197,0.09144994,0.73506200,0.00814037,0.64511108,false,
10,10,clean_negative/clean_10_26.jpg,train,clean_negative,clean_negative,true_negative,0.30061776,0.45,0.14938224,0.62282169,0.10546989,0.47058824,0.81568629,0.17575362,0.65015757,0.01352348,0.74659729,false,
10,10,clean_negative/clean_10_27.jpg,train,clean_negative,clean_negative,true_negative,0.18148272,0.45,0.26851728,0.62671494,0.10447533,0.47058824,0.81568629,0.16949590,0.65321767,0.01240587,0.72944641,false,
10,10,clean_negative/clean_10_28.jpg,train,clean_negative,clean_negative,true_negative,0.20344718,0.45,0.24655282,0.62432790,0.10222234,0.47843137,0.80784315,0.17111884,0.65143877,0.01103718,0.70199585,false,
10,10,clean_negative/clean_10_29.jpg,train,clean_negative,clean_negative,true_negative,0.31977811,0.45,0.13022189,0.61411047,0.09850916,0.48235294,0.79607844,0.17137900,0.64156425,0.00943652,0.65638733,false,
10,10,clean_negative/clean_10_30.jpg,train,clean_negative,clean_negative,true_negative,0.34838262,0.45,0.10161738,0.60514456,0.09230430,0.48627451,0.78039217,0.16820213,0.63217318,0.00888132,0.62818909,false,
10,10,clean_negative/clean_10_31.jpg,train,clean_negative,dirty_positive,false_positive,0.63525480,0.45,0.18525480,0.72231042,0.07288847,0.61960787,0.85490197,0.08745794,0.73756087,0.00828544,0.66012573,false,
10,10,clean_negative/clean_10_32.jpg,train,clean_negative,dirty_positive,false_positive,0.54546522,0.45,0.09546522,0.72010690,0.07361884,0.61176473,0.85490197,0.09138663,0.73567986,0.00836706,0.66247559,false,
10,10,clean_negative/clean_10_33.jpg,train,clean_negative,dirty_positive,false_positive,0.54349612,0.45,0.09349612,0.72549921,0.07289797,0.63137257,0.85882354,0.07075190,0.74112701,0.00760765,0.60015869,false,
10,10,clean_negative/clean_10_34.jpg,train,clean_negative,clean_negative,true_negative,0.21290952,0.45,0.23709048,0.61642766,0.11085083,0.45882353,0.82352942,0.18120657,0.64412963,0.01322989,0.74623108,false,
10,10,clean_negative/clean_10_35.jpg,train,clean_negative,clean_negative,true_negative,0.12199440,0.45,0.32800560,0.62441069,0.10902481,0.46666667,0.82352942,0.17094064,0.65076542,0.01267883,0.74899292,false,
10,10,clean_negative/clean_10_36.jpg,train,clean_negative,clean_negative,true_negative,0.11181409,0.45,0.33818591,0.62144077,0.10768376,0.47450981,0.81960785,0.17298347,0.64838773,0.01151511,0.72975159,false,
10,10,clean_negative/clean_10_37.jpg,train,clean_negative,clean_negative,true_negative,0.15256831,0.45,0.29743169,0.61067319,0.10627650,0.47058824,0.81176472,0.17504831,0.63815105,0.01011035,0.69653320,false,
10,10,clean_negative/clean_10_38.jpg,train,clean_negative,clean_negative,true_negative,0.18233998,0.45,0.26766002,0.60254407,0.10196815,0.47450981,0.79607844,0.17384437,0.62989867,0.00961022,0.67541504,false,
10,10,clean_negative/clean_10_39.jpg,train,clean_negative,clean_negative,true_negative,0.14067013,0.45,0.30932987,0.60451996,0.11249200,0.45490196,0.81960785,0.18935446,0.63302588,0.01380427,0.74734497,false,
10,10,clean_negative/clean_10_40.jpg,train,clean_negative,clean_negative,true_negative,0.14309004,0.45,0.30690996,0.61255157,0.11130172,0.46274510,0.82352942,0.17849541,0.63960814,0.01352525,0.75448608,false,
10,10,clean_negative/clean_10_41.jpg,train,clean_negative,clean_negative,true_negative,0.28460654,0.45,0.16539346,0.60313606,0.11000064,0.46274510,0.81568629,0.18373314,0.63110030,0.01268959,0.74157715,false,
10,10,clean_negative/clean_10_42.jpg,train,clean_negative,clean_negative,true_negative,0.30813926,0.45,0.14186074,0.59769720,0.11091231,0.45490196,0.81176472,0.17942441,0.62519187,0.01159871,0.71459961,false,
10,10,clean_negative/clean_10_43.jpg,train,clean_negative,clean_negative,true_negative,0.09350245,0.45,0.35649755,0.59186089,0.10840011,0.45490196,0.80000001,0.17580436,0.61889124,0.01091044,0.68600464,false,
10,10,clean_negative/clean_10_44.jpg,train,clean_negative,clean_negative,true_negative,0.07010023,0.45,0.37989977,0.70924878,0.08204221,0.62745100,0.86666667,0.06547505,0.73232961,0.00490692,0.41802979,false,
10,10,clean_negative/clean_10_45.jpg,train,clean_negative,clean_negative,true_negative,0.16894315,0.45,0.28105685,0.72613353,0.08201308,0.62745100,0.87843138,0.06289907,0.74401176,0.00704692,0.55981445,false,
10,10,clean_negative/clean_10_46.jpg,train,clean_negative,clean_negative,true_negative,0.43265895,0.45,0.01734105,0.73433840,0.07957041,0.62745100,0.88235295,0.06654699,0.74840713,0.00926281,0.67813110,false,
10,10,clean_negative/clean_10_47.jpg,train,clean_negative,clean_negative,true_negative,0.35818607,0.45,0.09181393,0.72840077,0.08021174,0.61568630,0.87843138,0.07465169,0.74216247,0.00950507,0.69326782,false,
10,10,clean_negative/clean_10_48.jpg,train,clean_negative,clean_negative,true_negative,0.04160019,0.45,0.40839981,0.70221019,0.08510290,0.61568630,0.86666667,0.06784514,0.72717297,0.00480684,0.40184021,false,
10,10,clean_negative/clean_10_49.jpg,train,clean_negative,clean_negative,true_negative,0.12418476,0.45,0.32581524,0.71898061,0.08529618,0.61960787,0.87843138,0.06401912,0.73833537,0.00690293,0.53927612,false,
10,10,clean_negative/clean_10_50.jpg,train,clean_negative,clean_negative,true_negative,0.25408859,0.45,0.19591141,0.73035729,0.08286414,0.62352943,0.88627452,0.06432017,0.74492157,0.00940955,0.67141724,false,
10,10,clean_negative/clean_10_51.jpg,train,clean_negative,clean_negative,true_negative,0.25096310,0.45,0.19903690,0.72734809,0.08253219,0.61568630,0.88235295,0.07058585,0.74093711,0.00973921,0.69839478,false,
10,10,clean_negative/clean_10_52.jpg,train,clean_negative,clean_negative,true_negative,0.00583828,0.45,0.44416172,0.69526660,0.08826303,0.60000002,0.86666667,0.06981423,0.72164756,0.00461890,0.38641357,false,
10,10,clean_negative/clean_10_53.jpg,train,clean_negative,clean_negative,true_negative,0.02564916,0.45,0.42435084,0.71175480,0.08805927,0.60392159,0.87843138,0.06649087,0.73234355,0.00638380,0.51446533,false,
10,10,clean_negative/clean_10_54.jpg,train,clean_negative,clean_negative,true_negative,0.11762561,0.45,0.33237439,0.72577035,0.08500799,0.61176473,0.88627452,0.06505037,0.74092716,0.00874182,0.65060425,false,
10,10,clean_negative/clean_10_55.jpg,train,clean_negative,clean_negative,true_negative,0.18382944,0.45,0.26617056,0.72635835,0.08330344,0.61568630,0.88235295,0.06908803,0.73986399,0.00943868,0.69276428,false,
10,10,clean_negative/clean_10_56.jpg,train,clean_negative,clean_negative,true_negative,0.00251835,0.45,0.44748165,0.68626857,0.09007674,0.58823532,0.86274511,0.07002636,0.71308827,0.00437168,0.37123108,false,
10,10,clean_negative/clean_10_57.jpg,train,clean_negative,clean_negative,true_negative,0.01401889,0.45,0.43598111,0.70364726,0.09024609,0.59607846,0.87450981,0.06645467,0.72447193,0.00608922,0.49606323,false,
10,10,clean_negative/clean_10_58.jpg,train,clean_negative,clean_negative,true_negative,0.18883355,0.45,0.26116645,0.71861362,0.08825692,0.60000002,0.88627452,0.06476673,0.73382962,0.00871267,0.63465881,false,
10,10,clean_negative/clean_10_59.jpg,train,clean_negative,clean_negative,true_negative,0.28606308,0.45,0.16393692,0.72252077,0.08656196,0.60784316,0.88627452,0.06765509,0.73564285,0.00956198,0.68579102,false,
10,10,clean_negative/clean_10_60.jpg,train,clean_negative,clean_negative,true_negative,0.22346068,0.45,0.22653932,0.71615642,0.08793100,0.60000002,0.88627452,0.06813481,0.72948563,0.00910649,0.67404175,false,
10,10,clean_negative/clean_10_61.jpg,train,clean_negative,clean_negative,true_negative,0.00136993,0.45,0.44863007,0.67529333,0.09146784,0.58431375,0.85882354,0.07340831,0.70391214,0.00398911,0.35345459,false,
10,10,clean_negative/clean_10_62.jpg,train,clean_negative,clean_negative,true_negative,0.01234976,0.45,0.43765024,0.69263506,0.09140956,0.58823532,0.87058824,0.06850730,0.71498543,0.00545848,0.46986389,false,
10,10,clean_negative/clean_10_63.jpg,train,clean_negative,clean_negative,true_negative,0.11352379,0.45,0.33647621,0.70988363,0.09070644,0.59215689,0.88235295,0.06557366,0.72629654,0.00809329,0.60951233,false,
10,10,clean_negative/clean_10_64.jpg,train,clean_negative,clean_negative,true_negative,0.18666694,0.45,0.26333306,0.71602678,0.08796404,0.60000002,0.88627452,0.06795409,0.72939897,0.00908137,0.67298889,false,
10,10,clean_negative/clean_10_65.jpg,train,clean_negative,clean_negative,true_negative,0.00100462,0.45,0.44899538,0.66338527,0.09146036,0.58431375,0.85098040,0.07738127,0.69404370,0.00331289,0.32434082,false,
10,10,clean_negative/clean_10_66.jpg,train,clean_negative,clean_negative,true_negative,0.00756159,0.45,0.44243841,0.68060744,0.09191849,0.58431375,0.86666667,0.07115982,0.70517033,0.00455019,0.42131042,false,
10,10,clean_negative/clean_10_67.jpg,train,clean_negative,clean_negative,true_negative,0.08702140,0.45,0.36297860,0.70053983,0.09242027,0.58823532,0.88235295,0.06649171,0.71900058,0.00700767,0.55760193,false,
10,10,clean_negative/clean_10_68.jpg,train,clean_negative,clean_negative,true_negative,0.18647751,0.45,0.26352249,0.71095759,0.08905897,0.59215689,0.88235295,0.06561543,0.72565717,0.00822248,0.63143921,false,
10,10,clean_negative/clean_10_69.jpg,train,clean_negative,clean_negative,true_negative,0.29478383,0.45,0.15521617,0.51765645,0.09439661,0.40784314,0.71372551,0.13654935,0.53702259,0.00834094,0.40782166,false,
10,10,clean_negative/clean_10_70.jpg,train,clean_negative,clean_negative,true_negative,0.31336235,0.45,0.13663765,0.51711506,0.09407589,0.40784314,0.70980394,0.13637039,0.53645647,0.00832963,0.40510559,false,
10,10,clean_negative/clean_10_71.jpg,train,clean_negative,clean_negative,true_negative,0.37942406,0.45,0.07057594,0.49785110,0.07118282,0.40392157,0.63137257,0.14539659,0.51911265,0.00529140,0.32241821,false,
10,10,clean_negative/clean_10_72.jpg,train,clean_negative,clean_negative,true_negative,0.27227428,0.45,0.17772572,0.48906457,0.05859356,0.40392157,0.60000002,0.15067679,0.51157826,0.00377450,0.27394104,false,
10,10,clean_negative/clean_10_73.jpg,train,clean_negative,clean_negative,true_negative,0.00090439,0.45,0.44909561,0.65420252,0.09063271,0.58039218,0.84313726,0.08276493,0.68754733,0.00303454,0.30767822,false,
10,10,clean_negative/clean_10_74.jpg,train,clean_negative,clean_negative,true_negative,0.00492583,0.45,0.44507417,0.67339343,0.09229466,0.58039218,0.85882354,0.07471243,0.70015812,0.00430592,0.40412903,false,
10,10,clean_negative/clean_10_75.jpg,train,clean_negative,clean_negative,true_negative,0.04621796,0.45,0.40378204,0.69461608,0.09409335,0.58431375,0.87843138,0.06965607,0.71517313,0.00657383,0.53910828,false,
10,10,clean_negative/clean_10_76.jpg,train,clean_negative,clean_negative,true_negative,0.10601439,0.45,0.34398561,0.70864213,0.09167663,0.58431375,0.88235295,0.06667290,0.72502029,0.00779632,0.61781311,false,
10,10,clean_negative/clean_10_77.jpg,train,clean_negative,clean_negative,true_negative,0.19561855,0.45,0.25438145,0.51579142,0.09281465,0.40784314,0.70980394,0.13500415,0.53499019,0.00803097,0.38909912,false,
10,10,clean_negative/clean_10_78.jpg,train,clean_negative,clean_negative,true_negative,0.16091153,0.45,0.28908847,0.51528847,0.09258636,0.40784314,0.70588237,0.13475600,0.53445721,0.00801221,0.38638306,false,
10,10,clean_negative/clean_10_79.jpg,train,clean_negative,clean_negative,true_negative,0.17746763,0.45,0.27253237,0.49644542,0.06941975,0.40392157,0.62745100,0.14344454,0.51754534,0.00505676,0.30366516,false,
10,10,clean_negative/clean_10_80.jpg,train,clean_negative,clean_negative,true_negative,0.18979671,0.45,0.26020329,0.48781464,0.05642006,0.40392157,0.59215689,0.14847139,0.51011616,0.00356806,0.25492859,false,
10,10,clean_negative/clean_10_81.jpg,train,clean_negative,clean_negative,true_negative,0.00547970,0.45,0.44452030,0.64590454,0.09028480,0.57254905,0.83921570,0.08632317,0.68133658,0.00284332,0.29257202,false,
10,10,clean_negative/clean_10_82.jpg,train,clean_negative,clean_negative,true_negative,0.01547468,0.45,0.43452532,0.66594934,0.09302226,0.57647061,0.85490197,0.07701698,0.69435120,0.00403572,0.39163208,false,
10,10,clean_negative/clean_10_83.jpg,train,clean_negative,clean_negative,true_negative,0.04788907,0.45,0.40211093,0.68604678,0.09560665,0.57647061,0.87450981,0.07229400,0.70813042,0.00624728,0.52142334,false,
10,10,clean_negative/clean_10_84.jpg,train,clean_negative,clean_negative,true_negative,0.11721141,0.45,0.33278859,0.70319855,0.09480304,0.58039218,0.88235295,0.06788415,0.72088480,0.00741167,0.60211182,false,
10,10,clean_negative/clean_10_85.jpg,train,clean_negative,clean_negative,true_negative,0.02023165,0.45,0.42976835,0.50650990,0.07905571,0.41960785,0.67450982,0.11899595,0.52391207,0.00544180,0.25160217,false,
10,10,clean_negative/clean_10_86.jpg,train,clean_negative,clean_negative,true_negative,0.01832166,0.45,0.43167834,0.49142373,0.05548950,0.41568628,0.58431375,0.12811652,0.51135755,0.00310317,0.17459106,false,
10,10,clean_negative/clean_10_87.jpg,train,clean_negative,clean_negative,true_negative,0.00112771,0.45,0.44887229,0.48692605,0.04206350,0.41960785,0.54901963,0.12863120,0.50775725,0.00165915,0.10163879,false,
10,10,clean_negative/clean_10_88.jpg,train,clean_negative,clean_negative,true_negative,0.03420315,0.45,0.41579685,0.50840914,0.07343514,0.43137255,0.65490198,0.11104294,0.52458698,0.00478224,0.22012329,false,
10,10,clean_negative/clean_10_89.jpg,train,clean_negative,clean_negative,true_negative,0.04402535,0.45,0.40597465,0.49785817,0.04047557,0.44313726,0.56862748,0.13610151,0.52265215,0.00118821,0.07589722,false,
10,10,clean_negative/clean_10_90.jpg,train,clean_negative,clean_negative,true_negative,0.01499053,0.45,0.43500947,0.50785828,0.03814798,0.45882353,0.57647061,0.14008719,0.53519773,0.00113334,0.07365417,false,
10,10,clean_negative/clean_10_91.jpg,train,clean_negative,clean_negative,true_negative,0.00466974,0.45,0.44533026,0.51543796,0.03518331,0.46666667,0.58039218,0.11059553,0.53668970,0.00067781,0.04858398,false,
10,10,clean_negative/clean_10_92.jpg,train,clean_negative,clean_negative,true_negative,0.00119450,0.45,0.44880550,0.52356231,0.03282364,0.47058824,0.58431375,0.07968744,0.53851587,0.00022467,0.02046204,false,
10,10,clean_negative/clean_10_93.jpg,train,clean_negative,clean_negative,true_negative,0.00114243,0.45,0.44885757,0.53138989,0.02977714,0.48235294,0.58823532,0.06595819,0.54401469,0.00018652,0.01499939,false,
10,10,clean_negative/clean_10_94.jpg,train,clean_negative,clean_negative,true_negative,0.00806922,0.45,0.44193078,0.63749564,0.08625404,0.57254905,0.82745099,0.09104770,0.67477864,0.00293685,0.28211975,false,
10,10,clean_negative/clean_10_95.jpg,train,clean_negative,clean_negative,true_negative,0.02728476,0.45,0.42271524,0.65667558,0.09007524,0.57254905,0.84313726,0.07977385,0.68650770,0.00401865,0.38217163,false,
10,10,clean_negative/clean_10_96.jpg,train,clean_negative,clean_negative,true_negative,0.07667551,0.45,0.37332449,0.67903769,0.09512398,0.56862748,0.86666667,0.07150754,0.70189136,0.00642687,0.51930237,false,
10,10,clean_negative/clean_10_97.jpg,train,clean_negative,clean_negative,true_negative,0.10236225,0.45,0.34763775,0.50955403,0.06270012,0.45098040,0.60392159,0.10177948,0.52548397,0.00320022,0.14038086,false,
10,10,clean_negative/clean_10_98.jpg,train,clean_negative,clean_negative,true_negative,0.04700247,0.45,0.40299753,0.49944910,0.04142914,0.45098040,0.56078434,0.11209999,0.51845789,0.00133067,0.07432556,false,
10,10,clean_negative/clean_10_99.jpg,train,clean_negative,clean_negative,true_negative,0.01150293,0.45,0.43849707,0.49910367,0.03538168,0.45490196,0.56470591,0.11871818,0.52047682,0.00053590,0.03684998,false,
10,10,clean_negative/clean_10_100.jpg,train,clean_negative,clean_negative,true_negative,0.00601001,0.45,0.44398999,0.50519985,0.03661820,0.45882353,0.57254905,0.12902915,0.53022015,0.00040675,0.03259277,false,
10,10,clean_negative/clean_10_101.jpg,train,clean_negative,clean_negative,true_negative,0.00589998,0.45,0.44410002,0.51423138,0.03674671,0.46666667,0.58039218,0.13406588,0.54188836,0.00040782,0.03248596,false,
10,10,clean_negative/clean_10_102.jpg,train,clean_negative,clean_negative,true_negative,0.00173649,0.45,0.44826351,0.52376473,0.03604502,0.47058824,0.58431375,0.10359020,0.54501110,0.00033449,0.02323914,false,
10,10,clean_negative/clean_10_103.jpg,train,clean_negative,clean_negative,true_negative,0.00004692,0.45,0.44995308,0.53247243,0.03330583,0.47450981,0.58823532,0.07457043,0.54766268,0.00008004,0.00938416,false,
10,10,clean_negative/clean_10_104.jpg,train,clean_negative,clean_negative,true_negative,0.00004646,0.45,0.44995354,0.53955662,0.03068384,0.48627451,0.59215689,0.05941228,0.55181098,0.00007925,0.00643921,false,
10,10,clean_negative/clean_10_105.jpg,train,clean_negative,clean_negative,true_negative,0.25670991,0.45,0.19329009,0.70510316,0.09419146,0.58039218,0.88235295,0.06190994,0.72093147,0.00852610,0.64402771,false,
10,10,clean_negative/clean_10_106.jpg,train,clean_negative,clean_negative,true_negative,0.24193032,0.45,0.20806968,0.52467918,0.07317781,0.45490196,0.66666669,0.08511958,0.53587699,0.00440728,0.23323059,false,
10,10,clean_negative/clean_10_107.jpg,train,clean_negative,dirty_positive,false_positive,0.89800078,0.45,0.44800078,0.70709109,0.09082548,0.58431375,0.87843138,0.06066398,0.71905023,0.00991926,0.69511414,false,
10,10,clean_negative/clean_10_108.jpg,train,clean_negative,dirty_positive,false_positive,0.94043894,0.45,0.49043894,0.68761939,0.09488852,0.55686277,0.87058824,0.07413899,0.70092809,0.01049786,0.69493103,false,
10,10,clean_negative/clean_10_109.jpg,train,clean_negative,dirty_positive,false_positive,0.66383387,0.45,0.21383387,0.66537946,0.10653652,0.51372552,0.86666667,0.08582255,0.68021512,0.01140974,0.68542480,false,
10,10,clean_negative/clean_10_110.jpg,train,clean_negative,clean_negative,true_negative,0.30226189,0.45,0.14773811,0.63592106,0.11330885,0.48627451,0.84705883,0.08963815,0.65008485,0.01062998,0.61663818,false,
10,10,clean_negative/clean_10_111.jpg,train,clean_negative,dirty_positive,false_positive,0.56743404,0.45,0.11743404,0.59166473,0.10379886,0.47058824,0.79215688,0.09113346,0.60541975,0.00827431,0.49012756,false,
10,10,clean_negative/clean_10_112.jpg,train,clean_negative,clean_negative,true_negative,0.42154086,0.45,0.02845914,0.55137694,0.08357564,0.46666667,0.71372551,0.08871754,0.56402969,0.00585594,0.34501648,false,
10,10,clean_negative/clean_10_113.jpg,train,clean_negative,clean_negative,true_negative,0.00486270,0.45,0.44513730,0.62736380,0.08176401,0.56862748,0.81176472,0.09589414,0.66703904,0.00278128,0.24714661,false,
10,10,clean_negative/clean_10_114.jpg,train,clean_negative,clean_negative,true_negative,0.01952897,0.45,0.43047103,0.64439815,0.08663878,0.56862748,0.83137256,0.08441181,0.67682791,0.00385028,0.34660339,false,
10,10,clean_negative/clean_10_115.jpg,train,clean_negative,clean_negative,true_negative,0.05138874,0.45,0.39861126,0.66825753,0.09499799,0.56470591,0.85882354,0.07309116,0.69346523,0.00633495,0.48553467,false,
10,10,clean_negative/clean_10_116.jpg,train,clean_negative,dirty_positive,false_positive,0.82568283,0.45,0.37568283,0.69682419,0.09630429,0.57254905,0.87843138,0.06051313,0.71434236,0.00869381,0.62579346,false,
10,10,clean_negative/clean_10_117.jpg,train,clean_negative,dirty_positive,false_positive,0.90491064,0.45,0.45491064,0.70371574,0.09214779,0.57647061,0.87843138,0.05798472,0.71633548,0.01008374,0.69071960,false,
10,10,clean_negative/clean_10_118.jpg,train,clean_negative,dirty_positive,false_positive,0.99255795,0.45,0.54255795,0.68518221,0.09518593,0.55686277,0.86666667,0.06999111,0.69879907,0.01042208,0.68753052,false,
10,10,clean_negative/clean_10_119.jpg,train,clean_negative,dirty_positive,false_positive,0.95555366,0.45,0.50555366,0.66373074,0.10635369,0.51372552,0.86274511,0.08011828,0.67883337,0.01095879,0.66419983,false,
10,10,clean_negative/clean_10_120.jpg,train,clean_negative,dirty_positive,false_positive,0.84276830,0.45,0.39276830,0.63296580,0.11130591,0.48627451,0.84313726,0.08460401,0.64737642,0.00962725,0.58068848,false,
10,10,clean_negative/clean_10_121.jpg,train,clean_negative,dirty_positive,false_positive,0.70808843,0.45,0.25808843,0.58858764,0.09812287,0.47450981,0.78039217,0.08640382,0.60284674,0.00699440,0.44123840,false,
10,10,clean_negative/clean_10_122.jpg,train,clean_negative,dirty_positive,false_positive,0.53607601,0.45,0.08607601,0.55106413,0.07608574,0.47058824,0.69411767,0.08345595,0.56430459,0.00473695,0.29795837,false,
10,10,clean_negative/clean_10_123.jpg,train,clean_negative,clean_negative,true_negative,0.08229930,0.45,0.36770070,0.52902639,0.06170900,0.47058824,0.63529414,0.07554399,0.54054964,0.00277987,0.17184448,false,
10,10,clean_negative/clean_10_124.jpg,train,clean_negative,clean_negative,true_negative,0.05335061,0.45,0.39664939,0.51608312,0.04813847,0.47058824,0.56862748,0.08998713,0.53173864,0.00154383,0.08078003,false,
10,10,clean_negative/clean_10_125.jpg,train,clean_negative,clean_negative,true_negative,0.01907352,0.45,0.43092648,0.51089007,0.03511214,0.47058824,0.56470591,0.09851231,0.52912521,0.00028879,0.03141785,false,
10,10,clean_negative/clean_10_126.jpg,train,clean_negative,clean_negative,true_negative,0.00074587,0.45,0.44925413,0.51363003,0.03435450,0.47058824,0.56862748,0.10400075,0.53396589,0.00008604,0.01713562,false,
10,10,clean_negative/clean_10_127.jpg,train,clean_negative,clean_negative,true_negative,0.00011774,0.45,0.44988226,0.51966989,0.03483110,0.47450981,0.57254905,0.11443853,0.54350686,0.00008454,0.01826477,false,
10,10,clean_negative/clean_10_128.jpg,train,clean_negative,clean_negative,true_negative,0.00009931,0.45,0.44990069,0.52735823,0.03444275,0.47450981,0.58039218,0.12014526,0.55382180,0.00008639,0.01818848,false,
10,10,clean_negative/clean_10_129.jpg,train,clean_negative,clean_negative,true_negative,0.00003533,0.45,0.44996467,0.53556412,0.03323096,0.47843137,0.58431375,0.09140447,0.55596089,0.00008041,0.01248169,false,
10,10,clean_negative/clean_10_130.jpg,train,clean_negative,clean_negative,true_negative,0.00003153,0.45,0.44996847,0.54338723,0.03052979,0.48627451,0.58823532,0.06406723,0.55795586,0.00007537,0.00823975,false,
10,10,clean_negative/clean_10_131.jpg,train,clean_negative,clean_negative,true_negative,0.00006910,0.45,0.44993090,0.54906791,0.02745790,0.49803922,0.59215689,0.05052347,0.56078613,0.00008232,0.00640869,false,
10,10,dirty_positive/dirty_10_1.jpg,train,dirty_positive,dirty_positive,true_positive,0.94210798,0.45,0.49210798,0.62571669,0.06098240,0.53725493,0.72156864,0.12912300,0.64842689,0.00344056,0.31849670,false,
10,10,dirty_positive/dirty_10_2.jpg,train,dirty_positive,dirty_positive,true_positive,0.99344907,0.45,0.54344907,0.61676610,0.05305598,0.54901963,0.70196080,0.13206410,0.63959593,0.00371564,0.33801270,false,
10,10,dirty_positive/dirty_10_3.jpg,train,dirty_positive,dirty_positive,true_positive,0.99847541,0.45,0.54847541,0.61567950,0.05702124,0.53333336,0.70196080,0.14294614,0.64052123,0.00355957,0.36030579,false,
10,10,dirty_positive/dirty_10_4.jpg,train,dirty_positive,dirty_positive,true_positive,0.99988227,0.45,0.54988227,0.61824411,0.04753061,0.55686277,0.69411767,0.12207025,0.63948536,0.00291751,0.28384399,false,
10,10,dirty_positive/dirty_10_5.jpg,train,dirty_positive,dirty_positive,true_positive,0.77172488,0.45,0.32172488,0.69488746,0.06536343,0.59607846,0.81568629,0.09471274,0.71335608,0.00402493,0.36019897,false,
10,10,dirty_positive/dirty_10_6.jpg,train,dirty_positive,dirty_positive,true_positive,0.83149441,0.45,0.38149441,0.70027310,0.06136991,0.60000002,0.81176472,0.08850159,0.71831042,0.00338498,0.32608032,false,
10,10,dirty_positive/dirty_10_7.jpg,train,dirty_positive,dirty_positive,true_positive,0.80154252,0.45,0.35154252,0.70002067,0.06438690,0.59607846,0.81960785,0.09232041,0.71829975,0.00371463,0.35234070,false,
10,10,dirty_positive/dirty_10_8.jpg,train,dirty_positive,dirty_positive,true_positive,0.93263662,0.45,0.48263662,0.70519549,0.07658613,0.60000002,0.85490197,0.10414830,0.72381735,0.00476890,0.44384766,false,
10,10,dirty_positive/dirty_10_9.jpg,train,dirty_positive,dirty_positive,true_positive,0.72095657,0.45,0.27095657,0.62305343,0.10019715,0.49411765,0.82352942,0.18320414,0.65380323,0.00752397,0.60002136,false,
10,10,dirty_positive/dirty_10_10.jpg,train,dirty_positive,dirty_positive,true_positive,0.99272962,0.45,0.54272962,0.63197929,0.08943585,0.51764709,0.81176472,0.16758706,0.66081864,0.00621370,0.55035400,false,
10,10,dirty_positive/dirty_10_11.jpg,train,dirty_positive,dirty_positive,true_positive,0.96490001,0.45,0.51490001,0.62488604,0.10778075,0.48627451,0.83921570,0.18383007,0.65551257,0.00852534,0.61723328,false,
10,10,dirty_positive/dirty_10_12.jpg,train,dirty_positive,dirty_positive,true_positive,0.96782912,0.45,0.51782912,0.63919955,0.10681004,0.49411765,0.84313726,0.16886048,0.66780329,0.00806837,0.61660767,false,
10,10,dirty_positive/dirty_10_13.jpg,train,dirty_positive,clean_negative,false_negative,0.27118965,0.45,0.17881035,0.60944581,0.05017671,0.54901963,0.70196080,0.13923204,0.63287610,0.00419192,0.35488892,false,
10,10,dirty_positive/dirty_10_14.jpg,train,dirty_positive,dirty_positive,true_positive,0.46106714,0.45,0.01106714,0.61162585,0.05513172,0.54901963,0.71372551,0.14292073,0.63555849,0.00498569,0.39988708,false,
10,10,dirty_positive/dirty_10_15.jpg,train,dirty_positive,dirty_positive,true_positive,0.89183377,0.45,0.44183377,0.61216438,0.06392991,0.52941179,0.72941178,0.15550414,0.63817573,0.00599579,0.46752930,false,
10,10,dirty_positive/dirty_10_16.jpg,train,dirty_positive,dirty_positive,true_positive,0.99475837,0.45,0.54475837,0.60760093,0.06049902,0.52549022,0.71372551,0.15675510,0.63407797,0.00526915,0.43167114,false,
10,10,dirty_positive/dirty_10_17.jpg,train,dirty_positive,clean_negative,false_negative,0.31129799,0.45,0.13870201,0.60212851,0.08947315,0.49803922,0.78823531,0.19529325,0.63358760,0.00863847,0.56867981,false,
10,10,dirty_positive/dirty_10_18.jpg,train,dirty_positive,dirty_positive,true_positive,0.83909957,0.45,0.38909957,0.56372726,0.07192688,0.47843137,0.69803923,0.23703220,0.60119760,0.00774720,0.50823975,false,
10,10,dirty_positive/dirty_10_19.jpg,train,dirty_positive,dirty_positive,true_positive,0.73028591,0.45,0.28028591,0.62344027,0.09187778,0.50980395,0.81176472,0.17414001,0.65145946,0.00898718,0.59173584,false,
10,10,dirty_positive/dirty_10_20.jpg,train,dirty_positive,dirty_positive,true_positive,0.61633681,0.45,0.16633681,0.62135279,0.09167014,0.50980395,0.80784315,0.17621125,0.64971292,0.00899812,0.59397888,false,
10,10,dirty_positive/dirty_10_21.jpg,train,dirty_positive,dirty_positive,true_positive,0.90668147,0.45,0.45668147,0.55162954,0.07839175,0.46666667,0.70196080,0.25166407,0.59016752,0.00943330,0.54978943,false,
10,10,dirty_positive/dirty_10_22.jpg,train,dirty_positive,clean_negative,false_negative,0.40103211,0.45,0.04896789,0.55767918,0.08366013,0.46274510,0.71372551,0.24471802,0.59519881,0.01068212,0.61509705,false,
10,10,dirty_positive/dirty_10_23.jpg,train,dirty_positive,dirty_positive,true_positive,0.92021723,0.45,0.47021723,0.54394758,0.07302947,0.46666667,0.68235296,0.26089293,0.58369970,0.00842043,0.53656006,false,
10,10,dirty_positive/dirty_10_24.jpg,train,dirty_positive,dirty_positive,true_positive,0.74703669,0.45,0.29703669,0.53945339,0.06562833,0.46666667,0.66274512,0.26521873,0.57994533,0.00776962,0.50277710,false,
10,10,dirty_positive/dirty_10_25.jpg,train,dirty_positive,dirty_positive,true_positive,0.70665371,0.45,0.25665371,0.55561209,0.07007398,0.47058824,0.68627453,0.24853307,0.59395623,0.00789408,0.51460266,false,
10,10,dirty_positive/dirty_10_26.jpg,train,dirty_positive,dirty_positive,true_positive,0.89968057,0.45,0.44968057,0.56174308,0.07215377,0.47450981,0.69803923,0.23905593,0.59893715,0.00757551,0.51231384,false,
10,10,dirty_positive/dirty_10_27.jpg,train,dirty_positive,dirty_positive,true_positive,0.89382259,0.45,0.44382259,0.55129600,0.06829340,0.47058824,0.67843139,0.25162014,0.59015858,0.00762461,0.49795532,false,
10,10,dirty_positive/dirty_10_28.jpg,train,dirty_positive,dirty_positive,true_positive,0.90301310,0.45,0.45301310,0.54916251,0.06724554,0.47058824,0.67450982,0.25464809,0.58846658,0.00760554,0.49497986,false,
10,10,dirty_positive/dirty_10_29.jpg,train,dirty_positive,dirty_positive,true_positive,0.72776245,0.45,0.27776245,0.61308360,0.07527642,0.50588238,0.74901962,0.19911116,0.64475763,0.00957402,0.61100769,false,
10,10,dirty_positive/dirty_10_30.jpg,train,dirty_positive,dirty_positive,true_positive,0.88544180,0.45,0.43544180,0.63164628,0.07865641,0.52549022,0.78039217,0.18103005,0.66108447,0.00960981,0.63360596,false,
10,10,dirty_positive/dirty_10_31.jpg,train,dirty_positive,dirty_positive,true_positive,0.92275863,0.45,0.47275863,0.61694562,0.08028090,0.50196081,0.76078433,0.19882125,0.64836133,0.01100445,0.62254333,false,
10,10,dirty_positive/dirty_10_32.jpg,train,dirty_positive,dirty_positive,true_positive,0.95231820,0.45,0.50231820,0.64433980,0.08192195,0.52941179,0.79607844,0.17732891,0.67284846,0.01165562,0.66806030,false,
10,10,dirty_positive/dirty_10_33.jpg,train,dirty_positive,dirty_positive,true_positive,0.47001613,0.45,0.02001613,0.60802728,0.08699585,0.49019608,0.76862746,0.20820147,0.64056164,0.01270598,0.61470032,false,
10,10,dirty_positive/dirty_10_34.jpg,train,dirty_positive,dirty_positive,true_positive,0.52513774,0.45,0.07513774,0.56360722,0.07848272,0.47058824,0.71372551,0.24864317,0.60184276,0.00916870,0.52189636,false,
10,10,dirty_positive/dirty_10_35.jpg,train,dirty_positive,dirty_positive,true_positive,0.85928674,0.45,0.40928674,0.61673689,0.07924438,0.50588238,0.75686276,0.19906449,0.64834899,0.01087816,0.62176514,false,
10,10,dirty_positive/dirty_10_36.jpg,train,dirty_positive,dirty_positive,true_positive,0.56419851,0.45,0.11419851,0.60439485,0.08739658,0.48627451,0.76862746,0.21105766,0.63716209,0.01228281,0.60523987,false,
10,10,dirty_positive/dirty_10_37.jpg,train,dirty_positive,dirty_positive,true_positive,0.80262248,0.45,0.35262248,0.69501960,0.07877154,0.58431375,0.84313726,0.12343799,0.71470845,0.01185559,0.69206238,false,
10,10,dirty_positive/dirty_10_38.jpg,train,dirty_positive,dirty_positive,true_positive,0.89721365,0.45,0.44721365,0.70987695,0.07699563,0.60000002,0.85490197,0.10199197,0.72618687,0.01083385,0.68589783,false,
10,10,dirty_positive/dirty_10_39.jpg,train,dirty_positive,dirty_positive,true_positive,0.84760249,0.45,0.39760249,0.71116364,0.07665703,0.60000002,0.85490197,0.10358559,0.72806388,0.01064434,0.69056702,false,
10,10,dirty_positive/dirty_10_40.jpg,train,dirty_positive,dirty_positive,true_positive,0.76433513,0.45,0.31433513,0.69774902,0.07772218,0.58823532,0.84313726,0.11806086,0.71646327,0.01157973,0.69035339,false,
10,10,dirty_positive/dirty_10_41.jpg,train,dirty_positive,dirty_positive,true_positive,0.86577293,0.45,0.41577293,0.52758628,0.07636598,0.43137255,0.66666669,0.25410941,0.56415129,0.01053144,0.62532043,false,
10,10,dirty_positive/dirty_10_42.jpg,train,dirty_positive,dirty_positive,true_positive,0.91688487,0.45,0.46688487,0.53527421,0.07442841,0.43921569,0.67058825,0.25580943,0.57313144,0.01034545,0.63549805,false,
10,10,dirty_positive/dirty_10_43.jpg,train,dirty_positive,dirty_positive,true_positive,0.99977943,0.45,0.54977943,0.52631235,0.07880329,0.42745098,0.66666669,0.24448395,0.56094337,0.01087815,0.62803650,false,
10,10,dirty_positive/dirty_10_44.jpg,train,dirty_positive,dirty_positive,true_positive,0.79518482,0.45,0.34518482,0.54333937,0.08862254,0.43529412,0.71372551,0.24173698,0.57845211,0.01048618,0.67094421,false,
10,10,dirty_positive/dirty_10_45.jpg,train,dirty_positive,dirty_positive,true_positive,0.62324938,0.45,0.17324938,0.53796357,0.09252361,0.43921569,0.72941178,0.20355760,0.56739104,0.01122759,0.63899231,false,
10,10,dirty_positive/dirty_10_46.jpg,train,dirty_positive,dirty_positive,true_positive,0.98094818,0.45,0.53094818,0.52325368,0.07553923,0.43921569,0.66666669,0.22262755,0.55504310,0.00944197,0.60122681,false,
10,10,dirty_positive/dirty_10_47.jpg,train,dirty_positive,dirty_positive,true_positive,0.79965262,0.45,0.34965262,0.54227549,0.09269398,0.43529412,0.72941178,0.22179747,0.57427716,0.01165196,0.68589783,false,
10,10,dirty_positive/dirty_10_48.jpg,train,dirty_positive,dirty_positive,true_positive,0.69850140,0.45,0.24850140,0.53652024,0.08947774,0.43921569,0.71764708,0.21525186,0.56760550,0.01102863,0.65216064,false,
10,10,dirty_positive/dirty_10_49.jpg,train,dirty_positive,dirty_positive,true_positive,0.73127542,0.45,0.28127542,0.52282846,0.07025246,0.44705883,0.65490198,0.22330511,0.55483937,0.00923795,0.59956360,false,
10,10,dirty_positive/dirty_10_50.jpg,train,dirty_positive,dirty_positive,true_positive,0.73983371,0.45,0.28983371,0.52807432,0.08368073,0.43921569,0.69411767,0.21209928,0.55850875,0.01065456,0.61122131,false,
10,10,dirty_positive/dirty_10_51.jpg,train,dirty_positive,dirty_positive,true_positive,0.92083389,0.45,0.47083389,0.51820517,0.06824455,0.44705883,0.64705884,0.21755281,0.54924262,0.00832983,0.55955505,false,
10,10,dirty_positive/dirty_10_52.jpg,train,dirty_positive,dirty_positive,true_positive,0.90916204,0.45,0.45916204,0.51864874,0.07166229,0.44313726,0.65490198,0.21334565,0.54905450,0.00899799,0.56004333,false,
10,10,dirty_positive/dirty_10_53.jpg,train,dirty_positive,dirty_positive,true_positive,0.91339617,0.45,0.46339617,0.63570946,0.08809552,0.52156866,0.81176472,0.15520667,0.65953696,0.01616514,0.70043945,false,
10,10,dirty_positive/dirty_10_54.jpg,train,dirty_positive,dirty_positive,true_positive,0.98296916,0.45,0.53296916,0.65430617,0.08515044,0.54117650,0.81960785,0.13645631,0.67507571,0.01391901,0.70497131,false,
10,10,dirty_positive/dirty_10_55.jpg,train,dirty_positive,dirty_positive,true_positive,0.96478763,0.45,0.51478763,0.65608180,0.08545430,0.54117650,0.81960785,0.14776331,0.67910010,0.01550124,0.70234680,false,
10,10,dirty_positive/dirty_10_56.jpg,train,dirty_positive,dirty_positive,true_positive,0.88228555,0.45,0.43228555,0.62147915,0.09155182,0.49803922,0.80392158,0.15144242,0.64402646,0.01694567,0.70816040,false,
10,10,dirty_positive/dirty_10_57.jpg,train,dirty_positive,dirty_positive,true_positive,0.99971533,0.45,0.54971533,0.52496356,0.07573167,0.42745098,0.66274512,0.22875607,0.55622274,0.00964609,0.63763428,false,
10,10,dirty_positive/dirty_10_58.jpg,train,dirty_positive,dirty_positive,true_positive,0.99831721,0.45,0.54831721,0.54016203,0.09681539,0.42352942,0.72549021,0.20277730,0.56744003,0.01327733,0.65917969,false,
10,10,dirty_positive/dirty_10_59.jpg,train,dirty_positive,dirty_positive,true_positive,0.99984293,0.45,0.54984293,0.52271223,0.07456016,0.42745098,0.65490198,0.23237006,0.55454707,0.00895570,0.63815308,false,
10,10,dirty_positive/dirty_10_60.jpg,train,dirty_positive,dirty_positive,true_positive,0.99684892,0.45,0.54684892,0.54195285,0.09693202,0.42745098,0.72941178,0.20490335,0.56966102,0.01341280,0.65701294,false,
10,10,dirty_positive/dirty_10_61.jpg,train,dirty_positive,clean_negative,false_negative,0.11688196,0.45,0.33311804,0.49587640,0.04526850,0.45098040,0.58039218,0.18896270,0.52230048,0.00429298,0.33070374,false,
10,10,dirty_positive/dirty_10_62.jpg,train,dirty_positive,dirty_positive,true_positive,0.64502710,0.45,0.19502710,0.50835145,0.05599082,0.45098040,0.61176473,0.19921996,0.53676760,0.00551195,0.43525696,false,
10,10,dirty_positive/dirty_10_63.jpg,train,dirty_positive,dirty_positive,true_positive,0.80629269,0.45,0.35629269,0.50084758,0.05296598,0.44705883,0.60000002,0.19423950,0.52816349,0.00588662,0.38357544,false,
10,10,dirty_positive/dirty_10_64.jpg,train,dirty_positive,dirty_positive,true_positive,0.75208875,0.45,0.30208875,0.49627209,0.04624911,0.45098040,0.58039218,0.18971613,0.52285755,0.00498098,0.33694458,false,
10,10,dirty_positive/dirty_10_65.jpg,train,dirty_positive,dirty_positive,true_positive,0.99992971,0.45,0.54992971,0.52160037,0.07630291,0.41568628,0.65490198,0.20941941,0.54980981,0.00846306,0.64411926,false,
10,10,dirty_positive/dirty_10_66.jpg,train,dirty_positive,dirty_positive,true_positive,0.99976169,0.45,0.54976169,0.52880597,0.08802141,0.40000001,0.68627453,0.18951663,0.55397958,0.01062242,0.65798950,false,
10,10,dirty_positive/dirty_10_67.jpg,train,dirty_positive,dirty_positive,true_positive,0.99994848,0.45,0.54994848,0.52261132,0.07505443,0.42352942,0.65490198,0.22018752,0.55269992,0.00842072,0.63600159,false,
10,10,dirty_positive/dirty_10_68.jpg,train,dirty_positive,dirty_positive,true_positive,0.92267549,0.45,0.47267549,0.51473927,0.07654208,0.40392157,0.64705884,0.19100948,0.54103768,0.00743073,0.56045532,false,
10,10,dirty_positive/dirty_10_69.jpg,train,dirty_positive,clean_negative,false_negative,0.15578973,0.45,0.29421027,0.49826661,0.04003349,0.45490196,0.56470591,0.14477816,0.51880902,0.00271460,0.21006775,false,
10,10,dirty_positive/dirty_10_70.jpg,train,dirty_positive,clean_negative,false_negative,0.29208475,0.45,0.15791525,0.49910879,0.04839684,0.45098040,0.58431375,0.16454637,0.52239543,0.00371258,0.28172302,false,
10,10,dirty_positive/dirty_10_71.jpg,train,dirty_positive,clean_negative,false_negative,0.09606984,0.45,0.35393016,0.50136232,0.04259714,0.45098040,0.57254905,0.13931450,0.52118480,0.00265074,0.22920227,false,
10,10,dirty_positive/dirty_10_72.jpg,train,dirty_positive,clean_negative,false_negative,0.29444942,0.45,0.15555058,0.50380093,0.04969523,0.44705883,0.59215689,0.16199635,0.52698064,0.00389600,0.31823730,false,
10,10,dirty_positive/dirty_10_73.jpg,train,dirty_positive,clean_negative,false_negative,0.29124838,0.45,0.15875162,0.50351393,0.04853468,0.44705883,0.58823532,0.15781587,0.52597833,0.00366444,0.31263733,false,
10,10,dirty_positive/dirty_10_74.jpg,train,dirty_positive,dirty_positive,true_positive,0.91479814,0.45,0.46479814,0.51032895,0.05920476,0.44313726,0.61568630,0.18569756,0.53679097,0.00522288,0.42457581,false,
10,10,dirty_positive/dirty_10_75.jpg,train,dirty_positive,dirty_positive,true_positive,0.46957853,0.45,0.01957853,0.51040113,0.05931335,0.44313726,0.61568630,0.18605031,0.53691328,0.00530481,0.42611694,false,
10,10,dirty_positive/dirty_10_76.jpg,train,dirty_positive,clean_negative,false_negative,0.22164098,0.45,0.22835902,0.50122130,0.04361266,0.44705883,0.57254905,0.14465788,0.52183586,0.00286477,0.24758911,false,
10,10,dirty_positive/dirty_10_77.jpg,train,dirty_positive,dirty_positive,true_positive,0.65615905,0.45,0.20615905,0.64595693,0.10034154,0.50588238,0.84705883,0.11828219,0.66327184,0.01517023,0.74580383,false,
10,10,dirty_positive/dirty_10_78.jpg,train,dirty_positive,dirty_positive,true_positive,0.53555894,0.45,0.08555894,0.62336230,0.10741793,0.47450981,0.82745099,0.12065060,0.64067435,0.01354554,0.70606995,false,
10,10,dirty_positive/dirty_10_79.jpg,train,dirty_positive,dirty_positive,true_positive,0.79343117,0.45,0.34343117,0.63491875,0.09475931,0.50588238,0.82745099,0.13266239,0.65448791,0.01516175,0.72708130,false,
10,10,dirty_positive/dirty_10_80.jpg,train,dirty_positive,dirty_positive,true_positive,0.85790092,0.45,0.40790092,0.65128613,0.09890145,0.51372552,0.84705883,0.11605932,0.66839778,0.01434883,0.73724365,false,
11,11,clean_negative/clean_11_1.jpg,test,clean_negative,dirty_positive,false_positive,0.28275052,0.20,0.08275052,0.70682627,0.07312901,0.59215689,0.83529413,0.09944776,0.72474909,0.00477982,0.44282532,false,
11,11,clean_negative/clean_11_2.jpg,test,clean_negative,dirty_positive,false_positive,0.36890567,0.20,0.16890567,0.70729673,0.07390605,0.59215689,0.83921570,0.11258522,0.72697240,0.00536765,0.50567627,false,
11,11,clean_negative/clean_11_3.jpg,test,clean_negative,dirty_positive,false_positive,0.43003382,0.20,0.23003382,0.70815659,0.07642075,0.59215689,0.84313726,0.12849247,0.73042655,0.00579853,0.55577087,false,
11,11,clean_negative/clean_11_4.jpg,test,clean_negative,dirty_positive,false_positive,0.63679383,0.20,0.43679383,0.70557857,0.07552218,0.59509808,0.84313726,0.13623880,0.72942650,0.00559684,0.56796265,true,tmp\sourcewise_error_atlas\run_001\contact_sheets\source_11_false_positive.jpg
11,11,clean_negative/clean_11_5.jpg,test,clean_negative,dirty_positive,false_positive,0.78183683,0.20,0.58183683,0.70526958,0.07096440,0.60392159,0.83921570,0.13352244,0.72899127,0.00510479,0.54650879,true,tmp\sourcewise_error_atlas\run_001\contact_sheets\source_11_false_positive.jpg
11,11,clean_negative/clean_11_6.jpg,test,clean_negative,dirty_positive,false_positive,0.77722395,0.20,0.57722395,0.69411159,0.06672208,0.59607846,0.81568629,0.12243198,0.71587217,0.00401494,0.45294189,true,tmp\sourcewise_error_atlas\run_001\contact_sheets\source_11_false_positive.jpg
11,11,clean_negative/clean_11_7.jpg,test,clean_negative,dirty_positive,false_positive,0.68519693,0.20,0.48519693,0.68459177,0.06328222,0.59215689,0.78823531,0.10385150,0.70288539,0.00317922,0.35467529,true,tmp\sourcewise_error_atlas\run_001\contact_sheets\source_11_false_positive.jpg
11,11,clean_negative/clean_11_8.jpg,test,clean_negative,dirty_positive,false_positive,0.51005132,0.20,0.31005132,0.67599320,0.06269845,0.58823532,0.77254903,0.08176468,0.69024402,0.00232974,0.26086426,false,
11,11,clean_negative/clean_11_9.jpg,test,clean_negative,clean_negative,true_negative,0.09365594,0.20,0.10634406,0.66711348,0.05815659,0.58431375,0.75294119,0.06499778,0.67841130,0.00151321,0.15960693,false,
11,11,clean_negative/clean_11_10.jpg,test,clean_negative,clean_negative,true_negative,0.01714688,0.20,0.18285312,0.65615678,0.05120492,0.58431375,0.73725492,0.05416476,0.66561311,0.00092023,0.05915833,false,
11,11,clean_negative/clean_11_11.jpg,test,clean_negative,clean_negative,true_negative,0.00437569,0.20,0.19562431,0.64961982,0.04739285,0.58431375,0.72549021,0.05049176,0.65857470,0.00075562,0.02302551,false,
11,11,clean_negative/clean_11_12.jpg,test,clean_negative,clean_negative,true_negative,0.00085674,0.20,0.19914326,0.64634186,0.04430198,0.58823532,0.71764708,0.05014415,0.65557754,0.00075470,0.01815796,true,tmp\sourcewise_error_atlas\run_001\contact_sheets\source_11_true_negative.jpg
11,11,clean_negative/clean_11_13.jpg,test,clean_negative,dirty_positive,false_positive,0.31113952,0.20,0.11113952,0.69113606,0.07559393,0.58039218,0.82352942,0.11982147,0.71170127,0.00454783,0.46446228,false,
11,11,clean_negative/clean_11_14.jpg,test,clean_negative,dirty_positive,false_positive,0.49197383,0.20,0.29197383,0.69105309,0.07901555,0.57254905,0.82745099,0.12914819,0.71295333,0.00508425,0.51107788,false,
11,11,clean_negative/clean_11_15.jpg,test,clean_negative,dirty_positive,false_positive,0.54397402,0.20,0.34397402,0.67284679,0.06910229,0.56862748,0.79215688,0.11993146,0.69314897,0.00300528,0.39430237,true,tmp\sourcewise_error_atlas\run_001\contact_sheets\source_11_false_positive.jpg
11,11,clean_negative/clean_11_16.jpg,test,clean_negative,dirty_positive,false_positive,0.43454910,0.20,0.23454910,0.66170716,0.06606063,0.57254905,0.77647060,0.09988979,0.67822164,0.00206237,0.29589844,false,
11,11,clean_negative/clean_11_17.jpg,test,clean_negative,clean_negative,true_negative,0.05639028,0.20,0.14360972,0.64876872,0.05825031,0.57254905,0.73725492,0.08434778,0.66242802,0.00116719,0.19064331,false,
11,11,clean_negative/clean_11_18.jpg,test,clean_negative,clean_negative,true_negative,0.01307912,0.20,0.18692088,0.63518769,0.04717427,0.57254905,0.71764708,0.07257134,0.64683187,0.00046793,0.07690430,false,
11,11,clean_negative/clean_11_19.jpg,test,clean_negative,clean_negative,true_negative,0.00309604,0.20,0.19690396,0.63018602,0.04121028,0.57647061,0.70588237,0.06663884,0.64112133,0.00023061,0.02868652,false,
11,11,clean_negative/clean_11_20.jpg,test,clean_negative,clean_negative,true_negative,0.00055791,0.20,0.19944209,0.62882721,0.03710896,0.58039218,0.69803923,0.06458113,0.63991880,0.00017306,0.01580811,true,tmp\sourcewise_error_atlas\run_001\contact_sheets\source_11_true_negative.jpg
11,11,clean_negative/clean_11_21.jpg,test,clean_negative,dirty_positive,false_positive,0.57209116,0.20,0.37209116,0.68967438,0.08246470,0.56862748,0.83529413,0.14689553,0.71469319,0.00539375,0.54481506,true,tmp\sourcewise_error_atlas\run_001\contact_sheets\source_11_false_positive.jpg
11,11,clean_negative/clean_11_22.jpg,test,clean_negative,dirty_positive,false_positive,0.55531064,0.20,0.35531064,0.68835098,0.08178028,0.56470591,0.83529413,0.15427542,0.71494442,0.00517614,0.54864502,true,tmp\sourcewise_error_atlas\run_001\contact_sheets\source_11_false_positive.jpg
11,11,clean_negative/clean_11_23.jpg,test,clean_negative,dirty_positive,false_positive,0.67197547,0.20,0.47197547,0.69158435,0.07824728,0.57254905,0.83137256,0.15048447,0.71769154,0.00487601,0.55305481,true,tmp\sourcewise_error_atlas\run_001\contact_sheets\source_11_false_positive.jpg
11,11,clean_negative/clean_11_24.jpg,test,clean_negative,dirty_positive,false_positive,0.63645228,0.20,0.43645228,0.68069708,0.07550321,0.56078434,0.81568629,0.14064817,0.70479167,0.00391753,0.48167419,true,tmp\sourcewise_error_atlas\run_001\contact_sheets\source_11_false_positive.jpg
11,11,clean_negative/clean_11_25.jpg,test,clean_negative,dirty_positive,false_positive,0.48055012,0.20,0.28055012,0.58423293,0.08327617,0.47843137,0.74117649,0.21060194,0.61528730,0.00656658,0.57212830,false,
11,11,clean_negative/clean_11_26.jpg,test,clean_negative,dirty_positive,false_positive,0.43651181,0.20,0.23651181,0.58483475,0.08618513,0.47058824,0.74117649,0.20295405,0.61427951,0.00493504,0.55575562,false,
11,11,clean_negative/clean_11_27.jpg,test,clean_negative,dirty_positive,false_positive,0.49720835,0.20,0.29720835,0.58318943,0.09064120,0.45882353,0.74117649,0.19540371,0.61106479,0.00402077,0.53529358,false,
11,11,clean_negative/clean_11_28.jpg,test,clean_negative,dirty_positive,false_positive,0.81051607,0.20,0.61051607,0.58272684,0.08459299,0.47843137,0.74117649,0.21372896,0.61440682,0.00652596,0.57984924,true,tmp\sourcewise_error_atlas\run_001\contact_sheets\source_11_false_positive.jpg
11,11,clean_negative/clean_11_29.jpg,test,clean_negative,dirty_positive,false_positive,0.73510435,0.20,0.53510435,0.57558733,0.09563143,0.43921569,0.74117649,0.19799197,0.60361338,0.00379241,0.53755188,true,tmp\sourcewise_error_atlas\run_001\contact_sheets\source_11_false_positive.jpg
11,11,clean_negative/clean_11_30.jpg,test,clean_negative,dirty_positive,false_positive,0.56050673,0.20,0.36050673,0.57771319,0.08934240,0.45882353,0.74117649,0.20899110,0.60807228,0.00488426,0.56346130,true,tmp\sourcewise_error_atlas\run_001\contact_sheets\source_11_false_positive.jpg
11,11,clean_negative/clean_11_31.jpg,test,clean_negative,dirty_positive,false_positive,0.46183542,0.20,0.26183542,0.57157397,0.09629194,0.43921569,0.74117649,0.20240952,0.60022861,0.00392759,0.53578186,false,
11,11,clean_negative/clean_11_32.jpg,test,clean_negative,dirty_positive,false_positive,0.46578460,0.20,0.26578460,0.57313073,0.09592747,0.43529412,0.74117649,0.19415331,0.60046941,0.00340679,0.50906372,false,
11,11,clean_negative/clean_11_33.jpg,test,clean_negative,dirty_positive,false_positive,0.49093594,0.20,0.29093594,0.55923545,0.08594842,0.43529412,0.70980394,0.19407493,0.58647734,0.00246338,0.44866943,false,
11,11,clean_negative/clean_11_34.jpg,test,clean_negative,dirty_positive,false_positive,0.50955621,0.20,0.30955621,0.55787134,0.08544084,0.43529412,0.70980394,0.19433552,0.58506668,0.00239947,0.44456482,false,
11,11,clean_negative/clean_11_35.jpg,test,clean_negative,dirty_positive,false_positive,0.70415364,0.20,0.50415364,0.56314105,0.09480205,0.43921569,0.73333335,0.21658057,0.59409058,0.00416139,0.53265381,true,tmp\sourcewise_error_atlas\run_001\contact_sheets\source_11_false_positive.jpg
11,11,clean_negative/clean_11_36.jpg,test,clean_negative,dirty_positive,false_positive,0.58703969,0.20,0.38703969,0.55873567,0.09849931,0.43137255,0.73333335,0.21155977,0.58844727,0.00369965,0.51489258,true,tmp\sourcewise_error_atlas\run_001\contact_sheets\source_11_false_positive.jpg
11,11,clean_negative/clean_11_37.jpg,test,clean_negative,dirty_positive,false_positive,0.45345444,0.20,0.25345444,0.55574977,0.09832546,0.43137255,0.72941178,0.20037258,0.58347899,0.00312528,0.48094177,false,
11,11,clean_negative/clean_11_38.jpg,test,clean_negative,dirty_positive,false_positive,0.45776396,0.20,0.25776396,0.53634048,0.08299439,0.43137255,0.68627453,0.20016235,0.56373155,0.00214027,0.39949036,false,
11,11,clean_negative/clean_11_39.jpg,test,clean_negative,dirty_positive,false_positive,0.32428933,0.20,0.12428933,0.52149898,0.07107192,0.43137255,0.65490198,0.19674924,0.54826707,0.00156007,0.31369019,false,
11,11,clean_negative/clean_11_40.jpg,test,clean_negative,dirty_positive,false_positive,0.33501267,0.20,0.13501267,0.51723456,0.06177021,0.43137255,0.63137257,0.18142498,0.54217201,0.00125116,0.25404358,false,
11,11,clean_negative/clean_11_41.jpg,test,clean_negative,dirty_positive,false_positive,0.74836093,0.20,0.54836093,0.55084342,0.09264112,0.43529412,0.72549021,0.22600871,0.58288336,0.00372106,0.49754333,true,tmp\sourcewise_error_atlas\run_001\contact_sheets\source_11_false_positive.jpg
11,11,clean_negative/clean_11_42.jpg,test,clean_negative,dirty_positive,false_positive,0.62596798,0.20,0.42596798,0.54344076,0.09507237,0.43137255,0.72156864,0.22141397,0.57413769,0.00318637,0.47084045,true,tmp\sourcewise_error_atlas\run_001\contact_sheets\source_11_false_positive.jpg
11,11,clean_negative/clean_11_43.jpg,test,clean_negative,dirty_positive,false_positive,0.50922239,0.20,0.30922239,0.53393853,0.09312515,0.42745098,0.71372551,0.20997891,0.56226838,0.00266300,0.42893982,false,
11,11,clean_negative/clean_11_44.jpg,test,clean_negative,dirty_positive,false_positive,0.46226665,0.20,0.26226665,0.51354945,0.07451060,0.42745098,0.65882355,0.20690048,0.54102004,0.00192109,0.34571838,false,
11,11,clean_negative/clean_11_45.jpg,test,clean_negative,dirty_positive,false_positive,0.25649666,0.20,0.05649666,0.50491261,0.06266696,0.42745098,0.62352943,0.19637644,0.53096032,0.00146812,0.27062988,false,
11,11,clean_negative/clean_11_46.jpg,test,clean_negative,clean_negative,true_negative,0.09495573,0.20,0.10504427,0.50546968,0.05522609,0.43137255,0.60784316,0.17351530,0.52874655,0.00115983,0.21315002,false,
11,11,clean_negative/clean_11_47.jpg,test,clean_negative,clean_negative,true_negative,0.00244081,0.20,0.19755919,0.53403604,0.02906211,0.50196081,0.58823532,0.10964967,0.55519956,0.00017803,0.01329041,true,tmp\sourcewise_error_atlas\run_001\contact_sheets\source_11_true_negative.jpg
11,11,clean_negative/clean_11_48.jpg,test,clean_negative,clean_negative,true_negative,0.05753142,0.20,0.14246858,0.51513350,0.03583138,0.46274510,0.56078434,0.14591287,0.53644991,0.00135959,0.18438721,false,
11,11,clean_negative/clean_11_49.jpg,test,clean_negative,clean_negative,true_negative,0.02142685,0.20,0.17857315,0.51365459,0.02709739,0.46666667,0.54901963,0.13704649,0.53513527,0.00080266,0.10697937,false,
11,11,clean_negative/clean_11_50.jpg,test,clean_negative,clean_negative,true_negative,0.01529605,0.20,0.18470395,0.51780212,0.02388495,0.47450981,0.54901963,0.13867822,0.54250944,0.00050481,0.06021118,false,
11,11,clean_negative/clean_11_51.jpg,test,clean_negative,clean_negative,true_negative,0.01672612,0.20,0.18327388,0.52527535,0.02506774,0.48235294,0.56862748,0.12887214,0.54991812,0.00034433,0.02772522,false,
11,11,clean_negative/clean_11_52.jpg,test,clean_negative,clean_negative,true_negative,0.05968591,0.20,0.14031409,0.51916438,0.03522338,0.46666667,0.56862748,0.13798830,0.53961480,0.00129408,0.17314148,false,
11,11,clean_negative/clean_11_53.jpg,test,clean_negative,clean_negative,true_negative,0.02905147,0.20,0.17094853,0.51842237,0.02734969,0.47058824,0.56078434,0.12870082,0.53898650,0.00071022,0.09649658,false,
11,11,clean_negative/clean_11_54.jpg,test,clean_negative,clean_negative,true_negative,0.01096409,0.20,0.18903591,0.52264720,0.02433350,0.47843137,0.56078434,0.13265239,0.54698902,0.00041448,0.05097961,false,
11,11,clean_negative/clean_11_55.jpg,test,clean_negative,clean_negative,true_negative,0.00387491,0.20,0.19612509,0.53002131,0.02579127,0.49019608,0.57647061,0.12402231,0.55444527,0.00025990,0.02069092,false,
11,11,clean_negative/clean_11_56.jpg,test,clean_negative,clean_negative,true_negative,0.00149653,0.20,0.19850347,0.54116023,0.02946077,0.50196081,0.59215689,0.10776356,0.56347811,0.00014176,0.00862122,true,tmp\sourcewise_error_atlas\run_001\contact_sheets\source_11_true_negative.jpg
11,11,clean_negative/clean_11_57.jpg,test,clean_negative,clean_negative,true_negative,0.10546723,0.20,0.09453277,0.53243923,0.03763326,0.48235294,0.58431375,0.11153404,0.54966545,0.00133337,0.15003967,false,
11,11,clean_negative/clean_11_58.jpg,test,clean_negative,clean_negative,true_negative,0.04950642,0.20,0.15049358,0.53349388,0.03218593,0.49019608,0.58431375,0.10314637,0.55104792,0.00071749,0.07440186,false,
11,11,clean_negative/clean_11_59.jpg,test,clean_negative,clean_negative,true_negative,0.00477532,0.20,0.19522468,0.53656018,0.02780304,0.50196081,0.58823532,0.11311778,0.55902070,0.00027535,0.03225708,false,
11,11,clean_negative/clean_11_60.jpg,test,clean_negative,clean_negative,true_negative,0.00275617,0.20,0.19724383,0.54289484,0.02924739,0.50588238,0.59607846,0.10888762,0.56621218,0.00015008,0.01138306,false,
11,11,clean_negative/clean_11_61.jpg,test,clean_negative,clean_negative,true_negative,0.00073259,0.20,0.19926741,0.55258983,0.03225374,0.50588238,0.60000002,0.09842201,0.57495904,0.00011541,0.00665283,true,tmp\sourcewise_error_atlas\run_001\contact_sheets\source_11_true_negative.jpg
11,11,clean_negative/clean_11_62.jpg,test,clean_negative,clean_negative,true_negative,0.01117245,0.20,0.18882755,0.54780805,0.04328934,0.49019608,0.61568630,0.09240694,0.56361008,0.00123815,0.12301636,false,
11,11,clean_negative/clean_11_63.jpg,test,clean_negative,clean_negative,true_negative,0.00289605,0.20,0.19710395,0.55124247,0.04080156,0.50196081,0.61568630,0.08522926,0.56765777,0.00068933,0.06292725,false,
11,11,clean_negative/clean_11_64.jpg,test,clean_negative,clean_negative,true_negative,0.00185302,0.20,0.19814698,0.55308956,0.03728142,0.50588238,0.61568630,0.09871228,0.57503039,0.00026110,0.02703857,true,tmp\sourcewise_error_atlas\run_001\contact_sheets\source_11_true_negative.jpg
11,11,clean_negative/clean_11_65.jpg,test,clean_negative,clean_negative,true_negative,0.00032134,0.20,0.19967866,0.55865526,0.03708469,0.50588238,0.61568630,0.09778850,0.58229607,0.00014403,0.01045227,true,tmp\sourcewise_error_atlas\run_001\contact_sheets\source_11_true_negative.jpg
11,11,clean_negative/clean_11_66.jpg,test,clean_negative,clean_negative,true_negative,0.00011343,0.20,0.19988657,0.56679845,0.03713776,0.50588238,0.61568630,0.09068072,0.59020436,0.00011479,0.00642395,true,tmp\sourcewise_error_atlas\run_001\contact_sheets\source_11_true_negative.jpg
11,11,dirty_positive/dirty_11_1.jpg,test,dirty_positive,dirty_positive,true_positive,0.92152682,0.20,0.72152682,0.72516906,0.07958682,0.61960787,0.87058824,0.12674992,0.74543536,0.00490365,0.55212402,false,
11,11,dirty_positive/dirty_11_2.jpg,test,dirty_positive,dirty_positive,true_positive,0.96008499,0.20,0.76008499,0.72065562,0.07448256,0.62352943,0.85882354,0.11303526,0.73885417,0.00422758,0.49528503,false,
11,11,dirty_positive/dirty_11_3.jpg,test,dirty_positive,dirty_positive,true_positive,0.86059213,0.20,0.66059213,0.71512419,0.07792516,0.61568630,0.85882354,0.13402598,0.73675013,0.00519298,0.55296326,false,
11,11,dirty_positive/dirty_11_4.jpg,test,dirty_positive,dirty_positive,true_positive,0.84028365,0.20,0.64028365,0.74614382,0.08212776,0.63137257,0.89411765,0.11002946,0.76379961,0.00557085,0.59623718,false,
11,11,dirty_positive/dirty_11_5.jpg,test,dirty_positive,dirty_positive,true_positive,0.88186014,0.20,0.68186014,0.75356925,0.07746100,0.65882355,0.90196079,0.07600661,0.76868081,0.00503937,0.51263428,false,
11,11,dirty_positive/dirty_11_6.jpg,test,dirty_positive,dirty_positive,true_positive,0.85906831,0.20,0.65906831,0.75672352,0.08078401,0.64313728,0.90588236,0.09469916,0.77243221,0.00595345,0.61010742,false,
11,11,dirty_positive/dirty_11_7.jpg,test,dirty_positive,dirty_positive,true_positive,0.86553202,0.20,0.66553202,0.75596935,0.08095868,0.64313728,0.90588236,0.09601788,0.77191389,0.00592517,0.60920715,false,
11,11,dirty_positive/dirty_11_8.jpg,test,dirty_positive,dirty_positive,true_positive,0.91492467,0.20,0.71492467,0.75341082,0.07697448,0.65490198,0.89803922,0.08332909,0.76879418,0.00498553,0.53572083,false,
11,11,dirty_positive/dirty_11_9.jpg,test,dirty_positive,dirty_positive,true_positive,0.93365147,0.20,0.73365147,0.69124544,0.07589056,0.59607846,0.83921570,0.14930815,0.71542132,0.00576423,0.57377625,false,
11,11,dirty_positive/dirty_11_10.jpg,test,dirty_positive,dirty_positive,true_positive,0.99670862,0.20,0.79670862,0.66421044,0.06609665,0.58431375,0.78823531,0.15071627,0.68802530,0.00604162,0.51905823,false,
11,11,dirty_positive/dirty_11_11.jpg,test,dirty_positive,dirty_positive,true_positive,0.99876476,0.20,0.79876476,0.67513323,0.06977785,0.58823532,0.80784315,0.16119099,0.70133549,0.00572931,0.55332947,true,tmp\sourcewise_error_atlas\run_001\contact_sheets\source_11_true_positive.jpg
11,11,dirty_positive/dirty_11_12.jpg,test,dirty_positive,dirty_positive,true_positive,0.81439541,0.20,0.61439541,0.71604449,0.07996591,0.61568630,0.87058824,0.11908457,0.73491412,0.00602733,0.58512878,false,
11,11,dirty_positive/dirty_11_13.jpg,test,dirty_positive,dirty_positive,true_positive,0.95499935,0.20,0.75499935,0.59155583,0.04756110,0.53725493,0.69411767,0.15165097,0.61462790,0.00170896,0.27159119,false,
11,11,dirty_positive/dirty_11_14.jpg,test,dirty_positive,dirty_positive,true_positive,0.97997768,0.20,0.77997768,0.60480917,0.06609973,0.53333336,0.73725492,0.16593421,0.63027740,0.00318046,0.41639709,false,
11,11,dirty_positive/dirty_11_15.jpg,test,dirty_positive,dirty_positive,true_positive,0.86933740,0.20,0.66933740,0.59722698,0.05483947,0.53725493,0.70980394,0.15810627,0.62141204,0.00212256,0.32264709,false,
11,11,dirty_positive/dirty_11_16.jpg,test,dirty_positive,dirty_positive,true_positive,0.93729125,0.20,0.73729125,0.59236526,0.04283513,0.54117650,0.67843139,0.13897012,0.61371171,0.00146706,0.22517395,false,
11,11,dirty_positive/dirty_11_17.jpg,test,dirty_positive,dirty_positive,true_positive,0.99957653,0.20,0.79957653,0.63711679,0.06720396,0.55294120,0.76078433,0.19053909,0.66801995,0.00592315,0.51155090,true,tmp\sourcewise_error_atlas\run_001\contact_sheets\source_11_true_positive.jpg
11,11,dirty_positive/dirty_11_18.jpg,test,dirty_positive,dirty_positive,true_positive,0.99699707,0.20,0.79699707,0.65148461,0.06295117,0.57254905,0.76470590,0.17532218,0.67977172,0.00582328,0.52137756,false,
11,11,dirty_positive/dirty_11_19.jpg,test,dirty_positive,dirty_positive,true_positive,0.99712364,0.20,0.79712364,0.63926047,0.07124655,0.54901963,0.77647060,0.18660897,0.66918147,0.00615663,0.52195740,false,
11,11,dirty_positive/dirty_11_20.jpg,test,dirty_positive,dirty_positive,true_positive,0.99142625,0.20,0.79142625,0.64135289,0.07713550,0.54901963,0.79215688,0.17945552,0.66973531,0.00633957,0.53843689,false,
11,11,dirty_positive/dirty_11_21.jpg,test,dirty_positive,dirty_positive,true_positive,0.94651614,0.20,0.74651614,0.62166762,0.07977507,0.53725493,0.78431374,0.17948695,0.65002286,0.00417271,0.50656128,false,
11,11,dirty_positive/dirty_11_22.jpg,test,dirty_positive,dirty_positive,true_positive,0.95237440,0.20,0.75237440,0.61439514,0.07644811,0.52941179,0.76470590,0.18765350,0.64327455,0.00479543,0.52842712,false,
11,11,dirty_positive/dirty_11_23.jpg,test,dirty_positive,dirty_positive,true_positive,0.98440731,0.20,0.78440731,0.60807866,0.07094519,0.53333336,0.74901962,0.17764315,0.63531768,0.00405666,0.48127747,false,
11,11,dirty_positive/dirty_11_24.jpg,test,dirty_positive,dirty_positive,true_positive,0.96760174,0.20,0.76760174,0.62198353,0.07854611,0.53725493,0.78039217,0.19439441,0.65248424,0.00466860,0.51916504,false,
11,11,dirty_positive/dirty_11_25.jpg,test,dirty_positive,dirty_positive,true_positive,0.78896285,0.20,0.58896285,0.74827582,0.08338204,0.63921571,0.90588236,0.06748550,0.76223063,0.00571784,0.53236389,false,
11,11,dirty_positive/dirty_11_26.jpg,test,dirty_positive,dirty_positive,true_positive,0.82166978,0.20,0.62166978,0.75286293,0.07979424,0.63921571,0.90196079,0.08415121,0.76752430,0.00646058,0.62197876,false,
11,11,dirty_positive/dirty_11_27.jpg,test,dirty_positive,dirty_positive,true_positive,0.45583983,0.20,0.25583983,0.75359160,0.08302893,0.64705884,0.90980393,0.06409439,0.76728046,0.00534233,0.49577332,false,
11,11,dirty_positive/dirty_11_28.jpg,test,dirty_positive,dirty_positive,true_positive,0.85923441,0.20,0.65923441,0.74952167,0.08162351,0.63529414,0.90196079,0.07858846,0.76387662,0.00642004,0.60317993,false,
11,11,dirty_positive/dirty_11_29.jpg,test,dirty_positive,dirty_positive,true_positive,0.79418500,0.20,0.59418500,0.69785845,0.08196195,0.60000002,0.85882354,0.12317440,0.71715689,0.00598987,0.55084229,false,
11,11,dirty_positive/dirty_11_30.jpg,test,dirty_positive,dirty_positive,true_positive,0.87643445,0.20,0.67643445,0.70860708,0.07918228,0.60784316,0.85882354,0.13218008,0.72976381,0.00592617,0.58364868,false,
11,11,dirty_positive/dirty_11_31.jpg,test,dirty_positive,dirty_positive,true_positive,0.67191278,0.20,0.47191278,0.71699703,0.08362242,0.61176473,0.87843138,0.10490209,0.73306268,0.00691847,0.58377075,false,
11,11,dirty_positive/dirty_11_32.jpg,test,dirty_positive,dirty_positive,true_positive,0.81986677,0.20,0.61986677,0.72488904,0.07968594,0.61960787,0.87450981,0.11385792,0.74311119,0.00608145,0.59399414,false,
11,11,dirty_positive/dirty_11_33.jpg,test,dirty_positive,dirty_positive,true_positive,0.99922160,0.20,0.79922160,0.65044820,0.06537447,0.56470591,0.77254903,0.15452032,0.67457092,0.00609784,0.50746155,true,tmp\sourcewise_error_atlas\run_001\contact_sheets\source_11_true_positive.jpg
11,11,dirty_positive/dirty_11_34.jpg,test,dirty_positive,dirty_positive,true_positive,0.99735750,0.20,0.79735750,0.66406041,0.06606697,0.58431375,0.78823531,0.14400007,0.68646014,0.00622102,0.51576233,false,
11,11,dirty_positive/dirty_11_35.jpg,test,dirty_positive,dirty_positive,true_positive,0.99387727,0.20,0.79387727,0.64998066,0.07345711,0.55686277,0.79215688,0.15420665,0.67378008,0.00698358,0.54885864,false,
11,11,dirty_positive/dirty_11_36.jpg,test,dirty_positive,dirty_positive,true_positive,0.99919699,0.20,0.79919699,0.64134181,0.07395513,0.54901963,0.78431374,0.18021409,0.66987753,0.00623612,0.52104187,true,tmp\sourcewise_error_atlas\run_001\contact_sheets\source_11_true_positive.jpg
11,11,dirty_positive/dirty_11_37.jpg,test,dirty_positive,dirty_positive,true_positive,0.68008816,0.20,0.48008816,0.74591410,0.08399656,0.63529414,0.90588236,0.07100184,0.75955063,0.00691904,0.58525085,false,
11,11,dirty_positive/dirty_11_38.jpg,test,dirty_positive,dirty_positive,true_positive,0.26020060,0.20,0.06020060,0.73491216,0.08181606,0.63529414,0.89411765,0.06497605,0.74833006,0.00615072,0.51791382,false,
11,11,dirty_positive/dirty_11_39.jpg,test,dirty_positive,dirty_positive,true_positive,0.83896887,0.20,0.63896887,0.74613106,0.07837642,0.63529414,0.89803922,0.08013522,0.75970340,0.00758139,0.63150024,false,
11,11,dirty_positive/dirty_11_40.jpg,test,dirty_positive,dirty_positive,true_positive,0.85668515,0.20,0.65668515,0.74165106,0.07978537,0.63137257,0.89019608,0.09380494,0.75716096,0.00647029,0.62786865,false,
11,11,dirty_positive/dirty_11_41.jpg,test,dirty_positive,dirty_positive,true_positive,0.80887366,0.20,0.60887366,0.73369670,0.08013120,0.62745100,0.88627452,0.09358102,0.74840987,0.00714191,0.61689758,false,
11,11,dirty_positive/dirty_11_42.jpg,test,dirty_positive,dirty_positive,true_positive,0.78457719,0.20,0.58457719,0.74131262,0.07790606,0.63529414,0.89019608,0.08575010,0.75515014,0.00732053,0.63079834,false,
11,11,dirty_positive/dirty_11_43.jpg,test,dirty_positive,dirty_positive,true_positive,0.70889909,0.20,0.50889909,0.71819657,0.08376548,0.61176473,0.88235295,0.10260573,0.73373914,0.00715104,0.58860779,false,
11,11,dirty_positive/dirty_11_44.jpg,test,dirty_positive,dirty_positive,true_positive,0.85216597,0.20,0.65216597,0.73036647,0.08053716,0.62352943,0.88627452,0.09539419,0.74517238,0.00697961,0.60664368,false,
11,11,dirty_positive/dirty_11_45.jpg,test,dirty_positive,dirty_positive,true_positive,0.89457941,0.20,0.69457941,0.60320950,0.07683789,0.51764709,0.75294119,0.18784313,0.63120353,0.00451486,0.51550293,false,
11,11,dirty_positive/dirty_11_46.jpg,test,dirty_positive,dirty_positive,true_positive,0.95357004,0.20,0.75357004,0.61346567,0.07574736,0.52941179,0.76078433,0.19178081,0.64296281,0.00487059,0.53190613,false,
11,11,dirty_positive/dirty_11_47.jpg,test,dirty_positive,dirty_positive,true_positive,0.88751721,0.20,0.68751721,0.58982819,0.07651312,0.48627451,0.73333335,0.19579008,0.61836523,0.00529523,0.53401184,false,
11,11,dirty_positive/dirty_11_48.jpg,test,dirty_positive,dirty_positive,true_positive,0.94141006,0.20,0.74141006,0.60308361,0.07115379,0.52549022,0.74117649,0.18209654,0.63025713,0.00405614,0.47753906,false,
11,11,dirty_positive/dirty_11_49.jpg,test,dirty_positive,dirty_positive,true_positive,0.99100942,0.20,0.79100942,0.57065815,0.05831590,0.50196081,0.67843139,0.15271595,0.59326833,0.00188769,0.27954102,false,
11,11,dirty_positive/dirty_11_50.jpg,test,dirty_positive,dirty_positive,true_positive,0.99119187,0.20,0.79119187,0.57063496,0.05856244,0.50196081,0.68235296,0.15342091,0.59335649,0.00190810,0.28294373,false,
11,11,dirty_positive/dirty_11_51.jpg,test,dirty_positive,dirty_positive,true_positive,0.98625051,0.20,0.78625051,0.57148278,0.05699337,0.50196081,0.67450982,0.14942952,0.59358829,0.00181211,0.26431274,false,
11,11,dirty_positive/dirty_11_52.jpg,test,dirty_positive,dirty_positive,true_positive,0.98496141,0.20,0.78496141,0.56418717,0.06338728,0.49019608,0.68235296,0.17486778,0.58996516,0.00211137,0.33714294,false,
11,11,dirty_positive/dirty_11_53.jpg,test,dirty_positive,dirty_positive,true_positive,0.99990487,0.20,0.79990487,0.62947547,0.07506862,0.52941179,0.76862746,0.16337216,0.65411615,0.00699491,0.52966309,true,tmp\sourcewise_error_atlas\run_001\contact_sheets\source_11_true_positive.jpg
11,11,dirty_positive/dirty_11_54.jpg,test,dirty_positive,dirty_positive,true_positive,0.99717690,0.20,0.79717690,0.64294922,0.07141367,0.54117650,0.77254903,0.15209967,0.66586769,0.00678106,0.53153992,false,
11,11,dirty_positive/dirty_11_55.jpg,test,dirty_positive,dirty_positive,true_positive,0.99996062,0.20,0.79996062,0.65116316,0.06775571,0.55686277,0.77647060,0.14652227,0.67340773,0.00643685,0.53108215,true,tmp\sourcewise_error_atlas\run_001\contact_sheets\source_11_true_positive.jpg
11,11,dirty_positive/dirty_11_56.jpg,test,dirty_positive,dirty_positive,true_positive,0.98797100,0.20,0.78797100,0.62798619,0.08300845,0.52549022,0.78431374,0.17276558,0.65410227,0.00702321,0.57199097,false,
11,11,dirty_positive/dirty_11_57.jpg,test,dirty_positive,dirty_positive,true_positive,0.65407410,0.20,0.45407410,0.71992397,0.07877194,0.60392159,0.87058824,0.10527823,0.73688871,0.00666808,0.60183716,false,
11,11,dirty_positive/dirty_11_58.jpg,test,dirty_positive,dirty_positive,true_positive,0.49161060,0.20,0.29161060,0.71357101,0.08346401,0.59607846,0.87058824,0.10642414,0.72963035,0.00676437,0.58360291,false,
11,11,dirty_positive/dirty_11_59.jpg,test,dirty_positive,dirty_positive,true_positive,0.63537009,0.20,0.43537009,0.70768023,0.08124384,0.58823532,0.85882354,0.11869442,0.72650218,0.00623214,0.58618164,false,
11,11,dirty_positive/dirty_11_60.jpg,test,dirty_positive,dirty_positive,true_positive,0.73388542,0.20,0.53388542,0.72873092,0.07812677,0.63137257,0.88235295,0.08912420,0.74452430,0.00671676,0.58708191,false,
11,11,dirty_positive/dirty_11_61.jpg,test,dirty_positive,dirty_positive,true_positive,0.98496141,0.20,0.78496141,0.56418717,0.06338728,0.49019608,0.68235296,0.17486778,0.58996516,0.00211137,0.33714294,false,
11,11,dirty_positive/dirty_11_62.jpg,test,dirty_positive,dirty_positive,true_positive,0.98472731,0.20,0.78472731,0.56850672,0.06190409,0.49411765,0.68235296,0.16618779,0.59315085,0.00205785,0.32128906,false,
11,11,dirty_positive/dirty_11_63.jpg,test,dirty_positive,dirty_positive,true_positive,0.98606835,0.20,0.78606835,0.56499654,0.06790251,0.48627451,0.69019610,0.18307173,0.59174681,0.00223988,0.37077332,false,
11,11,dirty_positive/dirty_11_64.jpg,test,dirty_positive,dirty_positive,true_positive,0.99944548,0.20,0.79944548,0.57079321,0.06229906,0.49803922,0.69019610,0.16416322,0.59515560,0.00213224,0.32376099,true,tmp\sourcewise_error_atlas\run_001\contact_sheets\source_11_true_positive.jpg
11,11,dirty_positive/dirty_11_65.jpg,test,dirty_positive,dirty_positive,true_positive,0.91850272,0.20,0.71850272,0.68945229,0.08201026,0.56862748,0.84313726,0.14247282,0.71178770,0.00593012,0.57722473,false,
11,11,dirty_positive/dirty_11_66.jpg,test,dirty_positive,dirty_positive,true_positive,0.79017809,0.20,0.59017809,0.70386869,0.08222498,0.58039218,0.85882354,0.12303653,0.72342098,0.00617131,0.58471680,false,
11,11,dirty_positive/dirty_11_67.jpg,test,dirty_positive,dirty_positive,true_positive,0.90584221,0.20,0.70584221,0.68353057,0.07309655,0.57254905,0.81176472,0.15865791,0.70873630,0.00543697,0.58338928,false,
11,11,dirty_positive/dirty_11_68.jpg,test,dirty_positive,dirty_positive,true_positive,0.66976918,0.20,0.46976918,0.71378541,0.07543158,0.60784316,0.85490197,0.12308781,0.73345351,0.00611293,0.61087036,false,
11,11,dirty_positive/dirty_11_69.jpg,test,dirty_positive,dirty_positive,true_positive,0.99716449,0.20,0.79716449,0.59394789,0.06699868,0.51764709,0.71372551,0.21726350,0.62709033,0.00768123,0.52645874,false,
11,11,dirty_positive/dirty_11_70.jpg,test,dirty_positive,dirty_positive,true_positive,0.95719505,0.20,0.75719505,0.57237637,0.05941830,0.50196081,0.67843139,0.24827105,0.61054820,0.00787809,0.52049255,false,
11,11,dirty_positive/dirty_11_71.jpg,test,dirty_positive,dirty_positive,true_positive,0.98303153,0.20,0.78303153,0.61274981,0.07114207,0.52549022,0.74117649,0.18481404,0.64065522,0.00622751,0.48652649,false,
11,11,dirty_positive/dirty_11_72.jpg,test,dirty_positive,dirty_positive,true_positive,0.99632527,0.20,0.79632527,0.60239208,0.06635378,0.52156866,0.71764708,0.21613836,0.63550615,0.00712816,0.52366638,false,
11,11,dirty_positive/dirty_11_73.jpg,test,dirty_positive,dirty_positive,true_positive,0.99575706,0.20,0.79575706,0.61885595,0.07218838,0.52941179,0.75294119,0.20610185,0.65084887,0.00642626,0.52859497,false,
11,11,dirty_positive/dirty_11_74.jpg,test,dirty_positive,dirty_positive,true_positive,0.99014452,0.20,0.79014452,0.59302890,0.06160043,0.51764709,0.70196080,0.23823225,0.63014102,0.00712335,0.52287292,false,
11,11,dirty_positive/dirty_11_75.jpg,test,dirty_positive,dirty_positive,true_positive,0.98853330,0.20,0.78853330,0.59457046,0.06259539,0.51764709,0.70196080,0.23363906,0.63081503,0.00745371,0.52676392,false,
11,11,dirty_positive/dirty_11_76.jpg,test,dirty_positive,dirty_positive,true_positive,0.99221977,0.20,0.79221977,0.64362192,0.08273736,0.54117650,0.80784315,0.17390251,0.67014921,0.00572256,0.50799561,false,
11,11,dirty_positive/dirty_11_77.jpg,test,dirty_positive,dirty_positive,true_positive,0.98316055,0.20,0.78316055,0.67880499,0.07417377,0.56470591,0.80784315,0.16346885,0.70475602,0.00563527,0.58418274,false,
11,11,dirty_positive/dirty_11_78.jpg,test,dirty_positive,dirty_positive,true_positive,0.98554389,0.20,0.78554389,0.67545664,0.08280037,0.55686277,0.83137256,0.15867952,0.70027763,0.00596007,0.57469177,false,
11,11,dirty_positive/dirty_11_79.jpg,test,dirty_positive,dirty_positive,true_positive,0.97014252,0.20,0.77014252,0.65779161,0.07973023,0.54901963,0.80392158,0.18983342,0.68826413,0.00544491,0.57856750,false,
11,11,dirty_positive/dirty_11_80.jpg,test,dirty_positive,dirty_positive,true_positive,0.98088090,0.20,0.78088090,0.66931236,0.08073995,0.55294120,0.81960785,0.16812421,0.69568408,0.00599158,0.57382202,false,
11,11,dirty_positive/dirty_11_81.jpg,test,dirty_positive,dirty_positive,true_positive,0.97501931,0.20,0.77501931,0.61598998,0.07020364,0.52941179,0.75686276,0.22503963,0.65142655,0.00543226,0.52694702,false,
11,11,dirty_positive/dirty_11_82.jpg,test,dirty_positive,dirty_positive,true_positive,0.99156578,0.20,0.79156578,0.62640870,0.07377216,0.53725493,0.77254903,0.21307248,0.65995502,0.00573020,0.53575134,false,
11,11,dirty_positive/dirty_11_83.jpg,test,dirty_positive,dirty_positive,true_positive,0.96231401,0.20,0.76231401,0.60581261,0.07048047,0.52156866,0.73725492,0.23354882,0.64269972,0.00670427,0.53625488,false,
11,11,dirty_positive/dirty_11_84.jpg,test,dirty_positive,dirty_positive,true_positive,0.98940200,0.20,0.78940200,0.64261782,0.07664678,0.54117650,0.78823531,0.19784331,0.67390591,0.00577611,0.55558777,false,
11,11,dirty_positive/dirty_11_85.jpg,test,dirty_positive,dirty_positive,true_positive,0.50159325,0.20,0.30159325,0.72918987,0.07986415,0.61960787,0.87843138,0.11314794,0.74822372,0.00551101,0.64645386,false,
11,11,dirty_positive/dirty_11_86.jpg,test,dirty_positive,dirty_positive,true_positive,0.61799145,0.20,0.41799145,0.73488593,0.08317724,0.62352943,0.89019608,0.10002394,0.75288403,0.00568700,0.63252258,false,
11,11,dirty_positive/dirty_11_87.jpg,test,dirty_positive,dirty_positive,true_positive,0.67635249,0.20,0.47635249,0.73375976,0.08028024,0.62352943,0.88627452,0.10432555,0.75188100,0.00582981,0.63743591,false,
11,11,dirty_positive/dirty_11_88.jpg,test,dirty_positive,dirty_positive,true_positive,0.72326180,0.20,0.52326180,0.72167641,0.07678194,0.61176473,0.85882354,0.12373688,0.74169648,0.00534541,0.64390564,false,
11,11,dirty_positive/dirty_11_89.jpg,test,dirty_positive,dirty_positive,true_positive,0.99064484,0.20,0.79064484,0.59229040,0.07750671,0.50196081,0.74509805,0.22969465,0.62850475,0.00491832,0.54864502,false,
11,11,dirty_positive/dirty_11_90.jpg,test,dirty_positive,dirty_positive,true_positive,0.98835908,0.20,0.78835908,0.58997440,0.07625455,0.50196081,0.74117649,0.22721303,0.62561315,0.00444738,0.54975891,false,
11,11,dirty_positive/dirty_11_91.jpg,test,dirty_positive,dirty_positive,true_positive,0.93824480,0.20,0.73824480,0.60277319,0.07780678,0.51372552,0.75392157,0.22328588,0.63828719,0.00534219,0.55326843,false,
11,11,dirty_positive/dirty_11_92.jpg,test,dirty_positive,dirty_positive,true_positive,0.99110173,0.20,0.79110173,0.59365082,0.07751891,0.50588238,0.74509805,0.22874416,0.62954104,0.00498597,0.54840088,false,
11,11,dirty_positive/dirty_11_93.jpg,test,dirty_positive,dirty_positive,true_positive,0.42962722,0.20,0.22962722,0.71327174,0.07647475,0.60784316,0.85490197,0.14122017,0.73617089,0.00609111,0.65609741,false,
11,11,dirty_positive/dirty_11_94.jpg,test,dirty_positive,dirty_positive,true_positive,0.91674549,0.20,0.71674549,0.72480530,0.07621929,0.61960787,0.86666667,0.12745595,0.74529880,0.00620791,0.66479492,false,
11,11,dirty_positive/dirty_11_95.jpg,test,dirty_positive,dirty_positive,true_positive,0.99584598,0.20,0.79584598,0.72808450,0.07923570,0.62352943,0.87843138,0.11837159,0.74714279,0.00683675,0.67886353,false,
11,11,dirty_positive/dirty_11_96.jpg,test,dirty_positive,dirty_positive,true_positive,0.99734410,0.20,0.79734410,0.71906012,0.07398818,0.61960787,0.85490197,0.13662493,0.74117941,0.00600933,0.65695190,false,
11,11,dirty_positive/dirty_11_97.jpg,test,dirty_positive,dirty_positive,true_positive,0.99794936,0.20,0.79794936,0.73901141,0.07670093,0.63529414,0.88235295,0.09810762,0.75612736,0.00652141,0.65361023,false,
11,11,dirty_positive/dirty_11_98.jpg,test,dirty_positive,dirty_positive,true_positive,0.47619308,0.20,0.27619308,0.73693240,0.08048011,0.63137257,0.89019608,0.08771525,0.75334281,0.00671141,0.61955261,false,
11,11,dirty_positive/dirty_11_99.jpg,test,dirty_positive,dirty_positive,true_positive,0.99380558,0.20,0.79380558,0.72819638,0.08448666,0.62352943,0.88627452,0.08608525,0.74640793,0.00532489,0.54736328,false,
11,11,dirty_positive/dirty_11_100.jpg,test,dirty_positive,dirty_positive,true_positive,0.99551900,0.20,0.79551900,0.73159879,0.08308745,0.62745100,0.88627452,0.08803160,0.74960196,0.00555979,0.57099915,false,
11,11,dirty_positive/dirty_11_101.jpg,test,dirty_positive,dirty_positive,true_positive,0.32030365,0.20,0.12030365,0.50462925,0.06569724,0.43921569,0.64313728,0.21405558,0.53335702,0.00189879,0.31036377,false,
11,11,dirty_positive/dirty_11_102.jpg,test,dirty_positive,dirty_positive,true_positive,0.81319216,0.20,0.61319216,0.50329471,0.06472132,0.43921569,0.63921571,0.21679588,0.53240758,0.00188155,0.30943298,false,
11,11,dirty_positive/dirty_11_103.jpg,test,dirty_positive,dirty_positive,true_positive,0.53889477,0.20,0.33889477,0.49206764,0.05515697,0.43137255,0.60000002,0.21849941,0.52108860,0.00176267,0.27526855,false,
11,11,dirty_positive/dirty_11_104.jpg,test,dirty_positive,dirty_positive,true_positive,0.21880160,0.20,0.01880160,0.49030113,0.03270259,0.43921569,0.53333336,0.19054531,0.51584476,0.00125230,0.18647766,false,
11,11,dirty_positive/dirty_11_105.jpg,test,dirty_positive,dirty_positive,true_positive,0.94646139,0.20,0.74646139,0.74151945,0.08656575,0.62745100,0.90980393,0.07909822,0.75768006,0.00763240,0.63737488,false,
11,11,dirty_positive/dirty_11_106.jpg,test,dirty_positive,dirty_positive,true_positive,0.97251099,0.20,0.77251099,0.74056017,0.08910765,0.61960787,0.90980393,0.07763804,0.75662851,0.00788690,0.64363098,false,
11,11,dirty_positive/dirty_11_107.jpg,test,dirty_positive,dirty_positive,true_positive,0.98801163,0.20,0.78801163,0.74183810,0.08824129,0.62352943,0.90980393,0.07542935,0.75808305,0.00772075,0.62582397,false,
11,11,dirty_positive/dirty_11_108.jpg,test,dirty_positive,dirty_positive,true_positive,0.94038481,0.20,0.74038481,0.74120951,0.08850678,0.61960787,0.90980393,0.07777944,0.75724387,0.00789804,0.64460754,false,
11,11,dirty_positive/dirty_11_109.jpg,test,dirty_positive,dirty_positive,true_positive,0.97286390,0.20,0.77286390,0.60637522,0.08340159,0.50980395,0.77254903,0.18964109,0.63573152,0.00544675,0.56860352,false,
11,11,dirty_positive/dirty_11_110.jpg,test,dirty_positive,dirty_positive,true_positive,0.98835005,0.20,0.78835005,0.63583201,0.08573159,0.52941179,0.80392158,0.17986590,0.66424936,0.00611884,0.62370300,false,
11,11,dirty_positive/dirty_11_111.jpg,test,dirty_positive,dirty_positive,true_positive,0.99820610,0.20,0.79820610,0.60167927,0.08066647,0.50588238,0.75686276,0.19234519,0.63137794,0.00560362,0.53913879,false,
11,11,dirty_positive/dirty_11_112.jpg,test,dirty_positive,dirty_positive,true_positive,0.99006898,0.20,0.79006898,0.57563400,0.07869364,0.49411765,0.73725492,0.19337332,0.60409582,0.00461625,0.48124695,false,
11,11,dirty_positive/dirty_11_113.jpg,test,dirty_positive,dirty_positive,true_positive,0.99215913,0.20,0.79215913,0.62631357,0.09054523,0.52156866,0.80784315,0.16679253,0.65225959,0.00630080,0.56777954,false,
11,11,dirty_positive/dirty_11_114.jpg,test,dirty_positive,dirty_positive,true_positive,0.99227995,0.20,0.79227995,0.59744239,0.07990921,0.50588238,0.75392157,0.18250692,0.62532645,0.00543802,0.51574707,false,
11,11,dirty_positive/dirty_11_115.jpg,test,dirty_positive,dirty_positive,true_positive,0.99791448,0.20,0.79791448,0.61512452,0.08509903,0.51764709,0.78431374,0.17855142,0.64283270,0.00619513,0.55523682,false,
11,11,dirty_positive/dirty_11_116.jpg,test,dirty_positive,dirty_positive,true_positive,0.99993540,0.20,0.79993540,0.61502224,0.08450288,0.52156866,0.78431374,0.16762039,0.64093149,0.00620816,0.55215454,true,tmp\sourcewise_error_atlas\run_001\contact_sheets\source_11_true_positive.jpg
11,11,dirty_positive/dirty_11_117.jpg,test,dirty_positive,clean_negative,false_negative,0.04556148,0.20,0.15443852,0.69969690,0.09757176,0.58823532,0.89019608,0.07526036,0.72571707,0.00542726,0.41607666,true,tmp\sourcewise_error_atlas\run_001\contact_sheets\source_11_false_negative.jpg
11,11,dirty_positive/dirty_11_118.jpg,test,dirty_positive,clean_negative,false_negative,0.04627748,0.20,0.15372252,0.69740891,0.10331056,0.58039218,0.89803922,0.08033460,0.72467744,0.00553356,0.41960144,true,tmp\sourcewise_error_atlas\run_001\contact_sheets\source_11_false_negative.jpg
11,11,dirty_positive/dirty_11_119.jpg,test,dirty_positive,clean_negative,false_negative,0.01751597,0.20,0.18248403,0.67918313,0.09587696,0.58039218,0.87843138,0.08274034,0.71041703,0.00444882,0.32456970,true,tmp\sourcewise_error_atlas\run_001\contact_sheets\source_11_false_negative.jpg
11,11,dirty_positive/dirty_11_120.jpg,test,dirty_positive,clean_negative,false_negative,0.02972938,0.20,0.17027062,0.68457162,0.09567412,0.58431375,0.87843138,0.07979300,0.71410650,0.00463531,0.34698486,true,tmp\sourcewise_error_atlas\run_001\contact_sheets\source_11_false_negative.jpg
11,11,dirty_positive/dirty_11_121.jpg,test,dirty_positive,dirty_positive,true_positive,0.50238036,0.20,0.30238036,0.55324864,0.06237545,0.48235294,0.67450982,0.15725380,0.57624406,0.00371636,0.37248230,false,
11,11,dirty_positive/dirty_11_122.jpg,test,dirty_positive,dirty_positive,true_positive,0.21714707,0.20,0.01714707,0.55998254,0.06433786,0.48627451,0.67450982,0.14714178,0.58261108,0.00359410,0.36152649,false,
11,11,dirty_positive/dirty_11_123.jpg,test,dirty_positive,dirty_positive,true_positive,0.32798176,0.20,0.12798176,0.56269985,0.06643516,0.49019608,0.69411767,0.16013783,0.58667958,0.00405171,0.39421082,false,
11,11,dirty_positive/dirty_11_124.jpg,test,dirty_positive,clean_negative,false_negative,0.10232971,0.20,0.09767029,0.54341125,0.05151755,0.48235294,0.63137257,0.14163370,0.56370699,0.00291890,0.31210327,true,tmp\sourcewise_error_atlas\run_001\contact_sheets\source_11_false_negative.jpg
12,12,clean_negative/clean_12_1.jpg,train,clean_negative,clean_negative,true_negative,0.01459938,0.20,0.18540062,0.73571599,0.06863684,0.63529414,0.87450981,0.08157427,0.75340933,0.00438126,0.37272644,false,
12,12,clean_negative/clean_12_2.jpg,train,clean_negative,clean_negative,true_negative,0.01673370,0.20,0.18326630,0.72178531,0.06755335,0.62352943,0.85490197,0.08918662,0.73961461,0.00424685,0.35877991,false,
12,12,clean_negative/clean_12_3.jpg,train,clean_negative,clean_negative,true_negative,0.08193517,0.20,0.11806483,0.73395693,0.07328934,0.62745100,0.87450981,0.09023575,0.75063562,0.00469944,0.45733643,false,
12,12,clean_negative/clean_12_4.jpg,train,clean_negative,clean_negative,true_negative,0.09678142,0.20,0.10321858,0.71631372,0.07232153,0.61568630,0.85490197,0.10035335,0.73365736,0.00457821,0.44369507,false,
12,12,clean_negative/clean_12_5.jpg,train,clean_negative,clean_negative,true_negative,0.17538819,0.20,0.02461181,0.73135883,0.07572305,0.62745100,0.87450981,0.09363171,0.74728680,0.00503162,0.49954224,false,
12,12,clean_negative/clean_12_6.jpg,train,clean_negative,clean_negative,true_negative,0.19421691,0.20,0.00578309,0.71301508,0.07390375,0.61568630,0.85490197,0.10774621,0.73051500,0.00501361,0.48954773,false,
12,12,clean_negative/clean_12_7.jpg,train,clean_negative,dirty_positive,false_positive,0.83424589,0.20,0.63424589,0.51593047,0.06662114,0.43529412,0.64705884,0.18846527,0.54333311,0.00418314,0.33416748,false,
12,12,clean_negative/clean_12_8.jpg,train,clean_negative,dirty_positive,false_positive,0.87384205,0.20,0.67384205,0.53272033,0.09454805,0.43529412,0.73333335,0.20981729,0.56176877,0.00876235,0.53974915,false,
12,12,clean_negative/clean_12_9.jpg,train,clean_negative,dirty_positive,false_positive,0.85439382,0.20,0.65439382,0.53354061,0.09486766,0.43529412,0.73333335,0.21243329,0.56331491,0.00878475,0.54229736,false,
12,12,clean_negative/clean_12_10.jpg,train,clean_negative,dirty_positive,false_positive,0.84425655,0.20,0.64425655,0.53935951,0.09831116,0.43529412,0.74509805,0.20752433,0.56918395,0.00815737,0.52644348,false,
12,12,clean_negative/clean_12_11.jpg,train,clean_negative,dirty_positive,false_positive,0.87568609,0.20,0.67568609,0.53318524,0.09315682,0.43529412,0.73333335,0.19710414,0.56181967,0.00606436,0.43478394,false,
12,12,clean_negative/clean_12_12.jpg,train,clean_negative,dirty_positive,false_positive,0.88551392,0.20,0.68551392,0.52767146,0.08859953,0.43529412,0.72156864,0.20142393,0.55593616,0.00756418,0.50123596,false,
12,12,clean_negative/clean_12_13.jpg,train,clean_negative,dirty_positive,false_positive,0.88032420,0.20,0.68032420,0.52767801,0.08857875,0.43529412,0.72156864,0.20270860,0.55642694,0.00736848,0.49119568,false,
12,12,clean_negative/clean_12_14.jpg,train,clean_negative,dirty_positive,false_positive,0.86185988,0.20,0.66185988,0.53348124,0.09246060,0.43529412,0.73333335,0.19239634,0.56149274,0.00648522,0.45556641,false,
12,12,clean_negative/clean_12_15.jpg,train,clean_negative,dirty_positive,false_positive,0.86068460,0.20,0.66068460,0.53024107,0.08775248,0.43921569,0.72549021,0.17565560,0.55612326,0.00464572,0.35485840,false,
12,12,clean_negative/clean_12_16.jpg,train,clean_negative,dirty_positive,false_positive,0.73380576,0.20,0.53380576,0.51397139,0.06004778,0.44313726,0.63137257,0.16381879,0.53815377,0.00294718,0.24467468,false,
12,12,clean_negative/clean_12_17.jpg,train,clean_negative,dirty_positive,false_positive,0.84240177,0.20,0.64240177,0.52625650,0.08415156,0.43921569,0.71372551,0.17218234,0.55014133,0.00650263,0.42898560,false,
12,12,clean_negative/clean_12_18.jpg,train,clean_negative,dirty_positive,false_positive,0.82196237,0.20,0.62196237,0.52663803,0.08403601,0.43921569,0.71372551,0.17107305,0.55057561,0.00627448,0.41406250,false,
12,12,clean_negative/clean_12_19.jpg,train,clean_negative,dirty_positive,false_positive,0.80464449,0.20,0.60464449,0.52738810,0.08291581,0.43921569,0.71372551,0.15881643,0.55002463,0.00496777,0.34696960,false,
12,12,clean_negative/clean_12_20.jpg,train,clean_negative,dirty_positive,false_positive,0.74793630,0.20,0.54793630,0.52480191,0.07747158,0.44313726,0.70196080,0.14276274,0.54535228,0.00319920,0.24978638,false,
12,12,clean_negative/clean_12_21.jpg,train,clean_negative,dirty_positive,false_positive,0.41116526,0.20,0.21116526,0.50953019,0.04402046,0.44313726,0.56078434,0.13433161,0.52888656,0.00162779,0.15226746,false,
12,12,clean_negative/clean_12_22.jpg,train,clean_negative,dirty_positive,false_positive,0.53671069,0.20,0.33671069,0.52621979,0.07393027,0.44313726,0.68627453,0.14145502,0.54681659,0.00490334,0.31367493,false,
12,12,clean_negative/clean_12_23.jpg,train,clean_negative,dirty_positive,false_positive,0.58732267,0.20,0.38732267,0.52345788,0.06928541,0.44313726,0.67450982,0.13623789,0.54421067,0.00315017,0.22961426,false,
12,12,clean_negative/clean_12_24.jpg,train,clean_negative,dirty_positive,false_positive,0.38003331,0.20,0.18003331,0.52225918,0.06387591,0.44705883,0.63921571,0.12303594,0.54134697,0.00168877,0.15083313,false,
12,12,clean_negative/clean_12_25.jpg,train,clean_negative,clean_negative,true_negative,0.14679713,0.20,0.05320287,0.51354289,0.03338318,0.44705883,0.55686277,0.11594854,0.53184491,0.00065702,0.08277893,false,
12,12,clean_negative/clean_12_26.jpg,train,clean_negative,dirty_positive,false_positive,0.45465590,0.20,0.25465590,0.52358150,0.07059359,0.44313726,0.67058825,0.13138081,0.54233181,0.00471068,0.30155945,false,
12,12,clean_negative/clean_12_27.jpg,train,clean_negative,dirty_positive,false_positive,0.23792639,0.20,0.03792639,0.52293444,0.05803567,0.44313726,0.61176473,0.11073861,0.53901774,0.00365291,0.23791504,false,
12,12,clean_negative/clean_12_28.jpg,train,clean_negative,clean_negative,true_negative,0.10199715,0.20,0.09800285,0.52676213,0.05491031,0.45490196,0.60784316,0.11283025,0.54457861,0.00318421,0.20346069,false,
12,12,clean_negative/clean_12_29.jpg,train,clean_negative,clean_negative,true_negative,0.03559253,0.20,0.16440747,0.52494490,0.04875036,0.45882353,0.56862748,0.11164384,0.54374993,0.00161115,0.12243652,false,
12,12,clean_negative/clean_12_30.jpg,train,clean_negative,clean_negative,true_negative,0.02058909,0.20,0.17941091,0.52578962,0.04430100,0.46274510,0.56470591,0.10197037,0.54352134,0.00079210,0.06773376,false,
12,12,clean_negative/clean_12_31.jpg,train,clean_negative,clean_negative,true_negative,0.00178357,0.20,0.19821643,0.52534318,0.02884344,0.47450981,0.56078434,0.09416109,0.54220629,0.00026754,0.03007507,false,
12,12,clean_negative/clean_12_32.jpg,train,clean_negative,clean_negative,true_negative,0.02811569,0.20,0.17188431,0.52277577,0.05819185,0.44313726,0.61176473,0.10798705,0.53793895,0.00388402,0.25825500,false,
12,12,clean_negative/clean_12_33.jpg,train,clean_negative,clean_negative,true_negative,0.10239191,0.20,0.09760809,0.52253383,0.05663057,0.44313726,0.60392159,0.10712466,0.53790891,0.00408541,0.26173401,false,
12,12,clean_negative/clean_12_34.jpg,train,clean_negative,clean_negative,true_negative,0.05496719,0.20,0.14503281,0.52222604,0.05701293,0.44313726,0.60000002,0.10491250,0.53698242,0.00414324,0.26585388,false,
12,12,clean_negative/clean_12_35.jpg,train,clean_negative,clean_negative,true_negative,0.05184748,0.20,0.14815252,0.52635765,0.04624945,0.44705883,0.57647061,0.08662833,0.53990316,0.00286892,0.17868042,false,
12,12,clean_negative/clean_12_36.jpg,train,clean_negative,clean_negative,true_negative,0.13085315,0.20,0.06914685,0.52876472,0.04109396,0.45882353,0.57254905,0.08440971,0.54215741,0.00231127,0.14141846,false,
12,12,clean_negative/clean_12_37.jpg,train,clean_negative,clean_negative,true_negative,0.06021302,0.20,0.13978698,0.53154993,0.03688831,0.47058824,0.57254905,0.09227476,0.54794240,0.00184654,0.10855103,false,
12,12,clean_negative/clean_12_38.jpg,train,clean_negative,clean_negative,true_negative,0.01806240,0.20,0.18193760,0.53095973,0.02922982,0.48627451,0.56862748,0.09674001,0.54954088,0.00063198,0.05163574,false,
12,12,clean_negative/clean_12_39.jpg,train,clean_negative,clean_negative,true_negative,0.00550918,0.20,0.19449082,0.53378046,0.02562192,0.49019608,0.56862748,0.08977196,0.55172122,0.00022963,0.02288818,false,
12,12,clean_negative/clean_12_40.jpg,train,clean_negative,clean_negative,true_negative,0.00061759,0.20,0.19938241,0.53788483,0.02310224,0.49803922,0.56862748,0.07926697,0.55409449,0.00012963,0.01135254,false,
12,12,clean_negative/clean_12_41.jpg,train,clean_negative,clean_negative,true_negative,0.01985981,0.20,0.18014019,0.52897954,0.04626321,0.44705883,0.57647061,0.06897039,0.53954899,0.00220054,0.15290833,false,
12,12,clean_negative/clean_12_42.jpg,train,clean_negative,clean_negative,true_negative,0.00447093,0.20,0.19552907,0.53726721,0.04750397,0.44313726,0.58039218,0.06525442,0.54965293,0.00173677,0.12171936,false,
12,12,clean_negative/clean_12_43.jpg,train,clean_negative,clean_negative,true_negative,0.00679128,0.20,0.19320872,0.53889155,0.04644983,0.44705883,0.58039218,0.06197689,0.55098623,0.00161119,0.11296082,false,
12,12,clean_negative/clean_12_44.jpg,train,clean_negative,clean_negative,true_negative,0.01152259,0.20,0.18847741,0.53775859,0.04330726,0.45098040,0.57647061,0.05331792,0.54745924,0.00149147,0.10018921,false,
12,12,clean_negative/clean_12_45.jpg,train,clean_negative,clean_negative,true_negative,0.00715606,0.20,0.19284394,0.53886443,0.03896810,0.45882353,0.57647061,0.06303490,0.55072951,0.00138712,0.08926392,false,
12,12,clean_negative/clean_12_46.jpg,train,clean_negative,clean_negative,true_negative,0.03158714,0.20,0.16841286,0.54117322,0.03389094,0.47843137,0.57647061,0.06199700,0.55276620,0.00112703,0.06745911,false,
12,12,clean_negative/clean_12_47.jpg,train,clean_negative,clean_negative,true_negative,0.02172915,0.20,0.17827085,0.54353571,0.02881108,0.50196081,0.57647061,0.07639346,0.55931556,0.00086220,0.05493164,false,
12,12,clean_negative/clean_12_48.jpg,train,clean_negative,clean_negative,true_negative,0.00532971,0.20,0.19467029,0.54359734,0.02301040,0.50196081,0.57254905,0.08314312,0.56177235,0.00016091,0.02111816,false,
12,12,clean_negative/clean_12_49.jpg,train,clean_negative,clean_negative,true_negative,0.00014599,0.20,0.19985401,0.54575455,0.02009326,0.50588238,0.57254905,0.07994565,0.56365180,0.00010349,0.01440430,false,
12,12,clean_negative/clean_12_50.jpg,train,clean_negative,clean_negative,true_negative,0.00010841,0.20,0.19989159,0.54829097,0.01795880,0.51372552,0.57254905,0.06782478,0.56348896,0.00009370,0.00866699,false,
12,12,clean_negative/clean_12_51.jpg,train,clean_negative,dirty_positive,false_positive,0.37331902,0.20,0.17331902,0.61276698,0.06525902,0.56862748,0.75686276,0.10169780,0.64706230,0.00446594,0.26910400,false,
12,12,clean_negative/clean_12_52.jpg,train,clean_negative,dirty_positive,false_positive,0.35802584,0.20,0.15802584,0.61254627,0.06734562,0.55294120,0.76078433,0.10408451,0.64363730,0.00510894,0.31672668,false,
12,12,clean_negative/clean_12_53.jpg,train,clean_negative,dirty_positive,false_positive,0.35755640,0.20,0.15755640,0.60774660,0.06286327,0.54901963,0.74117649,0.10668629,0.63809490,0.00519168,0.32708740,false,
12,12,dirty_positive/dirty_12_1.jpg,train,dirty_positive,dirty_positive,true_positive,0.43004096,0.20,0.23004096,0.67265248,0.07953393,0.55294120,0.81568629,0.09870277,0.68816817,0.00846195,0.53247070,false,
12,12,dirty_positive/dirty_12_2.jpg,train,dirty_positive,clean_negative,false_negative,0.15054470,0.20,0.04945530,0.67752182,0.07215577,0.56078434,0.79215688,0.07697001,0.69023609,0.00613474,0.38623047,false,
12,12,dirty_positive/dirty_12_3.jpg,train,dirty_positive,dirty_positive,true_positive,0.58476256,0.20,0.38476256,0.65123200,0.07533118,0.54509807,0.78823531,0.10055172,0.66647804,0.00690092,0.45422363,false,
12,12,dirty_positive/dirty_12_4.jpg,train,dirty_positive,dirty_positive,true_positive,0.89042228,0.20,0.69042228,0.67034960,0.08729292,0.54509807,0.83235294,0.12194634,0.68942428,0.01029099,0.66252136,false,
12,12,dirty_positive/dirty_12_5.jpg,train,dirty_positive,dirty_positive,true_positive,0.76172383,0.20,0.56172383,0.65060610,0.06539274,0.56470591,0.77647060,0.10288040,0.66596979,0.00479245,0.34693909,false,
12,12,dirty_positive/dirty_12_6.jpg,train,dirty_positive,dirty_positive,true_positive,0.96328437,0.20,0.76328437,0.65165675,0.06026911,0.57254905,0.76078433,0.09091983,0.66527450,0.00397674,0.29412842,false,
12,12,dirty_positive/dirty_12_7.jpg,train,dirty_positive,dirty_positive,true_positive,0.96547949,0.20,0.76547949,0.64602208,0.06759622,0.55686277,0.77647060,0.11288375,0.66278553,0.00532210,0.37966919,false,
12,12,dirty_positive/dirty_12_8.jpg,train,dirty_positive,dirty_positive,true_positive,0.81569173,0.20,0.61569173,0.65351242,0.05884016,0.57647061,0.76078433,0.09193750,0.66739154,0.00384487,0.29182434,false,
12,12,dirty_positive/dirty_12_9.jpg,train,dirty_positive,dirty_positive,true_positive,0.98919742,0.20,0.78919742,0.67368400,0.07765927,0.57647061,0.82745099,0.11839697,0.69290793,0.00502355,0.48854065,false,
12,12,dirty_positive/dirty_12_10.jpg,train,dirty_positive,dirty_positive,true_positive,0.99665898,0.20,0.79665898,0.64767683,0.07844099,0.54117650,0.80784315,0.12387098,0.66809523,0.00467443,0.45008850,false,
12,12,dirty_positive/dirty_12_11.jpg,train,dirty_positive,dirty_positive,true_positive,0.99861180,0.20,0.79861180,0.65503144,0.07157590,0.56862748,0.80392158,0.11432855,0.67361546,0.00382023,0.39575195,false,
12,12,dirty_positive/dirty_12_12.jpg,train,dirty_positive,dirty_positive,true_positive,0.87830280,0.20,0.67830280,0.66865629,0.05604162,0.60392159,0.77254903,0.07942548,0.68088508,0.00214658,0.24223328,false,
12,12,dirty_positive/dirty_12_13.jpg,train,dirty_positive,dirty_positive,true_positive,0.97658343,0.20,0.77658343,0.64345944,0.07562837,0.54901963,0.78823531,0.14503145,0.66566265,0.00655233,0.49047852,false,
12,12,dirty_positive/dirty_12_14.jpg,train,dirty_positive,dirty_positive,true_positive,0.98062201,0.20,0.78062201,0.65993476,0.08012832,0.55686277,0.81568629,0.14540851,0.68239737,0.00753389,0.53804016,false,
12,12,dirty_positive/dirty_12_15.jpg,train,dirty_positive,dirty_positive,true_positive,0.97467911,0.20,0.77467911,0.62944710,0.07277657,0.53725493,0.76862746,0.14716008,0.65173113,0.00675565,0.49674988,false,
12,12,dirty_positive/dirty_12_16.jpg,train,dirty_positive,dirty_positive,true_positive,0.97729474,0.20,0.77729474,0.64652568,0.07887114,0.54901963,0.79607844,0.14989518,0.66957855,0.00708297,0.52023315,false,
12,12,dirty_positive/dirty_12_17.jpg,train,dirty_positive,dirty_positive,true_positive,0.67748164,0.20,0.47748164,0.68131703,0.09636267,0.52549022,0.85490197,0.13176906,0.70225209,0.00923430,0.67481995,false,
12,12,dirty_positive/dirty_12_18.jpg,train,dirty_positive,dirty_positive,true_positive,0.59701445,0.20,0.39701445,0.68937355,0.08847206,0.55294120,0.85098040,0.12000374,0.70854712,0.01016657,0.68055725,false,
12,12,dirty_positive/dirty_12_19.jpg,train,dirty_positive,dirty_positive,true_positive,0.51619249,0.20,0.31619249,0.65841722,0.09828991,0.50196081,0.84313726,0.13817744,0.67985457,0.00884586,0.64520264,false,
12,12,dirty_positive/dirty_12_20.jpg,train,dirty_positive,dirty_positive,true_positive,0.98103720,0.20,0.78103720,0.67517602,0.09014073,0.54901963,0.84705883,0.12707365,0.69558591,0.00746455,0.58549500,false,
12,12,dirty_positive/dirty_12_21.jpg,train,dirty_positive,dirty_positive,true_positive,0.97725680,0.20,0.77725680,0.62113237,0.07261533,0.52549022,0.75686276,0.15158358,0.64379239,0.00744221,0.51313782,false,
12,12,dirty_positive/dirty_12_22.jpg,train,dirty_positive,dirty_positive,true_positive,0.98285984,0.20,0.78285984,0.64127225,0.07328487,0.54901963,0.78431374,0.13574950,0.66186690,0.00635405,0.47047424,false,
12,12,dirty_positive/dirty_12_23.jpg,train,dirty_positive,dirty_positive,true_positive,0.71133762,0.20,0.51133762,0.62802088,0.07542153,0.52941179,0.77647060,0.13752832,0.64865947,0.00768323,0.52275085,false,
12,12,dirty_positive/dirty_12_24.jpg,train,dirty_positive,dirty_positive,true_positive,0.94831943,0.20,0.74831943,0.61690897,0.07497314,0.51764709,0.76078433,0.15697664,0.64039564,0.00758543,0.52232361,false,
12,12,dirty_positive/dirty_12_25.jpg,train,dirty_positive,dirty_positive,true_positive,0.98298963,0.20,0.78298963,0.63147986,0.07720915,0.50196081,0.77254903,0.13395375,0.65384340,0.00478863,0.47257996,false,
12,12,dirty_positive/dirty_12_26.jpg,train,dirty_positive,dirty_positive,true_positive,0.97168669,0.20,0.77168669,0.62821007,0.08366247,0.49803922,0.78039217,0.14102623,0.65158498,0.00539266,0.50975037,false,
12,12,dirty_positive/dirty_12_27.jpg,train,dirty_positive,dirty_positive,true_positive,0.96302575,0.20,0.76302575,0.62696970,0.08951896,0.49803922,0.80000001,0.13806140,0.64904130,0.00614193,0.52705383,false,
12,12,dirty_positive/dirty_12_28.jpg,train,dirty_positive,dirty_positive,true_positive,0.98764324,0.20,0.78764324,0.64102155,0.08234565,0.50980395,0.80392158,0.12768431,0.66203266,0.00527172,0.48257446,false,
12,12,dirty_positive/dirty_12_29.jpg,train,dirty_positive,dirty_positive,true_positive,0.95009621,0.20,0.75009621,0.59905225,0.07161333,0.50588238,0.73333335,0.17018571,0.62377715,0.00749037,0.51528931,false,
12,12,dirty_positive/dirty_12_30.jpg,train,dirty_positive,dirty_positive,true_positive,0.93130969,0.20,0.73130969,0.59224492,0.07013832,0.49803922,0.72156864,0.16873907,0.61649120,0.00737438,0.50436401,false,
12,12,dirty_positive/dirty_12_31.jpg,train,dirty_positive,dirty_positive,true_positive,0.97366671,0.20,0.77366671,0.61770451,0.08099610,0.52156866,0.77647060,0.17352182,0.64330637,0.00806105,0.54679871,false,
12,12,dirty_positive/dirty_12_32.jpg,train,dirty_positive,dirty_positive,true_positive,0.88417801,0.20,0.68417801,0.59167916,0.07229569,0.49803922,0.72549021,0.16660254,0.61563170,0.00787417,0.52160645,false,
12,12,dirty_positive/dirty_12_33.jpg,train,dirty_positive,dirty_positive,true_positive,0.87668599,0.20,0.67668599,0.63607514,0.09149265,0.49803922,0.81176472,0.13586894,0.65780193,0.00621119,0.54333496,false,
12,12,dirty_positive/dirty_12_34.jpg,train,dirty_positive,dirty_positive,true_positive,0.94628822,0.20,0.74628822,0.65056551,0.09079656,0.50980395,0.82352942,0.13341436,0.67206061,0.00656083,0.56506348,false,
12,12,dirty_positive/dirty_12_35.jpg,train,dirty_positive,dirty_positive,true_positive,0.84641967,0.20,0.64641967,0.62795353,0.09559789,0.49803922,0.81176472,0.14421357,0.65019262,0.00725553,0.57246399,false,
12,12,dirty_positive/dirty_12_36.jpg,train,dirty_positive,dirty_positive,true_positive,0.96005636,0.20,0.76005636,0.62580562,0.09018498,0.49803922,0.80000001,0.13953350,0.64801168,0.00634061,0.53750610,false,
12,12,dirty_positive/dirty_12_37.jpg,train,dirty_positive,dirty_positive,true_positive,0.98978903,0.20,0.78978903,0.66476905,0.08573616,0.56078434,0.83529413,0.14677489,0.68669552,0.00955462,0.59828186,false,
12,12,dirty_positive/dirty_12_38.jpg,train,dirty_positive,dirty_positive,true_positive,0.97927136,0.20,0.77927136,0.65727121,0.08849493,0.54901963,0.83137256,0.15526047,0.68084049,0.00935832,0.61282349,false,
12,12,dirty_positive/dirty_12_39.jpg,train,dirty_positive,dirty_positive,true_positive,0.99065439,0.20,0.79065439,0.66312444,0.08335617,0.56078434,0.82745099,0.14752427,0.68498337,0.00959249,0.60188293,false,
12,12,dirty_positive/dirty_12_40.jpg,train,dirty_positive,dirty_positive,true_positive,0.97697394,0.20,0.77697394,0.64393055,0.08802483,0.54117650,0.81568629,0.16036713,0.66820341,0.00872884,0.59403992,false,
12,12,dirty_positive/dirty_12_41.jpg,train,dirty_positive,dirty_positive,true_positive,0.87715115,0.20,0.67715115,0.69623917,0.07820772,0.58823532,0.85098040,0.10820972,0.71169758,0.00774550,0.56178284,false,
12,12,dirty_positive/dirty_12_42.jpg,train,dirty_positive,dirty_positive,true_positive,0.32696858,0.20,0.12696858,0.70369720,0.07079818,0.60392159,0.83921570,0.10592191,0.71938825,0.00601318,0.53330994,false,
12,12,dirty_positive/dirty_12_43.jpg,train,dirty_positive,dirty_positive,true_positive,0.50197977,0.20,0.30197977,0.69572210,0.07611600,0.58823532,0.84705883,0.10047734,0.70960808,0.00674964,0.53273010,false,
12,12,dirty_positive/dirty_12_44.jpg,train,dirty_positive,dirty_positive,true_positive,0.99021888,0.20,0.79021888,0.68186802,0.07961874,0.58039218,0.84313726,0.12517653,0.70010489,0.00939869,0.60360718,false,
12,12,dirty_positive/dirty_12_45.jpg,train,dirty_positive,dirty_positive,true_positive,0.97466839,0.20,0.77466839,0.63339007,0.08913261,0.53333336,0.81568629,0.17887993,0.65991586,0.00910926,0.58625793,false,
12,12,dirty_positive/dirty_12_46.jpg,train,dirty_positive,dirty_positive,true_positive,0.97002515,0.20,0.77002515,0.64629763,0.08786215,0.53725493,0.81960785,0.16868013,0.67144006,0.00912524,0.59523010,false,
12,12,dirty_positive/dirty_12_47.jpg,train,dirty_positive,dirty_positive,true_positive,0.98289542,0.20,0.78289542,0.62142497,0.08702837,0.52941179,0.80392158,0.18438920,0.64852786,0.00845312,0.55282593,false,
12,12,dirty_positive/dirty_12_48.jpg,train,dirty_positive,dirty_positive,true_positive,0.97583571,0.20,0.77583571,0.63462925,0.08873924,0.53333336,0.81568629,0.17754841,0.66087890,0.01015484,0.59140015,false,
12,12,dirty_positive/dirty_12_49.jpg,train,dirty_positive,dirty_positive,true_positive,0.97385432,0.20,0.77385432,0.58503067,0.07487959,0.48627451,0.72549021,0.20319346,0.61506057,0.00743782,0.55587769,false,
12,12,dirty_positive/dirty_12_50.jpg,train,dirty_positive,dirty_positive,true_positive,0.98051505,0.20,0.78051505,0.59007764,0.07883393,0.48627451,0.74117649,0.20793110,0.62126184,0.00782975,0.59373474,false,
12,12,dirty_positive/dirty_12_51.jpg,train,dirty_positive,dirty_positive,true_positive,0.95809850,0.20,0.75809850,0.59141070,0.08189552,0.48627451,0.74509805,0.21036631,0.62328863,0.00744148,0.60662842,false,
12,12,dirty_positive/dirty_12_52.jpg,train,dirty_positive,dirty_positive,true_positive,0.93869887,0.20,0.73869887,0.58771884,0.07604171,0.48627451,0.72941178,0.19383410,0.61655462,0.00721439,0.55815125,false,
12,12,dirty_positive/dirty_12_53.jpg,train,dirty_positive,dirty_positive,true_positive,0.96537795,0.20,0.76537795,0.66921651,0.07876605,0.56470591,0.82352942,0.12470584,0.68729162,0.01040636,0.59060669,false,
12,12,dirty_positive/dirty_12_54.jpg,train,dirty_positive,dirty_positive,true_positive,0.97864237,0.20,0.77864237,0.65364277,0.08248483,0.54901963,0.81568629,0.14976509,0.67554885,0.01091196,0.61132812,false,
12,12,dirty_positive/dirty_12_55.jpg,train,dirty_positive,dirty_positive,true_positive,0.98411880,0.20,0.78411880,0.67253041,0.07533143,0.56862748,0.81176472,0.12434777,0.69139278,0.00848167,0.55165100,false,
12,12,dirty_positive/dirty_12_56.jpg,train,dirty_positive,dirty_positive,true_positive,0.97906511,0.20,0.77906511,0.67486596,0.08163314,0.57254905,0.83529413,0.12463374,0.69277620,0.01064771,0.61546326,false,
12,12,dirty_positive/dirty_12_57.jpg,train,dirty_positive,dirty_positive,true_positive,0.95810980,0.20,0.75810980,0.58106297,0.06114104,0.51372552,0.69803923,0.19644982,0.60910207,0.00865219,0.43847656,false,
12,12,dirty_positive/dirty_12_58.jpg,train,dirty_positive,dirty_positive,true_positive,0.96315919,0.20,0.76315919,0.57423258,0.06281520,0.49019608,0.69019610,0.19417672,0.60179359,0.00827471,0.43298340,false,
12,12,dirty_positive/dirty_12_59.jpg,train,dirty_positive,dirty_positive,true_positive,0.98860792,0.20,0.78860792,0.58310473,0.06274140,0.51764709,0.70980394,0.19175172,0.61017388,0.00743431,0.41270447,false,
12,12,dirty_positive/dirty_12_60.jpg,train,dirty_positive,dirty_positive,true_positive,0.97525138,0.20,0.77525138,0.57319117,0.06071906,0.49019608,0.68627453,0.19037057,0.59985697,0.00725208,0.40713501,false,
12,12,dirty_positive/dirty_12_61.jpg,train,dirty_positive,dirty_positive,true_positive,0.95261706,0.20,0.75261706,0.59490675,0.08437286,0.47843137,0.74901962,0.21286812,0.62817973,0.00612040,0.61344910,false,
12,12,dirty_positive/dirty_12_62.jpg,train,dirty_positive,dirty_positive,true_positive,0.54074443,0.20,0.34074443,0.58566940,0.08121457,0.47450981,0.73333335,0.21568054,0.61959356,0.00556672,0.57542419,false,
12,12,dirty_positive/dirty_12_63.jpg,train,dirty_positive,dirty_positive,true_positive,0.62492405,0.20,0.42492405,0.59354103,0.08315021,0.48235294,0.74117649,0.19383343,0.62352717,0.00631541,0.57885742,false,
12,12,dirty_positive/dirty_12_64.jpg,train,dirty_positive,dirty_positive,true_positive,0.94880841,0.20,0.74880841,0.59408134,0.08182438,0.48235294,0.74117649,0.20261544,0.62499267,0.00615638,0.57910156,false,
12,12,dirty_positive/dirty_12_65.jpg,train,dirty_positive,dirty_positive,true_positive,0.71511363,0.20,0.51511363,0.67056787,0.07589880,0.56470591,0.81176472,0.12723707,0.68987739,0.00895020,0.55871582,false,
12,12,dirty_positive/dirty_12_66.jpg,train,dirty_positive,dirty_positive,true_positive,0.80135037,0.20,0.60135037,0.70008206,0.08124625,0.58039218,0.85098040,0.10096268,0.71596885,0.00783997,0.57086182,false,
12,12,dirty_positive/dirty_12_67.jpg,train,dirty_positive,dirty_positive,true_positive,0.80340169,0.20,0.60340169,0.65924871,0.07588837,0.55686277,0.80000001,0.14169732,0.68081176,0.00941323,0.58110046,false,
12,12,dirty_positive/dirty_12_68.jpg,train,dirty_positive,dirty_positive,true_positive,0.64471519,0.20,0.44471519,0.67728341,0.07594559,0.56862748,0.81176472,0.12114372,0.69601476,0.00798956,0.55320740,false,
12,12,dirty_positive/dirty_12_69.jpg,train,dirty_positive,dirty_positive,true_positive,0.95438569,0.20,0.75438569,0.57191050,0.08883058,0.45882353,0.73725492,0.24045657,0.60985744,0.00533500,0.58497620,false,
12,12,dirty_positive/dirty_12_70.jpg,train,dirty_positive,dirty_positive,true_positive,0.81763807,0.20,0.61763807,0.55873477,0.08894965,0.45490196,0.72941178,0.25083905,0.59773701,0.00500166,0.55937195,false,
12,12,dirty_positive/dirty_12_71.jpg,train,dirty_positive,dirty_positive,true_positive,0.94851559,0.20,0.74851559,0.54913878,0.08706440,0.45098040,0.72156864,0.25486636,0.58848941,0.00452909,0.52185059,false,
12,12,dirty_positive/dirty_12_72.jpg,train,dirty_positive,dirty_positive,true_positive,0.94891221,0.20,0.74891221,0.59003055,0.08187882,0.47843137,0.73725492,0.21759465,0.62414664,0.00575127,0.60050964,false,
12,12,dirty_positive/dirty_12_73.jpg,train,dirty_positive,dirty_positive,true_positive,0.76399765,0.20,0.56399765,0.73570025,0.07559558,0.62745100,0.87450981,0.06545243,0.74722981,0.00707805,0.57705688,false,
12,12,dirty_positive/dirty_12_74.jpg,train,dirty_positive,dirty_positive,true_positive,0.85070907,0.20,0.65070907,0.73418051,0.07647746,0.62352943,0.87058824,0.06830193,0.74611485,0.00710747,0.57302856,false,
12,12,dirty_positive/dirty_12_75.jpg,train,dirty_positive,dirty_positive,true_positive,0.98897995,0.20,0.78897995,0.70192283,0.08483417,0.58039218,0.85490197,0.10029154,0.71740764,0.00740512,0.55520630,false,
12,12,dirty_positive/dirty_12_76.jpg,train,dirty_positive,dirty_positive,true_positive,0.80416662,0.20,0.60416662,0.73005676,0.07783669,0.61568630,0.87058824,0.07342985,0.74222767,0.00732336,0.58543396,false,
12,12,dirty_positive/dirty_12_77.jpg,train,dirty_positive,dirty_positive,true_positive,0.73743675,0.20,0.53743675,0.67682022,0.07729879,0.56862748,0.81568629,0.11885502,0.69508708,0.00763645,0.54498291,false,
12,12,dirty_positive/dirty_12_78.jpg,train,dirty_positive,dirty_positive,true_positive,0.98233352,0.20,0.78233352,0.64545894,0.07277656,0.55294120,0.78039217,0.14677814,0.66741282,0.00866847,0.55180359,false,
12,12,dirty_positive/dirty_12_79.jpg,train,dirty_positive,dirty_positive,true_positive,0.75030910,0.20,0.55030910,0.66113424,0.07467106,0.56078434,0.79607844,0.13339821,0.68154198,0.00811024,0.55015564,false,
12,12,dirty_positive/dirty_12_80.jpg,train,dirty_positive,dirty_positive,true_positive,0.98184677,0.20,0.78184677,0.65281141,0.07625055,0.55294120,0.79607844,0.14833938,0.67519009,0.00944808,0.58401489,false,
12,12,dirty_positive/dirty_12_81.jpg,train,dirty_positive,dirty_positive,true_positive,0.91364085,0.20,0.71364085,0.58236468,0.06919265,0.49411765,0.70980394,0.19048488,0.60970151,0.01164957,0.56388855,false,
12,12,dirty_positive/dirty_12_82.jpg,train,dirty_positive,dirty_positive,true_positive,0.95669779,0.20,0.75669779,0.58264017,0.07006884,0.49411765,0.71372551,0.18986064,0.60998333,0.01193060,0.57057190,false,
12,12,dirty_positive/dirty_12_83.jpg,train,dirty_positive,dirty_positive,true_positive,0.97677451,0.20,0.77677451,0.58158648,0.06856633,0.49411765,0.70980394,0.19248898,0.60923076,0.01137018,0.55969238,false,
12,12,dirty_positive/dirty_12_84.jpg,train,dirty_positive,dirty_positive,true_positive,0.97335695,0.20,0.77335695,0.58171976,0.07080888,0.49019608,0.71372551,0.19191980,0.60928875,0.01200787,0.58004761,false,
12,12,dirty_positive/dirty_12_85.jpg,train,dirty_positive,dirty_positive,true_positive,0.98389584,0.20,0.78389584,0.63947070,0.07239477,0.54901963,0.77254903,0.15256679,0.66216677,0.00872862,0.55192566,false,
12,12,dirty_positive/dirty_12_86.jpg,train,dirty_positive,dirty_positive,true_positive,0.87942062,0.20,0.67942062,0.63488448,0.06666536,0.55294120,0.75294119,0.15323733,0.65759254,0.00784250,0.53413391,false,
12,12,dirty_positive/dirty_12_87.jpg,train,dirty_positive,dirty_positive,true_positive,0.92690880,0.20,0.72690880,0.62393427,0.06475800,0.54509807,0.74117649,0.16228472,0.64768648,0.00823050,0.53318787,false,
12,12,dirty_positive/dirty_12_88.jpg,train,dirty_positive,dirty_positive,true_positive,0.90051415,0.20,0.70051415,0.62826741,0.07120957,0.54117650,0.76470590,0.16505697,0.65254939,0.00940340,0.56622314,false,
12,12,dirty_positive/dirty_12_89.jpg,train,dirty_positive,dirty_positive,true_positive,0.99388404,0.20,0.79388404,0.60145277,0.06239812,0.52549022,0.71372551,0.18608892,0.62847394,0.00991196,0.54777527,false,
12,12,dirty_positive/dirty_12_90.jpg,train,dirty_positive,dirty_positive,true_positive,0.98509346,0.20,0.78509346,0.60195005,0.06736699,0.52549022,0.72941178,0.19458273,0.63048089,0.01010987,0.54859924,false,
12,12,dirty_positive/dirty_12_91.jpg,train,dirty_positive,dirty_positive,true_positive,0.96070020,0.20,0.76070020,0.59214556,0.06416588,0.50588238,0.70588237,0.18293560,0.61839205,0.01066534,0.55796814,false,
12,12,dirty_positive/dirty_12_92.jpg,train,dirty_positive,dirty_positive,true_positive,0.97707800,0.20,0.77707800,0.59694576,0.06550477,0.52156866,0.71764708,0.19534877,0.62544596,0.01030335,0.54774475,false,
12,12,dirty_positive/dirty_12_93.jpg,train,dirty_positive,dirty_positive,true_positive,0.86427650,0.20,0.66427650,0.55462122,0.08859023,0.45490196,0.73333335,0.25394702,0.59373343,0.00503433,0.54573059,false,
12,12,dirty_positive/dirty_12_94.jpg,train,dirty_positive,dirty_positive,true_positive,0.81288146,0.20,0.61288146,0.56141496,0.08926721,0.45490196,0.72941178,0.24923587,0.60015279,0.00511244,0.56771851,false,
12,12,dirty_positive/dirty_12_95.jpg,train,dirty_positive,dirty_positive,true_positive,0.72102735,0.20,0.52102735,0.55918550,0.08964616,0.45490196,0.72941178,0.25093600,0.59813291,0.00500478,0.55735779,false,
12,12,dirty_positive/dirty_12_96.jpg,train,dirty_positive,dirty_positive,true_positive,0.85047210,0.20,0.65047210,0.53458655,0.08018054,0.44705883,0.70196080,0.24526405,0.57151449,0.00482156,0.47938538,false,
12,12,dirty_positive/dirty_12_97.jpg,train,dirty_positive,dirty_positive,true_positive,0.83363711,0.20,0.63363711,0.64292455,0.06834143,0.55686277,0.76470590,0.14741486,0.66465008,0.00757152,0.53794861,false,
12,12,dirty_positive/dirty_12_98.jpg,train,dirty_positive,dirty_positive,true_positive,0.99074115,0.20,0.79074115,0.64464098,0.06680016,0.55686277,0.76470590,0.14199644,0.66522646,0.00685527,0.52085876,false,
12,12,dirty_positive/dirty_12_99.jpg,train,dirty_positive,dirty_positive,true_positive,0.86330637,0.20,0.66330637,0.64890420,0.07093470,0.55686277,0.77647060,0.14351717,0.67024201,0.00770291,0.54235840,false,
12,12,dirty_positive/dirty_12_100.jpg,train,dirty_positive,dirty_positive,true_positive,0.98696547,0.20,0.78696547,0.64043826,0.06767617,0.55686277,0.76078433,0.14863521,0.66236639,0.00751106,0.53689575,false,
12,12,dirty_positive/dirty_12_101.jpg,train,dirty_positive,dirty_positive,true_positive,0.70825754,0.20,0.50825754,0.53405440,0.08038256,0.44705883,0.70196080,0.24023469,0.56996739,0.00490757,0.47178650,false,
12,12,dirty_positive/dirty_12_102.jpg,train,dirty_positive,dirty_positive,true_positive,0.90451342,0.20,0.70451342,0.54943913,0.08660012,0.45098040,0.72549021,0.25297290,0.58794582,0.00513116,0.54148865,false,
12,12,dirty_positive/dirty_12_103.jpg,train,dirty_positive,dirty_positive,true_positive,0.76008182,0.20,0.56008182,0.53509879,0.08112141,0.44313726,0.70588237,0.24190214,0.57135564,0.00496584,0.47819519,false,
12,12,dirty_positive/dirty_12_104.jpg,train,dirty_positive,dirty_positive,true_positive,0.83492118,0.20,0.63492118,0.55728447,0.09196436,0.44705883,0.74117649,0.24665068,0.59470791,0.00607636,0.57156372,false,
12,12,dirty_positive/dirty_12_105.jpg,train,dirty_positive,dirty_positive,true_positive,0.99193130,0.20,0.79193130,0.65990216,0.07384063,0.56470591,0.80000001,0.13164398,0.67894000,0.00682792,0.52958679,false,
12,12,dirty_positive/dirty_12_106.jpg,train,dirty_positive,dirty_positive,true_positive,0.73562160,0.20,0.53562160,0.66250694,0.07661143,0.56470591,0.80392158,0.13218170,0.68203074,0.00739882,0.54254150,false,
12,12,dirty_positive/dirty_12_107.jpg,train,dirty_positive,dirty_positive,true_positive,0.78092704,0.20,0.58092704,0.69181794,0.08770104,0.58039218,0.85882354,0.11350822,0.70823157,0.00636465,0.55526733,false,
12,12,dirty_positive/dirty_12_108.jpg,train,dirty_positive,dirty_positive,true_positive,0.99023277,0.20,0.79023277,0.65088153,0.06942002,0.56078434,0.78039217,0.13851067,0.67095870,0.00652785,0.52381897,false,
12,12,dirty_positive/dirty_12_109.jpg,train,dirty_positive,dirty_positive,true_positive,0.95991303,0.20,0.75991303,0.61335522,0.06005720,0.53725493,0.71764708,0.16014478,0.63648975,0.00892011,0.54541016,false,
12,12,dirty_positive/dirty_12_110.jpg,train,dirty_positive,dirty_positive,true_positive,0.92574322,0.20,0.72574322,0.62256277,0.06239285,0.54509807,0.73333335,0.15881976,0.64570868,0.00772439,0.52197266,false,
12,12,dirty_positive/dirty_12_111.jpg,train,dirty_positive,dirty_positive,true_positive,0.88496213,0.20,0.68496213,0.63179404,0.06439775,0.54901963,0.74901962,0.15140058,0.65400821,0.00728245,0.51683044,false,
12,12,dirty_positive/dirty_12_112.jpg,train,dirty_positive,dirty_positive,true_positive,0.25750242,0.20,0.05750242,0.59427863,0.06525516,0.50196081,0.70980394,0.16187890,0.61684793,0.00854136,0.53440857,false,
12,12,dirty_positive/dirty_12_113.jpg,train,dirty_positive,dirty_positive,true_positive,0.53272594,0.20,0.33272594,0.59314603,0.11005684,0.45098040,0.80490196,0.20260513,0.62289071,0.01042077,0.65708923,false,
12,12,dirty_positive/dirty_12_114.jpg,train,dirty_positive,dirty_positive,true_positive,0.79232269,0.20,0.59232269,0.58950925,0.10942258,0.44705883,0.80392158,0.22162123,0.62293684,0.00883264,0.64518738,false,
12,12,dirty_positive/dirty_12_115.jpg,train,dirty_positive,dirty_positive,true_positive,0.41452439,0.20,0.21452439,0.59083486,0.11051743,0.45098040,0.80392158,0.20506467,0.62100524,0.01054872,0.66506958,false,
12,12,dirty_positive/dirty_12_116.jpg,train,dirty_positive,dirty_positive,true_positive,0.81549573,0.20,0.61549573,0.60394722,0.10669865,0.45882353,0.80784315,0.20929590,0.63569611,0.00996437,0.67550659,false,
12,12,dirty_positive/dirty_12_117.jpg,train,dirty_positive,dirty_positive,true_positive,0.94005847,0.20,0.74005847,0.70434213,0.09035857,0.58431375,0.87058824,0.10585896,0.71984935,0.00662076,0.57376099,false,
12,12,dirty_positive/dirty_12_118.jpg,train,dirty_positive,dirty_positive,true_positive,0.89305190,0.20,0.69305190,0.72786689,0.08723208,0.60784316,0.88627452,0.08870982,0.74223936,0.00713627,0.60406494,false,
12,12,dirty_positive/dirty_12_119.jpg,train,dirty_positive,dirty_positive,true_positive,0.97598831,0.20,0.77598831,0.73068130,0.08524396,0.61176473,0.88627452,0.08434922,0.74494302,0.00734023,0.60638428,false,
12,12,dirty_positive/dirty_12_120.jpg,train,dirty_positive,dirty_positive,true_positive,0.79936639,0.20,0.59936639,0.67155886,0.08114301,0.56862748,0.82745099,0.12404852,0.68934602,0.00673800,0.54014587,false,
12,12,dirty_positive/dirty_12_121.jpg,train,dirty_positive,dirty_positive,true_positive,0.46341969,0.20,0.26341969,0.56400156,0.06978223,0.48235294,0.69411767,0.17813614,0.58826184,0.01052008,0.58013916,false,
12,12,dirty_positive/dirty_12_122.jpg,train,dirty_positive,dirty_positive,true_positive,0.99798918,0.20,0.79798918,0.56791925,0.06724193,0.48627451,0.69411767,0.18095507,0.59263945,0.00857275,0.55439758,false,
12,12,dirty_positive/dirty_12_123.jpg,train,dirty_positive,dirty_positive,true_positive,0.47254070,0.20,0.27254070,0.55230445,0.07097663,0.46274510,0.68627453,0.18643017,0.57753009,0.01065606,0.56613159,false,
12,12,dirty_positive/dirty_12_124.jpg,train,dirty_positive,dirty_positive,true_positive,0.59088592,0.20,0.39088592,0.57280725,0.07248180,0.48235294,0.70588237,0.18411794,0.59869558,0.01182339,0.61563110,false,
12,12,dirty_positive/dirty_12_125.jpg,train,dirty_positive,dirty_positive,true_positive,0.99725464,0.20,0.79725464,0.71331275,0.08313604,0.59607846,0.86274511,0.10420126,0.72952569,0.00606218,0.57679749,false,
12,12,dirty_positive/dirty_12_126.jpg,train,dirty_positive,dirty_positive,true_positive,0.95231797,0.20,0.75231797,0.72671849,0.08042610,0.61568630,0.87450981,0.09129466,0.74261039,0.00609598,0.57879639,false,
12,12,dirty_positive/dirty_12_127.jpg,train,dirty_positive,dirty_positive,true_positive,0.94808275,0.20,0.74808275,0.72609133,0.08069322,0.61568630,0.87843138,0.09197603,0.74216431,0.00610228,0.57939148,false,
12,12,dirty_positive/dirty_12_128.jpg,train,dirty_positive,dirty_positive,true_positive,0.95111343,0.20,0.75111343,0.69994092,0.08275893,0.58431375,0.85098040,0.11630088,0.71832055,0.00548648,0.55580139,false,
12,12,dirty_positive/dirty_12_129.jpg,train,dirty_positive,dirty_positive,true_positive,0.64409762,0.20,0.44409762,0.62651336,0.06967355,0.52941179,0.74901962,0.16498116,0.65152776,0.00515140,0.49421692,false,
12,12,dirty_positive/dirty_12_130.jpg,train,dirty_positive,dirty_positive,true_positive,0.60952354,0.20,0.40952354,0.60373688,0.06392320,0.51372552,0.70980394,0.17361954,0.62940037,0.00636727,0.51144409,false,
12,12,dirty_positive/dirty_12_131.jpg,train,dirty_positive,dirty_positive,true_positive,0.39148737,0.20,0.19148737,0.59804022,0.06600881,0.49803922,0.70588237,0.17732982,0.62432241,0.00576745,0.49171448,false,
12,12,dirty_positive/dirty_12_132.jpg,train,dirty_positive,dirty_positive,true_positive,0.81682465,0.20,0.61682465,0.64317262,0.07077348,0.54509807,0.76862746,0.15412797,0.66641217,0.00573103,0.51107788,false,
12,12,dirty_positive/dirty_12_133.jpg,train,dirty_positive,dirty_positive,true_positive,0.99761347,0.20,0.79761347,0.55067730,0.06741190,0.46666667,0.67450982,0.19039123,0.57649827,0.00769355,0.52047729,false,
12,12,dirty_positive/dirty_12_134.jpg,train,dirty_positive,dirty_positive,true_positive,0.99650694,0.20,0.79650694,0.55132765,0.06505064,0.47450981,0.67058825,0.18911782,0.57692087,0.00810653,0.53273010,false,
12,12,dirty_positive/dirty_12_135.jpg,train,dirty_positive,dirty_positive,true_positive,0.98783683,0.20,0.78783683,0.53916240,0.06405768,0.45490196,0.65098041,0.19017167,0.56446445,0.00760935,0.51838684,false,
12,12,dirty_positive/dirty_12_136.jpg,train,dirty_positive,dirty_positive,true_positive,0.99638628,0.20,0.79638628,0.56584883,0.06660041,0.48627451,0.69019610,0.18595786,0.59144360,0.00782350,0.53317261,false,
12,12,dirty_positive/dirty_12_137.jpg,train,dirty_positive,dirty_positive,true_positive,0.99171845,0.20,0.79171845,0.52569544,0.06313032,0.44705883,0.63921571,0.19370843,0.55114448,0.00752437,0.50764465,false,
12,12,dirty_positive/dirty_12_138.jpg,train,dirty_positive,dirty_positive,true_positive,0.99062498,0.20,0.79062498,0.52315509,0.06444930,0.44313726,0.63921571,0.19633406,0.54898286,0.00770800,0.51889038,false,
12,12,dirty_positive/dirty_12_139.jpg,train,dirty_positive,dirty_positive,true_positive,0.98353016,0.20,0.78353016,0.52932191,0.06278975,0.44705883,0.64313728,0.19274001,0.55454695,0.00746492,0.50813293,false,
12,12,dirty_positive/dirty_12_140.jpg,train,dirty_positive,dirty_positive,true_positive,0.98879145,0.20,0.78879145,0.51520979,0.06613614,0.43529412,0.63529414,0.20004585,0.54177129,0.00804534,0.52223206,false,
12,12,dirty_positive/dirty_12_141.jpg,train,dirty_positive,dirty_positive,true_positive,0.84620388,0.20,0.64620388,0.69260073,0.08808370,0.57254905,0.85882354,0.11399723,0.71293938,0.00621558,0.57341003,false,
12,12,dirty_positive/dirty_12_142.jpg,train,dirty_positive,dirty_positive,true_positive,0.81108637,0.20,0.61108637,0.69733435,0.08802575,0.57254905,0.85882354,0.11883935,0.71727139,0.00552151,0.55928040,false,
12,12,dirty_positive/dirty_12_143.jpg,train,dirty_positive,dirty_positive,true_positive,0.80705222,0.20,0.60705222,0.68375343,0.08576725,0.56470591,0.83921570,0.13012385,0.70508045,0.00520849,0.54530334,false,
12,12,dirty_positive/dirty_12_144.jpg,train,dirty_positive,dirty_positive,true_positive,0.92608847,0.20,0.72608847,0.70113039,0.08732080,0.57647061,0.86274511,0.11098544,0.72079659,0.00599112,0.56390381,false,
12,12,dirty_positive/dirty_12_145.jpg,train,dirty_positive,dirty_positive,true_positive,0.98833173,0.20,0.78833173,0.52092439,0.06415103,0.44313726,0.63529414,0.19845787,0.54752654,0.00617550,0.44639587,false,
12,12,dirty_positive/dirty_12_146.jpg,train,dirty_positive,dirty_positive,true_positive,0.97696160,0.20,0.77696160,0.50735581,0.06058011,0.43529412,0.61568630,0.19147448,0.53278762,0.00572702,0.43666077,false,
12,12,dirty_positive/dirty_12_147.jpg,train,dirty_positive,dirty_positive,true_positive,0.99667460,0.20,0.79667460,0.53716695,0.06406949,0.45882353,0.65098041,0.19347487,0.56319708,0.00718591,0.49336243,false,
12,12,dirty_positive/dirty_12_148.jpg,train,dirty_positive,dirty_positive,true_positive,0.98491103,0.20,0.78491103,0.51859868,0.06331404,0.44313726,0.63137257,0.18337804,0.54318881,0.00599195,0.42956543,false,
12,12,dirty_positive/dirty_12_149.jpg,train,dirty_positive,dirty_positive,true_positive,0.88420409,0.20,0.68420409,0.66996568,0.08824708,0.56470591,0.84313726,0.11712904,0.69201517,0.00613989,0.53994751,false,
12,12,dirty_positive/dirty_12_150.jpg,train,dirty_positive,dirty_positive,true_positive,0.88322836,0.20,0.68322836,0.65313923,0.08779795,0.56078434,0.83921570,0.11823767,0.67756748,0.00731494,0.53015137,false,
12,12,dirty_positive/dirty_12_151.jpg,train,dirty_positive,dirty_positive,true_positive,0.68698470,0.20,0.48698470,0.66423911,0.08903341,0.56470591,0.84313726,0.11837129,0.68682992,0.00688279,0.54800415,false,
12,12,dirty_positive/dirty_12_152.jpg,train,dirty_positive,dirty_positive,true_positive,0.91362594,0.20,0.71362594,0.68939102,0.08861151,0.57254905,0.85490197,0.11936216,0.70996165,0.00606659,0.57623291,false,
12,12,dirty_positive/dirty_12_153.jpg,train,dirty_positive,dirty_positive,true_positive,0.72805511,0.20,0.52805511,0.55667686,0.05860966,0.46666667,0.64705884,0.13295463,0.57841742,0.00451862,0.33522034,false,
12,12,dirty_positive/dirty_12_154.jpg,train,dirty_positive,dirty_positive,true_positive,0.66218363,0.20,0.46218363,0.56166208,0.05439816,0.47450981,0.63921571,0.11896998,0.58369029,0.00377159,0.28497314,false,
12,12,dirty_positive/dirty_12_155.jpg,train,dirty_positive,dirty_positive,true_positive,0.92728112,0.20,0.72728112,0.55108744,0.06165768,0.46274510,0.65098041,0.15746556,0.57426929,0.00540220,0.39794922,false,
12,12,dirty_positive/dirty_12_156.jpg,train,dirty_positive,dirty_positive,true_positive,0.88359689,0.20,0.68359689,0.57269955,0.05023159,0.49803922,0.65098041,0.10970716,0.59664917,0.00369249,0.28033447,false,
13,13,clean_negative/clean_13_1.jpg,test,clean_negative,clean_negative,true_negative,0.00949415,0.55,0.54050585,0.72254318,0.01523196,0.70196080,0.74117649,0.00256497,0.72376215,0.00062978,0.00595093,false,
13,13,clean_negative/clean_13_2.jpg,test,clean_negative,clean_negative,true_negative,0.01069041,0.55,0.53930959,0.72185087,0.01536776,0.70196080,0.74117649,0.00260578,0.72274947,0.00065999,0.00927734,false,
13,13,clean_negative/clean_13_3.jpg,test,clean_negative,clean_negative,true_negative,0.01385006,0.55,0.53614994,0.72385764,0.01962444,0.70588237,0.74509805,0.00356966,0.72457683,0.00076015,0.02546692,false,
13,13,clean_negative/clean_13_4.jpg,test,clean_negative,clean_negative,true_negative,0.03516325,0.55,0.51483675,0.72570950,0.02069897,0.70588237,0.74901962,0.00615240,0.72678494,0.00085170,0.03967285,false,
13,13,clean_negative/clean_13_5.jpg,test,clean_negative,clean_negative,true_negative,0.07362971,0.55,0.47637029,0.72784281,0.02093625,0.70980394,0.75294119,0.00813898,0.72914559,0.00089038,0.04664612,false,
13,13,clean_negative/clean_13_6.jpg,test,clean_negative,clean_negative,true_negative,0.09910951,0.55,0.45089049,0.73075587,0.02107417,0.70980394,0.75686276,0.00931630,0.73213851,0.00092056,0.04876709,false,
13,13,clean_negative/clean_13_7.jpg,test,clean_negative,clean_negative,true_negative,0.11303274,0.55,0.43696726,0.73267961,0.02182782,0.70980394,0.76078433,0.01081764,0.73416841,0.00093633,0.05128479,false,
13,13,clean_negative/clean_13_8.jpg,test,clean_negative,clean_negative,true_negative,0.09198363,0.55,0.45801637,0.73236632,0.02225417,0.69803923,0.76078433,0.01176495,0.73395169,0.00086536,0.04223633,false,
13,13,clean_negative/clean_13_9.jpg,test,clean_negative,clean_negative,true_negative,0.07970065,0.55,0.47029935,0.73200762,0.02473334,0.69019610,0.76470590,0.01256427,0.73353291,0.00077429,0.03381348,false,
13,13,clean_negative/clean_13_10.jpg,test,clean_negative,clean_negative,true_negative,0.09221143,0.55,0.45778857,0.73284167,0.02808147,0.67843139,0.76862746,0.01354981,0.73435676,0.00074777,0.03633118,false,
13,13,clean_negative/clean_13_11.jpg,test,clean_negative,clean_negative,true_negative,0.12549065,0.55,0.42450935,0.73336673,0.03164354,0.67058825,0.77647060,0.01660288,0.73520088,0.00071888,0.04318237,false,
13,13,clean_negative/clean_13_12.jpg,test,clean_negative,clean_negative,true_negative,0.20976842,0.55,0.34023158,0.73553085,0.03457979,0.66666669,0.78039217,0.01942115,0.73766834,0.00075272,0.05772400,false,
13,13,clean_negative/clean_13_13.jpg,test,clean_negative,clean_negative,true_negative,0.31780915,0.55,0.23219085,0.73835027,0.03584420,0.66666669,0.78823531,0.02127404,0.74059486,0.00077004,0.06597900,false,
13,13,clean_negative/clean_13_14.jpg,test,clean_negative,clean_negative,true_negative,0.48758707,0.55,0.06241293,0.74197811,0.03538113,0.67058825,0.78823531,0.02182390,0.74417186,0.00079552,0.07522583,false,
13,13,clean_negative/clean_13_15.jpg,test,clean_negative,dirty_positive,false_positive,0.59694394,0.55,0.04694394,0.74550188,0.03392848,0.67843139,0.79215688,0.02145918,0.74756956,0.00080066,0.07775879,false,
13,13,clean_negative/clean_13_16.jpg,test,clean_negative,dirty_positive,false_positive,0.81823321,0.55,0.26823321,0.74870253,0.03163350,0.68627453,0.79215688,0.02018870,0.75059384,0.00080228,0.07951355,false,
13,13,clean_negative/clean_13_17.jpg,test,clean_negative,dirty_positive,false_positive,0.86557918,0.55,0.31557918,0.75124466,0.02939864,0.69803923,0.79607844,0.01869208,0.75295013,0.00079006,0.07615662,false,
13,13,clean_negative/clean_13_18.jpg,test,clean_negative,dirty_positive,false_positive,0.91839086,0.55,0.36839086,0.75387913,0.02699216,0.70588237,0.79607844,0.01696173,0.75539517,0.00079251,0.07614136,false,
13,13,clean_negative/clean_13_19.jpg,test,clean_negative,dirty_positive,false_positive,0.93227242,0.55,0.38227242,0.75581306,0.02571011,0.71372551,0.80000001,0.01619269,0.75724089,0.00079316,0.07405090,false,
13,13,clean_negative/clean_13_20.jpg,test,clean_negative,clean_negative,true_negative,0.00491600,0.55,0.54508400,0.71670169,0.01237606,0.69411767,0.73725492,0.00347733,0.71843874,0.00014963,0.00155640,false,
13,13,clean_negative/clean_13_21.jpg,test,clean_negative,clean_negative,true_negative,0.02601154,0.55,0.52398846,0.71781814,0.01741001,0.69411767,0.73725492,0.00471718,0.71922851,0.00033719,0.02137756,false,
13,13,clean_negative/clean_13_22.jpg,test,clean_negative,clean_negative,true_negative,0.03385472,0.55,0.51614528,0.72233647,0.02523008,0.69803923,0.76078433,0.00776283,0.72370571,0.00051315,0.05726624,false,
13,13,clean_negative/clean_13_23.jpg,test,clean_negative,clean_negative,true_negative,0.04556205,0.55,0.50443795,0.72709298,0.02971262,0.69803923,0.78431374,0.01361563,0.72932786,0.00082171,0.09388733,false,
13,13,clean_negative/clean_13_24.jpg,test,clean_negative,clean_negative,true_negative,0.09693140,0.55,0.45306860,0.73031545,0.03005423,0.70196080,0.78431374,0.02007195,0.73352307,0.00094419,0.11778259,false,
13,13,clean_negative/clean_13_25.jpg,test,clean_negative,clean_negative,true_negative,0.11833489,0.55,0.43166511,0.73389184,0.03037506,0.70588237,0.78823531,0.02567893,0.73797750,0.00105314,0.13790894,false,
13,13,clean_negative/clean_13_26.jpg,test,clean_negative,clean_negative,true_negative,0.14220600,0.55,0.40779400,0.73342061,0.03131593,0.69411767,0.78431374,0.03047378,0.73816037,0.00099844,0.14236450,false,
13,13,clean_negative/clean_13_27.jpg,test,clean_negative,clean_negative,true_negative,0.14532825,0.55,0.40467175,0.72784460,0.03330965,0.66666669,0.77254903,0.03343201,0.73305893,0.00084624,0.11856079,false,
13,13,clean_negative/clean_13_28.jpg,test,clean_negative,clean_negative,true_negative,0.05201768,0.55,0.49798232,0.72165346,0.03595213,0.64313728,0.76470590,0.03502838,0.72689867,0.00060277,0.09068298,false,
13,13,clean_negative/clean_13_29.jpg,test,clean_negative,clean_negative,true_negative,0.03445629,0.55,0.51554371,0.71717405,0.04019127,0.63137257,0.76470590,0.03552964,0.72235566,0.00047021,0.07629395,false,
13,13,clean_negative/clean_13_30.jpg,test,clean_negative,clean_negative,true_negative,0.02275697,0.55,0.52724303,0.71272731,0.04472000,0.62352943,0.76470590,0.03714636,0.71801543,0.00036276,0.06632996,false,
13,13,clean_negative/clean_13_31.jpg,test,clean_negative,clean_negative,true_negative,0.02879564,0.55,0.52120436,0.71148163,0.04851583,0.61960787,0.77254903,0.03857105,0.71688205,0.00033981,0.06658936,false,
13,13,clean_negative/clean_13_32.jpg,test,clean_negative,clean_negative,true_negative,0.04313375,0.55,0.50686625,0.71330971,0.05022248,0.61960787,0.77647060,0.03896700,0.71865541,0.00034248,0.07000732,false,
13,13,clean_negative/clean_13_33.jpg,test,clean_negative,clean_negative,true_negative,0.06458048,0.55,0.48541952,0.71724379,0.04983193,0.62352943,0.78039217,0.03790894,0.72239047,0.00037132,0.07752991,false,
13,13,clean_negative/clean_13_34.jpg,test,clean_negative,clean_negative,true_negative,0.11121215,0.55,0.43878785,0.72193396,0.04808072,0.62745100,0.78039217,0.03613060,0.72679001,0.00037692,0.07917786,false,
13,13,clean_negative/clean_13_35.jpg,test,clean_negative,clean_negative,true_negative,0.17796199,0.55,0.37203801,0.72738999,0.04442313,0.63921571,0.78431374,0.03328092,0.73169655,0.00038052,0.08049011,false,
13,13,clean_negative/clean_13_36.jpg,test,clean_negative,clean_negative,true_negative,0.30152752,0.55,0.24847248,0.73249394,0.04039544,0.65098041,0.78431374,0.03030617,0.73627138,0.00036990,0.07727051,false,
13,13,clean_negative/clean_13_37.jpg,test,clean_negative,clean_negative,true_negative,0.36130983,0.55,0.18869017,0.73769486,0.03624332,0.66666669,0.78823531,0.02703953,0.74089146,0.00037699,0.07592773,false,
13,13,clean_negative/clean_13_38.jpg,test,clean_negative,clean_negative,true_negative,0.52694577,0.55,0.02305423,0.74128395,0.03360518,0.67450982,0.78823531,0.02482629,0.74408740,0.00038367,0.07362366,false,
13,13,clean_negative/clean_13_39.jpg,test,clean_negative,clean_negative,true_negative,0.00527682,0.55,0.54472318,0.71128744,0.01504527,0.69019610,0.73333335,0.00483016,0.71363592,0.00019949,0.00630188,false,
13,13,clean_negative/clean_13_40.jpg,test,clean_negative,clean_negative,true_negative,0.02136960,0.55,0.52863040,0.71562898,0.02557768,0.69019610,0.74509805,0.00767768,0.71762902,0.00056286,0.04830933,false,
13,13,clean_negative/clean_13_41.jpg,test,clean_negative,clean_negative,true_negative,0.06274847,0.55,0.48725153,0.72162771,0.03271514,0.69019610,0.78823531,0.01287501,0.72371531,0.00086849,0.10220337,false,
13,13,clean_negative/clean_13_42.jpg,test,clean_negative,clean_negative,true_negative,0.07624639,0.55,0.47375361,0.72854817,0.03691644,0.69019610,0.80392158,0.02328414,0.73230696,0.00129499,0.15742493,false,
13,13,clean_negative/clean_13_43.jpg,test,clean_negative,clean_negative,true_negative,0.08828039,0.55,0.46171961,0.73314726,0.03693901,0.69411767,0.80784315,0.03496345,0.73875523,0.00148150,0.19419861,false,
13,13,clean_negative/clean_13_44.jpg,test,clean_negative,dirty_positive,false_positive,0.55825347,0.55,0.00825347,0.73910785,0.03856514,0.69803923,0.81568629,0.04539047,0.74644458,0.00166906,0.23597717,false,
13,13,clean_negative/clean_13_45.jpg,test,clean_negative,clean_negative,true_negative,0.45869817,0.55,0.09130183,0.73741293,0.03925233,0.68627453,0.81176472,0.05408577,0.74615490,0.00151593,0.24171448,false,
13,13,clean_negative/clean_13_46.jpg,test,clean_negative,clean_negative,true_negative,0.21485081,0.55,0.33514919,0.72743428,0.04450079,0.64705884,0.79607844,0.06211728,0.73752600,0.00127086,0.21257019,false,
13,13,clean_negative/clean_13_47.jpg,test,clean_negative,clean_negative,true_negative,0.04798150,0.55,0.50201850,0.71523476,0.04973757,0.61568630,0.78039217,0.06569735,0.72560501,0.00092368,0.17213440,false,
13,13,clean_negative/clean_13_48.jpg,test,clean_negative,clean_negative,true_negative,0.01974067,0.55,0.53025933,0.70469284,0.05496174,0.60000002,0.77254903,0.06607462,0.71494764,0.00075408,0.14697266,false,
13,13,clean_negative/clean_13_49.jpg,test,clean_negative,clean_negative,true_negative,0.01053124,0.55,0.53946876,0.69313991,0.05748692,0.58823532,0.76470590,0.06646711,0.70338088,0.00055723,0.11601257,false,
13,13,clean_negative/clean_13_50.jpg,test,clean_negative,clean_negative,true_negative,0.00671748,0.55,0.54328252,0.68476295,0.05857934,0.58431375,0.76078433,0.06680035,0.69496512,0.00046943,0.09686279,false,
13,13,clean_negative/clean_13_51.jpg,test,clean_negative,clean_negative,true_negative,0.00522519,0.55,0.54477481,0.68319148,0.06087552,0.58431375,0.76470590,0.06414101,0.69292641,0.00040857,0.08457947,false,
13,13,clean_negative/clean_13_52.jpg,test,clean_negative,clean_negative,true_negative,0.00520145,0.55,0.54479855,0.68670774,0.06115368,0.58431375,0.76862746,0.05943286,0.69577998,0.00041486,0.08523560,false,
13,13,clean_negative/clean_13_53.jpg,test,clean_negative,clean_negative,true_negative,0.00561201,0.55,0.54438799,0.69201821,0.06029880,0.58823532,0.76862746,0.05559710,0.70060980,0.00039804,0.08473206,false,
13,13,clean_negative/clean_13_54.jpg,test,clean_negative,clean_negative,true_negative,0.00957688,0.55,0.54042312,0.69933200,0.05708622,0.59607846,0.77254903,0.05099458,0.70712149,0.00039629,0.08424377,false,
13,13,clean_negative/clean_13_55.jpg,test,clean_negative,clean_negative,true_negative,0.01814450,0.55,0.53185550,0.70664042,0.05285618,0.60784316,0.77254903,0.04627997,0.71367091,0.00038237,0.08045959,false,
13,13,clean_negative/clean_13_56.jpg,test,clean_negative,clean_negative,true_negative,0.05485358,0.55,0.49514642,0.71466726,0.04816366,0.62352943,0.77647060,0.04118611,0.72085714,0.00038164,0.07881165,false,
13,13,clean_negative/clean_13_57.jpg,test,clean_negative,clean_negative,true_negative,0.08400508,0.55,0.46599492,0.72031492,0.04460851,0.63529414,0.77647060,0.03757600,0.72591484,0.00038503,0.07637024,false,
13,13,clean_negative/clean_13_58.jpg,test,clean_negative,clean_negative,true_negative,0.12673149,0.55,0.42326851,0.73379582,0.03811893,0.69411767,0.81176472,0.03698300,0.73972696,0.00161354,0.20674133,false,
13,13,clean_negative/clean_13_59.jpg,test,clean_negative,clean_negative,true_negative,0.44062444,0.55,0.10937556,0.74021232,0.03989167,0.69411767,0.81960785,0.04811839,0.74799955,0.00182561,0.25209045,false,
13,13,clean_negative/clean_13_60.jpg,test,clean_negative,clean_negative,true_negative,0.30437383,0.55,0.24562617,0.73820925,0.04053118,0.68627453,0.81568629,0.05762634,0.74754870,0.00166712,0.25776672,false,
13,13,clean_negative/clean_13_61.jpg,test,clean_negative,clean_negative,true_negative,0.17706375,0.55,0.37293625,0.72759891,0.04593721,0.64705884,0.80000001,0.06617175,0.73837298,0.00137512,0.22789001,false,
13,13,clean_negative/clean_13_62.jpg,test,clean_negative,clean_negative,true_negative,0.03682287,0.55,0.51317713,0.71466362,0.05152183,0.61176473,0.78431374,0.07003886,0.72575390,0.00100039,0.18554688,false,
13,13,clean_negative/clean_13_63.jpg,test,clean_negative,clean_negative,true_negative,0.01652385,0.55,0.53347615,0.70322192,0.05687683,0.59607846,0.77647060,0.07055712,0.71422124,0.00082727,0.15950012,false,
13,13,clean_negative/clean_13_64.jpg,test,clean_negative,clean_negative,true_negative,0.00562431,0.55,0.54437569,0.68028438,0.06003975,0.58039218,0.76078433,0.07208474,0.69139063,0.00051296,0.10458374,false,
13,13,clean_negative/clean_13_65.jpg,test,clean_negative,clean_negative,true_negative,0.00413698,0.55,0.54586302,0.67787474,0.06236246,0.58039218,0.76470590,0.06910012,0.68848085,0.00044209,0.08816528,false,
13,13,clean_negative/clean_13_66.jpg,test,clean_negative,clean_negative,true_negative,0.00472226,0.55,0.54527774,0.68127251,0.06293418,0.58039218,0.76862746,0.06395773,0.69120169,0.00044312,0.08758545,false,
13,13,clean_negative/clean_13_67.jpg,test,clean_negative,clean_negative,true_negative,0.00485186,0.55,0.54514814,0.68654680,0.06250399,0.58431375,0.76862746,0.05969861,0.69593585,0.00042232,0.08612061,false,
13,13,clean_negative/clean_13_68.jpg,test,clean_negative,clean_negative,true_negative,0.00878053,0.55,0.54121947,0.69411302,0.05965354,0.58823532,0.77254903,0.05481215,0.70264626,0.00041952,0.08593750,false,
13,13,clean_negative/clean_13_69.jpg,test,clean_negative,clean_negative,true_negative,0.00897540,0.55,0.54102460,0.69089472,0.05927162,0.58823532,0.76470590,0.07334045,0.70229435,0.00063837,0.13481140,false,
13,13,clean_negative/clean_13_70.jpg,test,clean_negative,clean_negative,true_negative,0.00920129,0.55,0.54079871,0.69406521,0.05993086,0.58823532,0.77254903,0.07427675,0.70564353,0.00071896,0.14613342,false,
13,13,clean_negative/clean_13_71.jpg,test,clean_negative,clean_negative,true_negative,0.00957051,0.55,0.54042949,0.69375455,0.05994391,0.58823532,0.77254903,0.07435925,0.70534331,0.00071635,0.14537048,false,
13,13,clean_negative/clean_13_72.jpg,test,clean_negative,clean_negative,true_negative,0.03233461,0.55,0.51766539,0.69586039,0.05812295,0.59215689,0.77254903,0.05344005,0.70429307,0.00041909,0.08253479,false,
13,13,clean_negative/clean_13_73.jpg,test,clean_negative,clean_negative,true_negative,0.11932591,0.55,0.43067409,0.72875309,0.03972592,0.68627453,0.80784315,0.02886849,0.73339814,0.00156903,0.18794250,false,
13,13,clean_negative/clean_13_74.jpg,test,clean_negative,clean_negative,true_negative,0.12140025,0.55,0.42859975,0.72934455,0.03977275,0.68627453,0.81176472,0.02992536,0.73416102,0.00159262,0.19168091,false,
13,13,clean_negative/clean_13_75.jpg,test,clean_negative,clean_negative,true_negative,0.04662440,0.55,0.50337560,0.71968108,0.03627972,0.68627453,0.79607844,0.01513696,0.72218931,0.00109611,0.12226868,false,
13,13,clean_negative/clean_13_76.jpg,test,clean_negative,clean_negative,true_negative,0.00536068,0.55,0.54463932,0.70441729,0.01603962,0.68235296,0.72549021,0.00602686,0.70730650,0.00019712,0.00692749,false,
13,13,clean_negative/clean_13_77.jpg,test,clean_negative,clean_negative,true_negative,0.02489472,0.55,0.52510528,0.71109521,0.03114220,0.68235296,0.76078433,0.01026127,0.71362936,0.00077272,0.06999207,false,
13,13,clean_negative/clean_13_78.jpg,test,clean_negative,clean_negative,true_negative,0.01191425,0.55,0.53808575,0.68674660,0.05714179,0.58823532,0.76470590,0.06011000,0.69664943,0.00040566,0.08609009,false,
13,13,clean_negative/clean_13_79.jpg,test,clean_negative,clean_negative,true_negative,0.02234217,0.55,0.52765783,0.69429642,0.05391945,0.60000002,0.76862746,0.05466327,0.70337164,0.00040507,0.08369446,false,
13,13,clean_negative/clean_13_80.jpg,test,clean_negative,clean_negative,true_negative,0.03547342,0.55,0.51452658,0.71536994,0.04327040,0.67843139,0.80392158,0.01418104,0.71821702,0.00139851,0.12351990,false,
13,13,clean_negative/clean_13_81.jpg,test,clean_negative,clean_negative,true_negative,0.01042596,0.55,0.53957404,0.66375399,0.06101151,0.56862748,0.75294119,0.07765569,0.67682970,0.00045634,0.09378052,false,
13,13,clean_negative/clean_13_82.jpg,test,clean_negative,clean_negative,true_negative,0.01450183,0.55,0.53549817,0.66631448,0.06055874,0.57254905,0.75294119,0.07515714,0.67900443,0.00042502,0.08953857,false,
13,13,clean_negative/clean_13_83.jpg,test,clean_negative,clean_negative,true_negative,0.00481362,0.55,0.54518638,0.67412770,0.05827983,0.58039218,0.75686276,0.06821469,0.68579435,0.00039284,0.08409119,false,
13,13,clean_negative/clean_13_84.jpg,test,clean_negative,clean_negative,true_negative,0.00320741,0.55,0.54679259,0.70039219,0.01864560,0.67843139,0.72156864,0.00872516,0.70403540,0.00038625,0.01690674,false,
13,13,clean_negative/clean_13_85.jpg,test,clean_negative,clean_negative,true_negative,0.01713128,0.55,0.53286872,0.70943910,0.03788400,0.67843139,0.78039217,0.01364363,0.71269459,0.00122390,0.09901428,false,
13,13,clean_negative/clean_13_86.jpg,test,clean_negative,clean_negative,true_negative,0.00469317,0.55,0.54530683,0.70099247,0.03001611,0.67450982,0.74117649,0.01335048,0.70526588,0.00094961,0.06117249,false,
13,13,clean_negative/clean_13_87.jpg,test,clean_negative,clean_negative,true_negative,0.01842049,0.55,0.53157951,0.70883060,0.04277932,0.67450982,0.79607844,0.01846571,0.71308964,0.00177601,0.13638306,false,
13,13,clean_negative/clean_13_88.jpg,test,clean_negative,clean_negative,true_negative,0.01008047,0.55,0.53991953,0.50879133,0.08644446,0.41176471,0.68235296,0.19921511,0.53502649,0.00256547,0.32263184,false,
13,13,clean_negative/clean_13_89.jpg,test,clean_negative,clean_negative,true_negative,0.15984052,0.55,0.39015948,0.55110037,0.09470549,0.43529412,0.74117649,0.21106784,0.58132505,0.00427135,0.50746155,false,
13,13,clean_negative/clean_13_90.jpg,test,clean_negative,clean_negative,true_negative,0.06966602,0.55,0.48033398,0.53275025,0.09181238,0.43137255,0.72156864,0.20216694,0.56049430,0.00352672,0.41462708,false,
13,13,clean_negative/clean_13_91.jpg,test,clean_negative,clean_negative,true_negative,0.00000034,0.55,0.54999966,0.54466015,0.04247152,0.47450981,0.60392159,0.12035817,0.56705177,0.00029410,0.04165649,false,
13,13,clean_negative/clean_13_92.jpg,test,clean_negative,clean_negative,true_negative,0.00000050,0.55,0.54999950,0.54983127,0.04073381,0.48235294,0.60392159,0.11598302,0.57243931,0.00026018,0.03820801,false,
13,13,clean_negative/clean_13_93.jpg,test,clean_negative,clean_negative,true_negative,0.00000841,0.55,0.54999159,0.55901176,0.03551880,0.50196081,0.60784316,0.10077247,0.57946253,0.00025467,0.03273010,false,
13,13,clean_negative/clean_13_94.jpg,test,clean_negative,clean_negative,true_negative,0.00000000,0.55,0.55000000,0.56290472,0.03805855,0.49803922,0.61176473,0.10728474,0.58500338,0.00019200,0.03277588,false,
13,13,clean_negative/clean_13_95.jpg,test,clean_negative,clean_negative,true_negative,0.00000000,0.55,0.55000000,0.56639314,0.03521393,0.50588238,0.61176473,0.10509107,0.58888346,0.00019300,0.03256226,false,
13,13,clean_negative/clean_13_96.jpg,test,clean_negative,clean_negative,true_negative,0.00000010,0.55,0.54999990,0.57222128,0.03058324,0.51764709,0.61176473,0.08796364,0.59145492,0.00017970,0.02305603,false,
13,13,clean_negative/clean_13_97.jpg,test,clean_negative,clean_negative,true_negative,0.25829253,0.55,0.29170747,0.57723576,0.07918435,0.47450981,0.72941178,0.11876796,0.59575737,0.00769403,0.49081421,false,
13,13,clean_negative/clean_13_98.jpg,test,clean_negative,clean_negative,true_negative,0.21237040,0.55,0.33762960,0.56679511,0.07813813,0.47058824,0.71764708,0.11830260,0.58452004,0.00764950,0.46388245,false,
13,13,clean_negative/clean_13_99.jpg,test,clean_negative,clean_negative,true_negative,0.32765218,0.55,0.22234782,0.55930018,0.07083234,0.47058824,0.68627453,0.11866863,0.57686269,0.00683153,0.43641663,false,
13,13,clean_negative/clean_13_100.jpg,test,clean_negative,clean_negative,true_negative,0.10532610,0.55,0.44467390,0.59058893,0.08101689,0.47843137,0.74117649,0.11705150,0.60962409,0.00745152,0.50000000,false,
13,13,clean_negative/clean_13_101.jpg,test,clean_negative,clean_negative,true_negative,0.14463959,0.55,0.40536041,0.58986557,0.07534923,0.48235294,0.72941178,0.10248150,0.60750389,0.00676537,0.45141602,false,
13,13,clean_negative/clean_13_102.jpg,test,clean_negative,clean_negative,true_negative,0.00000000,0.55,0.55000000,0.57869285,0.03261669,0.51764709,0.61960787,0.10107513,0.60150671,0.00021871,0.04397583,false,
13,13,clean_negative/clean_13_103.jpg,test,clean_negative,clean_negative,true_negative,0.00000000,0.55,0.55000000,0.58018303,0.03031486,0.52156866,0.61568630,0.10120546,0.60363328,0.00021904,0.04370117,false,
13,13,clean_negative/clean_13_104.jpg,test,clean_negative,clean_negative,true_negative,0.00000000,0.55,0.55000000,0.58334279,0.02624332,0.52549022,0.61568630,0.08275309,0.60273695,0.00019731,0.03062439,false,
13,13,clean_negative/clean_13_105.jpg,test,clean_negative,clean_negative,true_negative,0.16367625,0.55,0.38632375,0.58789110,0.06880463,0.48627451,0.71372551,0.08884817,0.60437661,0.00604026,0.39091492,false,
13,13,clean_negative/clean_13_106.jpg,test,clean_negative,clean_negative,true_negative,0.14532425,0.55,0.40467575,0.57558578,0.06719711,0.47843137,0.69019610,0.08734807,0.59085447,0.00628213,0.37043762,false,
13,13,clean_negative/clean_13_107.jpg,test,clean_negative,clean_negative,true_negative,0.11507339,0.55,0.43492661,0.56766826,0.06658872,0.47450981,0.67450982,0.08606005,0.58195412,0.00616706,0.34600830,false,
13,13,clean_negative/clean_13_108.jpg,test,clean_negative,clean_negative,true_negative,0.16565381,0.55,0.38434619,0.56431335,0.06320255,0.47450981,0.65490198,0.08425234,0.57804585,0.00556518,0.32380676,false,
13,13,clean_negative/clean_13_109.jpg,test,clean_negative,clean_negative,true_negative,0.18312755,0.55,0.36687245,0.60216260,0.07526708,0.49803922,0.76470590,0.07765904,0.61830789,0.00541154,0.37196350,false,
13,13,clean_negative/clean_13_110.jpg,test,clean_negative,clean_negative,true_negative,0.00118324,0.55,0.54881676,0.61503708,0.06772952,0.57647061,0.79215688,0.04900938,0.63880020,0.00187626,0.10652161,false,
13,13,clean_negative/clean_13_111.jpg,test,clean_negative,clean_negative,true_negative,0.00449889,0.55,0.54550111,0.62492943,0.07705015,0.57647061,0.81176472,0.05009598,0.64574116,0.00265923,0.17379761,false,
13,13,clean_negative/clean_13_112.jpg,test,clean_negative,clean_negative,true_negative,0.00833941,0.55,0.54166059,0.62793493,0.07941922,0.57647061,0.81568629,0.05275299,0.64626610,0.00340652,0.23348999,false,
13,13,clean_negative/clean_13_113.jpg,test,clean_negative,clean_negative,true_negative,0.03768139,0.55,0.51231861,0.62810892,0.08231857,0.56470591,0.81568629,0.05651933,0.64465058,0.00424316,0.29519653,false,
13,13,clean_negative/clean_13_114.jpg,test,clean_negative,clean_negative,true_negative,0.20598617,0.55,0.34401383,0.62400573,0.08593095,0.53333336,0.81568629,0.06245423,0.63963091,0.00493297,0.34371948,false,
13,13,clean_negative/clean_13_115.jpg,test,clean_negative,clean_negative,true_negative,0.00000000,0.55,0.55000000,0.59168655,0.02316647,0.53725493,0.61960787,0.08706451,0.61281592,0.00022168,0.04368591,false,
13,13,clean_negative/clean_13_116.jpg,test,clean_negative,clean_negative,true_negative,0.00000001,0.55,0.54999999,0.59221166,0.02009876,0.54901963,0.61568630,0.07114923,0.60950410,0.00019943,0.03059387,false,
13,13,clean_negative/clean_13_117.jpg,test,clean_negative,clean_negative,true_negative,0.00000000,0.55,0.55000000,0.59233743,0.02408732,0.53725493,0.61960787,0.08470568,0.61264181,0.00021990,0.04394531,false,
13,13,clean_negative/clean_13_118.jpg,test,clean_negative,clean_negative,true_negative,0.00097120,0.55,0.54902880,0.60962832,0.06187615,0.57647061,0.76862746,0.05052825,0.63447762,0.00168001,0.09013367,false,
13,13,clean_negative/clean_13_119.jpg,test,clean_negative,clean_negative,true_negative,0.00325630,0.55,0.54674370,0.61797637,0.07127310,0.57647061,0.79607844,0.04996577,0.63963354,0.00235796,0.14674377,false,
13,13,clean_negative/clean_13_120.jpg,test,clean_negative,clean_negative,true_negative,0.00552709,0.55,0.54447291,0.62065923,0.07397222,0.57254905,0.80000001,0.05017994,0.63941753,0.00305089,0.19853210,false,
13,13,clean_negative/clean_13_121.jpg,test,clean_negative,clean_negative,true_negative,0.01003412,0.55,0.53996588,0.62137032,0.07648394,0.56862748,0.80000001,0.05154245,0.63794410,0.00370368,0.25051880,false,
13,13,clean_negative/clean_13_122.jpg,test,clean_negative,clean_negative,true_negative,0.05692601,0.55,0.49307399,0.61858857,0.07934867,0.54117650,0.80000001,0.05553140,0.63406044,0.00439875,0.29438782,false,
13,13,clean_negative/clean_13_123.jpg,test,clean_negative,clean_negative,true_negative,0.06727712,0.55,0.48272288,0.60369807,0.06962460,0.51764709,0.76078433,0.06078168,0.61898673,0.00439360,0.29183960,false,
13,13,clean_negative/clean_13_124.jpg,test,clean_negative,clean_negative,true_negative,0.05989264,0.55,0.49010736,0.58734822,0.05597324,0.49803922,0.68627453,0.06126440,0.60180002,0.00449433,0.26966858,false,
13,13,clean_negative/clean_13_125.jpg,test,clean_negative,clean_negative,true_negative,0.05181731,0.55,0.49818269,0.57908362,0.05393269,0.49019608,0.65882355,0.05980171,0.59220088,0.00453663,0.25167847,false,
13,13,clean_negative/clean_13_126.jpg,test,clean_negative,clean_negative,true_negative,0.04133672,0.55,0.50866328,0.57393503,0.05398789,0.48627451,0.64313728,0.05706841,0.58565843,0.00441665,0.22975159,false,
13,13,clean_negative/clean_13_127.jpg,test,clean_negative,clean_negative,true_negative,0.06025892,0.55,0.48974108,0.57244575,0.05037300,0.48627451,0.61960787,0.05104586,0.58289689,0.00379792,0.19807434,false,
13,13,dirty_positive/dirty_13_1.jpg,test,dirty_positive,dirty_positive,true_positive,0.93942360,0.55,0.38942360,0.74549186,0.07456403,0.63137257,0.88235295,0.14056146,0.76908046,0.00352955,0.54167175,false,
13,13,dirty_positive/dirty_13_2.jpg,test,dirty_positive,dirty_positive,true_positive,0.88595948,0.55,0.33595948,0.73694915,0.07742701,0.61568630,0.87843138,0.14572802,0.76160741,0.00312615,0.51004028,false,
13,13,dirty_positive/dirty_13_3.jpg,test,dirty_positive,dirty_positive,true_positive,0.75444341,0.55,0.20444341,0.71954745,0.08586399,0.59215689,0.87058824,0.16851312,0.74804068,0.00277393,0.50886536,false,
13,13,dirty_positive/dirty_13_4.jpg,test,dirty_positive,clean_negative,false_negative,0.13643263,0.55,0.41356737,0.73573089,0.07675617,0.61568630,0.87450981,0.14368472,0.75991237,0.00303467,0.50057983,false,
13,13,dirty_positive/dirty_13_5.jpg,test,dirty_positive,dirty_positive,true_positive,0.83581143,0.55,0.28581143,0.56409919,0.04454505,0.47843137,0.62745100,0.22034927,0.59901005,0.00083466,0.17750549,false,
13,13,dirty_positive/dirty_13_6.jpg,test,dirty_positive,dirty_positive,true_positive,0.91054875,0.55,0.36054875,0.55403209,0.04401076,0.47450981,0.61960787,0.24034965,0.59212327,0.00089283,0.19203186,false,
13,13,dirty_positive/dirty_13_7.jpg,test,dirty_positive,dirty_positive,true_positive,0.80386377,0.55,0.25386377,0.56860197,0.04669701,0.47843137,0.63921571,0.21550348,0.60278499,0.00085559,0.18287659,false,
13,13,dirty_positive/dirty_13_8.jpg,test,dirty_positive,dirty_positive,true_positive,0.88783301,0.55,0.33783301,0.55940092,0.05659246,0.47058824,0.65098041,0.25975031,0.60098201,0.00098806,0.21914673,false,
13,13,dirty_positive/dirty_13_9.jpg,test,dirty_positive,dirty_positive,true_positive,0.99316861,0.55,0.44316861,0.75956941,0.07185517,0.66666669,0.89803922,0.09630086,0.77520585,0.00580536,0.59776306,false,
13,13,dirty_positive/dirty_13_10.jpg,test,dirty_positive,dirty_positive,true_positive,0.99898889,0.55,0.44898889,0.74846876,0.08053781,0.62352943,0.89803922,0.09383121,0.76322782,0.00738570,0.62480164,false,
13,13,dirty_positive/dirty_13_11.jpg,test,dirty_positive,dirty_positive,true_positive,0.99745901,0.55,0.44745901,0.74601501,0.08570854,0.61176473,0.89803922,0.11610857,0.76477921,0.00636892,0.62109375,false,
13,13,dirty_positive/dirty_13_12.jpg,test,dirty_positive,dirty_positive,true_positive,0.90053832,0.55,0.35053832,0.75724930,0.07272521,0.65882355,0.89411765,0.12301583,0.77766055,0.00458542,0.58596802,false,
13,13,dirty_positive/dirty_13_13.jpg,test,dirty_positive,dirty_positive,true_positive,0.89872836,0.55,0.34872836,0.54979098,0.04764956,0.47058824,0.62352943,0.23481728,0.58765078,0.00104133,0.22436523,false,
13,13,dirty_positive/dirty_13_14.jpg,test,dirty_positive,dirty_positive,true_positive,0.75830442,0.55,0.20830442,0.56351542,0.04853742,0.47843137,0.63921571,0.20215796,0.59614903,0.00096770,0.19841003,false,
13,13,dirty_positive/dirty_13_15.jpg,test,dirty_positive,dirty_positive,true_positive,0.93820625,0.55,0.38820625,0.55102682,0.04840245,0.47843137,0.62745100,0.24235106,0.59055853,0.00118544,0.24665833,false,
13,13,dirty_positive/dirty_13_16.jpg,test,dirty_positive,dirty_positive,true_positive,0.83634078,0.55,0.28634078,0.55605078,0.04487742,0.47450981,0.62352943,0.22003037,0.59121847,0.00093695,0.19076538,false,
13,13,dirty_positive/dirty_13_17.jpg,test,dirty_positive,dirty_positive,true_positive,0.97884481,0.55,0.42884481,0.56470454,0.04526934,0.49411765,0.63529414,0.22258851,0.60207236,0.00123849,0.26573181,false,
13,13,dirty_positive/dirty_13_18.jpg,test,dirty_positive,dirty_positive,true_positive,0.97062125,0.55,0.42062125,0.55552638,0.04755928,0.48235294,0.62745100,0.23753886,0.59470046,0.00120550,0.25431824,false,
13,13,dirty_positive/dirty_13_19.jpg,test,dirty_positive,dirty_positive,true_positive,0.95173451,0.55,0.40173451,0.56405056,0.04611868,0.49411765,0.63529414,0.22136998,0.60105449,0.00114897,0.24729919,false,
13,13,dirty_positive/dirty_13_20.jpg,test,dirty_positive,dirty_positive,true_positive,0.98736911,0.55,0.43736911,0.56457233,0.05518271,0.49019608,0.65882355,0.24071047,0.60486239,0.00159666,0.33056641,false,
13,13,dirty_positive/dirty_13_21.jpg,test,dirty_positive,dirty_positive,true_positive,0.97514769,0.55,0.42514769,0.53472608,0.04554436,0.47058824,0.61568630,0.29684347,0.58201110,0.00094334,0.21513367,false,
13,13,dirty_positive/dirty_13_22.jpg,test,dirty_positive,dirty_positive,true_positive,0.95996962,0.55,0.40996962,0.54974574,0.06295571,0.47058824,0.66274512,0.28866574,0.59590417,0.00105068,0.23582458,false,
13,13,dirty_positive/dirty_13_23.jpg,test,dirty_positive,dirty_positive,true_positive,0.97819471,0.55,0.42819471,0.54172182,0.04599382,0.47058824,0.61960787,0.25969353,0.58334845,0.00105549,0.22219849,false,
13,13,dirty_positive/dirty_13_24.jpg,test,dirty_positive,dirty_positive,true_positive,0.92956709,0.55,0.37956709,0.54202962,0.04466181,0.47058824,0.61176473,0.25645494,0.58306849,0.00099825,0.20823669,false,
13,13,dirty_positive/dirty_13_25.jpg,test,dirty_positive,dirty_positive,true_positive,0.99791320,0.55,0.44791320,0.74707246,0.08139424,0.62352943,0.90196079,0.08241512,0.75987709,0.00831203,0.62261963,false,
13,13,dirty_positive/dirty_13_26.jpg,test,dirty_positive,dirty_positive,true_positive,0.99907412,0.55,0.44907412,0.74837929,0.07943648,0.62745100,0.89411765,0.09125648,0.76268828,0.00754434,0.62319946,false,
13,13,dirty_positive/dirty_13_27.jpg,test,dirty_positive,dirty_positive,true_positive,0.99260246,0.55,0.44260246,0.72919822,0.09147469,0.58039218,0.88627452,0.11922890,0.74771416,0.00972467,0.68435669,false,
13,13,dirty_positive/dirty_13_28.jpg,test,dirty_positive,dirty_positive,true_positive,0.99717067,0.55,0.44717067,0.74395704,0.08197458,0.62352943,0.90196079,0.08344847,0.75722885,0.00721188,0.57246399,false,
13,13,dirty_positive/dirty_13_29.jpg,test,dirty_positive,dirty_positive,true_positive,0.99673908,0.55,0.44673908,0.73333716,0.08993208,0.58431375,0.89019608,0.11495888,0.75124848,0.00968033,0.68269348,false,
13,13,dirty_positive/dirty_13_30.jpg,test,dirty_positive,dirty_positive,true_positive,0.99830791,0.55,0.44830791,0.74607295,0.08250178,0.61176473,0.89411765,0.09615515,0.76111960,0.00807687,0.64309692,false,
13,13,dirty_positive/dirty_13_31.jpg,test,dirty_positive,dirty_positive,true_positive,0.96231751,0.55,0.41231751,0.71501762,0.09873242,0.53333336,0.87843138,0.12835000,0.73494267,0.00879969,0.64266968,false,
13,13,dirty_positive/dirty_13_32.jpg,test,dirty_positive,dirty_positive,true_positive,0.99689420,0.55,0.44689420,0.74611771,0.08413790,0.61960787,0.90588236,0.08632065,0.75976861,0.00834899,0.61811829,false,
13,13,dirty_positive/dirty_13_33.jpg,test,dirty_positive,dirty_positive,true_positive,0.98758186,0.55,0.43758186,0.56118798,0.06046756,0.47843137,0.67058825,0.25742272,0.60418916,0.00186049,0.38836670,false,
13,13,dirty_positive/dirty_13_34.jpg,test,dirty_positive,dirty_positive,true_positive,0.98691674,0.55,0.43691674,0.55854017,0.05754603,0.48235294,0.65490198,0.25749171,0.60121983,0.00160677,0.33361816,false,
13,13,dirty_positive/dirty_13_35.jpg,test,dirty_positive,dirty_positive,true_positive,0.98658647,0.55,0.43658647,0.55982149,0.06485095,0.47058824,0.67450982,0.26374447,0.60369992,0.00209879,0.41543579,false,
13,13,dirty_positive/dirty_13_36.jpg,test,dirty_positive,dirty_positive,true_positive,0.98721983,0.55,0.43721983,0.55873096,0.05839040,0.48235294,0.65882355,0.25878841,0.60162711,0.00161846,0.33909607,false,
13,13,dirty_positive/dirty_13_37.jpg,test,dirty_positive,dirty_positive,true_positive,0.95702090,0.55,0.40702090,0.66807359,0.09840699,0.51372552,0.84313726,0.15065913,0.69128382,0.00990855,0.63043213,false,
13,13,dirty_positive/dirty_13_38.jpg,test,dirty_positive,dirty_positive,true_positive,0.99043086,0.55,0.44043086,0.67209160,0.08989628,0.54901963,0.83921570,0.15548941,0.69623148,0.01138816,0.65969849,false,
13,13,dirty_positive/dirty_13_39.jpg,test,dirty_positive,dirty_positive,true_positive,0.98072931,0.55,0.43072931,0.69600534,0.09152994,0.56470591,0.85882354,0.14052102,0.71790999,0.01060176,0.68075562,false,
13,13,dirty_positive/dirty_13_40.jpg,test,dirty_positive,dirty_positive,true_positive,0.86812488,0.55,0.31812488,0.66192329,0.10231824,0.50588238,0.84313726,0.15537152,0.68593729,0.00926705,0.61148071,false,
13,13,dirty_positive/dirty_13_41.jpg,test,dirty_positive,dirty_positive,true_positive,0.95453034,0.55,0.40453034,0.54525709,0.06724726,0.46666667,0.67058825,0.29441476,0.59222019,0.00204456,0.36264038,false,
13,13,dirty_positive/dirty_13_42.jpg,test,dirty_positive,dirty_positive,true_positive,0.60762360,0.55,0.05762360,0.55554193,0.08452725,0.45490196,0.72549021,0.27996665,0.59913242,0.00255107,0.43801880,false,
13,13,dirty_positive/dirty_13_43.jpg,test,dirty_positive,dirty_positive,true_positive,0.66798864,0.55,0.11798864,0.54002035,0.07080489,0.45098040,0.67450982,0.28984731,0.58532530,0.00252973,0.40583801,false,
13,13,dirty_positive/dirty_13_44.jpg,test,dirty_positive,dirty_positive,true_positive,0.67593445,0.55,0.12593445,0.53782111,0.06914473,0.45098040,0.66666669,0.29154107,0.58336437,0.00235094,0.39556885,false,
13,13,dirty_positive/dirty_13_45.jpg,test,dirty_positive,dirty_positive,true_positive,0.99083251,0.55,0.44083251,0.69175899,0.09262253,0.56862748,0.86666667,0.14917710,0.71527869,0.01014424,0.65847778,false,
13,13,dirty_positive/dirty_13_46.jpg,test,dirty_positive,dirty_positive,true_positive,0.99246657,0.55,0.44246657,0.68930608,0.09029932,0.56470591,0.85098040,0.14530186,0.71196365,0.01106409,0.67410278,false,
13,13,dirty_positive/dirty_13_47.jpg,test,dirty_positive,dirty_positive,true_positive,0.99380972,0.55,0.44380972,0.69925487,0.09196047,0.57254905,0.86666667,0.14526242,0.72226751,0.00810489,0.62501526,false,
13,13,dirty_positive/dirty_13_48.jpg,test,dirty_positive,dirty_positive,true_positive,0.99361397,0.55,0.44361397,0.71145189,0.09354546,0.57647061,0.88235295,0.13306683,0.73263544,0.00848369,0.64430237,false,
13,13,dirty_positive/dirty_13_49.jpg,test,dirty_positive,dirty_positive,true_positive,0.67229114,0.55,0.12229114,0.61604053,0.10421862,0.47450981,0.80784315,0.21704341,0.65009272,0.00512859,0.62426758,false,
13,13,dirty_positive/dirty_13_50.jpg,test,dirty_positive,dirty_positive,true_positive,0.59453498,0.55,0.04453498,0.59655952,0.10521101,0.45490196,0.79607844,0.23417576,0.63293725,0.00369072,0.56652832,false,
13,13,dirty_positive/dirty_13_51.jpg,test,dirty_positive,clean_negative,false_negative,0.47942575,0.55,0.07057425,0.61761379,0.10415801,0.48627451,0.81176472,0.21774623,0.65211654,0.00488133,0.59506226,false,
13,13,dirty_positive/dirty_13_52.jpg,test,dirty_positive,clean_negative,false_negative,0.53360258,0.55,0.01639742,0.64507389,0.10079752,0.50980395,0.83529413,0.19070753,0.67559355,0.00777401,0.69100952,false,
13,13,dirty_positive/dirty_13_53.jpg,test,dirty_positive,dirty_positive,true_positive,0.62953027,0.55,0.07953027,0.73828232,0.07545942,0.63137257,0.88627452,0.10077360,0.75431883,0.00583448,0.60520935,false,
13,13,dirty_positive/dirty_13_54.jpg,test,dirty_positive,dirty_positive,true_positive,0.74742728,0.55,0.19742728,0.70863867,0.07494751,0.59607846,0.83921570,0.13025418,0.72911483,0.00599134,0.59463501,false,
13,13,dirty_positive/dirty_13_55.jpg,test,dirty_positive,dirty_positive,true_positive,0.92863881,0.55,0.37863881,0.72133213,0.07667290,0.60392159,0.85882354,0.11970724,0.74016100,0.00519248,0.58207703,false,
13,13,dirty_positive/dirty_13_56.jpg,test,dirty_positive,dirty_positive,true_positive,0.68052094,0.55,0.13052094,0.73136657,0.07719699,0.62352943,0.87843138,0.10179108,0.74747658,0.00618902,0.60633850,false,
13,13,dirty_positive/dirty_13_57.jpg,test,dirty_positive,dirty_positive,true_positive,0.77183614,0.55,0.22183614,0.68911976,0.07966866,0.57647061,0.82745099,0.15132250,0.71294165,0.00783542,0.61682129,false,
13,13,dirty_positive/dirty_13_58.jpg,test,dirty_positive,dirty_positive,true_positive,0.87033047,0.55,0.32033047,0.67600274,0.07904769,0.56862748,0.81960785,0.16182041,0.70148754,0.00917477,0.62501526,false,
13,13,dirty_positive/dirty_13_59.jpg,test,dirty_positive,dirty_positive,true_positive,0.77921976,0.55,0.22921976,0.68408251,0.07932454,0.57254905,0.82352942,0.15581386,0.70861447,0.00799316,0.61415100,false,
13,13,dirty_positive/dirty_13_60.jpg,test,dirty_positive,dirty_positive,true_positive,0.83628173,0.55,0.28628173,0.70282090,0.08284549,0.58039218,0.84705883,0.14056864,0.72502601,0.00606904,0.58915710,false,
13,13,dirty_positive/dirty_13_61.jpg,test,dirty_positive,dirty_positive,true_positive,0.69183628,0.55,0.14183628,0.51206279,0.07327840,0.40784314,0.65490198,0.26060832,0.55163705,0.00264251,0.44256592,false,
13,13,dirty_positive/dirty_13_62.jpg,test,dirty_positive,dirty_positive,true_positive,0.75095125,0.55,0.20095125,0.53386045,0.07772270,0.43137255,0.67843139,0.26728868,0.57588148,0.00257585,0.46398926,false,
13,13,dirty_positive/dirty_13_63.jpg,test,dirty_positive,dirty_positive,true_positive,0.71127994,0.55,0.16127994,0.51535141,0.07374279,0.41176471,0.65490198,0.26267707,0.55553985,0.00267798,0.44998169,false,
13,13,dirty_positive/dirty_13_64.jpg,test,dirty_positive,dirty_positive,true_positive,0.56871282,0.55,0.01871282,0.51655734,0.07931521,0.40392157,0.66274512,0.26629180,0.55695510,0.00248603,0.44078064,false,
13,13,dirty_positive/dirty_13_65.jpg,test,dirty_positive,clean_negative,false_negative,0.06279167,0.55,0.48720833,0.48961121,0.05983976,0.40392157,0.58039218,0.20277353,0.51867890,0.00174269,0.28092957,false,
13,13,dirty_positive/dirty_13_66.jpg,test,dirty_positive,clean_negative,false_negative,0.04982962,0.55,0.50017038,0.49205139,0.05312659,0.40784314,0.56862748,0.17418651,0.51623201,0.00120031,0.18254089,false,
13,13,dirty_positive/dirty_13_67.jpg,test,dirty_positive,clean_negative,false_negative,0.06948143,0.55,0.48051857,0.48113123,0.05634733,0.40392157,0.56862748,0.20550485,0.50916165,0.00154825,0.24671936,false,
13,13,dirty_positive/dirty_13_68.jpg,test,dirty_positive,clean_negative,false_negative,0.06441758,0.55,0.48558242,0.48869365,0.05342718,0.40392157,0.56862748,0.18127197,0.51368779,0.00123886,0.19433594,false,
13,13,dirty_positive/dirty_13_69.jpg,test,dirty_positive,dirty_positive,true_positive,0.70748788,0.55,0.15748788,0.64412761,0.09940851,0.50588238,0.82745099,0.19818625,0.67647684,0.00737959,0.67764282,false,
13,13,dirty_positive/dirty_13_70.jpg,test,dirty_positive,dirty_positive,true_positive,0.64928777,0.55,0.09928777,0.61657357,0.10124508,0.48627451,0.81176472,0.20646064,0.64937425,0.00670111,0.63258362,false,
13,13,dirty_positive/dirty_13_71.jpg,test,dirty_positive,clean_negative,false_negative,0.31440962,0.55,0.23559038,0.65712035,0.09441491,0.52549022,0.83137256,0.19348195,0.68893647,0.00867740,0.69306946,false,
13,13,dirty_positive/dirty_13_72.jpg,test,dirty_positive,dirty_positive,true_positive,0.65885086,0.55,0.10885086,0.64429784,0.10581810,0.49411765,0.83529413,0.18606719,0.67454934,0.00761296,0.67141724,false,
13,13,dirty_positive/dirty_13_73.jpg,test,dirty_positive,dirty_positive,true_positive,0.99080596,0.55,0.44080596,0.72329628,0.09672188,0.59215689,0.89803922,0.08654313,0.73930967,0.00811628,0.58125305,false,
13,13,dirty_positive/dirty_13_74.jpg,test,dirty_positive,dirty_positive,true_positive,0.99304505,0.55,0.44304505,0.72500026,0.09713597,0.59215689,0.89803922,0.09318064,0.74167073,0.00833435,0.60742188,false,
13,13,dirty_positive/dirty_13_75.jpg,test,dirty_positive,dirty_positive,true_positive,0.94256020,0.55,0.39256020,0.71592009,0.10050322,0.58039218,0.89411765,0.09609531,0.73324460,0.00846352,0.61668396,false,
13,13,dirty_positive/dirty_13_76.jpg,test,dirty_positive,dirty_positive,true_positive,0.99226850,0.55,0.44226850,0.71778440,0.09830305,0.58823532,0.89411765,0.08366197,0.73356330,0.00787232,0.56793213,false,
13,13,dirty_positive/dirty_13_77.jpg,test,dirty_positive,clean_negative,false_negative,0.24340390,0.55,0.30659610,0.53778654,0.06313253,0.45882353,0.63137257,0.12997007,0.55562156,0.00332875,0.27925110,false,
13,13,dirty_positive/dirty_13_78.jpg,test,dirty_positive,dirty_positive,true_positive,0.63882513,0.55,0.08882513,0.53725106,0.06661291,0.45882353,0.65098041,0.13825133,0.55571967,0.00430317,0.34178162,false,
13,13,dirty_positive/dirty_13_79.jpg,test,dirty_positive,clean_negative,false_negative,0.00415887,0.55,0.54584113,0.54157794,0.05833020,0.46274510,0.61568630,0.11854482,0.55896688,0.00194668,0.18910217,false,
13,13,dirty_positive/dirty_13_80.jpg,test,dirty_positive,clean_negative,false_negative,0.09579568,0.55,0.45420432,0.52406526,0.06861653,0.43921569,0.64705884,0.15833849,0.54543638,0.00355457,0.31706238,false,
14,14,clean_negative/clean_14_1.jpg,train,clean_negative,clean_negative,true_negative,0.00288797,0.85,0.84711203,0.72356331,0.01541671,0.70196080,0.74509805,0.00311118,0.72480440,0.00067674,0.00672913,false,
14,14,clean_negative/clean_14_2.jpg,train,clean_negative,clean_negative,true_negative,0.02413468,0.85,0.82586532,0.72505474,0.01972540,0.70196080,0.74509805,0.00344687,0.72580993,0.00083930,0.02084351,false,
14,14,clean_negative/clean_14_3.jpg,train,clean_negative,clean_negative,true_negative,0.03597781,0.85,0.81402219,0.73167443,0.03016610,0.70196080,0.78039217,0.01168650,0.73371613,0.00116035,0.06069946,false,
14,14,clean_negative/clean_14_4.jpg,train,clean_negative,clean_negative,true_negative,0.43012612,0.85,0.41987388,0.73340660,0.03227746,0.70196080,0.79215688,0.01431610,0.73590577,0.00128931,0.07452393,false,
14,14,clean_negative/clean_14_5.jpg,train,clean_negative,clean_negative,true_negative,0.04516333,0.85,0.80483667,0.55998158,0.05001659,0.49803922,0.65490198,0.24511033,0.60339612,0.00201991,0.20497131,false,
14,14,clean_negative/clean_14_6.jpg,train,clean_negative,clean_negative,true_negative,0.03378548,0.85,0.81621452,0.57033843,0.05159865,0.49803922,0.65882355,0.20145002,0.60592639,0.00171716,0.17434692,false,
14,14,clean_negative/clean_14_7.jpg,train,clean_negative,clean_negative,true_negative,0.02969217,0.85,0.82030783,0.58433914,0.04948231,0.50588238,0.66274512,0.16039124,0.61300099,0.00143641,0.13920593,false,
14,14,clean_negative/clean_14_8.jpg,train,clean_negative,clean_negative,true_negative,0.05888212,0.85,0.79111788,0.60325640,0.04440852,0.52941179,0.66666669,0.12397049,0.62597412,0.00117652,0.10452271,false,
14,14,clean_negative/clean_14_9.jpg,train,clean_negative,clean_negative,true_negative,0.06311027,0.85,0.78688973,0.61602718,0.04174259,0.55686277,0.67843139,0.10529852,0.63592851,0.00107494,0.09286499,false,
14,14,clean_negative/clean_14_10.jpg,train,clean_negative,clean_negative,true_negative,0.00211006,0.85,0.84788994,0.72447717,0.01381978,0.70588237,0.74509805,0.00454987,0.72606063,0.00016066,0.00483704,false,
14,14,clean_negative/clean_14_11.jpg,train,clean_negative,clean_negative,true_negative,0.02187245,0.85,0.82812755,0.72726655,0.02214564,0.70588237,0.74901962,0.00601962,0.72844976,0.00046423,0.03193665,false,
14,14,clean_negative/clean_14_12.jpg,train,clean_negative,clean_negative,true_negative,0.11228280,0.85,0.73771720,0.73632586,0.03515355,0.70588237,0.80784315,0.01858227,0.73958445,0.00090705,0.09442139,false,
14,14,clean_negative/clean_14_13.jpg,train,clean_negative,clean_negative,true_negative,0.48483995,0.85,0.36516005,0.73814487,0.03694890,0.70588237,0.81568629,0.02247177,0.74209744,0.00105299,0.11222839,false,
14,14,clean_negative/clean_14_14.jpg,train,clean_negative,clean_negative,true_negative,0.05200090,0.85,0.79799910,0.55427086,0.04031550,0.49803922,0.61960787,0.24869679,0.59751338,0.00106503,0.19567871,false,
14,14,clean_negative/clean_14_15.jpg,train,clean_negative,clean_negative,true_negative,0.04492074,0.85,0.80507926,0.56245148,0.04082400,0.49803922,0.62352943,0.20642474,0.59818006,0.00084590,0.16403198,false,
14,14,clean_negative/clean_14_16.jpg,train,clean_negative,clean_negative,true_negative,0.04097765,0.85,0.80902235,0.57629883,0.03868445,0.50196081,0.63137257,0.16513386,0.60500920,0.00063484,0.13650513,false,
14,14,clean_negative/clean_14_17.jpg,train,clean_negative,clean_negative,true_negative,0.07403633,0.85,0.77596367,0.59428269,0.03561553,0.52941179,0.65098041,0.13165919,0.61756212,0.00043429,0.10749817,false,
14,14,clean_negative/clean_14_18.jpg,train,clean_negative,clean_negative,true_negative,0.07005104,0.85,0.77994896,0.60735178,0.03563376,0.55294120,0.67058825,0.11375973,0.62802148,0.00037337,0.09785461,false,
14,14,clean_negative/clean_14_19.jpg,train,clean_negative,clean_negative,true_negative,0.00094975,0.85,0.84905025,0.72773057,0.02357139,0.70980394,0.74509805,0.00883699,0.73026323,0.00027974,0.02418518,false,
14,14,clean_negative/clean_14_20.jpg,train,clean_negative,clean_negative,true_negative,0.02655665,0.85,0.82344335,0.73168516,0.03008518,0.70980394,0.77647060,0.01390351,0.73432052,0.00067266,0.06761169,false,
14,14,clean_negative/clean_14_21.jpg,train,clean_negative,clean_negative,true_negative,0.14317540,0.85,0.70682460,0.74188596,0.04098896,0.70980394,0.82745099,0.03122445,0.74742115,0.00120144,0.14962769,false,
14,14,clean_negative/clean_14_22.jpg,train,clean_negative,clean_negative,true_negative,0.53354130,0.85,0.31645870,0.74366975,0.04240345,0.70980394,0.83529413,0.03654677,0.75016940,0.00135720,0.17129517,false,
14,14,clean_negative/clean_14_23.jpg,train,clean_negative,clean_negative,true_negative,0.10760908,0.85,0.74239092,0.55699760,0.03979353,0.49803922,0.61960787,0.23788555,0.59791201,0.00116687,0.20755005,false,
14,14,clean_negative/clean_14_24.jpg,train,clean_negative,clean_negative,true_negative,0.04816234,0.85,0.80183766,0.56415635,0.03916192,0.50196081,0.62352943,0.19855569,0.59809840,0.00085280,0.16734314,false,
14,14,clean_negative/clean_14_25.jpg,train,clean_negative,clean_negative,true_negative,0.03925395,0.85,0.81074605,0.57815790,0.03772821,0.50588238,0.63137257,0.15955123,0.60554385,0.00061874,0.13813782,false,
14,14,clean_negative/clean_14_26.jpg,train,clean_negative,clean_negative,true_negative,0.08603936,0.85,0.76396064,0.59567255,0.03680548,0.53725493,0.65882355,0.13035578,0.61848289,0.00045555,0.11181641,false,
14,14,clean_negative/clean_14_27.jpg,train,clean_negative,clean_negative,true_negative,0.06355618,0.85,0.78644382,0.60827041,0.03859714,0.55294120,0.67843139,0.11516037,0.62893188,0.00040334,0.10415649,false,
14,14,clean_negative/clean_14_28.jpg,train,clean_negative,clean_negative,true_negative,0.17637794,0.85,0.67362206,0.55734801,0.03969451,0.49803922,0.61960787,0.23588623,0.59778595,0.00118395,0.20907593,false,
14,14,clean_negative/clean_14_29.jpg,train,clean_negative,clean_negative,true_negative,0.07595346,0.85,0.77404654,0.56474781,0.03894524,0.50196081,0.62352943,0.19684193,0.59829330,0.00085599,0.16741943,false,
14,14,clean_negative/clean_14_30.jpg,train,clean_negative,clean_negative,true_negative,0.06190781,0.85,0.78809219,0.57917523,0.03737977,0.50588238,0.63529414,0.15808406,0.60624981,0.00063322,0.13864136,false,
14,14,clean_negative/clean_14_31.jpg,train,clean_negative,clean_negative,true_negative,0.20107944,0.85,0.64892056,0.60866350,0.03800464,0.56078434,0.67843139,0.11775447,0.62961578,0.00046197,0.10977173,false,
14,14,clean_negative/clean_14_32.jpg,train,clean_negative,clean_negative,true_negative,0.00377422,0.85,0.84622578,0.72883004,0.02849470,0.70980394,0.76078433,0.01543166,0.73270226,0.00047269,0.05043030,false,
14,14,clean_negative/clean_14_33.jpg,train,clean_negative,clean_negative,true_negative,0.02831279,0.85,0.82168721,0.73406589,0.03498624,0.70980394,0.80784315,0.02519525,0.73877323,0.00094422,0.11111450,false,
14,14,clean_negative/clean_14_34.jpg,train,clean_negative,clean_negative,true_negative,0.15943476,0.85,0.69056524,0.74477333,0.04517466,0.70980394,0.84313726,0.04665420,0.75312012,0.00156249,0.20985413,false,
14,14,clean_negative/clean_14_35.jpg,train,clean_negative,clean_negative,true_negative,0.15457466,0.85,0.69542534,0.74650872,0.04636745,0.70980394,0.84705883,0.05276962,0.75597209,0.00169588,0.23229980,false,
14,14,clean_negative/clean_14_36.jpg,train,clean_negative,clean_negative,true_negative,0.06374002,0.85,0.78625998,0.61393595,0.03978841,0.56078434,0.68627453,0.11203969,0.63394642,0.00043042,0.10549927,false,
14,14,clean_negative/clean_14_37.jpg,train,clean_negative,clean_negative,true_negative,0.10081930,0.85,0.74918070,0.74916011,0.05045097,0.70588237,0.85882354,0.06346783,0.76054835,0.00203410,0.28137207,false,
14,14,clean_negative/clean_14_38.jpg,train,clean_negative,clean_negative,true_negative,0.00333695,0.85,0.84666305,0.72962779,0.03454657,0.70588237,0.80000001,0.02072275,0.73433578,0.00069098,0.07507324,false,
14,14,clean_negative/clean_14_39.jpg,train,clean_negative,clean_negative,true_negative,0.05703666,0.85,0.79296334,0.73679316,0.04262026,0.70196080,0.83137256,0.03425933,0.74314928,0.00129233,0.15715027,false,
14,14,clean_negative/clean_14_40.jpg,train,clean_negative,clean_negative,true_negative,0.14779116,0.85,0.70220884,0.74767983,0.05115474,0.70196080,0.85882354,0.05789424,0.75801516,0.00196262,0.26551819,false,
14,14,clean_negative/clean_14_41.jpg,train,clean_negative,clean_negative,true_negative,0.18978868,0.85,0.66021132,0.74953955,0.05230184,0.70196080,0.85882354,0.06679748,0.76150537,0.00214207,0.29718018,false,
14,14,clean_negative/clean_14_42.jpg,train,clean_negative,clean_negative,true_negative,0.09813295,0.85,0.75186705,0.73048282,0.04190344,0.69411767,0.82745099,0.02679054,0.73600996,0.00109681,0.11558533,false,
14,14,clean_negative/clean_14_43.jpg,train,clean_negative,clean_negative,true_negative,0.24105123,0.85,0.60894877,0.73894989,0.04946671,0.69411767,0.84705883,0.04325682,0.74670821,0.00170743,0.21041870,false,
14,14,clean_negative/clean_14_44.jpg,train,clean_negative,clean_negative,true_negative,0.41712754,0.85,0.43287246,0.74860901,0.05550838,0.69411767,0.86666667,0.06704389,0.76043314,0.00238695,0.32150269,false,
14,14,clean_negative/clean_14_45.jpg,train,clean_negative,clean_negative,true_negative,0.45126801,0.85,0.39873199,0.75037849,0.05658601,0.69019610,0.86666667,0.07583541,0.76382434,0.00257638,0.35539246,false,
14,14,clean_negative/clean_14_46.jpg,train,clean_negative,clean_negative,true_negative,0.08261352,0.85,0.76738648,0.73377359,0.05043442,0.69019610,0.85098040,0.03249829,0.74029440,0.00162890,0.16014099,false,
14,14,clean_negative/clean_14_47.jpg,train,clean_negative,clean_negative,true_negative,0.22236667,0.85,0.62763333,0.74234414,0.05580530,0.69019610,0.86274511,0.05161546,0.75154871,0.00219495,0.25900269,false,
14,14,clean_negative/clean_14_48.jpg,train,clean_negative,clean_negative,true_negative,0.36945390,0.85,0.48054610,0.75035292,0.05998027,0.69019610,0.87450981,0.07550528,0.76354277,0.00293751,0.36917114,false,
14,14,clean_negative/clean_14_49.jpg,train,clean_negative,clean_negative,true_negative,0.41005752,0.85,0.43994248,0.75217223,0.06099783,0.68627453,0.87843138,0.08393699,0.76688516,0.00316224,0.40426636,false,
14,14,clean_negative/clean_14_50.jpg,train,clean_negative,clean_negative,true_negative,0.04895965,0.85,0.80104035,0.73144448,0.05348972,0.67843139,0.85098040,0.03577468,0.73854959,0.00194785,0.17784119,false,
14,14,clean_negative/clean_14_51.jpg,train,clean_negative,clean_negative,true_negative,0.17678952,0.85,0.67321048,0.74165595,0.05972686,0.67843139,0.86666667,0.05559681,0.75158751,0.00261423,0.28538513,false,
14,14,clean_negative/clean_14_52.jpg,train,clean_negative,clean_negative,true_negative,0.31015274,0.85,0.53984726,0.75042975,0.06382651,0.67843139,0.87843138,0.07863812,0.76404631,0.00349655,0.39828491,false,
14,14,clean_negative/clean_14_53.jpg,train,clean_negative,clean_negative,true_negative,0.32252571,0.85,0.52747429,0.75237560,0.06468593,0.67843139,0.88235295,0.08676609,0.76739836,0.00374066,0.43350220,false,
14,14,clean_negative/clean_14_54.jpg,train,clean_negative,clean_negative,true_negative,0.05221983,0.85,0.79778017,0.73049521,0.05399370,0.67843139,0.85098040,0.03699538,0.73778582,0.00237814,0.20042419,false,
14,14,clean_negative/clean_14_55.jpg,train,clean_negative,clean_negative,true_negative,0.21006356,0.85,0.63993644,0.74286115,0.06227359,0.67843139,0.87450981,0.05508483,0.75261962,0.00330750,0.31782532,false,
14,14,clean_negative/clean_14_56.jpg,train,clean_negative,clean_negative,true_negative,0.34615866,0.85,0.50384134,0.75155270,0.06554303,0.67843139,0.88627452,0.07813404,0.76486814,0.00423552,0.43174744,false,
14,14,clean_negative/clean_14_57.jpg,train,clean_negative,clean_negative,true_negative,0.27932770,0.85,0.57067230,0.75503957,0.06823450,0.67450982,0.89411765,0.08928564,0.77017152,0.00498697,0.50224304,false,
14,14,clean_negative/clean_14_58.jpg,train,clean_negative,clean_negative,true_negative,0.05735513,0.85,0.79264487,0.72990561,0.05664723,0.67843139,0.85490197,0.03952727,0.73768973,0.00300109,0.23162842,false,
14,14,clean_negative/clean_14_59.jpg,train,clean_negative,clean_negative,true_negative,0.24355958,0.85,0.60644042,0.74274898,0.06539938,0.67450982,0.88235295,0.05600383,0.75264716,0.00419365,0.35314941,false,
14,14,clean_negative/clean_14_60.jpg,train,clean_negative,clean_negative,true_negative,0.34748979,0.85,0.50251021,0.75130177,0.06842151,0.67450982,0.89019608,0.07909271,0.76463282,0.00517110,0.47102356,false,
14,14,clean_negative/clean_14_61.jpg,train,clean_negative,clean_negative,true_negative,0.33664356,0.85,0.51335644,0.75663918,0.07035693,0.66666669,0.89803922,0.10622595,0.77437085,0.00611638,0.58818054,false,
14,14,clean_negative/clean_14_62.jpg,train,clean_negative,clean_negative,true_negative,0.37376649,0.85,0.47623351,0.75760794,0.07200141,0.65882355,0.90196079,0.12339203,0.77828097,0.00664138,0.64227295,false,
14,14,clean_negative/clean_14_63.jpg,train,clean_negative,clean_negative,true_negative,0.05864294,0.85,0.79135706,0.72950363,0.05981047,0.67058825,0.86274511,0.03936187,0.73745376,0.00335720,0.24189758,false,
14,14,clean_negative/clean_14_64.jpg,train,clean_negative,clean_negative,true_negative,0.19055812,0.85,0.65944188,0.74155438,0.06849715,0.67058825,0.89019608,0.05662770,0.75170529,0.00472157,0.36679077,false,
14,14,clean_negative/clean_14_65.jpg,train,clean_negative,clean_negative,true_negative,0.26092457,0.85,0.58907543,0.74826646,0.07116641,0.66666669,0.89803922,0.08068932,0.76183575,0.00569285,0.48318481,false,
14,14,clean_negative/clean_14_66.jpg,train,clean_negative,clean_negative,true_negative,0.30049555,0.85,0.54950445,0.75429142,0.07257637,0.65882355,0.90196079,0.10598689,0.77174759,0.00665257,0.59799194,false,
14,14,clean_negative/clean_14_67.jpg,train,clean_negative,clean_negative,true_negative,0.32832442,0.85,0.52167558,0.75669605,0.07310522,0.65882355,0.90588236,0.12106324,0.77668560,0.00720224,0.65220642,false,
14,14,clean_negative/clean_14_68.jpg,train,clean_negative,clean_negative,true_negative,0.02859021,0.85,0.82140979,0.72918653,0.06028748,0.67058825,0.86666667,0.04079644,0.73761368,0.00332801,0.24295044,false,
14,14,clean_negative/clean_14_69.jpg,train,clean_negative,clean_negative,true_negative,0.08671161,0.85,0.76328839,0.74051416,0.06860480,0.67058825,0.89019608,0.05830802,0.75119001,0.00477760,0.37184143,false,
14,14,clean_negative/clean_14_70.jpg,train,clean_negative,clean_negative,true_negative,0.14879384,0.85,0.70120616,0.74691498,0.07135714,0.66666669,0.89803922,0.08168629,0.76075530,0.00584428,0.48988342,false,
14,14,clean_negative/clean_14_71.jpg,train,clean_negative,clean_negative,true_negative,0.17852328,0.85,0.67147672,0.75308740,0.07279987,0.65882355,0.90196079,0.10478522,0.77028984,0.00698147,0.61329651,false,
14,14,clean_negative/clean_14_72.jpg,train,clean_negative,clean_negative,true_negative,0.29702501,0.85,0.55297499,0.75480580,0.07316663,0.65882355,0.90588236,0.11879064,0.77428907,0.00751986,0.66577148,false,
14,14,clean_negative/clean_14_73.jpg,train,clean_negative,clean_negative,true_negative,0.03632755,0.85,0.81367245,0.72851199,0.05780127,0.67450982,0.85490197,0.04436406,0.73766643,0.00328582,0.26118469,false,
14,14,clean_negative/clean_14_74.jpg,train,clean_negative,clean_negative,true_negative,0.10835953,0.85,0.74164047,0.73747134,0.06560279,0.67058825,0.87843138,0.06352360,0.74912483,0.00464154,0.38670349,false,
14,14,clean_negative/clean_14_75.jpg,train,clean_negative,clean_negative,true_negative,0.15462522,0.85,0.69537478,0.74185431,0.06776749,0.66666669,0.88627452,0.08552653,0.75636107,0.00558123,0.49548340,false,
14,14,clean_negative/clean_14_76.jpg,train,clean_negative,clean_negative,true_negative,0.19958887,0.85,0.65041113,0.74773145,0.06886668,0.65882355,0.88627452,0.10586399,0.76492447,0.00672959,0.61590576,false,
14,14,clean_negative/clean_14_77.jpg,train,clean_negative,clean_negative,true_negative,0.25383737,0.85,0.59616263,0.74450856,0.06782521,0.65098041,0.87843138,0.12420864,0.76454210,0.00689924,0.65661621,false,
14,14,clean_negative/clean_14_78.jpg,train,clean_negative,clean_negative,true_negative,0.22194946,0.85,0.62805054,0.71694183,0.06303056,0.61960787,0.82352942,0.14402042,0.74037343,0.00656089,0.62803650,false,
14,14,clean_negative/clean_14_79.jpg,train,clean_negative,clean_negative,true_negative,0.16314636,0.85,0.68685364,0.69740856,0.06191376,0.59607846,0.79607844,0.15986940,0.72349703,0.00648308,0.61793518,false,
14,14,clean_negative/clean_14_80.jpg,train,clean_negative,clean_negative,true_negative,0.13918775,0.85,0.71081225,0.69638503,0.06180491,0.59607846,0.79215688,0.16063653,0.72259712,0.00646417,0.61853027,false,
14,14,clean_negative/clean_14_81.jpg,train,clean_negative,clean_negative,true_negative,0.05121758,0.85,0.79878242,0.72817326,0.05856342,0.67450982,0.85490197,0.04961189,0.73817247,0.00344371,0.29634094,false,
14,14,clean_negative/clean_14_82.jpg,train,clean_negative,clean_negative,true_negative,0.10202527,0.85,0.74797473,0.73516321,0.06457564,0.66666669,0.87058824,0.06934851,0.74774539,0.00475850,0.41928101,false,
14,14,clean_negative/clean_14_83.jpg,train,clean_negative,clean_negative,true_negative,0.13663653,0.85,0.71336347,0.73780739,0.06635037,0.66274512,0.87450981,0.09126749,0.75321770,0.00558801,0.52256775,false,
14,14,clean_negative/clean_14_84.jpg,train,clean_negative,clean_negative,true_negative,0.16637775,0.85,0.68362225,0.74182522,0.06703021,0.65490198,0.87450981,0.10898779,0.75948334,0.00647584,0.61872864,false,
14,14,clean_negative/clean_14_85.jpg,train,clean_negative,clean_negative,true_negative,0.24565188,0.85,0.60434812,0.73449540,0.06565426,0.63921571,0.85882354,0.12880489,0.75533700,0.00644705,0.64434814,false,
14,14,clean_negative/clean_14_86.jpg,train,clean_negative,clean_negative,true_negative,0.51171129,0.85,0.33828871,0.71338224,0.06281491,0.61176473,0.81568629,0.14433207,0.73683643,0.00632857,0.62701416,false,
14,14,clean_negative/clean_14_87.jpg,train,clean_negative,clean_negative,true_negative,0.65026819,0.85,0.19973181,0.69403815,0.06414995,0.58823532,0.79215688,0.16074106,0.72018290,0.00633466,0.61897278,false,
14,14,clean_negative/clean_14_88.jpg,train,clean_negative,clean_negative,true_negative,0.52168377,0.85,0.32831623,0.66923571,0.06970723,0.56078434,0.77647060,0.18028368,0.69884616,0.00601545,0.60029602,false,
14,14,clean_negative/clean_14_89.jpg,train,clean_negative,clean_negative,true_negative,0.56955659,0.85,0.28044341,0.65714610,0.07188787,0.55294120,0.77647060,0.19028541,0.68847096,0.00593932,0.58392334,false,
14,14,clean_negative/clean_14_90.jpg,train,clean_negative,clean_negative,true_negative,0.03737665,0.85,0.81262335,0.73303938,0.06368160,0.66274512,0.86666667,0.07283708,0.74611473,0.00460243,0.43080139,false,
14,14,clean_negative/clean_14_91.jpg,train,clean_negative,clean_negative,true_negative,0.14712305,0.85,0.70287695,0.73438710,0.06654889,0.65490198,0.86666667,0.09618591,0.75058728,0.00539510,0.53213501,false,
14,14,clean_negative/clean_14_92.jpg,train,clean_negative,clean_negative,true_negative,0.10723281,0.85,0.74276719,0.73498470,0.06884927,0.63529414,0.86274511,0.11526054,0.75381410,0.00599530,0.60649109,false,
14,14,clean_negative/clean_14_93.jpg,train,clean_negative,clean_negative,true_negative,0.07981615,0.85,0.77018385,0.72728741,0.06867624,0.61568630,0.85098040,0.13369662,0.74905682,0.00621324,0.63688660,false,
14,14,clean_negative/clean_14_94.jpg,train,clean_negative,clean_negative,true_negative,0.13315537,0.85,0.71684463,0.70465255,0.06560550,0.59215689,0.80392158,0.15096807,0.72935772,0.00607435,0.61871338,false,
14,14,clean_negative/clean_14_95.jpg,train,clean_negative,clean_negative,true_negative,0.02498395,0.85,0.82501605,0.72728539,0.06023266,0.66666669,0.85490197,0.05188473,0.73752600,0.00345865,0.31167603,false,
14,14,clean_negative/clean_14_96.jpg,train,clean_negative,clean_negative,true_negative,0.38179968,0.85,0.46820032,0.67742294,0.07083521,0.55686277,0.78039217,0.17368986,0.70585364,0.00574126,0.59927368,false,
14,14,clean_negative/clean_14_97.jpg,train,clean_negative,clean_negative,true_negative,0.51539556,0.85,0.33460444,0.65611768,0.07425167,0.54117650,0.77254903,0.19117905,0.68758017,0.00542799,0.57756042,false,
14,14,clean_negative/clean_14_98.jpg,train,clean_negative,clean_negative,true_negative,0.56297206,0.85,0.28702794,0.64503622,0.07536513,0.53333336,0.76862746,0.20018780,0.67797387,0.00540317,0.56263733,false,
14,14,clean_negative/clean_14_99.jpg,train,clean_negative,clean_negative,true_negative,0.57280123,0.85,0.27719877,0.64853603,0.07373845,0.53333336,0.76470590,0.19870868,0.68134934,0.00504782,0.57440186,false,
14,14,clean_negative/clean_14_100.jpg,train,clean_negative,clean_negative,true_negative,0.61433920,0.85,0.23566080,0.63729608,0.07402949,0.52549022,0.75686276,0.20777601,0.67154306,0.00489184,0.55819702,false,
14,14,clean_negative/clean_14_101.jpg,train,clean_negative,dirty_positive,false_positive,0.90344836,0.85,0.05344836,0.62719202,0.07454932,0.52156866,0.75686276,0.21657817,0.66280806,0.00489921,0.54209900,true,tmp\sourcewise_error_atlas\run_001\contact_sheets\source_14_false_positive.jpg
14,14,clean_negative/clean_14_102.jpg,train,clean_negative,clean_negative,true_negative,0.01247438,0.85,0.83752562,0.50291264,0.02819867,0.47058824,0.54901963,0.17248340,0.52774805,0.00066950,0.09573364,false,
14,14,clean_negative/clean_14_103.jpg,train,clean_negative,clean_negative,true_negative,0.00818392,0.85,0.84181608,0.49736413,0.02616557,0.46666667,0.53333336,0.17859456,0.52302134,0.00067387,0.09506226,false,
14,14,clean_negative/clean_14_104.jpg,train,clean_negative,clean_negative,true_negative,0.07904233,0.85,0.77095767,0.66446078,0.06270252,0.60784316,0.80000001,0.05354046,0.68097174,0.00271653,0.19363403,false,
14,14,clean_negative/clean_14_105.jpg,train,clean_negative,clean_negative,true_negative,0.09921325,0.85,0.75078675,0.66790706,0.06666017,0.60784316,0.81176472,0.05413735,0.68405414,0.00300742,0.21994019,false,
14,14,clean_negative/clean_14_106.jpg,train,clean_negative,clean_negative,true_negative,0.04471773,0.85,0.80528227,0.64241958,0.04998520,0.59607846,0.74509805,0.05846845,0.66322190,0.00163547,0.10888672,false,
14,14,clean_negative/clean_14_107.jpg,train,clean_negative,clean_negative,true_negative,0.05753188,0.85,0.79246812,0.64529562,0.05505290,0.60000002,0.76470590,0.05822455,0.66549182,0.00186599,0.12887573,false,
14,14,clean_negative/clean_14_108.jpg,train,clean_negative,clean_negative,true_negative,0.40423812,0.85,0.44576188,0.58530867,0.08880880,0.47450981,0.76078433,0.26339263,0.62924457,0.00658298,0.59582520,false,
14,14,clean_negative/clean_14_109.jpg,train,clean_negative,clean_negative,true_negative,0.00033426,0.85,0.84966574,0.62475526,0.03412526,0.59215689,0.66666669,0.06310049,0.64976251,0.00057198,0.03430176,false,
14,14,clean_negative/clean_14_110.jpg,train,clean_negative,clean_negative,true_negative,0.23617609,0.85,0.61382391,0.58472025,0.08880344,0.47450981,0.76078433,0.26211309,0.62846625,0.00655734,0.59375000,false,
14,14,clean_negative/clean_14_111.jpg,train,clean_negative,clean_negative,true_negative,0.34776836,0.85,0.50223164,0.59133881,0.08713901,0.47843137,0.76078433,0.25562340,0.63403231,0.00672037,0.59635925,false,
14,14,clean_negative/clean_14_112.jpg,train,clean_negative,clean_negative,true_negative,0.61400070,0.85,0.23599930,0.69361901,0.10330954,0.54901963,0.87843138,0.16336837,0.72101802,0.00728226,0.64602661,false,
14,14,clean_negative/clean_14_113.jpg,train,clean_negative,clean_negative,true_negative,0.62883317,0.85,0.22116683,0.66869283,0.09935997,0.53333336,0.84705883,0.19303459,0.70124471,0.00706150,0.64503479,false,
14,14,clean_negative/clean_14_114.jpg,train,clean_negative,clean_negative,true_negative,0.15220303,0.85,0.69779697,0.61933970,0.09232051,0.48627451,0.78431374,0.23426372,0.65847051,0.00635681,0.59268188,false,
14,14,clean_negative/clean_14_115.jpg,train,clean_negative,clean_negative,true_negative,0.37246634,0.85,0.47753366,0.59284222,0.08602795,0.47843137,0.75686276,0.25350976,0.63514948,0.00666295,0.59158325,false,
14,14,clean_negative/clean_14_116.jpg,train,clean_negative,clean_negative,true_negative,0.00058748,0.85,0.84941252,0.63642824,0.06251112,0.59215689,0.79607844,0.06107896,0.65899080,0.00133346,0.08709717,false,
14,14,clean_negative/clean_14_117.jpg,train,clean_negative,clean_negative,true_negative,0.00127358,0.85,0.84872642,0.65624189,0.08160638,0.59215689,0.83529413,0.05938350,0.67547059,0.00291624,0.19053650,false,
14,14,clean_negative/clean_14_118.jpg,train,clean_negative,clean_negative,true_negative,0.01538379,0.85,0.83461621,0.68692708,0.09785080,0.59215689,0.87843138,0.06204654,0.70357752,0.00458835,0.32934570,false,
14,14,clean_negative/clean_14_119.jpg,train,clean_negative,clean_negative,true_negative,0.02221785,0.85,0.82778215,0.71567178,0.09857479,0.59607846,0.89411765,0.07378145,0.73182499,0.00593227,0.45956421,false,
14,14,clean_negative/clean_14_120.jpg,train,clean_negative,clean_negative,true_negative,0.15594536,0.85,0.69405464,0.72428745,0.09531586,0.59607846,0.89411765,0.09588546,0.74212891,0.00659747,0.55543518,false,
14,14,clean_negative/clean_14_121.jpg,train,clean_negative,clean_negative,true_negative,0.16605524,0.85,0.68394476,0.71277606,0.09859963,0.57254905,0.88627452,0.12892541,0.73487592,0.00706092,0.61862183,false,
14,14,clean_negative/clean_14_122.jpg,train,clean_negative,clean_negative,true_negative,0.00078403,0.85,0.84921597,0.61378396,0.02271049,0.59215689,0.65098041,0.06991512,0.64310235,0.00023417,0.00720215,false,
14,14,clean_negative/clean_14_123.jpg,train,clean_negative,clean_negative,true_negative,0.00124251,0.85,0.84875749,0.62517470,0.05493153,0.59215689,0.74509805,0.06541509,0.65114826,0.00097221,0.05285645,false,
14,14,clean_negative/clean_14_124.jpg,train,clean_negative,clean_negative,true_negative,0.00275092,0.85,0.84724908,0.64182019,0.07483604,0.58823532,0.81960785,0.06161230,0.66402948,0.00236679,0.13781738,false,
14,14,clean_negative/clean_14_125.jpg,train,clean_negative,clean_negative,true_negative,0.05968933,0.85,0.79031067,0.66919696,0.09423423,0.58823532,0.86666667,0.06156096,0.68807364,0.00406762,0.26913452,false,
14,14,clean_negative/clean_14_126.jpg,train,clean_negative,clean_negative,true_negative,0.10276297,0.85,0.74723703,0.69644833,0.09825985,0.59215689,0.88235295,0.07051285,0.71395105,0.00524210,0.39776611,false,
14,14,clean_negative/clean_14_127.jpg,train,clean_negative,clean_negative,true_negative,0.11885243,0.85,0.73114757,0.71046722,0.09507424,0.59215689,0.88235295,0.08997486,0.72895646,0.00616518,0.51455688,false,
14,14,clean_negative/clean_14_128.jpg,train,clean_negative,clean_negative,true_negative,0.13817496,0.85,0.71182504,0.70401096,0.09659792,0.57647061,0.87450981,0.11979736,0.72562385,0.00693988,0.60000610,false,
14,14,clean_negative/clean_14_129.jpg,train,clean_negative,clean_negative,true_negative,0.48703914,0.85,0.36296086,0.68864596,0.10102731,0.54901963,0.86666667,0.15045185,0.71420181,0.00720206,0.64135742,false,
14,14,clean_negative/clean_14_130.jpg,train,clean_negative,clean_negative,true_negative,0.61824348,0.85,0.23175652,0.66747934,0.09802126,0.53333336,0.83921570,0.17959416,0.69763815,0.00720003,0.65571594,false,
14,14,clean_negative/clean_14_131.jpg,train,clean_negative,clean_negative,true_negative,0.29967103,0.85,0.55032897,0.62179369,0.09443507,0.49019608,0.78823531,0.21576168,0.65773034,0.00645321,0.60165405,false,
14,14,clean_negative/clean_14_132.jpg,train,clean_negative,clean_negative,true_negative,0.50875055,0.85,0.34124945,0.59012377,0.08660857,0.47843137,0.75686276,0.23403975,0.62884837,0.00683227,0.58358765,false,
14,14,clean_negative/clean_14_133.jpg,train,clean_negative,clean_negative,true_negative,0.39582935,0.85,0.45417065,0.57424438,0.08686022,0.47058824,0.74901962,0.23984291,0.61352003,0.00664130,0.56491089,false,
14,14,clean_negative/clean_14_134.jpg,train,clean_negative,clean_negative,true_negative,0.00000000,0.85,0.85000000,0.51637769,0.03938210,0.46666667,0.58823532,0.16278052,0.54877549,0.00014121,0.02117920,true,tmp\sourcewise_error_atlas\run_001\contact_sheets\source_14_true_negative.jpg
14,14,clean_negative/clean_14_135.jpg,train,clean_negative,clean_negative,true_negative,0.00000000,0.85,0.85000000,0.51722741,0.04149929,0.46666667,0.59607846,0.16203135,0.54903400,0.00012581,0.02154541,true,tmp\sourcewise_error_atlas\run_001\contact_sheets\source_14_true_negative.jpg
14,14,clean_negative/clean_14_136.jpg,train,clean_negative,clean_negative,true_negative,0.00000000,0.85,0.85000000,0.51695496,0.04175942,0.46666667,0.59607846,0.16273834,0.54876709,0.00015534,0.02456665,true,tmp\sourcewise_error_atlas\run_001\contact_sheets\source_14_true_negative.jpg
14,14,clean_negative/clean_14_137.jpg,train,clean_negative,clean_negative,true_negative,0.18922409,0.85,0.66077591,0.56204247,0.08540700,0.47058824,0.73725492,0.22153644,0.59758973,0.00593679,0.50007629,false,
14,14,clean_negative/clean_14_138.jpg,train,clean_negative,clean_negative,true_negative,0.10111805,0.85,0.74888195,0.53952402,0.06814744,0.47058824,0.66666669,0.20487773,0.57161713,0.00412115,0.36587524,false,
14,14,clean_negative/clean_14_139.jpg,train,clean_negative,clean_negative,true_negative,0.00017616,0.85,0.84982384,0.53341866,0.06518490,0.46666667,0.65098041,0.19287109,0.56487268,0.00325230,0.28706360,false,
14,14,clean_negative/clean_14_140.jpg,train,clean_negative,clean_negative,true_negative,0.00001169,0.85,0.84998831,0.52769375,0.06020615,0.46666667,0.62745100,0.17877389,0.55802631,0.00218351,0.19985962,true,tmp\sourcewise_error_atlas\run_001\contact_sheets\source_14_true_negative.jpg
14,14,clean_negative/clean_14_141.jpg,train,clean_negative,clean_negative,true_negative,0.00000001,0.85,0.84999999,0.52025139,0.05118714,0.46666667,0.60392159,0.18304576,0.55449712,0.00107133,0.10760498,true,tmp\sourcewise_error_atlas\run_001\contact_sheets\source_14_true_negative.jpg
14,14,clean_negative/clean_14_142.jpg,train,clean_negative,clean_negative,true_negative,0.00122950,0.85,0.84877050,0.60439074,0.01528819,0.58823532,0.63529414,0.07631178,0.63755757,0.00015766,0.00273132,false,
14,14,clean_negative/clean_14_143.jpg,train,clean_negative,clean_negative,true_negative,0.00077670,0.85,0.84922330,0.60964143,0.03524164,0.58823532,0.64313728,0.07147983,0.63946098,0.00056777,0.02323914,false,
14,14,clean_negative/clean_14_144.jpg,train,clean_negative,clean_negative,true_negative,0.00188243,0.85,0.84811757,0.62155622,0.05692828,0.58823532,0.75686276,0.06643851,0.64763534,0.00166088,0.08375549,false,
14,14,clean_negative/clean_14_145.jpg,train,clean_negative,clean_negative,true_negative,0.01195966,0.85,0.83804034,0.64272940,0.07934716,0.58823532,0.81960785,0.06430113,0.66512215,0.00312678,0.18991089,false,
14,14,clean_negative/clean_14_146.jpg,train,clean_negative,clean_negative,true_negative,0.08268969,0.85,0.76731031,0.66763854,0.09000576,0.58823532,0.84705883,0.06879231,0.68784875,0.00454512,0.31091309,false,
14,14,clean_negative/clean_14_147.jpg,train,clean_negative,clean_negative,true_negative,0.15336491,0.85,0.69663509,0.68438601,0.09050395,0.59215689,0.85490197,0.08319409,0.70478714,0.00574405,0.43205261,false,
14,14,clean_negative/clean_14_148.jpg,train,clean_negative,clean_negative,true_negative,0.43983613,0.85,0.41016387,0.68509626,0.09187883,0.57647061,0.85098040,0.10540210,0.70695746,0.00693343,0.53639221,false,
14,14,clean_negative/clean_14_149.jpg,train,clean_negative,clean_negative,true_negative,0.52509229,0.85,0.32490771,0.67616951,0.09604508,0.54901963,0.84705883,0.12995809,0.70014727,0.00731145,0.59043884,false,
14,14,clean_negative/clean_14_150.jpg,train,clean_negative,clean_negative,true_negative,0.63920343,0.85,0.21079657,0.66433054,0.09512529,0.53333336,0.83529413,0.15079156,0.69082588,0.00774075,0.62510681,false,
14,14,clean_negative/clean_14_151.jpg,train,clean_negative,clean_negative,true_negative,0.24911838,0.85,0.60088162,0.62610960,0.09352339,0.49019608,0.79607844,0.17902258,0.65667892,0.00669320,0.56448364,false,
14,14,clean_negative/clean_14_152.jpg,train,clean_negative,clean_negative,true_negative,0.38528401,0.85,0.46471599,0.59495258,0.08535910,0.47843137,0.76078433,0.19410574,0.62737846,0.00653566,0.52857971,false,
14,14,clean_negative/clean_14_153.jpg,train,clean_negative,clean_negative,true_negative,0.26293461,0.85,0.58706539,0.57885092,0.08544631,0.47058824,0.74509805,0.20250812,0.61200619,0.00632745,0.50674438,false,
14,14,clean_negative/clean_14_154.jpg,train,clean_negative,clean_negative,true_negative,0.16786061,0.85,0.68213939,0.56858826,0.08461245,0.47058824,0.73333335,0.19473228,0.59997678,0.00559803,0.45458984,false,
14,14,clean_negative/clean_14_155.jpg,train,clean_negative,clean_negative,true_negative,0.09702037,0.85,0.75297963,0.54875374,0.06970490,0.47058824,0.66274512,0.17963126,0.57703841,0.00383677,0.33009338,false,
14,14,clean_negative/clean_14_156.jpg,train,clean_negative,clean_negative,true_negative,0.00018700,0.85,0.84981300,0.54357457,0.06602243,0.47058824,0.64313728,0.17072061,0.57187104,0.00297844,0.25956726,false,
14,14,clean_negative/clean_14_157.jpg,train,clean_negative,clean_negative,true_negative,0.00001485,0.85,0.84998515,0.54069734,0.06387854,0.46666667,0.63529414,0.15827475,0.56826729,0.00225656,0.18925476,false,
14,14,clean_negative/clean_14_158.jpg,train,clean_negative,clean_negative,true_negative,0.00000001,0.85,0.84999999,0.53526241,0.05727790,0.46666667,0.62352943,0.15940930,0.56598157,0.00106992,0.10166931,true,tmp\sourcewise_error_atlas\run_001\contact_sheets\source_14_true_negative.jpg
14,14,clean_negative/clean_14_159.jpg,train,clean_negative,clean_negative,true_negative,0.00000000,0.85,0.85000000,0.53232318,0.04803841,0.47058824,0.61176473,0.14138812,0.56104487,0.00014329,0.02316284,true,tmp\sourcewise_error_atlas\run_001\contact_sheets\source_14_true_negative.jpg
14,14,clean_negative/clean_14_160.jpg,train,clean_negative,clean_negative,true_negative,0.00000000,0.85,0.85000000,0.53573626,0.04583108,0.47058824,0.60784316,0.13570605,0.56413114,0.00013502,0.01884460,true,tmp\sourcewise_error_atlas\run_001\contact_sheets\source_14_true_negative.jpg
14,14,dirty_positive/dirty_14_1.jpg,train,dirty_positive,clean_negative,false_negative,0.72436101,0.85,0.12563899,0.75887740,0.06962364,0.63921571,0.88627452,0.13085896,0.78402877,0.00353828,0.47215271,false,
14,14,dirty_positive/dirty_14_2.jpg,train,dirty_positive,clean_negative,false_negative,0.44953440,0.85,0.40046560,0.75333488,0.07110716,0.63529414,0.88235295,0.13644165,0.77896917,0.00360986,0.48860168,true,tmp\sourcewise_error_atlas\run_001\contact_sheets\source_14_false_negative.jpg
14,14,dirty_positive/dirty_14_3.jpg,train,dirty_positive,clean_negative,false_negative,0.63880306,0.85,0.21119694,0.74549747,0.08171683,0.61176473,0.88627452,0.17030174,0.77915162,0.00417561,0.53327942,false,
14,14,dirty_positive/dirty_14_4.jpg,train,dirty_positive,clean_negative,false_negative,0.41112379,0.85,0.43887621,0.74288166,0.07912683,0.61176473,0.88235295,0.16781457,0.77491599,0.00372873,0.53488159,true,tmp\sourcewise_error_atlas\run_001\contact_sheets\source_14_false_negative.jpg
14,14,dirty_positive/dirty_14_5.jpg,train,dirty_positive,clean_negative,false_negative,0.56179757,0.85,0.28820243,0.62596643,0.08845503,0.51372552,0.78823531,0.28810930,0.68058026,0.00275009,0.43594360,true,tmp\sourcewise_error_atlas\run_001\contact_sheets\source_14_false_negative.jpg
14,14,dirty_positive/dirty_14_6.jpg,train,dirty_positive,dirty_positive,true_positive,0.99433732,0.85,0.14433732,0.60510063,0.07511000,0.50980395,0.74509805,0.29166734,0.65909618,0.00262643,0.41029358,true,tmp\sourcewise_error_atlas\run_001\contact_sheets\source_14_true_positive.jpg
14,14,dirty_positive/dirty_14_7.jpg,train,dirty_positive,clean_negative,false_negative,0.67369622,0.85,0.17630378,0.60141778,0.08498263,0.50588238,0.76862746,0.30142355,0.65808606,0.00254591,0.40631104,false,
14,14,dirty_positive/dirty_14_8.jpg,train,dirty_positive,clean_negative,false_negative,0.75183758,0.85,0.09816242,0.61003315,0.07736649,0.51372552,0.74901962,0.29072016,0.66423011,0.00262010,0.41810608,false,
14,14,dirty_positive/dirty_14_9.jpg,train,dirty_positive,dirty_positive,true_positive,0.95061734,0.85,0.10061734,0.61727983,0.07560036,0.52156866,0.76078433,0.27474844,0.66666353,0.00277264,0.42945862,false,
14,14,dirty_positive/dirty_14_10.jpg,train,dirty_positive,dirty_positive,true_positive,0.99939733,0.85,0.14939733,0.60187280,0.05995520,0.52156866,0.71372551,0.28351760,0.65186346,0.00236987,0.40306091,true,tmp\sourcewise_error_atlas\run_001\contact_sheets\source_14_true_positive.jpg
14,14,dirty_positive/dirty_14_11.jpg,train,dirty_positive,dirty_positive,true_positive,0.99771588,0.85,0.14771588,0.62206984,0.07854944,0.52549022,0.76862746,0.27250785,0.67133653,0.00285011,0.43426514,true,tmp\sourcewise_error_atlas\run_001\contact_sheets\source_14_true_positive.jpg
14,14,dirty_positive/dirty_14_12.jpg,train,dirty_positive,dirty_positive,true_positive,0.93907625,0.85,0.08907625,0.62016749,0.07840218,0.52156866,0.76470590,0.27559853,0.67053604,0.00301208,0.43815613,false,
14,14,dirty_positive/dirty_14_13.jpg,train,dirty_positive,clean_negative,false_negative,0.56846303,0.85,0.28153697,0.68676299,0.07983729,0.56862748,0.82352942,0.22288525,0.72678781,0.00309584,0.53604126,true,tmp\sourcewise_error_atlas\run_001\contact_sheets\source_14_false_negative.jpg
14,14,dirty_positive/dirty_14_14.jpg,train,dirty_positive,dirty_positive,true_positive,0.93622514,0.85,0.08622514,0.66392076,0.07629947,0.55686277,0.79607844,0.24180263,0.70749515,0.00273294,0.48942566,false,
14,14,dirty_positive/dirty_14_15.jpg,train,dirty_positive,dirty_positive,true_positive,0.96450331,0.85,0.11450331,0.64834130,0.07669225,0.53725493,0.78039217,0.25246027,0.69277847,0.00302828,0.49661255,false,
14,14,dirty_positive/dirty_14_16.jpg,train,dirty_positive,clean_negative,false_negative,0.55488213,0.85,0.29511787,0.69838059,0.07534707,0.58039218,0.82745099,0.20781568,0.73530716,0.00324439,0.53213501,true,tmp\sourcewise_error_atlas\run_001\contact_sheets\source_14_false_negative.jpg
14,14,dirty_positive/dirty_14_17.jpg,train,dirty_positive,clean_negative,false_negative,0.81628357,0.85,0.03371643,0.55862051,0.03724992,0.50588238,0.62352943,0.22968836,0.59549034,0.00179669,0.25259399,false,
14,14,dirty_positive/dirty_14_18.jpg,train,dirty_positive,dirty_positive,true_positive,0.89725238,0.85,0.04725238,0.55838180,0.03724718,0.50588238,0.61960787,0.23107128,0.59563887,0.00178447,0.25442505,false,
14,14,dirty_positive/dirty_14_19.jpg,train,dirty_positive,dirty_positive,true_positive,0.87636808,0.85,0.02636808,0.55595326,0.03730972,0.50588238,0.61960787,0.24089524,0.59462875,0.00191344,0.26469421,false,
14,14,dirty_positive/dirty_14_20.jpg,train,dirty_positive,dirty_positive,true_positive,0.97432110,0.85,0.12432110,0.55278885,0.03988428,0.50196081,0.61960787,0.26749420,0.59610367,0.00230165,0.30154419,false,
14,14,dirty_positive/dirty_14_21.jpg,train,dirty_positive,dirty_positive,true_positive,0.98551479,0.85,0.13551479,0.54993838,0.03953901,0.49803922,0.61176473,0.29272372,0.59801424,0.00236142,0.31875610,false,
14,14,dirty_positive/dirty_14_22.jpg,train,dirty_positive,dirty_positive,true_positive,0.97462497,0.85,0.12462497,0.55292618,0.03993351,0.50196081,0.61960787,0.26934034,0.59668434,0.00232544,0.30448914,false,
14,14,dirty_positive/dirty_14_23.jpg,train,dirty_positive,dirty_positive,true_positive,0.99198449,0.85,0.14198449,0.55306089,0.03815249,0.50196081,0.61568630,0.29143617,0.60119009,0.00233034,0.32833862,false,
14,14,dirty_positive/dirty_14_24.jpg,train,dirty_positive,dirty_positive,true_positive,0.98318988,0.85,0.13318988,0.55064207,0.04129917,0.49803922,0.61568630,0.29617539,0.59946281,0.00243855,0.32398987,false,
14,14,dirty_positive/dirty_14_25.jpg,train,dirty_positive,dirty_positive,true_positive,0.97047623,0.85,0.12047623,0.64347219,0.08140874,0.53333336,0.78823531,0.22982147,0.68264425,0.00505348,0.54663086,false,
14,14,dirty_positive/dirty_14_26.jpg,train,dirty_positive,dirty_positive,true_positive,0.97877365,0.85,0.12877365,0.67789221,0.08481007,0.56078434,0.82745099,0.21209604,0.71458209,0.00444088,0.56187439,false,
14,14,dirty_positive/dirty_14_27.jpg,train,dirty_positive,dirty_positive,true_positive,0.98455048,0.85,0.13455048,0.65415442,0.08453989,0.53725493,0.80392158,0.22323479,0.69238240,0.00515871,0.56263733,false,
14,14,dirty_positive/dirty_14_28.jpg,train,dirty_positive,dirty_positive,true_positive,0.99671097,0.85,0.14671097,0.60388130,0.06647256,0.52156866,0.72549021,0.26205918,0.64865053,0.00431955,0.47673035,true,tmp\sourcewise_error_atlas\run_001\contact_sheets\source_14_true_positive.jpg
14,14,dirty_positive/dirty_14_29.jpg,train,dirty_positive,dirty_positive,true_positive,0.99809943,0.85,0.14809943,0.59332824,0.05827026,0.52156866,0.69803923,0.26699325,0.63857007,0.00449631,0.45178223,true,tmp\sourcewise_error_atlas\run_001\contact_sheets\source_14_true_positive.jpg
14,14,dirty_positive/dirty_14_30.jpg,train,dirty_positive,dirty_positive,true_positive,0.99666967,0.85,0.14666967,0.58981913,0.05626634,0.52156866,0.69019610,0.27037710,0.63550842,0.00441352,0.43740845,true,tmp\sourcewise_error_atlas\run_001\contact_sheets\source_14_true_positive.jpg
14,14,dirty_positive/dirty_14_31.jpg,train,dirty_positive,dirty_positive,true_positive,0.99264245,0.85,0.14264245,0.61939144,0.07106528,0.52941179,0.74901962,0.24303153,0.66075838,0.00521880,0.51684570,true,tmp\sourcewise_error_atlas\run_001\contact_sheets\source_14_true_positive.jpg
14,14,dirty_positive/dirty_14_32.jpg,train,dirty_positive,dirty_positive,true_positive,0.99788821,0.85,0.14788821,0.59028184,0.05927055,0.51764709,0.69803923,0.27185768,0.63638419,0.00430069,0.45074463,true,tmp\sourcewise_error_atlas\run_001\contact_sheets\source_14_true_positive.jpg
14,14,dirty_positive/dirty_14_33.jpg,train,dirty_positive,dirty_positive,true_positive,0.94736149,0.85,0.09736149,0.56653118,0.05970160,0.49803922,0.68235296,0.25121418,0.60640579,0.00292184,0.36178589,false,
14,14,dirty_positive/dirty_14_34.jpg,train,dirty_positive,clean_negative,false_negative,0.47000451,0.85,0.37999549,0.54935294,0.05092740,0.49411765,0.65098041,0.21964383,0.58277643,0.00201316,0.25473022,true,tmp\sourcewise_error_atlas\run_001\contact_sheets\source_14_false_negative.jpg
14,14,dirty_positive/dirty_14_35.jpg,train,dirty_positive,dirty_positive,true_positive,0.97738453,0.85,0.12738453,0.57282192,0.06344683,0.49019608,0.69019610,0.25583568,0.61402702,0.00346705,0.42480469,false,
14,14,dirty_positive/dirty_14_36.jpg,train,dirty_positive,clean_negative,false_negative,0.84318026,0.85,0.00681974,0.56948030,0.06183200,0.49411765,0.68627453,0.25181746,0.60956043,0.00307349,0.38256836,false,
14,14,dirty_positive/dirty_14_37.jpg,train,dirty_positive,dirty_positive,true_positive,0.98728986,0.85,0.13728986,0.59569901,0.06009836,0.51372552,0.70196080,0.26584035,0.63994569,0.00461178,0.51004028,false,
14,14,dirty_positive/dirty_14_38.jpg,train,dirty_positive,dirty_positive,true_positive,0.92196586,0.85,0.07196586,0.58960879,0.06351779,0.49411765,0.70196080,0.27077806,0.63428020,0.00472774,0.51486206,false,
14,14,dirty_positive/dirty_14_39.jpg,train,dirty_positive,clean_negative,false_negative,0.84613932,0.85,0.00386068,0.58393162,0.06811686,0.47843137,0.70588237,0.27121267,0.62816548,0.00462258,0.51196289,false,
14,14,dirty_positive/dirty_14_40.jpg,train,dirty_positive,dirty_positive,true_positive,0.97935621,0.85,0.12935621,0.59316683,0.06184813,0.50588238,0.70196080,0.26736128,0.63749486,0.00450977,0.50726318,false,
14,14,dirty_positive/dirty_14_41.jpg,train,dirty_positive,clean_negative,false_negative,0.30040279,0.85,0.54959721,0.54056716,0.07510062,0.45882353,0.69019610,0.28356358,0.58520323,0.00367346,0.44581604,true,tmp\sourcewise_error_atlas\run_001\contact_sheets\source_14_false_negative.jpg
14,14,dirty_positive/dirty_14_42.jpg,train,dirty_positive,clean_negative,false_negative,0.15509401,0.85,0.69490599,0.52871609,0.07551182,0.45882353,0.69019610,0.26759622,0.56991041,0.00341676,0.36734009,true,tmp\sourcewise_error_atlas\run_001\contact_sheets\source_14_false_negative.jpg
14,14,dirty_positive/dirty_14_43.jpg,train,dirty_positive,clean_negative,false_negative,0.15080435,0.85,0.69919565,0.53307211,0.07460175,0.45882353,0.69019610,0.25230277,0.57131678,0.00277850,0.36140442,true,tmp\sourcewise_error_atlas\run_001\contact_sheets\source_14_false_negative.jpg
14,14,dirty_positive/dirty_14_44.jpg,train,dirty_positive,clean_negative,false_negative,0.06002685,0.85,0.78997315,0.52119851,0.06842389,0.45882353,0.66666669,0.25618178,0.55974746,0.00281023,0.32748413,true,tmp\sourcewise_error_atlas\run_001\contact_sheets\source_14_false_negative.jpg
14,14,dirty_positive/dirty_14_45.jpg,train,dirty_positive,clean_negative,false_negative,0.76896982,0.85,0.08103018,0.72755349,0.07974085,0.60000002,0.86666667,0.11908965,0.74729478,0.00620755,0.65321350,false,
14,14,dirty_positive/dirty_14_46.jpg,train,dirty_positive,clean_negative,false_negative,0.73312481,0.85,0.11687519,0.72971421,0.08264041,0.60392159,0.87450981,0.10899258,0.74785113,0.00662789,0.65393066,false,
14,14,dirty_positive/dirty_14_47.jpg,train,dirty_positive,dirty_positive,true_positive,0.97423479,0.85,0.12423479,0.72849983,0.08513685,0.59607846,0.87843138,0.11989801,0.74825305,0.00655818,0.67398071,false,
14,14,dirty_positive/dirty_14_48.jpg,train,dirty_positive,dirty_positive,true_positive,0.89585986,0.85,0.04585986,0.72993648,0.07440163,0.62745100,0.86666667,0.09056433,0.74569005,0.00586484,0.57452393,false,
14,14,dirty_positive/dirty_14_49.jpg,train,dirty_positive,dirty_positive,true_positive,0.98326111,0.85,0.13326111,0.72784275,0.08987429,0.58431375,0.88235295,0.12963706,0.74921215,0.00633228,0.67486572,false,
14,14,dirty_positive/dirty_14_50.jpg,train,dirty_positive,dirty_positive,true_positive,0.97313474,0.85,0.12313474,0.72004974,0.08526757,0.58431375,0.86274511,0.13699940,0.74270606,0.00611844,0.67369080,false,
14,14,dirty_positive/dirty_14_51.jpg,train,dirty_positive,clean_negative,false_negative,0.57703316,0.85,0.27296684,0.73793387,0.08665673,0.60392159,0.89019608,0.11482826,0.75704455,0.00649765,0.66036987,true,tmp\sourcewise_error_atlas\run_001\contact_sheets\source_14_false_negative.jpg
14,14,dirty_positive/dirty_14_52.jpg,train,dirty_positive,clean_negative,false_negative,0.68817816,0.85,0.16182184,0.71198475,0.08907562,0.57647061,0.86274511,0.14722656,0.73631817,0.00598255,0.66760254,false,
14,14,dirty_positive/dirty_14_53.jpg,train,dirty_positive,dirty_positive,true_positive,0.91736576,0.85,0.06736576,0.64444464,0.09655607,0.52941179,0.83529413,0.21362108,0.67990720,0.00633995,0.59757996,false,
14,14,dirty_positive/dirty_14_54.jpg,train,dirty_positive,dirty_positive,true_positive,0.90706750,0.85,0.05706750,0.65964413,0.10052693,0.53725493,0.85098040,0.20069067,0.69293696,0.00661891,0.61863708,false,
14,14,dirty_positive/dirty_14_55.jpg,train,dirty_positive,clean_negative,false_negative,0.58491004,0.85,0.26508996,0.65995872,0.09893706,0.53725493,0.84705883,0.20259893,0.69371790,0.00660718,0.62107849,true,tmp\sourcewise_error_atlas\run_001\contact_sheets\source_14_false_negative.jpg
14,14,dirty_positive/dirty_14_56.jpg,train,dirty_positive,clean_negative,false_negative,0.67173628,0.85,0.17826372,0.66949582,0.09864981,0.54509807,0.85098040,0.19797310,0.70273638,0.00697663,0.63800049,false,
14,14,dirty_positive/dirty_14_57.jpg,train,dirty_positive,clean_negative,false_negative,0.06436477,0.85,0.78563523,0.52234304,0.07641780,0.45882353,0.68627453,0.23522872,0.55893469,0.00304344,0.30857849,true,tmp\sourcewise_error_atlas\run_001\contact_sheets\source_14_false_negative.jpg
14,14,dirty_positive/dirty_14_58.jpg,train,dirty_positive,clean_negative,false_negative,0.01657975,0.85,0.83342025,0.51239067,0.06997742,0.45882353,0.66274512,0.22780848,0.54759771,0.00230949,0.25013733,true,tmp\sourcewise_error_atlas\run_001\contact_sheets\source_14_false_negative.jpg
14,14,dirty_positive/dirty_14_59.jpg,train,dirty_positive,clean_negative,false_negative,0.00002898,0.85,0.84997102,0.49183464,0.03968507,0.46274510,0.56078434,0.22730336,0.52931476,0.00133512,0.13998413,true,tmp\sourcewise_error_atlas\run_001\contact_sheets\source_14_false_negative.jpg
14,14,dirty_positive/dirty_14_60.jpg,train,dirty_positive,clean_negative,false_negative,0.00384589,0.85,0.84615411,0.49474216,0.04317692,0.45882353,0.57254905,0.22803704,0.52987617,0.00140504,0.16575623,true,tmp\sourcewise_error_atlas\run_001\contact_sheets\source_14_false_negative.jpg
15,15,clean_negative/clean_15_1.jpg,train,clean_negative,clean_negative,true_negative,0.01839696,0.15,0.13160304,0.65502203,0.04994263,0.58431375,0.74117649,0.06846075,0.66736364,0.00128254,0.10180664,false,
15,15,clean_negative/clean_15_2.jpg,train,clean_negative,clean_negative,true_negative,0.01985030,0.15,0.13014970,0.64859271,0.04162338,0.59607846,0.72156864,0.06566881,0.66098112,0.00117751,0.07208252,false,
15,15,clean_negative/clean_15_3.jpg,train,clean_negative,clean_negative,true_negative,0.02333827,0.15,0.12666173,0.64239538,0.03716679,0.59607846,0.70588237,0.06724334,0.65543443,0.00113903,0.06233215,false,
15,15,clean_negative/clean_15_4.jpg,train,clean_negative,dirty_positive,false_positive,0.22769322,0.15,0.07769322,0.66296518,0.08066253,0.55294120,0.80392158,0.13000843,0.68423331,0.00372722,0.51560974,false,
15,15,clean_negative/clean_15_5.jpg,train,clean_negative,dirty_positive,false_positive,0.23016506,0.15,0.08016506,0.66274959,0.07998517,0.55294120,0.80392158,0.14050455,0.68620825,0.00347490,0.52545166,false,
15,15,clean_negative/clean_15_6.jpg,train,clean_negative,clean_negative,true_negative,0.13962211,0.15,0.01037789,0.63826609,0.08097830,0.53725493,0.78431374,0.14660275,0.66147745,0.00385432,0.50282288,false,
15,15,clean_negative/clean_15_7.jpg,train,clean_negative,dirty_positive,false_positive,0.15682312,0.15,0.00682312,0.64012438,0.08165491,0.53333336,0.78431374,0.15262029,0.66465515,0.00385462,0.53335571,false,
15,15,clean_negative/clean_15_8.jpg,train,clean_negative,clean_negative,true_negative,0.12702820,0.15,0.02297180,0.63507307,0.08153854,0.52549022,0.78039217,0.15461320,0.65971005,0.00394458,0.53308105,false,
15,15,clean_negative/clean_15_9.jpg,train,clean_negative,clean_negative,true_negative,0.14794475,0.15,0.00205525,0.62561262,0.08022330,0.51372552,0.76862746,0.15376648,0.64949822,0.00407151,0.49824524,false,
15,15,clean_negative/clean_15_10.jpg,train,clean_negative,dirty_positive,false_positive,0.27552140,0.15,0.12552140,0.56587195,0.05724472,0.50588238,0.67450982,0.14664775,0.58884811,0.00262664,0.36593628,false,
15,15,clean_negative/clean_15_11.jpg,train,clean_negative,dirty_positive,false_positive,0.41896830,0.15,0.26896830,0.57955706,0.07186610,0.50196081,0.72549021,0.15499514,0.60385007,0.00354209,0.48162842,false,
15,15,clean_negative/clean_15_12.jpg,train,clean_negative,dirty_positive,false_positive,0.44547535,0.15,0.29547535,0.57630390,0.07317960,0.50196081,0.72549021,0.15271059,0.59983903,0.00341417,0.45713806,false,
15,15,clean_negative/clean_15_13.jpg,train,clean_negative,dirty_positive,false_positive,0.34889427,0.15,0.19889427,0.56103551,0.05581126,0.50588238,0.66666669,0.14314714,0.58300591,0.00241031,0.33769226,false,
15,15,clean_negative/clean_15_14.jpg,train,clean_negative,dirty_positive,false_positive,0.28833294,0.15,0.13833294,0.68666482,0.07975619,0.58823532,0.84705883,0.04603020,0.69990528,0.00755103,0.57009888,false,
15,15,clean_negative/clean_15_15.jpg,train,clean_negative,dirty_positive,false_positive,0.47647976,0.15,0.32647976,0.69030643,0.07680849,0.58823532,0.83921570,0.04351155,0.69989324,0.00788289,0.61650085,false,
15,15,clean_negative/clean_15_16.jpg,train,clean_negative,dirty_positive,false_positive,0.50064190,0.15,0.35064190,0.69113785,0.07685963,0.58823532,0.84313726,0.04432882,0.70014548,0.00801704,0.62979126,false,
15,15,clean_negative/clean_15_17.jpg,train,clean_negative,dirty_positive,false_positive,0.68563068,0.15,0.53563068,0.67366898,0.08282289,0.58431375,0.84313726,0.05563594,0.69219410,0.00701148,0.49964905,false,
15,15,clean_negative/clean_15_18.jpg,train,clean_negative,dirty_positive,false_positive,0.74140143,0.15,0.59140143,0.67738712,0.07909703,0.58431375,0.83137256,0.05122436,0.69124562,0.00752960,0.56071472,false,
15,15,clean_negative/clean_15_19.jpg,train,clean_negative,dirty_positive,false_positive,0.74521537,0.15,0.59521537,0.67856222,0.07819057,0.58431375,0.83137256,0.05123202,0.69131076,0.00757181,0.57426453,false,
15,15,clean_negative/clean_15_20.jpg,train,clean_negative,dirty_positive,false_positive,0.78378062,0.15,0.63378062,0.65888202,0.08280048,0.58431375,0.83529413,0.06758638,0.68398488,0.00598586,0.40188599,false,
15,15,clean_negative/clean_15_21.jpg,train,clean_negative,dirty_positive,false_positive,0.81436640,0.15,0.66436640,0.66538548,0.08161064,0.58431375,0.83137256,0.06066548,0.68534601,0.00684685,0.47915649,false,
15,15,clean_negative/clean_15_22.jpg,train,clean_negative,dirty_positive,false_positive,0.91172795,0.15,0.76172795,0.66783845,0.08467069,0.58431375,0.84313726,0.06046394,0.68730557,0.00704115,0.48554993,true,tmp\sourcewise_error_atlas\run_001\contact_sheets\source_15_false_positive.jpg
15,15,clean_negative/clean_15_23.jpg,train,clean_negative,dirty_positive,false_positive,0.85145440,0.15,0.70145440,0.68194723,0.08848621,0.58431375,0.86274511,0.06315930,0.69840366,0.00673289,0.53152466,true,tmp\sourcewise_error_atlas\run_001\contact_sheets\source_15_false_positive.jpg
15,15,clean_negative/clean_15_24.jpg,train,clean_negative,dirty_positive,false_positive,0.98260345,0.15,0.83260345,0.69242436,0.08580019,0.59215689,0.86274511,0.07222943,0.70768887,0.00664274,0.57682800,true,tmp\sourcewise_error_atlas\run_001\contact_sheets\source_15_false_positive.jpg
15,15,clean_negative/clean_15_25.jpg,train,clean_negative,dirty_positive,false_positive,0.77117694,0.15,0.62117694,0.63728654,0.07238373,0.58431375,0.79607844,0.07654180,0.66880864,0.00476995,0.28276062,false,
15,15,clean_negative/clean_15_26.jpg,train,clean_negative,dirty_positive,false_positive,0.79025043,0.15,0.64025043,0.64949358,0.08088000,0.58431375,0.82352942,0.06731634,0.67575222,0.00612366,0.38026428,false,
15,15,clean_negative/clean_15_27.jpg,train,clean_negative,dirty_positive,false_positive,0.81937760,0.15,0.66937760,0.66528702,0.08823639,0.58431375,0.85098040,0.06076122,0.68643332,0.00654144,0.45179749,false,
15,15,clean_negative/clean_15_28.jpg,train,clean_negative,dirty_positive,false_positive,0.83766785,0.15,0.68766785,0.68161261,0.09099782,0.58431375,0.86274511,0.06201776,0.69922203,0.00669194,0.51803589,false,
15,15,clean_negative/clean_15_29.jpg,train,clean_negative,dirty_positive,false_positive,0.98129031,0.15,0.83129031,0.69305027,0.08814281,0.58823532,0.86666667,0.07008488,0.70889407,0.00671030,0.57313538,true,tmp\sourcewise_error_atlas\run_001\contact_sheets\source_15_false_positive.jpg
15,15,clean_negative/clean_15_30.jpg,train,clean_negative,dirty_positive,false_positive,0.71416691,0.15,0.56416691,0.61550140,0.05580756,0.57647061,0.72941178,0.08511030,0.65256518,0.00302219,0.16212463,false,
15,15,clean_negative/clean_15_31.jpg,train,clean_negative,dirty_positive,false_positive,0.61790306,0.15,0.46790306,0.63019532,0.07359203,0.57647061,0.79215688,0.07647921,0.66250718,0.00478164,0.26675415,false,
15,15,clean_negative/clean_15_32.jpg,train,clean_negative,dirty_positive,false_positive,0.70115410,0.15,0.55115410,0.65426219,0.08984351,0.57647061,0.84705883,0.06641487,0.68021333,0.00578331,0.36885071,false,
15,15,clean_negative/clean_15_33.jpg,train,clean_negative,dirty_positive,false_positive,0.72403726,0.15,0.57403726,0.67855048,0.09587827,0.57647061,0.87058824,0.06231827,0.69917834,0.00657068,0.47290039,false,
15,15,clean_negative/clean_15_34.jpg,train,clean_negative,dirty_positive,false_positive,0.74728113,0.15,0.59728113,0.69250011,0.09231123,0.57647061,0.87450981,0.06551293,0.70944703,0.00685883,0.55239868,false,
15,15,clean_negative/clean_15_35.jpg,train,clean_negative,dirty_positive,false_positive,0.75105492,0.15,0.60105492,0.70208657,0.08784585,0.58823532,0.87450981,0.06979939,0.71641386,0.00706674,0.61627197,false,
15,15,clean_negative/clean_15_36.jpg,train,clean_negative,dirty_positive,false_positive,0.98903543,0.15,0.83903543,0.70430839,0.08732715,0.59215689,0.87843138,0.07673125,0.71771669,0.00712585,0.65040588,true,tmp\sourcewise_error_atlas\run_001\contact_sheets\source_15_false_positive.jpg
15,15,clean_negative/clean_15_37.jpg,train,clean_negative,dirty_positive,false_positive,0.51843873,0.15,0.36843873,0.59877658,0.03162789,0.57254905,0.62745100,0.09262803,0.64043480,0.00110911,0.05015564,false,
15,15,clean_negative/clean_15_38.jpg,train,clean_negative,dirty_positive,false_positive,0.48498453,0.15,0.33498453,0.61519468,0.06398640,0.56862748,0.75686276,0.08458498,0.65285230,0.00323892,0.15548706,false,
15,15,clean_negative/clean_15_39.jpg,train,clean_negative,dirty_positive,false_positive,0.54022349,0.15,0.39022349,0.64508718,0.09020753,0.56862748,0.84313726,0.07266051,0.67587769,0.00479600,0.28695679,false,
15,15,clean_negative/clean_15_40.jpg,train,clean_negative,dirty_positive,false_positive,0.64367593,0.15,0.49367593,0.67455387,0.09998313,0.56862748,0.87450981,0.06353492,0.69854778,0.00626441,0.42799377,false,
15,15,clean_negative/clean_15_41.jpg,train,clean_negative,dirty_positive,false_positive,0.65202721,0.15,0.50202721,0.69068348,0.09692795,0.56862748,0.87843138,0.06141382,0.70909607,0.00692245,0.53373718,false,
15,15,clean_negative/clean_15_42.jpg,train,clean_negative,dirty_positive,false_positive,0.41945694,0.15,0.26945694,0.70194685,0.09098846,0.58039218,0.87843138,0.06298169,0.71595943,0.00726550,0.62026978,false,
15,15,clean_negative/clean_15_43.jpg,train,clean_negative,dirty_positive,false_positive,0.90695154,0.15,0.75695154,0.70542431,0.09011763,0.58823532,0.88235295,0.06758800,0.71774411,0.00754209,0.66671753,true,tmp\sourcewise_error_atlas\run_001\contact_sheets\source_15_false_positive.jpg
15,15,clean_negative/clean_15_44.jpg,train,clean_negative,clean_negative,true_negative,0.07467147,0.15,0.07532853,0.52454877,0.04491068,0.47058824,0.60784316,0.16421576,0.54900312,0.00238193,0.30709839,false,
15,15,clean_negative/clean_15_45.jpg,train,clean_negative,clean_negative,true_negative,0.06790413,0.15,0.08209587,0.51984012,0.04038179,0.47058824,0.58823532,0.15846917,0.54355907,0.00212962,0.26194763,false,
15,15,clean_negative/clean_15_46.jpg,train,clean_negative,clean_negative,true_negative,0.01426147,0.15,0.13573853,0.51718426,0.03555393,0.47450981,0.57647061,0.14773956,0.54073465,0.00157838,0.19239807,false,
15,15,clean_negative/clean_15_47.jpg,train,clean_negative,clean_negative,true_negative,0.00784158,0.15,0.14215842,0.51850981,0.03240852,0.48627451,0.56862748,0.14251901,0.54349881,0.00125955,0.14083862,false,
15,15,clean_negative/clean_15_48.jpg,train,clean_negative,clean_negative,true_negative,0.00207077,0.15,0.14792923,0.51551569,0.02611620,0.49019608,0.55294120,0.14317879,0.54270267,0.00063359,0.06686401,true,tmp\sourcewise_error_atlas\run_001\contact_sheets\source_15_true_negative.jpg
15,15,clean_negative/clean_15_49.jpg,train,clean_negative,clean_negative,true_negative,0.00015271,0.15,0.14984729,0.51338780,0.01895749,0.49019608,0.54901963,0.13875662,0.54052532,0.00020497,0.01300049,true,tmp\sourcewise_error_atlas\run_001\contact_sheets\source_15_true_negative.jpg
15,15,clean_negative/clean_15_50.jpg,train,clean_negative,clean_negative,true_negative,0.10656911,0.15,0.04343089,0.52476627,0.04503299,0.47058824,0.60784316,0.16376877,0.54918289,0.00237930,0.30888367,false,
15,15,clean_negative/clean_15_51.jpg,train,clean_negative,dirty_positive,false_positive,0.15164492,0.15,0.00164492,0.59083170,0.02379230,0.56470591,0.61568630,0.09546319,0.63433403,0.00052420,0.01509094,false,
15,15,clean_negative/clean_15_52.jpg,train,clean_negative,dirty_positive,false_positive,0.84662955,0.15,0.69662955,0.60764825,0.06307917,0.56078434,0.74901962,0.08730308,0.64743233,0.00265797,0.11985779,false,
15,15,clean_negative/clean_15_53.jpg,train,clean_negative,dirty_positive,false_positive,0.87736277,0.15,0.72736277,0.63925529,0.09311669,0.56078434,0.84313726,0.07448874,0.67208046,0.00449149,0.26313782,true,tmp\sourcewise_error_atlas\run_001\contact_sheets\source_15_false_positive.jpg
15,15,clean_negative/clean_15_54.jpg,train,clean_negative,dirty_positive,false_positive,0.93268030,0.15,0.78268030,0.66680956,0.10230354,0.56078434,0.86666667,0.06480026,0.69270182,0.00598691,0.40374756,true,tmp\sourcewise_error_atlas\run_001\contact_sheets\source_15_false_positive.jpg
15,15,clean_negative/clean_15_55.jpg,train,clean_negative,dirty_positive,false_positive,0.93537613,0.15,0.78537613,0.68399775,0.10099082,0.56078434,0.87843138,0.06015643,0.70360667,0.00699781,0.52423096,true,tmp\sourcewise_error_atlas\run_001\contact_sheets\source_15_false_positive.jpg
15,15,clean_negative/clean_15_56.jpg,train,clean_negative,dirty_positive,false_positive,0.96601347,0.15,0.81601347,0.69700640,0.09511710,0.56862748,0.87843138,0.05861224,0.71117628,0.00758060,0.62727356,true,tmp\sourcewise_error_atlas\run_001\contact_sheets\source_15_false_positive.jpg
15,15,clean_negative/clean_15_57.jpg,train,clean_negative,dirty_positive,false_positive,0.85881003,0.15,0.70881003,0.70171225,0.09323104,0.58039218,0.88235295,0.06120474,0.71347708,0.00789465,0.68165588,true,tmp\sourcewise_error_atlas\run_001\contact_sheets\source_15_false_positive.jpg
15,15,clean_negative/clean_15_58.jpg,train,clean_negative,clean_negative,true_negative,0.07220593,0.15,0.07779407,0.51990807,0.04024531,0.47058824,0.58823532,0.15539439,0.54317874,0.00207194,0.25889587,false,
15,15,clean_negative/clean_15_59.jpg,train,clean_negative,clean_negative,true_negative,0.03746776,0.15,0.11253224,0.51766938,0.03536505,0.47450981,0.57647061,0.14506516,0.54085600,0.00150823,0.18878174,false,
15,15,clean_negative/clean_15_60.jpg,train,clean_negative,clean_negative,true_negative,0.01051633,0.15,0.13948367,0.51919580,0.03206624,0.49019608,0.56862748,0.14152169,0.54422474,0.00118706,0.13661194,false,
15,15,clean_negative/clean_15_61.jpg,train,clean_negative,clean_negative,true_negative,0.00255454,0.15,0.14744546,0.51634026,0.02587858,0.49019608,0.55294120,0.14261788,0.54364932,0.00056878,0.06344604,true,tmp\sourcewise_error_atlas\run_001\contact_sheets\source_15_true_negative.jpg
15,15,clean_negative/clean_15_62.jpg,train,clean_negative,clean_negative,true_negative,0.00012816,0.15,0.14987184,0.51442134,0.01937146,0.49019608,0.55294120,0.13833895,0.54172081,0.00015634,0.01155090,true,tmp\sourcewise_error_atlas\run_001\contact_sheets\source_15_true_negative.jpg
15,15,clean_negative/clean_15_63.jpg,train,clean_negative,clean_negative,true_negative,0.08766395,0.15,0.06233605,0.52725518,0.04969136,0.46666667,0.61960787,0.15598164,0.55038041,0.00266254,0.33097839,false,
15,15,clean_negative/clean_15_64.jpg,train,clean_negative,dirty_positive,false_positive,0.18260933,0.15,0.03260933,0.53994423,0.05955357,0.46666667,0.64705884,0.13613391,0.56007415,0.00320620,0.39035034,false,
15,15,clean_negative/clean_15_65.jpg,train,clean_negative,clean_negative,true_negative,0.07248381,0.15,0.07751619,0.58473712,0.02308029,0.55686277,0.60784316,0.09541321,0.62850213,0.00047552,0.01597595,false,
15,15,clean_negative/clean_15_66.jpg,train,clean_negative,dirty_positive,false_positive,0.74094513,0.15,0.59094513,0.60228801,0.06676555,0.55294120,0.75686276,0.08654953,0.64209658,0.00282489,0.13018799,false,
15,15,clean_negative/clean_15_67.jpg,train,clean_negative,dirty_positive,false_positive,0.77650441,0.15,0.62650441,0.63144374,0.09357350,0.55294120,0.83921570,0.07356670,0.66415173,0.00464871,0.27005005,false,
15,15,clean_negative/clean_15_68.jpg,train,clean_negative,dirty_positive,false_positive,0.87145083,0.15,0.72145083,0.65625429,0.10194360,0.55294120,0.85882354,0.06475119,0.68217111,0.00595750,0.40393066,true,tmp\sourcewise_error_atlas\run_001\contact_sheets\source_15_false_positive.jpg
15,15,clean_negative/clean_15_69.jpg,train,clean_negative,dirty_positive,false_positive,0.88465907,0.15,0.73465907,0.67261750,0.10115142,0.55294120,0.86666667,0.05928656,0.69215429,0.00706519,0.51864624,true,tmp\sourcewise_error_atlas\run_001\contact_sheets\source_15_false_positive.jpg
15,15,clean_negative/clean_15_70.jpg,train,clean_negative,dirty_positive,false_positive,0.94156382,0.15,0.79156382,0.68635166,0.09547106,0.56078434,0.87058824,0.05604619,0.70015299,0.00787707,0.62226868,true,tmp\sourcewise_error_atlas\run_001\contact_sheets\source_15_false_positive.jpg
15,15,clean_negative/clean_15_71.jpg,train,clean_negative,dirty_positive,false_positive,0.22120815,0.15,0.07120815,0.68378568,0.09334750,0.56078434,0.86274511,0.06263775,0.69454288,0.00749707,0.66564941,false,
15,15,clean_negative/clean_15_72.jpg,train,clean_negative,clean_negative,true_negative,0.07465063,0.15,0.07534937,0.53417182,0.05335150,0.46666667,0.62745100,0.13142085,0.55352414,0.00277584,0.33898926,false,
15,15,clean_negative/clean_15_73.jpg,train,clean_negative,clean_negative,true_negative,0.04742214,0.15,0.10257786,0.52553809,0.04227492,0.46666667,0.58431375,0.12567577,0.54468721,0.00210556,0.24401855,false,
15,15,clean_negative/clean_15_74.jpg,train,clean_negative,clean_negative,true_negative,0.03347864,0.15,0.11652136,0.52576351,0.03757604,0.47450981,0.57647061,0.11907835,0.54555696,0.00150519,0.17330933,false,
15,15,clean_negative/clean_15_75.jpg,train,clean_negative,clean_negative,true_negative,0.01574282,0.15,0.13425718,0.52882928,0.03351144,0.49019608,0.57254905,0.12050878,0.55147493,0.00109945,0.11978149,false,
15,15,clean_negative/clean_15_76.jpg,train,clean_negative,clean_negative,true_negative,0.00415202,0.15,0.14584798,0.52714872,0.02875851,0.49411765,0.56862748,0.12532146,0.55272150,0.00051051,0.05256653,true,tmp\sourcewise_error_atlas\run_001\contact_sheets\source_15_true_negative.jpg
15,15,clean_negative/clean_15_77.jpg,train,clean_negative,clean_negative,true_negative,0.00020229,0.15,0.14979771,0.52612966,0.02483650,0.49411765,0.56862748,0.12278043,0.55204713,0.00015088,0.01065063,true,tmp\sourcewise_error_atlas\run_001\contact_sheets\source_15_true_negative.jpg
15,15,clean_negative/clean_15_78.jpg,train,clean_negative,clean_negative,true_negative,0.08110846,0.15,0.06889154,0.54250938,0.06119584,0.46666667,0.65098041,0.13337153,0.56235564,0.00326048,0.40234375,false,
15,15,clean_negative/clean_15_79.jpg,train,clean_negative,dirty_positive,false_positive,0.30020142,0.15,0.15020142,0.65007865,0.09321173,0.52549022,0.83137256,0.07982279,0.66270876,0.00585754,0.61692810,false,
15,15,clean_negative/clean_15_80.jpg,train,clean_negative,dirty_positive,false_positive,0.25655234,0.15,0.10655234,0.62129992,0.08396135,0.50980395,0.78431374,0.09179179,0.63578832,0.00517991,0.57717896,false,
15,15,clean_negative/clean_15_81.jpg,train,clean_negative,dirty_positive,false_positive,0.39952667,0.15,0.24952667,0.59634054,0.07650984,0.49411765,0.73725492,0.10930321,0.61344051,0.00448596,0.53790283,false,
15,15,clean_negative/clean_15_82.jpg,train,clean_negative,dirty_positive,false_positive,0.30266238,0.15,0.15266238,0.57008076,0.07330170,0.47450981,0.70588237,0.12614262,0.58944631,0.00395804,0.49594116,false,
15,15,clean_negative/clean_15_83.jpg,train,clean_negative,dirty_positive,false_positive,0.25205341,0.15,0.10205341,0.54925311,0.06359793,0.46666667,0.65882355,0.13557166,0.56979001,0.00350937,0.44151306,false,
15,15,clean_negative/clean_15_84.jpg,train,clean_negative,clean_negative,true_negative,0.05118640,0.15,0.09881360,0.58100432,0.02142710,0.55686277,0.60000002,0.09631145,0.62502497,0.00045959,0.01434326,false,
15,15,clean_negative/clean_15_85.jpg,train,clean_negative,dirty_positive,false_positive,0.65035615,0.15,0.50035615,0.59567052,0.06304141,0.55294120,0.73725492,0.08769568,0.63590229,0.00261401,0.11810303,false,
15,15,clean_negative/clean_15_86.jpg,train,clean_negative,dirty_positive,false_positive,0.66603485,0.15,0.51603485,0.61979282,0.08785130,0.54901963,0.81568629,0.07462738,0.65302014,0.00438068,0.25041199,false,
15,15,clean_negative/clean_15_87.jpg,train,clean_negative,dirty_positive,false_positive,0.84450521,0.15,0.69450521,0.64109153,0.09669563,0.54901963,0.83921570,0.06514229,0.66758847,0.00574377,0.37980652,false,
15,15,clean_negative/clean_15_88.jpg,train,clean_negative,dirty_positive,false_positive,0.84925303,0.15,0.69925303,0.65793419,0.09778673,0.54901963,0.84705883,0.05853440,0.67797089,0.00698110,0.49485779,true,tmp\sourcewise_error_atlas\run_001\contact_sheets\source_15_false_positive.jpg
15,15,clean_negative/clean_15_89.jpg,train,clean_negative,dirty_positive,false_positive,0.92236856,0.15,0.77236856,0.67294353,0.09340215,0.55294120,0.85098040,0.05424254,0.68705893,0.00785469,0.60459900,true,tmp\sourcewise_error_atlas\run_001\contact_sheets\source_15_false_positive.jpg
15,15,clean_negative/clean_15_90.jpg,train,clean_negative,dirty_positive,false_positive,0.18870704,0.15,0.03870704,0.67165595,0.08957484,0.55294120,0.84313726,0.05842609,0.68243670,0.00755350,0.64727783,false,
15,15,clean_negative/clean_15_91.jpg,train,clean_negative,dirty_positive,false_positive,0.51996087,0.15,0.36996087,0.64468992,0.08898947,0.52549022,0.81960785,0.07339232,0.65725398,0.00606235,0.59846497,false,
15,15,clean_negative/clean_15_92.jpg,train,clean_negative,dirty_positive,false_positive,0.46539078,0.15,0.31539078,0.62006915,0.08128598,0.50980395,0.77647060,0.08248310,0.63420439,0.00523764,0.54899597,false,
15,15,clean_negative/clean_15_93.jpg,train,clean_negative,dirty_positive,false_positive,0.34805386,0.15,0.19805386,0.59881562,0.07549383,0.49803922,0.73725492,0.09620045,0.61505526,0.00441747,0.50599670,false,
15,15,clean_negative/clean_15_94.jpg,train,clean_negative,dirty_positive,false_positive,0.15491112,0.15,0.00491112,0.57328010,0.07089772,0.47450981,0.69803923,0.10883874,0.59125257,0.00377289,0.45135498,false,
15,15,clean_negative/clean_15_95.jpg,train,clean_negative,clean_negative,true_negative,0.09388766,0.15,0.05611234,0.55464363,0.06364193,0.46666667,0.65098041,0.11447288,0.57324117,0.00328889,0.39276123,false,
15,15,clean_negative/clean_15_96.jpg,train,clean_negative,clean_negative,true_negative,0.06747151,0.15,0.08252849,0.54923326,0.06152911,0.46666667,0.64705884,0.10927071,0.56625193,0.00306611,0.35783386,false,
15,15,clean_negative/clean_15_97.jpg,train,clean_negative,clean_negative,true_negative,0.05296310,0.15,0.09703690,0.54296726,0.05477621,0.46666667,0.62352943,0.10379897,0.55876279,0.00259332,0.29570007,false,
15,15,clean_negative/clean_15_98.jpg,train,clean_negative,clean_negative,true_negative,0.03378601,0.15,0.11621399,0.53507638,0.04521737,0.47058824,0.60000002,0.09982540,0.55078542,0.00195533,0.21130371,false,
15,15,clean_negative/clean_15_99.jpg,train,clean_negative,clean_negative,true_negative,0.02809457,0.15,0.12190543,0.53544652,0.04017341,0.47843137,0.59607846,0.09628069,0.55224288,0.00136739,0.14805603,false,
15,15,clean_negative/clean_15_100.jpg,train,clean_negative,clean_negative,true_negative,0.00984345,0.15,0.14015655,0.53872311,0.03509742,0.49411765,0.59215689,0.10132663,0.55899453,0.00102011,0.10063171,false,
15,15,clean_negative/clean_15_101.jpg,train,clean_negative,clean_negative,true_negative,0.00270090,0.15,0.14729910,0.53735566,0.03064962,0.49411765,0.58431375,0.10896996,0.56100929,0.00046956,0.04214478,true,tmp\sourcewise_error_atlas\run_001\contact_sheets\source_15_true_negative.jpg
15,15,clean_negative/clean_15_102.jpg,train,clean_negative,clean_negative,true_negative,0.00002256,0.15,0.14997744,0.53639948,0.02741556,0.49803922,0.58039218,0.10799597,0.56060576,0.00014507,0.00704956,true,tmp\sourcewise_error_atlas\run_001\contact_sheets\source_15_true_negative.jpg
15,15,dirty_positive/dirty_15_1.jpg,train,dirty_positive,clean_negative,false_negative,0.14597777,0.15,0.00402223,0.70327514,0.07395652,0.60392159,0.83921570,0.07945031,0.71668136,0.00349641,0.43841553,true,tmp\sourcewise_error_atlas\run_001\contact_sheets\source_15_false_negative.jpg
15,15,dirty_positive/dirty_15_2.jpg,train,dirty_positive,dirty_positive,true_positive,0.18604110,0.15,0.03604110,0.71079683,0.07646823,0.60000002,0.84705883,0.07814361,0.72392613,0.00355824,0.46818542,false,
15,15,dirty_positive/dirty_15_3.jpg,train,dirty_positive,dirty_positive,true_positive,0.99742694,0.15,0.84742694,0.67980123,0.06972243,0.58431375,0.80784315,0.09437370,0.69499207,0.00299650,0.42121887,false,
15,15,dirty_positive/dirty_15_4.jpg,train,dirty_positive,dirty_positive,true_positive,0.57448977,0.15,0.42448977,0.69754457,0.07138756,0.60000002,0.82745099,0.08101986,0.71114719,0.00339591,0.42289734,false,
15,15,dirty_positive/dirty_15_5.jpg,train,dirty_positive,dirty_positive,true_positive,0.43443987,0.15,0.28443987,0.69537777,0.08000728,0.58039218,0.83137256,0.10510339,0.71380526,0.00248768,0.43440247,false,
15,15,dirty_positive/dirty_15_6.jpg,train,dirty_positive,dirty_positive,true_positive,0.55852770,0.15,0.40852770,0.70855498,0.08138369,0.58823532,0.85098040,0.10314075,0.72682750,0.00300269,0.51159668,false,
15,15,dirty_positive/dirty_15_7.jpg,train,dirty_positive,dirty_positive,true_positive,0.54277748,0.15,0.39277748,0.70821846,0.08180377,0.58431375,0.85098040,0.10340978,0.72653139,0.00297908,0.50906372,false,
15,15,dirty_positive/dirty_15_8.jpg,train,dirty_positive,dirty_positive,true_positive,0.25992137,0.15,0.10992137,0.67984164,0.07136919,0.58039218,0.80392158,0.10270411,0.69787359,0.00209033,0.36186218,false,
15,15,dirty_positive/dirty_15_9.jpg,train,dirty_positive,dirty_positive,true_positive,0.81666753,0.15,0.66666753,0.71902937,0.07350890,0.62352943,0.86666667,0.06686312,0.73105919,0.00321571,0.42842102,false,
15,15,dirty_positive/dirty_15_10.jpg,train,dirty_positive,dirty_positive,true_positive,0.95163859,0.15,0.80163859,0.72103846,0.07365476,0.62352943,0.87058824,0.06577826,0.73298991,0.00321827,0.42991638,false,
15,15,dirty_positive/dirty_15_11.jpg,train,dirty_positive,dirty_positive,true_positive,0.89544236,0.15,0.74544236,0.72973186,0.07404644,0.63137257,0.88235295,0.06031955,0.74110681,0.00338135,0.44311523,false,
15,15,dirty_positive/dirty_15_12.jpg,train,dirty_positive,dirty_positive,true_positive,0.99874888,0.15,0.84874888,0.72035688,0.08180131,0.61960787,0.88627452,0.07846165,0.73257875,0.00367308,0.50614929,false,
15,15,dirty_positive/dirty_15_13.jpg,train,dirty_positive,dirty_positive,true_positive,0.99358170,0.15,0.84358170,0.67743844,0.05945032,0.59215689,0.76862746,0.09014432,0.69194096,0.00277240,0.38726807,false,
15,15,dirty_positive/dirty_15_14.jpg,train,dirty_positive,dirty_positive,true_positive,0.85178439,0.15,0.70178439,0.68112040,0.05645074,0.60000002,0.76470590,0.08172338,0.69508415,0.00310118,0.36058044,false,
15,15,dirty_positive/dirty_15_15.jpg,train,dirty_positive,dirty_positive,true_positive,0.99157059,0.15,0.84157059,0.64945948,0.05816351,0.56078434,0.74901962,0.11572404,0.66739976,0.00278358,0.37715149,false,
15,15,dirty_positive/dirty_15_16.jpg,train,dirty_positive,dirty_positive,true_positive,0.85285538,0.15,0.70285538,0.70762265,0.06946826,0.61176473,0.84313726,0.07154626,0.72002733,0.00349267,0.41107178,false,
15,15,dirty_positive/dirty_15_17.jpg,train,dirty_positive,dirty_positive,true_positive,0.99652482,0.15,0.84652482,0.70502496,0.08188602,0.60392159,0.87058824,0.09114638,0.71885729,0.00347256,0.48124695,false,
15,15,dirty_positive/dirty_15_18.jpg,train,dirty_positive,dirty_positive,true_positive,0.99736571,0.15,0.84736571,0.69135499,0.06946158,0.60000002,0.82058823,0.08523752,0.70510638,0.00312435,0.42034912,false,
15,15,dirty_positive/dirty_15_19.jpg,train,dirty_positive,dirty_positive,true_positive,0.97200275,0.15,0.82200275,0.74262863,0.08440795,0.63137257,0.91372550,0.06777249,0.75334871,0.00441835,0.56463623,false,
15,15,dirty_positive/dirty_15_20.jpg,train,dirty_positive,dirty_positive,true_positive,0.99784414,0.15,0.84784414,0.70438927,0.07280078,0.60784316,0.84313726,0.07872531,0.71712017,0.00316494,0.43911743,false,
15,15,dirty_positive/dirty_15_21.jpg,train,dirty_positive,dirty_positive,true_positive,0.98946125,0.15,0.83946125,0.65477407,0.07616112,0.55686277,0.80392158,0.12211789,0.67363662,0.00289313,0.41134644,false,
15,15,dirty_positive/dirty_15_22.jpg,train,dirty_positive,dirty_positive,true_positive,0.99415160,0.15,0.84415160,0.63332081,0.06794783,0.54901963,0.75686276,0.14821324,0.65627944,0.00317512,0.42015076,false,
15,15,dirty_positive/dirty_15_23.jpg,train,dirty_positive,dirty_positive,true_positive,0.99349190,0.15,0.84349190,0.66204292,0.06818485,0.56862748,0.78823531,0.11275612,0.67946839,0.00273448,0.39804077,false,
15,15,dirty_positive/dirty_15_24.jpg,train,dirty_positive,dirty_positive,true_positive,0.99607836,0.15,0.84607836,0.67557937,0.07784763,0.58039218,0.83529413,0.10952311,0.69249618,0.00304870,0.43164062,false,
15,15,dirty_positive/dirty_15_25.jpg,train,dirty_positive,dirty_positive,true_positive,0.99778504,0.15,0.84778504,0.70338607,0.08723512,0.59607846,0.88627452,0.10120258,0.71911037,0.00367506,0.50520325,false,
15,15,dirty_positive/dirty_15_26.jpg,train,dirty_positive,dirty_positive,true_positive,0.99807913,0.15,0.84807913,0.70442826,0.08653373,0.59607846,0.88235295,0.09920739,0.71985495,0.00356448,0.49984741,false,
15,15,dirty_positive/dirty_15_27.jpg,train,dirty_positive,dirty_positive,true_positive,0.99803176,0.15,0.84803176,0.70522332,0.08756792,0.59215689,0.89019608,0.10144348,0.72094655,0.00405496,0.52265930,false,
15,15,dirty_positive/dirty_15_28.jpg,train,dirty_positive,dirty_positive,true_positive,0.99528409,0.15,0.84528409,0.70356625,0.08820427,0.59215689,0.88627452,0.10298092,0.71947956,0.00421173,0.52751160,false,
15,15,dirty_positive/dirty_15_29.jpg,train,dirty_positive,dirty_positive,true_positive,1.00000000,0.15,0.85000000,0.59987473,0.06041610,0.52156866,0.70588237,0.15824610,0.62622631,0.00317504,0.47163391,true,tmp\sourcewise_error_atlas\run_001\contact_sheets\source_15_true_positive.jpg
15,15,dirty_positive/dirty_15_30.jpg,train,dirty_positive,dirty_positive,true_positive,1.00000000,0.15,0.85000000,0.59472811,0.06549689,0.50980395,0.71372551,0.17298603,0.62284982,0.00337759,0.51480103,true,tmp\sourcewise_error_atlas\run_001\contact_sheets\source_15_true_positive.jpg
15,15,dirty_positive/dirty_15_31.jpg,train,dirty_positive,dirty_positive,true_positive,1.00000000,0.15,0.85000000,0.58806765,0.06120598,0.51372552,0.69803923,0.16219005,0.61508077,0.00332095,0.48255920,true,tmp\sourcewise_error_atlas\run_001\contact_sheets\source_15_true_positive.jpg
15,15,dirty_positive/dirty_15_32.jpg,train,dirty_positive,dirty_positive,true_positive,1.00000000,0.15,0.85000000,0.60055536,0.05904138,0.52156866,0.70588237,0.15720348,0.62668371,0.00302819,0.45739746,true,tmp\sourcewise_error_atlas\run_001\contact_sheets\source_15_true_positive.jpg
15,15,dirty_positive/dirty_15_33.jpg,train,dirty_positive,dirty_positive,true_positive,0.92110710,0.15,0.77110710,0.73411608,0.07425068,0.65490198,0.89019608,0.05328788,0.74521458,0.00446943,0.47274780,false,
15,15,dirty_positive/dirty_15_34.jpg,train,dirty_positive,dirty_positive,true_positive,0.88145509,0.15,0.73145509,0.74468005,0.07782946,0.65882355,0.90588236,0.05188437,0.75582796,0.00454971,0.48789978,false,
15,15,dirty_positive/dirty_15_35.jpg,train,dirty_positive,dirty_positive,true_positive,0.88500692,0.15,0.73500692,0.74177015,0.07694290,0.65882355,0.90196079,0.05136133,0.75327718,0.00438652,0.46556091,false,
15,15,dirty_positive/dirty_15_36.jpg,train,dirty_positive,dirty_positive,true_positive,0.88366605,0.15,0.73366605,0.74038631,0.07667373,0.65098041,0.90196079,0.05873731,0.75029337,0.00568484,0.57687378,false,
15,15,dirty_positive/dirty_15_37.jpg,train,dirty_positive,dirty_positive,true_positive,0.65574202,0.15,0.50574202,0.60478783,0.09639560,0.48235294,0.79607844,0.16182517,0.62887430,0.00537521,0.57250977,false,
15,15,dirty_positive/dirty_15_38.jpg,train,dirty_positive,dirty_positive,true_positive,0.20917821,0.15,0.05917821,0.60231686,0.09621064,0.48235294,0.79607844,0.16818812,0.62749201,0.00541943,0.57022095,false,
15,15,dirty_positive/dirty_15_39.jpg,train,dirty_positive,dirty_positive,true_positive,0.74064089,0.15,0.59064089,0.60619915,0.08770934,0.48627451,0.77254903,0.15989915,0.63028109,0.00454037,0.56552124,false,
15,15,dirty_positive/dirty_15_40.jpg,train,dirty_positive,clean_negative,false_negative,0.09081645,0.15,0.05918355,0.60665894,0.09031565,0.48627451,0.78039217,0.15966684,0.63061881,0.00452886,0.56907654,true,tmp\sourcewise_error_atlas\run_001\contact_sheets\source_15_false_negative.jpg
15,15,dirty_positive/dirty_15_41.jpg,train,dirty_positive,dirty_positive,true_positive,0.85177388,0.15,0.70177388,0.72218120,0.06996611,0.62745100,0.85098040,0.06619149,0.73123378,0.00727041,0.60203552,false,
15,15,dirty_positive/dirty_15_42.jpg,train,dirty_positive,dirty_positive,true_positive,0.33273799,0.15,0.18273799,0.70290327,0.06915128,0.60392159,0.82745099,0.07829387,0.71316153,0.00853161,0.61221313,false,
15,15,dirty_positive/dirty_15_43.jpg,train,dirty_positive,dirty_positive,true_positive,0.83613869,0.15,0.68613869,0.72209466,0.07242234,0.62745100,0.86274511,0.07475239,0.73243111,0.00727354,0.61782837,false,
15,15,dirty_positive/dirty_15_44.jpg,train,dirty_positive,dirty_positive,true_positive,0.88530814,0.15,0.73530814,0.72250271,0.06818650,0.63921571,0.85490197,0.06048351,0.73280388,0.00681989,0.55207825,false,
15,15,dirty_positive/dirty_15_45.jpg,train,dirty_positive,dirty_positive,true_positive,0.96442340,0.15,0.81442340,0.62605739,0.08268008,0.52941179,0.79607844,0.13156816,0.64479995,0.01021037,0.60545349,false,
15,15,dirty_positive/dirty_15_46.jpg,train,dirty_positive,dirty_positive,true_positive,0.99820964,0.15,0.84820964,0.61707187,0.07131071,0.53333336,0.75294119,0.14137006,0.63706243,0.00911667,0.55331421,false,
15,15,dirty_positive/dirty_15_47.jpg,train,dirty_positive,dirty_positive,true_positive,0.98716302,0.15,0.83716302,0.63000280,0.08790179,0.52941179,0.81176472,0.13640682,0.64997691,0.01049869,0.63293457,false,
15,15,dirty_positive/dirty_15_48.jpg,train,dirty_positive,dirty_positive,true_positive,0.99253733,0.15,0.84253733,0.64311492,0.08310585,0.54117650,0.80392158,0.11809652,0.65932298,0.01001280,0.60708618,false,
15,15,dirty_positive/dirty_15_49.jpg,train,dirty_positive,dirty_positive,true_positive,0.99655569,0.15,0.84655569,0.72455645,0.06874152,0.64313728,0.85490197,0.05934832,0.73554409,0.00651488,0.55870056,false,
15,15,dirty_positive/dirty_15_50.jpg,train,dirty_positive,dirty_positive,true_positive,0.99098161,0.15,0.84098161,0.72398007,0.06749415,0.64313728,0.85490197,0.05753856,0.73531789,0.00610164,0.52394104,false,
15,15,dirty_positive/dirty_15_51.jpg,train,dirty_positive,dirty_positive,true_positive,0.93086192,0.15,0.78086192,0.72609663,0.06900895,0.63921571,0.85882354,0.05746209,0.73603714,0.00694339,0.56260681,false,
15,15,dirty_positive/dirty_15_52.jpg,train,dirty_positive,dirty_positive,true_positive,0.88855745,0.15,0.73855745,0.72416842,0.06742538,0.64313728,0.85098040,0.05678867,0.73543561,0.00600658,0.51635742,false,
15,15,dirty_positive/dirty_15_53.jpg,train,dirty_positive,dirty_positive,true_positive,0.97728013,0.15,0.82728013,0.59702957,0.06466258,0.52156866,0.72156864,0.16221991,0.62081736,0.00789969,0.53666687,false,
15,15,dirty_positive/dirty_15_54.jpg,train,dirty_positive,dirty_positive,true_positive,0.99111516,0.15,0.84111516,0.61663401,0.08386871,0.52156866,0.79215688,0.14914198,0.63904500,0.00898574,0.61985779,false,
15,15,dirty_positive/dirty_15_55.jpg,train,dirty_positive,dirty_positive,true_positive,0.99862158,0.15,0.84862158,0.60607994,0.07536227,0.52549022,0.76862746,0.15514265,0.62902606,0.00836335,0.56631470,false,
15,15,dirty_positive/dirty_15_56.jpg,train,dirty_positive,dirty_positive,true_positive,0.99335756,0.15,0.84335756,0.59282410,0.05650041,0.52156866,0.69411767,0.16830367,0.61737251,0.00700268,0.50515747,false,
15,15,dirty_positive/dirty_15_57.jpg,train,dirty_positive,dirty_positive,true_positive,0.88962477,0.15,0.73962477,0.67897582,0.06815124,0.58823532,0.80784315,0.09583454,0.69191456,0.00822715,0.61152649,false,
15,15,dirty_positive/dirty_15_58.jpg,train,dirty_positive,dirty_positive,true_positive,0.97478751,0.15,0.82478751,0.66858500,0.06840096,0.57647061,0.79607844,0.10076164,0.68231583,0.00730351,0.59165955,false,
15,15,dirty_positive/dirty_15_59.jpg,train,dirty_positive,dirty_positive,true_positive,0.66307364,0.15,0.51307364,0.69102359,0.06871575,0.59215689,0.81568629,0.08866907,0.70269477,0.00849676,0.60893250,false,
15,15,dirty_positive/dirty_15_60.jpg,train,dirty_positive,dirty_positive,true_positive,0.94006045,0.15,0.79006045,0.64951146,0.06818593,0.55686277,0.77254903,0.11415496,0.66519523,0.00730801,0.55854797,false,
15,15,dirty_positive/dirty_15_61.jpg,train,dirty_positive,dirty_positive,true_positive,0.86587167,0.15,0.71587167,0.54498452,0.05884859,0.48627451,0.65490198,0.17584373,0.57002127,0.00351682,0.35719299,false,
15,15,dirty_positive/dirty_15_62.jpg,train,dirty_positive,dirty_positive,true_positive,0.93046514,0.15,0.78046514,0.56691289,0.07638488,0.48627451,0.71764708,0.18677860,0.59429526,0.00485288,0.48356628,false,
15,15,dirty_positive/dirty_15_63.jpg,train,dirty_positive,dirty_positive,true_positive,0.78073095,0.15,0.63073095,0.53647822,0.04966991,0.48627451,0.62745100,0.15742639,0.55853266,0.00233808,0.26812744,false,
15,15,dirty_positive/dirty_15_64.jpg,train,dirty_positive,dirty_positive,true_positive,0.91453147,0.15,0.76453147,0.55411643,0.06214873,0.48627451,0.67058825,0.18813610,0.58110511,0.00439113,0.44049072,false,
15,15,dirty_positive/dirty_15_65.jpg,train,dirty_positive,dirty_positive,true_positive,0.99748100,0.15,0.84748100,0.71534562,0.06936987,0.63137257,0.85098040,0.05092983,0.72628480,0.00712876,0.59492493,false,
15,15,dirty_positive/dirty_15_66.jpg,train,dirty_positive,dirty_positive,true_positive,0.23602539,0.15,0.08602539,0.71405995,0.06917496,0.62745100,0.84705883,0.05104634,0.72337103,0.00675605,0.61827087,false,
15,15,dirty_positive/dirty_15_67.jpg,train,dirty_positive,dirty_positive,true_positive,0.97609385,0.15,0.82609385,0.71391428,0.06901887,0.63137257,0.85098040,0.05059180,0.72486687,0.00703435,0.59144592,false,
15,15,dirty_positive/dirty_15_68.jpg,train,dirty_positive,dirty_positive,true_positive,0.17760393,0.15,0.02760393,0.70607865,0.06774703,0.62745100,0.83921570,0.05040924,0.71519732,0.00623409,0.60310364,false,
15,15,dirty_positive/dirty_15_69.jpg,train,dirty_positive,dirty_positive,true_positive,0.92279934,0.15,0.77279934,0.66932678,0.07021821,0.57647061,0.80000001,0.10115171,0.68336391,0.00661072,0.60630798,false,
15,15,dirty_positive/dirty_15_70.jpg,train,dirty_positive,dirty_positive,true_positive,0.99998191,0.15,0.84998191,0.67308819,0.07042877,0.58039218,0.80392158,0.10032080,0.68705881,0.00662731,0.62265015,false,
15,15,dirty_positive/dirty_15_71.jpg,train,dirty_positive,dirty_positive,true_positive,0.99999553,0.15,0.84999553,0.65909541,0.07056308,0.56862748,0.78823531,0.11522374,0.67523265,0.00625105,0.59121704,true,tmp\sourcewise_error_atlas\run_001\contact_sheets\source_15_true_positive.jpg
15,15,dirty_positive/dirty_15_72.jpg,train,dirty_positive,dirty_positive,true_positive,0.99905009,0.15,0.84905009,0.67753333,0.06956170,0.58823532,0.80784315,0.09620321,0.69085890,0.00664531,0.62736511,false,
15,15,dirty_positive/dirty_15_73.jpg,train,dirty_positive,dirty_positive,true_positive,0.63880074,0.15,0.48880074,0.71144080,0.06954907,0.62745100,0.84705883,0.04973474,0.72086143,0.00668710,0.61416626,false,
15,15,dirty_positive/dirty_15_74.jpg,train,dirty_positive,dirty_positive,true_positive,0.99624095,0.15,0.84624095,0.70634300,0.06813287,0.62745100,0.83921570,0.04723134,0.71691322,0.00660559,0.58595276,false,
15,15,dirty_positive/dirty_15_75.jpg,train,dirty_positive,dirty_positive,true_positive,0.96052450,0.15,0.81052450,0.72046995,0.07040252,0.63137257,0.85882354,0.05272450,0.72982538,0.00741615,0.63681030,false,
15,15,dirty_positive/dirty_15_76.jpg,train,dirty_positive,dirty_positive,true_positive,0.96704657,0.15,0.81704657,0.70754957,0.06840821,0.62745100,0.84313726,0.04773578,0.71830702,0.00664247,0.58464050,false,
15,15,dirty_positive/dirty_15_77.jpg,train,dirty_positive,dirty_positive,true_positive,0.99830924,0.15,0.84830924,0.65901697,0.07245774,0.56862748,0.80000001,0.12573978,0.67785788,0.00650636,0.61465454,false,
15,15,dirty_positive/dirty_15_78.jpg,train,dirty_positive,dirty_positive,true_positive,0.99999067,0.15,0.84999067,0.67159152,0.07179976,0.58431375,0.81176472,0.10706955,0.68747151,0.00661537,0.62239075,false,
15,15,dirty_positive/dirty_15_79.jpg,train,dirty_positive,dirty_positive,true_positive,0.99999080,0.15,0.84999080,0.67166656,0.07162718,0.58431375,0.81176472,0.10691983,0.68754870,0.00659615,0.62156677,false,
15,15,dirty_positive/dirty_15_80.jpg,train,dirty_positive,dirty_positive,true_positive,0.99999661,0.15,0.84999661,0.65604174,0.07184813,0.56862748,0.79607844,0.13345626,0.67639482,0.00644277,0.59919739,true,tmp\sourcewise_error_atlas\run_001\contact_sheets\source_15_true_positive.jpg
15,15,dirty_positive/dirty_15_81.jpg,train,dirty_positive,dirty_positive,true_positive,0.99103370,0.15,0.84103370,0.60626674,0.05329178,0.53333336,0.70196080,0.19741906,0.63705474,0.00423362,0.44877625,false,
15,15,dirty_positive/dirty_15_82.jpg,train,dirty_positive,dirty_positive,true_positive,0.99999782,0.15,0.84999782,0.61431050,0.05347851,0.54509807,0.70980394,0.18521425,0.64310670,0.00484814,0.48602295,true,tmp\sourcewise_error_atlas\run_001\contact_sheets\source_15_true_positive.jpg
15,15,dirty_positive/dirty_15_83.jpg,train,dirty_positive,dirty_positive,true_positive,0.99999229,0.15,0.84999229,0.63464093,0.06056328,0.55294120,0.74509805,0.16911957,0.66112226,0.00475971,0.51109314,true,tmp\sourcewise_error_atlas\run_001\contact_sheets\source_15_true_positive.jpg
15,15,dirty_positive/dirty_15_84.jpg,train,dirty_positive,dirty_positive,true_positive,0.97963311,0.15,0.82963311,0.59263563,0.05352222,0.52549022,0.68627453,0.20823401,0.62471426,0.00404367,0.42059326,false,
15,15,dirty_positive/dirty_15_85.jpg,train,dirty_positive,dirty_positive,true_positive,0.79807129,0.15,0.64807129,0.52513850,0.04247605,0.47843137,0.59607846,0.16556919,0.54903913,0.00268557,0.27662659,false,
15,15,dirty_positive/dirty_15_86.jpg,train,dirty_positive,dirty_positive,true_positive,0.84768867,0.15,0.69768867,0.52872372,0.04245078,0.48235294,0.60000002,0.16358405,0.55211616,0.00278892,0.27572632,false,
15,15,dirty_positive/dirty_15_87.jpg,train,dirty_positive,dirty_positive,true_positive,0.90673446,0.15,0.75673446,0.53664207,0.04750543,0.48235294,0.61960787,0.17642505,0.56199586,0.00367094,0.34945679,false,
15,15,dirty_positive/dirty_15_88.jpg,train,dirty_positive,dirty_positive,true_positive,0.83643912,0.15,0.68643912,0.52240372,0.04263454,0.47843137,0.59607846,0.17163189,0.54730350,0.00263380,0.26988220,false,
15,15,dirty_positive/dirty_15_89.jpg,train,dirty_positive,dirty_positive,true_positive,0.93591082,0.15,0.78591082,0.56739044,0.04546111,0.50588238,0.63921571,0.21877059,0.60018373,0.00409118,0.41343689,false,
15,15,dirty_positive/dirty_15_90.jpg,train,dirty_positive,dirty_positive,true_positive,0.84741494,0.15,0.69741494,0.55348861,0.04764400,0.49019608,0.63137257,0.21988598,0.58607811,0.00383413,0.40382385,false,
15,15,dirty_positive/dirty_15_91.jpg,train,dirty_positive,dirty_positive,true_positive,0.96945280,0.15,0.81945280,0.57474786,0.04626649,0.51372552,0.64705884,0.21785399,0.60758466,0.00474017,0.43818665,false,
15,15,dirty_positive/dirty_15_92.jpg,train,dirty_positive,dirty_positive,true_positive,0.95607065,0.15,0.80607065,0.57733184,0.04720213,0.50980395,0.65490198,0.21809083,0.61062753,0.00367686,0.40101624,false,
15,15,dirty_positive/dirty_15_93.jpg,train,dirty_positive,dirty_positive,true_positive,0.97742997,0.15,0.82742997,0.59555644,0.05825571,0.51764709,0.69803923,0.18761790,0.62465858,0.00295428,0.42655945,false,
15,15,dirty_positive/dirty_15_94.jpg,train,dirty_positive,dirty_positive,true_positive,0.88697504,0.15,0.73697504,0.61708790,0.06516252,0.52941179,0.73725492,0.16169190,0.64256269,0.00330091,0.48005676,false,
15,15,dirty_positive/dirty_15_95.jpg,train,dirty_positive,dirty_positive,true_positive,0.96412336,0.15,0.81412336,0.57861924,0.04753561,0.51372552,0.65490198,0.21499383,0.61170852,0.00323583,0.38348389,false,
15,15,dirty_positive/dirty_15_96.jpg,train,dirty_positive,dirty_positive,true_positive,0.89162128,0.15,0.74162128,0.58904314,0.06210877,0.50588238,0.69803923,0.18251440,0.61732590,0.00289307,0.44285583,false,
