page,cardIndex,row,column,sourceId,predictionId,score,box,width,height,tileId,tileOrigin,modelProfile,threshold
1,1,1,1,22,22_pred_00002,0.203969,"['1005.605', '1272.126', '1047.577', '1313.974']",41.972,41.848,22__x00596_y00965,"['00596', '00965']",small_16_32_64_128,0.125
1,2,1,2,22,22_pred_00004,0.167613,"['900.347', '712.452', '943.342', '756.528']",42.995,44.076,22__x00596_y00384,"['00596', '00384']",small_16_32_64_128,0.125
1,3,1,3,22,22_pred_00005,0.163133,"['93.727', '1177.297', '136.101', '1220.494']",42.374,43.197,22__x00000_y00768,"['00000', '00768']",small_16_32_64_128,0.125
1,4,1,4,22,22_pred_00007,0.152034,"['526.071', '100.245', '568.590', '143.592']",42.519,43.347,22__x00384_y00000,"['00384', '00000']",small_16_32_64_128,0.125
1,5,2,1,22,22_pred_00008,0.144932,"['548.602', '731.961', '590.415', '774.078']",41.813,42.117,22__x00384_y00384,"['00384', '00384']",small_16_32_64_128,0.125
1,6,2,2,22,22_pred_00010,0.143113,"['244.362', '1115.225', '286.564', '1157.730']",42.202,42.505,22__x00000_y00768,"['00000', '00768']",small_16_32_64_128,0.125
1,7,2,3,22,22_pred_00011,0.142637,"['651.743', '712.962', '693.521', '755.964']",41.778,43.002,22__x00596_y00384,"['00596', '00384']",small_16_32_64_128,0.125
1,8,2,4,22,22_pred_00012,0.141889,"['58.035', '78.681', '162.966', '143.719']",104.931,65.038,22__x00000_y00000,"['00000', '00000']",small_16_32_64_128,0.125
1,9,3,1,22,22_pred_00013,0.141768,"['658.194', '1172.934', '700.027', '1217.657']",41.833,44.723,22__x00596_y00768,"['00596', '00768']",small_16_32_64_128,0.125
1,10,3,2,22,22_pred_00017,0.132226,"['94.318', '171.695', '136.339', '216.443']",42.021,44.748,22__x00000_y00000,"['00000', '00000']",small_16_32_64_128,0.125
1,11,3,3,22,22_pred_00018,0.130160,"['503.012', '348.007', '544.974', '392.203']",41.962,44.196,22__x00384_y00000,"['00384', '00000']",small_16_32_64_128,0.125
1,12,3,4,22,22_pred_00019,0.129666,"['799.841', '333.047', '890.440', '405.271']",90.599,72.224,22__x00384_y00000,"['00384', '00000']",small_16_32_64_128,0.125
1,13,4,1,22,22_pred_00022,0.126935,"['101.556', '1210.198', '143.972', '1253.624']",42.416,43.426,22__x00000_y00965,"['00000', '00965']",small_16_32_64_128,0.125
1,14,4,2,22,22_pred_00023,0.126743,"['263.971', '1392.562', '309.138', '1437.493']",45.167,44.931,22__x00000_y00965,"['00000', '00965']",small_16_32_64_128,0.125
1,15,4,3,22,22_pred_00024,0.125716,"['770.273', '1005.939', '813.667', '1049.244']",43.394,43.305,22__x00384_y00965,"['00384', '00965']",small_16_32_64_128,0.125
1,16,4,4,22,22_pred_00025,0.125652,"['448.060', '980.653', '487.579', '1022.838']",39.519,42.185,22__x00000_y00768,"['00000', '00768']",small_16_32_64_128,0.125
1,17,5,1,35,35_pred_00001,0.221773,"['728.510', '1334.595', '772.636', '1377.785']",44.126,43.190,35__x00384_y00965,"['00384', '00965']",small_16_32_64_128,0.125
1,18,5,2,35,35_pred_00003,0.209029,"['616.722', '1316.700', '659.240', '1359.949']",42.518,43.249,35__x00384_y00965,"['00384', '00965']",small_16_32_64_128,0.125
1,19,5,3,35,35_pred_00004,0.203402,"['718.040', '1147.960', '760.011', '1190.083']",41.971,42.123,35__x00384_y00768,"['00384', '00768']",small_16_32_64_128,0.125
1,20,5,4,35,35_pred_00005,0.202759,"['387.679', '1312.084', '430.061', '1355.926']",42.382,43.842,35__x00000_y00965,"['00000', '00965']",small_16_32_64_128,0.125
2,21,1,1,35,35_pred_00006,0.202620,"['479.886', '1131.995', '523.777', '1174.280']",43.891,42.285,35__x00000_y00768,"['00000', '00768']",small_16_32_64_128,0.125
2,22,1,2,35,35_pred_00008,0.184954,"['386.070', '1199.446', '430.008', '1243.492']",43.938,44.046,35__x00000_y00768,"['00000', '00768']",small_16_32_64_128,0.125
2,23,1,3,35,35_pred_00010,0.180663,"['634.802', '223.702', '677.954', '267.779']",43.152,44.077,35__x00596_y00000,"['00596', '00000']",small_16_32_64_128,0.125
2,24,1,4,35,35_pred_00011,0.179821,"['59.907', '889.837', '103.305', '932.976']",43.398,43.139,35__x00000_y00768,"['00000', '00768']",small_16_32_64_128,0.125
2,25,2,1,35,35_pred_00012,0.176996,"['881.383', '1045.161', '925.179', '1088.966']",43.796,43.805,35__x00596_y00768,"['00596', '00768']",small_16_32_64_128,0.125
2,26,2,2,35,35_pred_00014,0.171893,"['627.967', '868.978', '670.880', '912.173']",42.913,43.195,35__x00384_y00768,"['00384', '00768']",small_16_32_64_128,0.125
2,27,2,3,35,35_pred_00018,0.157631,"['777.490', '1312.689', '819.634', '1355.573']",42.144,42.884,35__x00596_y00965,"['00596', '00965']",small_16_32_64_128,0.125
2,28,2,4,35,35_pred_00019,0.156030,"['666.870', '1333.610', '709.778', '1377.456']",42.908,43.846,35__x00384_y00965,"['00384', '00965']",small_16_32_64_128,0.125
2,29,3,1,35,35_pred_00020,0.151827,"['464.029', '23.079', '507.132', '65.488']",43.103,42.409,35__x00384_y00000,"['00384', '00000']",small_16_32_64_128,0.125
2,30,3,2,35,35_pred_00021,0.151703,"['651.371', '212.373', '694.093', '255.994']",42.722,43.621,35__x00596_y00000,"['00596', '00000']",small_16_32_64_128,0.125
2,31,3,3,35,35_pred_00023,0.146564,"['755.105', '804.171', '800.840', '848.470']",45.735,44.299,35__x00596_y00768,"['00596', '00768']",small_16_32_64_128,0.125
2,32,3,4,35,35_pred_00024,0.146372,"['1023.983', '145.894', '1066.222', '185.942']",42.239,40.048,35__x00596_y00000,"['00596', '00000']",small_16_32_64_128,0.125
2,33,4,1,35,35_pred_00025,0.143946,"['777.828', '369.291', '818.316', '408.812']",40.488,39.521,35__x00596_y00000,"['00596', '00000']",small_16_32_64_128,0.125
2,34,4,2,35,35_pred_00026,0.143911,"['755.025', '1063.618', '796.396', '1108.776']",41.371,45.158,35__x00596_y00965,"['00596', '00965']",small_16_32_64_128,0.125
2,35,4,3,35,35_pred_00027,0.140191,"['422.049', '1269.787', '466.233', '1313.443']",44.184,43.656,35__x00384_y00965,"['00384', '00965']",small_16_32_64_128,0.125
2,36,4,4,35,35_pred_00028,0.138654,"['757.939', '1228.637', '802.238', '1273.476']",44.299,44.839,35__x00596_y00965,"['00596', '00965']",small_16_32_64_128,0.125
2,37,5,1,35,35_pred_00029,0.137627,"['133.031', '1295.309', '175.741', '1338.848']",42.710,43.539,35__x00000_y00965,"['00000', '00965']",small_16_32_64_128,0.125
2,38,5,2,35,35_pred_00030,0.137531,"['380.945', '732.396', '423.913', '776.969']",42.968,44.573,35__x00000_y00384,"['00000', '00384']",small_16_32_64_128,0.125
2,39,5,3,35,35_pred_00031,0.137460,"['812.222', '244.210', '853.586', '287.531']",41.364,43.321,35__x00384_y00000,"['00384', '00000']",small_16_32_64_128,0.125
2,40,5,4,35,35_pred_00033,0.136758,"['736.458', '730.380', '779.870', '773.763']",43.412,43.383,35__x00596_y00384,"['00596', '00384']",small_16_32_64_128,0.125
3,41,1,1,35,35_pred_00034,0.136631,"['223.267', '1207.531', '267.318', '1251.710']",44.051,44.179,35__x00000_y00965,"['00000', '00965']",small_16_32_64_128,0.125
3,42,1,2,35,35_pred_00037,0.135174,"['736.598', '1136.523', '779.732', '1180.008']",43.134,43.485,35__x00596_y00768,"['00596', '00768']",small_16_32_64_128,0.125
3,43,1,3,35,35_pred_00038,0.135113,"['778.455', '750.967', '821.159', '794.459']",42.704,43.492,35__x00596_y00384,"['00596', '00384']",small_16_32_64_128,0.125
3,44,1,4,35,35_pred_00039,0.134032,"['102.065', '1252.515', '144.402', '1295.521']",42.337,43.006,35__x00000_y00965,"['00000', '00965']",small_16_32_64_128,0.125
3,45,2,1,35,35_pred_00042,0.130483,"['462.470', '1119.243', '506.561', '1162.820']",44.091,43.577,35__x00000_y00768,"['00000', '00768']",small_16_32_64_128,0.125
3,46,2,2,35,35_pred_00043,0.129097,"['647.875', '731.245', '689.528', '773.152']",41.653,41.907,35__x00384_y00384,"['00384', '00384']",small_16_32_64_128,0.125
3,47,2,3,35,35_pred_00044,0.128988,"['284.882', '592.359', '327.477', '634.283']",42.595,41.924,35__x00000_y00384,"['00000', '00384']",small_16_32_64_128,0.125
3,48,2,4,35,35_pred_00045,0.128147,"['172.248', '212.428', '214.777', '255.532']",42.529,43.104,35__x00000_y00000,"['00000', '00000']",small_16_32_64_128,0.125
3,49,3,1,35,35_pred_00046,0.127277,"['790.519', '1030.170', '835.858', '1073.536']",45.339,43.366,35__x00384_y00768,"['00384', '00768']",small_16_32_64_128,0.125
3,50,3,2,35,35_pred_00047,0.127174,"['404.377', '1103.061', '446.533', '1151.294']",42.156,48.233,35__x00384_y00965,"['00384', '00965']",small_16_32_64_128,0.125
3,51,3,3,35,35_pred_00048,0.126082,"['212.113', '135.004', '254.332', '177.649']",42.219,42.645,35__x00000_y00000,"['00000', '00000']",small_16_32_64_128,0.125
3,52,3,4,35,35_pred_00049,0.125485,"['2.817', '306.912', '41.334', '346.425']",38.517,39.513,35__x00000_y00000,"['00000', '00000']",small_16_32_64_128,0.125
3,53,4,1,35,35_pred_00050,0.125354,"['140.544', '1048.884', '185.724', '1094.527']",45.180,45.643,35__x00000_y00965,"['00000', '00965']",small_16_32_64_128,0.125
3,54,4,2,42,42_pred_00001,0.282991,"['171.898', '213.170', '214.201', '255.550']",42.303,42.380,42__x00000_y00000,"['00000', '00000']",small_16_32_64_128,0.125
3,55,4,3,42,42_pred_00004,0.208398,"['210.920', '1137.647', '252.891', '1179.769']",41.971,42.122,42__x00000_y00768,"['00000', '00768']",small_16_32_64_128,0.125
3,56,4,4,42,42_pred_00006,0.203680,"['634.013', '985.205', '678.312', '1029.275']",44.299,44.070,42__x00384_y00768,"['00384', '00768']",small_16_32_64_128,0.125
3,57,5,1,42,42_pred_00008,0.197092,"['76.579', '120.746', '119.443', '163.332']",42.864,42.586,42__x00000_y00000,"['00000', '00000']",small_16_32_64_128,0.125
3,58,5,2,42,42_pred_00009,0.193542,"['437.924', '440.830', '482.014', '484.021']",44.090,43.191,42__x00000_y00384,"['00000', '00384']",small_16_32_64_128,0.125
3,59,5,3,42,42_pred_00010,0.192151,"['658.676', '95.417', '748.043', '164.084']",89.367,68.667,42__x00384_y00000,"['00384', '00000']",small_16_32_64_128,0.125
3,60,5,4,42,42_pred_00011,0.190108,"['327.206', '96.820', '370.130', '139.585']",42.924,42.765,42__x00000_y00000,"['00000', '00000']",small_16_32_64_128,0.125
4,61,1,1,42,42_pred_00012,0.186161,"['132.081', '1255.234', '175.725', '1298.439']",43.644,43.205,42__x00000_y00965,"['00000', '00965']",small_16_32_64_128,0.125
4,62,1,2,42,42_pred_00013,0.184911,"['1023.605', '809.914', '1067.015', '852.495']",43.410,42.581,42__x00596_y00768,"['00596', '00768']",small_16_32_64_128,0.125
4,63,1,3,42,42_pred_00014,0.180194,"['424.319', '889.869', '468.911', '934.430']",44.592,44.561,42__x00000_y00768,"['00000', '00768']",small_16_32_64_128,0.125
4,64,1,4,42,42_pred_00015,0.176575,"['1067.896', '674.109', '1105.609', '715.011']",37.713,40.902,42__x00596_y00384,"['00596', '00384']",small_16_32_64_128,0.125
4,65,2,1,42,42_pred_00016,0.176340,"['200.535', '465.644', '244.482', '506.387']",43.947,40.743,42__x00000_y00384,"['00000', '00384']",small_16_32_64_128,0.125
4,66,2,2,42,42_pred_00017,0.175310,"['689.084', '980.877', '731.896', '1023.025']",42.812,42.148,42__x00384_y00768,"['00384', '00768']",small_16_32_64_128,0.125
4,67,2,3,42,42_pred_00018,0.174824,"['806.752', '713.464', '848.607', '755.962']",41.855,42.498,42__x00384_y00384,"['00384', '00384']",small_16_32_64_128,0.125
4,68,2,4,42,42_pred_00020,0.170448,"['595.529', '1296.229', '637.344', '1338.889']",41.815,42.660,42__x00384_y00965,"['00384', '00965']",small_16_32_64_128,0.125
4,69,3,1,42,42_pred_00023,0.162877,"['449.062', '1190.040', '493.481', '1232.113']",44.419,42.073,42__x00000_y00768,"['00000', '00768']",small_16_32_64_128,0.125
4,70,3,2,42,42_pred_00024,0.162565,"['212.677', '174.315', '255.765', '216.094']",43.088,41.779,42__x00000_y00000,"['00000', '00000']",small_16_32_64_128,0.125
4,71,3,3,42,42_pred_00026,0.161141,"['677.018', '104.987', '719.282', '147.105']",42.264,42.118,42__x00384_y00000,"['00384', '00000']",small_16_32_64_128,0.125
4,72,3,4,42,42_pred_00027,0.160034,"['796.195', '651.402', '838.482', '693.293']",42.287,41.891,42__x00384_y00384,"['00384', '00384']",small_16_32_64_128,0.125
4,73,4,1,42,42_pred_00029,0.148681,"['465.658', '181.846', '508.499', '225.193']",42.841,43.347,42__x00384_y00000,"['00384', '00000']",small_16_32_64_128,0.125
4,74,4,2,42,42_pred_00032,0.143492,"['140.399', '352.014', '182.991', '396.395']",42.592,44.381,42__x00000_y00000,"['00000', '00000']",small_16_32_64_128,0.125
4,75,4,3,42,42_pred_00033,0.142846,"['819.370', '367.472', '860.808', '408.164']",41.438,40.692,42__x00596_y00000,"['00596', '00000']",small_16_32_64_128,0.125
4,76,4,4,42,42_pred_00034,0.142570,"['368.445', '1019.618', '411.787', '1064.219']",43.342,44.601,42__x00000_y00768,"['00000', '00768']",small_16_32_64_128,0.125
4,77,5,1,42,42_pred_00035,0.141691,"['61.061', '526.713', '103.142', '568.883']",42.081,42.170,42__x00000_y00384,"['00000', '00384']",small_16_32_64_128,0.125
4,78,5,2,42,42_pred_00036,0.141152,"['599.724', '1076.864', '635.804', '1117.410']",36.080,40.546,42__x00596_y00768,"['00596', '00768']",small_16_32_64_128,0.125
4,79,5,3,42,42_pred_00037,0.140448,"['650.882', '1132.948', '692.258', '1175.244']",41.376,42.296,42__x00384_y00768,"['00384', '00768']",small_16_32_64_128,0.125
4,80,5,4,42,42_pred_00038,0.140150,"['387.648', '892.605', '483.512', '963.995']",95.864,71.390,42__x00000_y00768,"['00000', '00768']",small_16_32_64_128,0.125
5,81,1,1,42,42_pred_00039,0.140134,"['748.845', '814.674', '793.282', '857.752']",44.437,43.078,42__x00384_y00384,"['00384', '00384']",small_16_32_64_128,0.125
5,82,1,2,42,42_pred_00040,0.139662,"['427.746', '614.408', '503.750', '680.888']",76.004,66.480,42__x00000_y00384,"['00000', '00384']",small_16_32_64_128,0.125
5,83,1,3,42,42_pred_00041,0.137830,"['1022.158', '448.070', '1064.745', '489.952']",42.587,41.882,42__x00596_y00384,"['00596', '00384']",small_16_32_64_128,0.125
5,84,1,4,42,42_pred_00042,0.137500,"['474.226', '630.212', '511.443', '671.074']",37.217,40.862,42__x00000_y00384,"['00000', '00384']",small_16_32_64_128,0.125
5,85,2,1,42,42_pred_00043,0.136819,"['847.605', '903.344', '889.877', '945.867']",42.272,42.523,42__x00596_y00768,"['00596', '00768']",small_16_32_64_128,0.125
5,86,2,2,42,42_pred_00047,0.133786,"['302.022', '122.162', '344.432', '165.811']",42.410,43.649,42__x00000_y00000,"['00000', '00000']",small_16_32_64_128,0.125
5,87,2,3,42,42_pred_00048,0.132642,"['734.857', '1134.384', '778.258', '1179.158']",43.401,44.774,42__x00596_y00768,"['00596', '00768']",small_16_32_64_128,0.125
5,88,2,4,42,42_pred_00050,0.130243,"['404.070', '809.282', '448.597', '853.058']",44.527,43.776,42__x00000_y00768,"['00000', '00768']",small_16_32_64_128,0.125
5,89,3,1,42,42_pred_00051,0.129694,"['675.980', '631.956', '717.161', '672.891']",41.181,40.935,42__x00596_y00384,"['00596', '00384']",small_16_32_64_128,0.125
5,90,3,2,42,42_pred_00052,0.129480,"['469.968', '910.515', '507.916', '951.471']",37.948,40.956,42__x00000_y00768,"['00000', '00768']",small_16_32_64_128,0.125
5,91,3,3,42,42_pred_00054,0.129196,"['691.488', '903.328', '732.403', '945.158']",40.915,41.830,42__x00596_y00768,"['00596', '00768']",small_16_32_64_128,0.125
5,92,3,4,42,42_pred_00056,0.128650,"['441.107', '186.943', '484.023', '228.901']",42.916,41.958,42__x00384_y00000,"['00384', '00000']",small_16_32_64_128,0.125
5,93,4,1,42,42_pred_00057,0.127732,"['649.686', '610.215', '694.499', '653.857']",44.813,43.642,42__x00596_y00384,"['00596', '00384']",small_16_32_64_128,0.125
5,94,4,2,42,42_pred_00060,0.125568,"['423.063', '226.667', '464.653', '268.171']",41.590,41.504,42__x00384_y00000,"['00384', '00000']",small_16_32_64_128,0.125
5,95,4,3,42,42_pred_00061,0.125397,"['791.092', '479.485', '834.854', '522.718']",43.762,43.233,42__x00384_y00384,"['00384', '00384']",small_16_32_64_128,0.125
5,96,4,4,42,42_pred_00062,0.125179,"['287.472', '80.434', '386.958', '144.258']",99.486,63.824,42__x00000_y00000,"['00000', '00000']",small_16_32_64_128,0.125
5,97,5,1,45,45_pred_00001,0.246521,"['940.138', '1115.580', '982.728', '1157.563']",42.590,41.983,45__x00596_y00768,"['00596', '00768']",small_16_32_64_128,0.125
5,98,5,2,45,45_pred_00002,0.217215,"['260.449', '283.683', '305.652', '330.435']",45.203,46.752,45__x00000_y00000,"['00000', '00000']",small_16_32_64_128,0.125
5,99,5,3,45,45_pred_00003,0.212640,"['250.081', '1136.625', '294.085', '1181.151']",44.004,44.526,45__x00000_y00768,"['00000', '00768']",small_16_32_64_128,0.125
5,100,5,4,45,45_pred_00004,0.210079,"['858.827', '651.250', '896.000', '691.149']",37.173,39.899,45__x00384_y00384,"['00384', '00384']",small_16_32_64_128,0.125
6,101,1,1,45,45_pred_00005,0.200041,"['283.320', '1192.663', '326.840', '1237.009']",43.520,44.346,45__x00000_y00768,"['00000', '00768']",small_16_32_64_128,0.125
6,102,1,2,45,45_pred_00007,0.178784,"['822.781', '160.884', '865.779', '203.740']",42.998,42.856,45__x00384_y00000,"['00384', '00000']",small_16_32_64_128,0.125
6,103,1,3,45,45_pred_00008,0.175709,"['814.330', '1186.973', '853.537', '1228.739']",39.207,41.766,45__x00384_y00768,"['00384', '00768']",small_16_32_64_128,0.125
6,104,1,4,45,45_pred_00010,0.163087,"['426.530', '370.495', '468.136', '411.497']",41.606,41.002,45__x00000_y00000,"['00000', '00000']",small_16_32_64_128,0.125
6,105,2,1,45,45_pred_00011,0.155487,"['93.619', '1137.460', '136.943', '1180.607']",43.324,43.147,45__x00000_y00768,"['00000', '00768']",small_16_32_64_128,0.125
6,106,2,2,45,45_pred_00014,0.149800,"['140.491', '912.667', '182.992', '954.607']",42.501,41.940,45__x00000_y00768,"['00000', '00768']",small_16_32_64_128,0.125
6,107,2,3,45,45_pred_00016,0.147530,"['791.468', '1216.989', '834.338', '1255.153']",42.870,38.164,45__x00384_y00768,"['00384', '00768']",small_16_32_64_128,0.125
6,108,2,4,45,45_pred_00018,0.146159,"['567.154', '968.990', '611.223', '1005.102']",44.069,36.112,45__x00384_y00768,"['00384', '00768']",small_16_32_64_128,0.125
6,109,3,1,45,45_pred_00019,0.145265,"['595.192', '174.867', '637.551', '217.302']",42.359,42.435,45__x00384_y00000,"['00384', '00000']",small_16_32_64_128,0.125
6,110,3,2,45,45_pred_00022,0.140015,"['58.258', '1250.824', '100.671', '1292.582']",42.413,41.758,45__x00000_y00965,"['00000', '00965']",small_16_32_64_128,0.125
6,111,3,3,45,45_pred_00023,0.139161,"['506.444', '950.268', '549.325', '994.733']",42.881,44.465,45__x00384_y00768,"['00384', '00768']",small_16_32_64_128,0.125
6,112,3,4,45,45_pred_00025,0.137559,"['508.541', '506.097', '550.736', '547.818']",42.195,41.721,45__x00384_y00384,"['00384', '00384']",small_16_32_64_128,0.125
6,113,4,1,45,45_pred_00026,0.137190,"['556.524', '985.021', '600.733', '1022.952']",44.209,37.931,45__x00384_y00768,"['00384', '00768']",small_16_32_64_128,0.125
6,114,4,2,45,45_pred_00027,0.136064,"['162.856', '993.059', '204.095', '1034.994']",41.239,41.935,45__x00000_y00768,"['00000', '00768']",small_16_32_64_128,0.125
6,115,4,3,45,45_pred_00028,0.132294,"['818.220', '205.973', '859.425', '245.688']",41.205,39.715,45__x00384_y00000,"['00384', '00000']",small_16_32_64_128,0.125
6,116,4,4,45,45_pred_00029,0.131895,"['460.522', '570.842', '504.280', '614.257']",43.758,43.415,45__x00384_y00384,"['00384', '00384']",small_16_32_64_128,0.125
6,117,5,1,45,45_pred_00030,0.129497,"['809.377', '829.757', '851.918', '873.584']",42.541,43.827,45__x00384_y00768,"['00384', '00768']",small_16_32_64_128,0.125
6,118,5,2,45,45_pred_00032,0.128820,"['222.971', '1251.062', '265.486', '1294.285']",42.515,43.223,45__x00000_y00965,"['00000', '00965']",small_16_32_64_128,0.125
6,119,5,3,45,45_pred_00033,0.128772,"['819.511', '183.720', '860.596', '224.360']",41.085,40.640,45__x00596_y00000,"['00596', '00000']",small_16_32_64_128,0.125
6,120,5,4,45,45_pred_00034,0.128525,"['833.251', '789.421', '876.453', '832.852']",43.202,43.431,45__x00384_y00768,"['00384', '00768']",small_16_32_64_128,0.125
7,121,1,1,45,45_pred_00035,0.127133,"['438.894', '1022.827', '482.602', '1064.733']",43.708,41.906,45__x00384_y00965,"['00384', '00965']",small_16_32_64_128,0.125
7,122,1,2,45,45_pred_00036,0.126670,"['615.821', '911.155', '657.768', '952.274']",41.947,41.119,45__x00596_y00768,"['00596', '00768']",small_16_32_64_128,0.125
7,123,1,3,45,45_pred_00037,0.125963,"['95.105', '289.504', '135.988', '334.317']",40.883,44.813,45__x00000_y00000,"['00000', '00000']",small_16_32_64_128,0.125
7,124,1,4,60,60_pred_00001,0.326065,"['166.602', '1311.916', '206.506', '1352.642']",39.904,40.726,60__x00000_y00965,"['00000', '00965']",small_16_32_64_128,0.125
7,125,2,1,60,60_pred_00003,0.257670,"['137.326', '1118.332', '179.493', '1161.744']",42.167,43.412,60__x00000_y00768,"['00000', '00768']",small_16_32_64_128,0.125
7,126,2,2,60,60_pred_00004,0.211038,"['715.317', '753.305', '757.655', '794.915']",42.338,41.610,60__x00384_y00384,"['00384', '00384']",small_16_32_64_128,0.125
7,127,2,3,60,60_pred_00005,0.210816,"['386.917', '693.151', '427.233', '733.970']",40.316,40.819,60__x00000_y00384,"['00000', '00384']",small_16_32_64_128,0.125
7,128,2,4,60,60_pred_00006,0.203545,"['858.512', '868.591', '900.997', '913.338']",42.485,44.747,60__x00596_y00768,"['00596', '00768']",small_16_32_64_128,0.125
7,129,3,1,60,60_pred_00007,0.194518,"['669.907', '506.062', '712.362', '549.331']",42.455,43.269,60__x00384_y00384,"['00384', '00384']",small_16_32_64_128,0.125
7,130,3,2,60,60_pred_00008,0.194444,"['172.796', '174.793', '215.312', '217.038']",42.516,42.245,60__x00000_y00000,"['00000', '00000']",small_16_32_64_128,0.125
7,131,3,3,60,60_pred_00010,0.185358,"['93.902', '978.539', '136.916', '1022.966']",43.014,44.427,60__x00000_y00768,"['00000', '00768']",small_16_32_64_128,0.125
7,132,3,4,60,60_pred_00012,0.181501,"['282.613', '1062.613', '325.564', '1108.517']",42.951,45.904,60__x00000_y00768,"['00000', '00768']",small_16_32_64_128,0.125
7,133,4,1,60,60_pred_00015,0.178688,"['1070.085', '431.453', '1106.650', '472.460']",36.565,41.007,60__x00596_y00000,"['00596', '00000']",small_16_32_64_128,0.125
7,134,4,2,60,60_pred_00016,0.177711,"['755.614', '367.767', '798.728', '414.022']",43.114,46.255,60__x00596_y00000,"['00596', '00000']",small_16_32_64_128,0.125
7,135,4,3,60,60_pred_00018,0.176672,"['125.042', '1312.733', '219.737', '1379.330']",94.695,66.597,60__x00000_y00965,"['00000', '00965']",small_16_32_64_128,0.125
7,136,4,4,60,60_pred_00019,0.170331,"['138.008', '1275.112', '178.877', '1316.386']",40.869,41.274,60__x00000_y00965,"['00000', '00965']",small_16_32_64_128,0.125
7,137,5,1,60,60_pred_00021,0.165540,"['942.805', '775.342', '985.712', '817.324']",42.907,41.982,60__x00596_y00384,"['00596', '00384']",small_16_32_64_128,0.125
7,138,5,2,60,60_pred_00022,0.165494,"['364.934', '1212.192', '406.640', '1255.339']",41.706,43.147,60__x00000_y00965,"['00000', '00965']",small_16_32_64_128,0.125
7,139,5,3,60,60_pred_00023,0.163648,"['212.124', '940.872', '254.664', '983.518']",42.540,42.646,60__x00000_y00768,"['00000', '00768']",small_16_32_64_128,0.125
7,140,5,4,60,60_pred_00024,0.163537,"['1004.898', '1045.546', '1047.478', '1087.866']",42.580,42.320,60__x00596_y00965,"['00596', '00965']",small_16_32_64_128,0.125
8,141,1,1,60,60_pred_00025,0.162013,"['758.670', '450.159', '800.719', '492.179']",42.049,42.020,60__x00596_y00000,"['00596', '00000']",small_16_32_64_128,0.125
8,142,1,2,60,60_pred_00027,0.159002,"['224.568', '1212.047', '265.300', '1252.837']",40.732,40.790,60__x00000_y00965,"['00000', '00965']",small_16_32_64_128,0.125
8,143,1,3,60,60_pred_00028,0.158471,"['465.000', '731.671', '504.924', '771.851']",39.924,40.180,60__x00384_y00384,"['00384', '00384']",small_16_32_64_128,0.125
8,144,1,4,60,60_pred_00030,0.156991,"['944.925', '324.706', '984.557', '365.389']",39.632,40.683,60__x00596_y00000,"['00596', '00000']",small_16_32_64_128,0.125
8,145,2,1,60,60_pred_00031,0.156210,"['567.491', '225.673', '608.568', '268.457']",41.077,42.784,60__x00384_y00000,"['00384', '00000']",small_16_32_64_128,0.125
8,146,2,2,60,60_pred_00033,0.153775,"['635.860', '1352.056', '677.955', '1395.423']",42.095,43.367,60__x00596_y00965,"['00596', '00965']",small_16_32_64_128,0.125
8,147,2,3,60,60_pred_00034,0.153318,"['484.844', '752.057', '527.893', '796.637']",43.049,44.580,60__x00384_y00384,"['00384', '00384']",small_16_32_64_128,0.125
8,148,2,4,60,60_pred_00035,0.152920,"['400.681', '431.923', '443.961', '474.478']",43.280,42.555,60__x00000_y00000,"['00000', '00000']",small_16_32_64_128,0.125
8,149,3,1,60,60_pred_00036,0.152248,"['301.951', '1290.196', '343.653', '1332.113']",41.702,41.917,60__x00000_y00965,"['00000', '00965']",small_16_32_64_128,0.125
8,150,3,2,60,60_pred_00039,0.148709,"['450.716', '605.689', '493.515', '652.921']",42.799,47.232,60__x00000_y00384,"['00000', '00384']",small_16_32_64_128,0.125
8,151,3,3,60,60_pred_00041,0.148346,"['141.688', '1334.109', '183.349', '1375.956']",41.661,41.847,60__x00000_y00965,"['00000', '00965']",small_16_32_64_128,0.125
8,152,3,4,60,60_pred_00042,0.148191,"['265.888', '1049.155', '308.822', '1095.279']",42.934,46.124,60__x00000_y00768,"['00000', '00768']",small_16_32_64_128,0.125
8,153,4,1,60,60_pred_00043,0.147640,"['1070.027', '247.527', '1108.000', '288.617']",37.973,41.090,60__x00596_y00000,"['00596', '00000']",small_16_32_64_128,0.125
8,154,4,2,60,60_pred_00044,0.146403,"['344.754', '1116.269', '387.845', '1159.061']",43.091,42.792,60__x00000_y00768,"['00000', '00768']",small_16_32_64_128,0.125
8,155,4,3,60,60_pred_00045,0.145760,"['79.994', '933.285', '122.493', '974.762']",42.499,41.477,60__x00000_y00768,"['00000', '00768']",small_16_32_64_128,0.125
8,156,4,4,60,60_pred_00046,0.145353,"['306.009', '100.612', '349.820', '143.115']",43.811,42.503,60__x00000_y00000,"['00000', '00000']",small_16_32_64_128,0.125
8,157,5,1,60,60_pred_00050,0.142774,"['79.272', '813.426', '123.689', '856.209']",44.417,42.783,60__x00000_y00384,"['00000', '00384']",small_16_32_64_128,0.125
8,158,5,2,60,60_pred_00051,0.141995,"['743.397', '1097.334', '785.848', '1140.239']",42.451,42.905,60__x00384_y00965,"['00384', '00965']",small_16_32_64_128,0.125
8,159,5,3,60,60_pred_00052,0.140690,"['731.376', '449.376', '775.536', '487.583']",44.160,38.207,60__x00596_y00000,"['00596', '00000']",small_16_32_64_128,0.125
8,160,5,4,60,60_pred_00053,0.140646,"['222.155', '205.018', '264.869', '246.545']",42.714,41.527,60__x00000_y00000,"['00000', '00000']",small_16_32_64_128,0.125
9,161,1,1,60,60_pred_00054,0.140551,"['841.719', '861.172', '885.474', '895.626']",43.755,34.454,60__x00596_y00384,"['00596', '00384']",small_16_32_64_128,0.125
9,162,1,2,60,60_pred_00055,0.138277,"['449.828', '691.289', '492.023', '733.293']",42.195,42.004,60__x00000_y00384,"['00000', '00384']",small_16_32_64_128,0.125
9,163,1,3,60,60_pred_00056,0.137116,"['1043.858', '529.195', '1085.582', '572.561']",41.724,43.366,60__x00596_y00384,"['00596', '00384']",small_16_32_64_128,0.125
9,164,1,4,60,60_pred_00058,0.136177,"['102.805', '770.417', '145.689', '815.518']",42.884,45.101,60__x00000_y00384,"['00000', '00384']",small_16_32_64_128,0.125
9,165,2,1,60,60_pred_00060,0.133603,"['178.293', '1332.093', '219.803', '1373.806']",41.510,41.713,60__x00000_y00965,"['00000', '00965']",small_16_32_64_128,0.125
9,166,2,2,60,60_pred_00064,0.131060,"['585.604', '964.804', '629.629', '1009.775']",44.025,44.971,60__x00384_y00768,"['00384', '00768']",small_16_32_64_128,0.125
9,167,2,3,60,60_pred_00065,0.129689,"['164.246', '1051.915', '205.112', '1094.655']",40.866,42.740,60__x00000_y00768,"['00000', '00768']",small_16_32_64_128,0.125
9,168,2,4,60,60_pred_00066,0.129641,"['521.835', '1190.848', '564.728', '1237.165']",42.893,46.317,60__x00384_y00965,"['00384', '00965']",small_16_32_64_128,0.125
9,169,3,1,60,60_pred_00067,0.127225,"['673.130', '442.270', '718.742', '487.272']",45.612,45.002,60__x00596_y00384,"['00596', '00384']",small_16_32_64_128,0.125
9,170,3,2,60,60_pred_00069,0.126045,"['527.507', '593.105', '568.286', '635.028']",40.779,41.923,60__x00384_y00384,"['00384', '00384']",small_16_32_64_128,0.125
9,171,3,3,60,60_pred_00071,0.125727,"['637.702', '483.654', '728.232', '554.829']",90.530,71.175,60__x00384_y00384,"['00384', '00384']",small_16_32_64_128,0.125
9,172,3,4,60,60_pred_00072,0.125580,"['777.963', '1029.198', '823.543', '1074.637']",45.580,45.439,60__x00596_y00768,"['00596', '00768']",small_16_32_64_128,0.125
9,173,4,1,74,74_pred_00002,0.302219,"['125.374', '466.553', '167.758', '508.841']",42.384,42.288,74__x00000_y00000,"['00000', '00000']",small_16_32_64_128,0.125
9,174,4,2,74,74_pred_00003,0.251473,"['424.219', '102.778', '465.404', '143.280']",41.185,40.502,74__x00000_y00000,"['00000', '00000']",small_16_32_64_128,0.125
9,175,4,3,74,74_pred_00004,0.249982,"['451.237', '0.794', '493.877', '36.794']",42.640,36.000,74__x00000_y00000,"['00000', '00000']",small_16_32_64_128,0.125
9,176,4,4,74,74_pred_00005,0.246876,"['120.130', '39.731', '214.634', '102.346']",94.504,62.615,74__x00000_y00000,"['00000', '00000']",small_16_32_64_128,0.125
9,177,5,1,74,74_pred_00006,0.242520,"['50.919', '986.590', '132.991', '1046.533']",82.072,59.943,74__x00000_y00768,"['00000', '00768']",small_16_32_64_128,0.125
9,178,5,2,74,74_pred_00008,0.233675,"['243.580', '1312.484', '285.093', '1355.160']",41.513,42.676,74__x00000_y00965,"['00000', '00965']",small_16_32_64_128,0.125
9,179,5,3,74,74_pred_00009,0.227739,"['39.580', '206.575', '80.990', '247.040']",41.410,40.465,74__x00000_y00000,"['00000', '00000']",small_16_32_64_128,0.125
9,180,5,4,74,74_pred_00010,0.214316,"['370.820', '59.217', '412.747', '102.380']",41.927,43.163,74__x00000_y00000,"['00000', '00000']",small_16_32_64_128,0.125
10,181,1,1,74,74_pred_00011,0.208124,"['879.980', '806.082', '922.304', '848.616']",42.324,42.534,74__x00596_y00768,"['00596', '00768']",small_16_32_64_128,0.125
10,182,1,2,74,74_pred_00012,0.204545,"['525.916', '98.453', '568.929', '143.196']",43.013,44.743,74__x00384_y00000,"['00384', '00000']",small_16_32_64_128,0.125
10,183,1,3,74,74_pred_00013,0.201987,"['243.550', '282.976', '286.054', '324.783']",42.504,41.807,74__x00000_y00000,"['00000', '00000']",small_16_32_64_128,0.125
10,184,1,4,74,74_pred_00014,0.201224,"['900.271', '1085.238', '943.124', '1126.648']",42.853,41.410,74__x00596_y00965,"['00596', '00965']",small_16_32_64_128,0.125
10,185,2,1,74,74_pred_00015,0.197244,"['655.624', '809.618', '698.616', '852.006']",42.992,42.388,74__x00384_y00768,"['00384', '00768']",small_16_32_64_128,0.125
10,186,2,2,74,74_pred_00016,0.190842,"['301.783', '1011.031', '344.979', '1052.854']",43.196,41.823,74__x00000_y00768,"['00000', '00768']",small_16_32_64_128,0.125
10,187,2,3,74,74_pred_00017,0.184323,"['269.348', '203.637', '312.834', '246.376']",43.486,42.739,74__x00000_y00000,"['00000', '00000']",small_16_32_64_128,0.125
10,188,2,4,74,74_pred_00018,0.183309,"['1067.226', '790.227', '1104.994', '833.615']",37.768,43.388,74__x00596_y00384,"['00596', '00384']",small_16_32_64_128,0.125
10,189,3,1,74,74_pred_00019,0.182077,"['769.096', '1294.556', '810.186', '1337.005']",41.090,42.449,74__x00384_y00965,"['00384', '00965']",small_16_32_64_128,0.125
10,190,3,2,74,74_pred_00020,0.179949,"['143.325', '41.630', '184.901', '84.056']",41.576,42.426,74__x00000_y00000,"['00000', '00000']",small_16_32_64_128,0.125
10,191,3,3,74,74_pred_00021,0.179264,"['572.798', '1093.511', '615.501', '1140.007']",42.703,46.496,74__x00384_y00768,"['00384', '00768']",small_16_32_64_128,0.125
10,192,3,4,74,74_pred_00022,0.175064,"['652.146', '1375.785', '697.123', '1421.081']",44.977,45.296,74__x00596_y00965,"['00596', '00965']",small_16_32_64_128,0.125
10,193,4,1,74,74_pred_00024,0.172975,"['835.397', '1333.990', '877.255', '1374.602']",41.858,40.612,74__x00384_y00965,"['00384', '00965']",small_16_32_64_128,0.125
10,194,4,2,74,74_pred_00025,0.171289,"['768.351', '1334.362', '810.087', '1375.603']",41.736,41.241,74__x00384_y00965,"['00384', '00965']",small_16_32_64_128,0.125
10,195,4,3,74,74_pred_00027,0.167343,"['224.626', '1292.596', '264.967', '1332.613']",40.341,40.017,74__x00000_y00965,"['00000', '00965']",small_16_32_64_128,0.125
10,196,4,4,74,74_pred_00028,0.167152,"['695.690', '363.571', '738.649', '407.024']",42.959,43.453,74__x00384_y00000,"['00384', '00000']",small_16_32_64_128,0.125
10,197,5,1,74,74_pred_00029,0.163145,"['807.163', '862.945', '849.552', '906.553']",42.389,43.608,74__x00596_y00768,"['00596', '00768']",small_16_32_64_128,0.125
10,198,5,2,74,74_pred_00031,0.162072,"['696.767', '1330.964', '741.956', '1376.943']",45.189,45.979,74__x00384_y00965,"['00384', '00965']",small_16_32_64_128,0.125
10,199,5,3,74,74_pred_00032,0.161928,"['444.018', '527.652', '486.134', '568.836']",42.116,41.184,74__x00384_y00384,"['00384', '00384']",small_16_32_64_128,0.125
10,200,5,4,74,74_pred_00033,0.161312,"['689.494', '1045.671', '733.224', '1087.591']",43.730,41.920,74__x00384_y00768,"['00384', '00768']",small_16_32_64_128,0.125
11,201,1,1,74,74_pred_00034,0.157662,"['451.659', '814.241', '493.270', '854.660']",41.611,40.419,74__x00000_y00384,"['00000', '00384']",small_16_32_64_128,0.125
11,202,1,2,74,74_pred_00035,0.155731,"['385.256', '773.130', '432.346', '819.404']",47.090,46.274,74__x00000_y00384,"['00000', '00384']",small_16_32_64_128,0.125
11,203,1,3,74,74_pred_00036,0.155445,"['344.845', '40.263', '387.905', '82.830']",43.060,42.567,74__x00000_y00000,"['00000', '00000']",small_16_32_64_128,0.125
11,204,1,4,74,74_pred_00038,0.154516,"['714.617', '1313.226', '758.015', '1357.251']",43.398,44.025,74__x00384_y00965,"['00384', '00965']",small_16_32_64_128,0.125
11,205,2,1,74,74_pred_00040,0.149869,"['141.089', '79.001', '183.427', '122.600']",42.338,43.599,74__x00000_y00000,"['00000', '00000']",small_16_32_64_128,0.125
11,206,2,2,74,74_pred_00041,0.147501,"['847.712', '1139.164', '889.159', '1180.529']",41.447,41.365,74__x00596_y00768,"['00596', '00768']",small_16_32_64_128,0.125
11,207,2,3,74,74_pred_00043,0.146953,"['516.066', '1333.951', '559.870', '1377.076']",43.804,43.125,74__x00384_y00965,"['00384', '00965']",small_16_32_64_128,0.125
11,208,2,4,74,74_pred_00044,0.145089,"['607.158', '831.208', '692.448', '893.175']",85.290,61.967,74__x00596_y00384,"['00596', '00384']",small_16_32_64_128,0.125
11,209,3,1,74,74_pred_00046,0.142450,"['675.652', '347.572', '717.290', '390.035']",41.638,42.463,74__x00384_y00000,"['00384', '00000']",small_16_32_64_128,0.125
11,210,3,2,74,74_pred_00048,0.141309,"['202.882', '1190.805', '245.109', '1233.874']",42.227,43.069,74__x00000_y00965,"['00000', '00965']",small_16_32_64_128,0.125
11,211,3,3,74,74_pred_00049,0.140914,"['756.514', '731.393', '798.979', '774.634']",42.465,43.241,74__x00596_y00384,"['00596', '00384']",small_16_32_64_128,0.125
11,212,3,4,74,74_pred_00050,0.140186,"['797.911', '263.573', '840.590', '307.415']",42.679,43.842,74__x00384_y00000,"['00384', '00000']",small_16_32_64_128,0.125
11,213,4,1,74,74_pred_00052,0.139515,"['565.298', '1251.349', '607.288', '1293.843']",41.990,42.494,74__x00384_y00965,"['00384', '00965']",small_16_32_64_128,0.125
11,214,4,2,74,74_pred_00053,0.138154,"['739.134', '752.582', '780.789', '794.008']",41.655,41.426,74__x00596_y00384,"['00596', '00384']",small_16_32_64_128,0.125
11,215,4,3,74,74_pred_00055,0.135902,"['1004.676', '223.254', '1047.516', '265.308']",42.840,42.054,74__x00596_y00000,"['00596', '00000']",small_16_32_64_128,0.125
11,216,4,4,74,74_pred_00057,0.134284,"['386.283', '1392.511', '430.748', '1437.028']",44.465,44.517,74__x00000_y00965,"['00000', '00965']",small_16_32_64_128,0.125
11,217,5,1,74,74_pred_00058,0.133042,"['421.520', '909.127', '466.889', '952.956']",45.369,43.829,74__x00384_y00768,"['00384', '00768']",small_16_32_64_128,0.125
11,218,5,2,74,74_pred_00059,0.130053,"['750.839', '1311.570', '791.270', '1351.519']",40.431,39.949,74__x00384_y00965,"['00384', '00965']",small_16_32_64_128,0.125
11,219,5,3,74,74_pred_00061,0.127493,"['325.849', '869.739', '368.824', '912.820']",42.975,43.081,74__x00000_y00768,"['00000', '00768']",small_16_32_64_128,0.125
11,220,5,4,74,74_pred_00063,0.126211,"['748.093', '1352.598', '790.647', '1394.802']",42.554,42.204,74__x00384_y00965,"['00384', '00965']",small_16_32_64_128,0.125
12,221,1,1,74,74_pred_00064,0.125763,"['634.703', '1438.385', '678.742', '1476.015']",44.039,37.630,74__x00596_y00965,"['00596', '00965']",small_16_32_64_128,0.125
12,222,1,2,74,74_pred_00065,0.125274,"['943.805', '1005.530', '985.918', '1046.738']",42.113,41.208,74__x00596_y00965,"['00596', '00965']",small_16_32_64_128,0.125
12,223,1,3,76,76_pred_00001,0.338552,"['886.723', '1021.973', '929.269', '1064.756']",42.546,42.783,76__x00596_y00768,"['00596', '00768']",small_16_32_64_128,0.125
12,224,1,4,76,76_pred_00003,0.234266,"['608.633', '649.848', '650.808', '692.320']",42.175,42.472,76__x00384_y00384,"['00384', '00384']",small_16_32_64_128,0.125
12,225,2,1,76,76_pred_00004,0.225460,"['81.590', '164.111', '124.449', '205.018']",42.859,40.907,76__x00000_y00000,"['00000', '00000']",small_16_32_64_128,0.125
12,226,2,2,76,76_pred_00005,0.218309,"['251.848', '902.101', '294.964', '945.350']",43.116,43.249,76__x00000_y00768,"['00000', '00768']",small_16_32_64_128,0.125
12,227,2,3,76,76_pred_00007,0.211034,"['55.964', '1219.272', '95.871', '1259.971']",39.907,40.699,76__x00000_y00768,"['00000', '00768']",small_16_32_64_128,0.125
12,228,2,4,76,76_pred_00008,0.207987,"['1045.040', '787.951', '1083.649', '826.404']",38.609,38.453,76__x00596_y00384,"['00596', '00384']",small_16_32_64_128,0.125
12,229,3,1,76,76_pred_00009,0.203778,"['728.589', '370.103', '772.339', '412.785']",43.750,42.682,76__x00384_y00000,"['00384', '00000']",small_16_32_64_128,0.125
12,230,3,2,76,76_pred_00010,0.203403,"['650.576', '940.425', '694.399', '984.547']",43.823,44.122,76__x00596_y00768,"['00596', '00768']",small_16_32_64_128,0.125
12,231,3,3,76,76_pred_00011,0.197979,"['596.000', '787.258', '634.772', '829.429']",38.772,42.171,76__x00384_y00384,"['00384', '00384']",small_16_32_64_128,0.125
12,232,3,4,76,76_pred_00012,0.182469,"['58.981', '926.524', '101.481', '971.308']",42.500,44.784,76__x00000_y00768,"['00000', '00768']",small_16_32_64_128,0.125
12,233,4,1,76,76_pred_00013,0.181380,"['212.458', '941.764', '254.768', '985.069']",42.310,43.305,76__x00000_y00768,"['00000', '00768']",small_16_32_64_128,0.125
12,234,4,2,76,76_pred_00014,0.170126,"['634.868', '1136.191', '678.257', '1180.319']",43.389,44.128,76__x00384_y00768,"['00384', '00768']",small_16_32_64_128,0.125
12,235,4,3,76,76_pred_00015,0.169883,"['461.690', '709.536', '505.433', '753.768']",43.743,44.232,76__x00384_y00384,"['00384', '00384']",small_16_32_64_128,0.125
12,236,4,4,76,76_pred_00016,0.167726,"['447.436', '1061.488', '486.822', '1102.871']",39.386,41.383,76__x00000_y00965,"['00000', '00965']",small_16_32_64_128,0.125
12,237,5,1,76,76_pred_00018,0.163106,"['428.179', '682.003', '498.428', '744.076']",70.249,62.073,76__x00000_y00384,"['00000', '00384']",small_16_32_64_128,0.125
12,238,5,2,76,76_pred_00020,0.157313,"['472.961', '1070.118', '510.063', '1112.004']",37.102,41.886,76__x00000_y00965,"['00000', '00965']",small_16_32_64_128,0.125
12,239,5,3,76,76_pred_00021,0.155364,"['758.645', '122.105', '801.570', '164.388']",42.925,42.283,76__x00596_y00000,"['00596', '00000']",small_16_32_64_128,0.125
12,240,5,4,76,76_pred_00025,0.151335,"['887.154', '597.165', '927.773', '639.370']",40.619,42.205,76__x00596_y00384,"['00596', '00384']",small_16_32_64_128,0.125
13,241,1,1,76,76_pred_00027,0.150699,"['587.902', '347.558', '630.251', '392.883']",42.349,45.325,76__x00384_y00000,"['00384', '00000']",small_16_32_64_128,0.125
13,242,1,2,76,76_pred_00028,0.149383,"['517.272', '825.253', '560.865', '867.900']",43.593,42.647,76__x00384_y00768,"['00384', '00768']",small_16_32_64_128,0.125
13,243,1,3,76,76_pred_00030,0.148818,"['173.134', '1216.740', '215.476', '1260.425']",42.342,43.685,76__x00000_y00965,"['00000', '00965']",small_16_32_64_128,0.125
13,244,1,4,76,76_pred_00032,0.147181,"['119.985', '1012.893', '163.684', '1054.999']",43.699,42.106,76__x00000_y00768,"['00000', '00768']",small_16_32_64_128,0.125
13,245,2,1,76,76_pred_00034,0.145245,"['782.440', '136.935', '822.399', '179.320']",39.959,42.385,76__x00596_y00000,"['00596', '00000']",small_16_32_64_128,0.125
13,246,2,2,76,76_pred_00035,0.144202,"['756.512', '1187.456', '799.195', '1230.444']",42.683,42.988,76__x00596_y00965,"['00596', '00965']",small_16_32_64_128,0.125
13,247,2,3,76,76_pred_00036,0.142985,"['622.437', '1115.164', '666.401', '1162.179']",43.964,47.015,76__x00384_y00768,"['00384', '00768']",small_16_32_64_128,0.125
13,248,2,4,76,76_pred_00037,0.142498,"['983.713', '474.739', '1027.083', '510.445']",43.370,35.706,76__x00596_y00000,"['00596', '00000']",small_16_32_64_128,0.125
13,249,3,1,76,76_pred_00039,0.140227,"['838.524', '346.182', '881.267', '392.105']",42.743,45.923,76__x00596_y00000,"['00596', '00000']",small_16_32_64_128,0.125
13,250,3,2,76,76_pred_00040,0.138865,"['546.219', '1074.118', '586.804', '1114.942']",40.585,40.824,76__x00384_y00768,"['00384', '00768']",small_16_32_64_128,0.125
13,251,3,3,76,76_pred_00045,0.134498,"['922.721', '567.938', '964.154', '610.702']",41.433,42.764,76__x00596_y00384,"['00596', '00384']",small_16_32_64_128,0.125
13,252,3,4,76,76_pred_00046,0.133110,"['222.534', '1311.786', '266.355', '1355.259']",43.821,43.473,76__x00000_y00965,"['00000', '00965']",small_16_32_64_128,0.125
13,253,4,1,76,76_pred_00048,0.131027,"['602.881', '367.914', '646.410', '410.094']",43.529,42.180,76__x00384_y00000,"['00384', '00000']",small_16_32_64_128,0.125
13,254,4,2,76,76_pred_00050,0.130431,"['403.132', '929.915', '445.596', '973.239']",42.464,43.324,76__x00384_y00768,"['00384', '00768']",small_16_32_64_128,0.125
13,255,4,3,76,76_pred_00052,0.128025,"['634.043', '955.053', '677.396', '996.541']",43.353,41.488,76__x00596_y00768,"['00596', '00768']",small_16_32_64_128,0.125
13,256,4,4,76,76_pred_00054,0.126750,"['733.997', '225.857', '776.089', '270.019']",42.092,44.162,76__x00596_y00000,"['00596', '00000']",small_16_32_64_128,0.125
13,257,5,1,76,76_pred_00055,0.126641,"['407.505', '441.335', '450.683', '483.276']",43.178,41.941,76__x00000_y00384,"['00000', '00384']",small_16_32_64_128,0.125
13,258,5,2,76,76_pred_00056,0.126146,"['141.882', '1209.636', '182.659', '1253.052']",40.777,43.416,76__x00000_y00965,"['00000', '00965']",small_16_32_64_128,0.125
13,259,5,3,82,82_pred_00001,0.312150,"['22.525', '569.051', '63.234', '610.544']",40.709,41.493,82__x00000_y00384,"['00000', '00384']",small_16_32_64_128,0.125
13,260,5,4,82,82_pred_00002,0.309594,"['39.046', '890.075', '80.284', '933.366']",41.238,43.291,82__x00000_y00768,"['00000', '00768']",small_16_32_64_128,0.125
14,261,1,1,82,82_pred_00005,0.226824,"['14.214', '877.396', '100.554', '949.261']",86.340,71.865,82__x00000_y00768,"['00000', '00768']",small_16_32_64_128,0.125
14,262,1,2,82,82_pred_00006,0.212326,"['673.070', '83.449', '717.175', '127.238']",44.105,43.789,82__x00384_y00000,"['00384', '00000']",small_16_32_64_128,0.125
14,263,1,3,82,82_pred_00007,0.204086,"['442.535', '119.970', '484.668', '165.113']",42.133,45.143,82__x00000_y00000,"['00000', '00000']",small_16_32_64_128,0.125
14,264,1,4,82,82_pred_00008,0.198649,"['23.013', '906.450', '63.989', '946.852']",40.976,40.402,82__x00000_y00768,"['00000', '00768']",small_16_32_64_128,0.125
14,265,2,1,82,82_pred_00009,0.192903,"['45.019', '411.638', '83.867', '453.240']",38.848,41.602,82__x00000_y00000,"['00000', '00000']",small_16_32_64_128,0.125
14,266,2,2,82,82_pred_00010,0.191469,"['385.743', '772.446', '431.477', '810.538']",45.734,38.092,82__x00000_y00384,"['00000', '00384']",small_16_32_64_128,0.125
14,267,2,3,82,82_pred_00011,0.190836,"['405.405', '651.970', '448.982', '697.712']",43.577,45.742,82__x00000_y00384,"['00000', '00384']",small_16_32_64_128,0.125
14,268,2,4,82,82_pred_00012,0.181350,"['451.429', '140.009', '497.162', '185.407']",45.733,45.398,82__x00000_y00000,"['00000', '00000']",small_16_32_64_128,0.125
14,269,3,1,82,82_pred_00013,0.178420,"['472.317', '807.912', '510.884', '850.306']",38.567,42.394,82__x00000_y00768,"['00000', '00768']",small_16_32_64_128,0.125
14,270,3,2,82,82_pred_00014,0.173847,"['58.902', '545.469', '102.913', '589.206']",44.011,43.737,82__x00000_y00384,"['00000', '00384']",small_16_32_64_128,0.125
14,271,3,3,82,82_pred_00016,0.172313,"['737.588', '628.516', '780.935', '672.969']",43.347,44.453,82__x00596_y00384,"['00596', '00384']",small_16_32_64_128,0.125
14,272,3,4,82,82_pred_00017,0.172132,"['56.199', '517.783', '97.722', '560.644']",41.523,42.861,82__x00000_y00384,"['00000', '00384']",small_16_32_64_128,0.125
14,273,4,1,82,82_pred_00018,0.169973,"['478.640', '94.645', '522.053', '138.367']",43.413,43.722,82__x00000_y00000,"['00000', '00000']",small_16_32_64_128,0.125
14,274,4,2,82,82_pred_00019,0.167233,"['260.256', '1006.651', '304.616', '1052.101']",44.360,45.450,82__x00000_y00768,"['00000', '00768']",small_16_32_64_128,0.125
14,275,4,3,82,82_pred_00023,0.150462,"['831.794', '366.875', '876.434', '409.742']",44.640,42.867,82__x00384_y00000,"['00384', '00000']",small_16_32_64_128,0.125
14,276,4,4,82,82_pred_00024,0.147186,"['806.959', '825.306', '850.674', '867.568']",43.715,42.262,82__x00596_y00768,"['00596', '00768']",small_16_32_64_128,0.125
14,277,5,1,82,82_pred_00026,0.146405,"['807.770', '135.622', '853.055', '178.343']",45.285,42.721,82__x00596_y00000,"['00596', '00000']",small_16_32_64_128,0.125
14,278,5,2,82,82_pred_00027,0.144336,"['22.730', '870.633', '62.161', '910.479']",39.431,39.846,82__x00000_y00768,"['00000', '00768']",small_16_32_64_128,0.125
14,279,5,3,82,82_pred_00028,0.143965,"['39.514', '752.356', '81.374', '794.151']",41.860,41.795,82__x00000_y00384,"['00000', '00384']",small_16_32_64_128,0.125
14,280,5,4,82,82_pred_00029,0.142463,"['448.350', '59.722', '493.233', '103.672']",44.883,43.950,82__x00000_y00000,"['00000', '00000']",small_16_32_64_128,0.125
15,281,1,1,82,82_pred_00031,0.141742,"['342.901', '785.189', '388.086', '827.750']",45.185,42.561,82__x00000_y00768,"['00000', '00768']",small_16_32_64_128,0.125
15,282,1,2,82,82_pred_00032,0.141557,"['569.886', '952.156', '611.235', '994.060']",41.349,41.904,82__x00384_y00768,"['00384', '00768']",small_16_32_64_128,0.125
15,283,1,3,82,82_pred_00033,0.141064,"['104.737', '648.429', '147.540', '691.449']",42.803,43.020,82__x00000_y00384,"['00000', '00384']",small_16_32_64_128,0.125
15,284,1,4,82,82_pred_00034,0.140410,"['443.254', '768.013', '488.556', '809.612']",45.302,41.599,82__x00000_y00768,"['00000', '00768']",small_16_32_64_128,0.125
15,285,2,1,82,82_pred_00035,0.139202,"['250.869', '1137.581', '293.643', '1179.649']",42.774,42.068,82__x00000_y00768,"['00000', '00768']",small_16_32_64_128,0.125
15,286,2,2,82,82_pred_00037,0.137887,"['292.739', '1099.668', '333.360', '1143.232']",40.621,43.564,82__x00000_y00965,"['00000', '00965']",small_16_32_64_128,0.125
15,287,2,3,82,82_pred_00038,0.135820,"['857.543', '1015.234', '901.207', '1056.412']",43.664,41.178,82__x00596_y00768,"['00596', '00768']",small_16_32_64_128,0.125
15,288,2,4,82,82_pred_00040,0.133529,"['300.645', '1155.898', '344.868', '1199.668']",44.223,43.770,82__x00000_y00768,"['00000', '00768']",small_16_32_64_128,0.125
15,289,3,1,82,82_pred_00041,0.133500,"['587.764', '992.507', '629.734', '1036.292']",41.970,43.785,82__x00384_y00768,"['00384', '00768']",small_16_32_64_128,0.125
15,290,3,2,82,82_pred_00042,0.131946,"['518.367', '94.210', '560.017', '137.880']",41.650,43.670,82__x00384_y00000,"['00384', '00000']",small_16_32_64_128,0.125
15,291,3,3,82,82_pred_00043,0.131627,"['474.031', '123.382', '510.861', '168.186']",36.830,44.804,82__x00000_y00000,"['00000', '00000']",small_16_32_64_128,0.125
15,292,3,4,82,82_pred_00044,0.131490,"['717.201', '688.877', '760.183', '735.081']",42.982,46.204,82__x00596_y00384,"['00596', '00384']",small_16_32_64_128,0.125
15,293,4,1,82,82_pred_00045,0.131175,"['173.045', '862.429', '215.167', '904.459']",42.122,42.030,82__x00000_y00768,"['00000', '00768']",small_16_32_64_128,0.125
15,294,4,2,82,82_pred_00046,0.129126,"['246.426', '1114.911', '287.568', '1157.353']",41.142,42.442,82__x00000_y00768,"['00000', '00768']",small_16_32_64_128,0.125
15,295,4,3,82,82_pred_00047,0.128508,"['557.492', '517.395', '600.301', '560.858']",42.809,43.463,82__x00384_y00384,"['00384', '00384']",small_16_32_64_128,0.125
15,296,4,4,82,82_pred_00050,0.126963,"['425.459', '886.945', '469.628', '933.143']",44.169,46.198,82__x00384_y00768,"['00384', '00768']",small_16_32_64_128,0.125
15,297,5,1,87,87_pred_00001,0.335551,"['904.728', '308.885', '945.398', '348.678']",40.670,39.793,87__x00596_y00000,"['00596', '00000']",small_16_32_64_128,0.125
15,298,5,2,87,87_pred_00002,0.334066,"['442.342', '185.524', '485.762', '228.844']",43.420,43.320,87__x00000_y00000,"['00000', '00000']",small_16_32_64_128,0.125
15,299,5,3,87,87_pred_00003,0.316377,"['471.563', '106.132', '508.440', '147.604']",36.877,41.472,87__x00000_y00000,"['00000', '00000']",small_16_32_64_128,0.125
15,300,5,4,87,87_pred_00004,0.292280,"['600.099', '185.654', '637.503', '224.884']",37.404,39.230,87__x00384_y00000,"['00384', '00000']",small_16_32_64_128,0.125
16,301,1,1,87,87_pred_00005,0.284229,"['717.416', '185.289', '760.243', '228.300']",42.827,43.011,87__x00384_y00000,"['00384', '00000']",small_16_32_64_128,0.125
16,302,1,2,87,87_pred_00007,0.221858,"['202.289', '345.671', '246.434', '388.265']",44.145,42.594,87__x00000_y00000,"['00000', '00000']",small_16_32_64_128,0.125
16,303,1,3,87,87_pred_00011,0.188652,"['451.928', '119.468', '497.280', '163.957']",45.352,44.489,87__x00000_y00000,"['00000', '00000']",small_16_32_64_128,0.125
16,304,1,4,87,87_pred_00012,0.186234,"['633.752', '848.324', '676.470', '893.062']",42.718,44.738,87__x00384_y00768,"['00384', '00768']",small_16_32_64_128,0.125
16,305,2,1,87,87_pred_00013,0.182336,"['133.058', '250.257', '175.409', '295.316']",42.351,45.059,87__x00000_y00000,"['00000', '00000']",small_16_32_64_128,0.125
16,306,2,2,87,87_pred_00014,0.181376,"['733.168', '200.535', '777.199', '243.592']",44.031,43.057,87__x00384_y00000,"['00384', '00000']",small_16_32_64_128,0.125
16,307,2,3,87,87_pred_00015,0.181082,"['686.164', '183.213', '783.297', '252.812']",97.133,69.599,87__x00384_y00000,"['00384', '00000']",small_16_32_64_128,0.125
16,308,2,4,87,87_pred_00017,0.174129,"['566.493', '168.767', '655.723', '242.873']",89.230,74.106,87__x00384_y00000,"['00384', '00000']",small_16_32_64_128,0.125
16,309,3,1,87,87_pred_00019,0.171706,"['959.922', '347.295', '1003.441', '389.103']",43.519,41.808,87__x00596_y00000,"['00596', '00000']",small_16_32_64_128,0.125
16,310,3,2,87,87_pred_00020,0.168845,"['473.907', '1097.546', '509.939', '1140.311']",36.032,42.765,87__x00000_y00768,"['00000', '00768']",small_16_32_64_128,0.125
16,311,3,3,87,87_pred_00021,0.167803,"['163.483', '1274.113', '203.360', '1313.454']",39.877,39.341,87__x00000_y00965,"['00000', '00965']",small_16_32_64_128,0.125
16,312,3,4,87,87_pred_00022,0.165125,"['671.061', '221.894', '713.317', '264.704']",42.256,42.810,87__x00384_y00000,"['00384', '00000']",small_16_32_64_128,0.125
16,313,4,1,87,87_pred_00023,0.163881,"['526.997', '733.536', '567.909', '775.335']",40.912,41.799,87__x00384_y00384,"['00384', '00384']",small_16_32_64_128,0.125
16,314,4,2,87,87_pred_00025,0.156630,"['614.040', '175.353', '653.757', '215.891']",39.717,40.538,87__x00384_y00000,"['00384', '00000']",small_16_32_64_128,0.125
16,315,4,3,87,87_pred_00026,0.155352,"['607.023', '568.253', '651.204', '613.025']",44.181,44.772,87__x00384_y00384,"['00384', '00384']",small_16_32_64_128,0.125
16,316,4,4,87,87_pred_00028,0.149552,"['1067.554', '305.884', '1104.708', '348.847']",37.154,42.963,87__x00596_y00000,"['00596', '00000']",small_16_32_64_128,0.125
16,317,5,1,87,87_pred_00029,0.145256,"['124.249', '831.018', '164.994', '872.354']",40.745,41.336,87__x00000_y00768,"['00000', '00768']",small_16_32_64_128,0.125
16,318,5,2,87,87_pred_00030,0.144752,"['141.614', '1253.240', '236.967', '1328.852']",95.353,75.612,87__x00000_y00965,"['00000', '00965']",small_16_32_64_128,0.125
16,319,5,3,87,87_pred_00031,0.141957,"['60.846', '1274.448', '102.685', '1315.986']",41.839,41.538,87__x00000_y00965,"['00000', '00965']",small_16_32_64_128,0.125
16,320,5,4,87,87_pred_00032,0.141119,"['603.444', '690.841', '648.920', '734.904']",45.476,44.063,87__x00384_y00384,"['00384', '00384']",small_16_32_64_128,0.125
17,321,1,1,87,87_pred_00033,0.139417,"['97.715', '83.513', '140.234', '127.700']",42.519,44.187,87__x00000_y00000,"['00000', '00000']",small_16_32_64_128,0.125
17,322,1,2,87,87_pred_00034,0.138828,"['404.877', '1086.096', '446.325', '1128.875']",41.448,42.779,87__x00384_y00965,"['00384', '00965']",small_16_32_64_128,0.125
17,323,1,3,87,87_pred_00037,0.136321,"['387.150', '1115.944', '429.050', '1159.997']",41.900,44.053,87__x00000_y00768,"['00000', '00768']",small_16_32_64_128,0.125
17,324,1,4,87,87_pred_00038,0.135255,"['141.216', '226.579', '182.027', '264.480']",40.811,37.901,87__x00000_y00000,"['00000', '00000']",small_16_32_64_128,0.125
17,325,2,1,87,87_pred_00039,0.135200,"['716.188', '733.020', '758.986', '775.710']",42.798,42.690,87__x00596_y00384,"['00596', '00384']",small_16_32_64_128,0.125
17,326,2,2,87,87_pred_00040,0.134508,"['285.855', '1045.489', '329.172', '1088.537']",43.317,43.048,87__x00000_y00965,"['00000', '00965']",small_16_32_64_128,0.125
17,327,2,3,87,87_pred_00041,0.134459,"['399.177', '166.588', '491.709', '245.799']",92.532,79.211,87__x00000_y00000,"['00000', '00000']",small_16_32_64_128,0.125
17,328,2,4,87,87_pred_00043,0.132927,"['556.664', '979.137', '600.028', '1024.232']",43.364,45.095,87__x00384_y00768,"['00384', '00768']",small_16_32_64_128,0.125
17,329,3,1,87,87_pred_00047,0.128952,"['424.534', '1065.545', '466.409', '1109.253']",41.875,43.708,87__x00384_y00965,"['00384', '00965']",small_16_32_64_128,0.125
17,330,3,2,87,87_pred_00050,0.127701,"['20.256', '243.621', '62.575', '286.325']",42.319,42.704,87__x00000_y00000,"['00000', '00000']",small_16_32_64_128,0.125
17,331,3,3,87,87_pred_00051,0.126091,"['247.986', '1336.095', '289.585', '1377.870']",41.599,41.775,87__x00000_y00965,"['00000', '00965']",small_16_32_64_128,0.125
17,332,3,4,87,87_pred_00052,0.125399,"['186.117', '1274.242', '224.651', '1315.552']",38.534,41.310,87__x00000_y00965,"['00000', '00965']",small_16_32_64_128,0.125
17,333,4,1,95,95_pred_00001,0.370662,"['760.227', '186.003', '801.295', '227.710']",41.068,41.707,95__x00384_y00000,"['00384', '00000']",small_16_32_64_128,0.125
17,334,4,2,95,95_pred_00002,0.350630,"['860.340', '908.734', '902.445', '950.504']",42.105,41.770,95__x00384_y00768,"['00384', '00768']",small_16_32_64_128,0.125
17,335,4,3,95,95_pred_00003,0.275857,"['548.190', '993.442', '589.137', '1034.054']",40.947,40.612,95__x00384_y00768,"['00384', '00768']",small_16_32_64_128,0.125
17,336,4,4,95,95_pred_00005,0.232086,"['543.931', '507.142', '585.602', '549.010']",41.671,41.868,95__x00384_y00384,"['00384', '00384']",small_16_32_64_128,0.125
17,337,5,1,95,95_pred_00006,0.218224,"['364.961', '567.860', '406.766', '610.182']",41.805,42.322,95__x00000_y00384,"['00000', '00384']",small_16_32_64_128,0.125
17,338,5,2,95,95_pred_00007,0.198858,"['248.109', '567.677', '289.144', '608.958']",41.035,41.281,95__x00000_y00384,"['00000', '00384']",small_16_32_64_128,0.125
17,339,5,3,95,95_pred_00008,0.195426,"['858.875', '716.093', '895.923', '756.732']",37.048,40.639,95__x00384_y00384,"['00384', '00384']",small_16_32_64_128,0.125
17,340,5,4,95,95_pred_00009,0.187910,"['634.825', '290.483', '676.841', '332.502']",42.016,42.019,95__x00384_y00000,"['00384', '00000']",small_16_32_64_128,0.125
18,341,1,1,95,95_pred_00012,0.180660,"['556.604', '252.452', '597.063', '294.022']",40.459,41.570,95__x00384_y00000,"['00384', '00000']",small_16_32_64_128,0.125
18,342,1,2,95,95_pred_00013,0.178489,"['717.874', '184.665', '759.682', '227.138']",41.808,42.473,95__x00596_y00000,"['00596', '00000']",small_16_32_64_128,0.125
18,343,1,3,95,95_pred_00014,0.172929,"['520.267', '980.558', '607.923', '1046.187']",87.656,65.629,95__x00384_y00768,"['00384', '00768']",small_16_32_64_128,0.125
18,344,1,4,95,95_pred_00015,0.172805,"['526.115', '972.350', '567.695', '1014.271']",41.580,41.921,95__x00384_y00768,"['00384', '00768']",small_16_32_64_128,0.125
18,345,2,1,95,95_pred_00016,0.171364,"['1003.656', '713.119', '1045.280', '756.544']",41.624,43.425,95__x00596_y00384,"['00596', '00384']",small_16_32_64_128,0.125
18,346,2,2,95,95_pred_00017,0.170461,"['737.003', '188.447', '830.135', '253.471']",93.132,65.024,95__x00384_y00000,"['00384', '00000']",small_16_32_64_128,0.125
18,347,2,3,95,95_pred_00018,0.167917,"['841.262', '891.480', '882.581', '933.976']",41.319,42.496,95__x00384_y00768,"['00384', '00768']",small_16_32_64_128,0.125
18,348,2,4,95,95_pred_00019,0.166625,"['101.471', '81.990', '143.107', '124.109']",41.636,42.119,95__x00000_y00000,"['00000', '00000']",small_16_32_64_128,0.125
18,349,3,1,95,95_pred_00020,0.157549,"['1071.512', '971.987', '1107.781', '1013.897']",36.269,41.910,95__x00596_y00768,"['00596', '00768']",small_16_32_64_128,0.125
18,350,3,2,95,95_pred_00021,0.154608,"['365.549', '888.278', '408.471', '930.723']",42.922,42.445,95__x00000_y00768,"['00000', '00768']",small_16_32_64_128,0.125
18,351,3,3,95,95_pred_00022,0.153947,"['483.285', '774.983', '526.308', '815.530']",43.023,40.547,95__x00384_y00384,"['00384', '00384']",small_16_32_64_128,0.125
18,352,3,4,95,95_pred_00025,0.148006,"['759.177', '1272.712', '802.726', '1314.205']",43.549,41.493,95__x00384_y00965,"['00384', '00965']",small_16_32_64_128,0.125
18,353,4,1,95,95_pred_00027,0.146558,"['133.517', '211.424', '176.342', '254.843']",42.825,43.419,95__x00000_y00000,"['00000', '00000']",small_16_32_64_128,0.125
18,354,4,2,95,95_pred_00029,0.141790,"['329.634', '636.093', '371.796', '678.980']",42.162,42.887,95__x00000_y00384,"['00000', '00384']",small_16_32_64_128,0.125
18,355,4,3,95,95_pred_00030,0.139101,"['189.050', '1193.837', '226.305', '1234.194']",37.255,40.357,95__x00000_y00965,"['00000', '00965']",small_16_32_64_128,0.125
18,356,4,4,95,95_pred_00031,0.138869,"['487.554', '1091.268', '526.298', '1131.270']",38.744,40.002,95__x00384_y00768,"['00384', '00768']",small_16_32_64_128,0.125
18,357,5,1,95,95_pred_00032,0.136357,"['162.790', '288.517', '203.027', '330.245']",40.237,41.728,95__x00000_y00000,"['00000', '00000']",small_16_32_64_128,0.125
18,358,5,2,95,95_pred_00033,0.136196,"['133.034', '635.717', '176.153', '678.778']",43.119,43.061,95__x00000_y00384,"['00000', '00384']",small_16_32_64_128,0.125
18,359,5,3,95,95_pred_00036,0.131965,"['1045.609', '565.704', '1090.561', '609.044']",44.952,43.340,95__x00596_y00384,"['00596', '00384']",small_16_32_64_128,0.125
18,360,5,4,95,95_pred_00037,0.130558,"['1046.314', '991.780', '1090.218', '1034.721']",43.904,42.941,95__x00596_y00768,"['00596', '00768']",small_16_32_64_128,0.125
19,361,1,1,95,95_pred_00038,0.129841,"['264.849', '1116.517', '305.858', '1156.762']",41.009,40.245,95__x00000_y00768,"['00000', '00768']",small_16_32_64_128,0.125
19,362,1,2,95,95_pred_00039,0.129593,"['667.020', '1247.782', '711.508', '1291.180']",44.488,43.398,95__x00384_y00965,"['00384', '00965']",small_16_32_64_128,0.125
19,363,1,3,95,95_pred_00040,0.127653,"['408.922', '809.544', '450.058', '851.114']",41.136,41.570,95__x00000_y00768,"['00000', '00768']",small_16_32_64_128,0.125
19,364,1,4,95,95_pred_00041,0.126196,"['826.083', '904.197', '928.654', '983.777']",102.571,79.580,95__x00596_y00768,"['00596', '00768']",small_16_32_64_128,0.125
19,365,2,1,95,95_pred_00042,0.125247,"['290.015', '774.036', '332.856', '808.997']",42.841,34.961,95__x00000_y00768,"['00000', '00768']",small_16_32_64_128,0.125
19,366,2,2,141,141_pred_00001,0.296469,"['443.209', '120.159', '487.894', '164.321']",44.685,44.162,141__x00000_y00000,"['00000', '00000']",small_16_32_64_128,0.125
19,367,2,3,141,141_pred_00003,0.287994,"['1002.339', '1255.025', '1047.055', '1298.385']",44.716,43.360,141__x00596_y00965,"['00596', '00965']",small_16_32_64_128,0.125
19,368,2,4,141,141_pred_00004,0.285212,"['831.436', '329.133', '870.447', '371.732']",39.011,42.599,141__x00384_y00000,"['00384', '00000']",small_16_32_64_128,0.125
19,369,3,1,141,141_pred_00006,0.257702,"['855.284', '1212.898', '891.874', '1254.289']",36.590,41.391,141__x00384_y00768,"['00384', '00768']",small_16_32_64_128,0.125
19,370,3,2,141,141_pred_00007,0.247590,"['737.184', '223.464', '778.502', '265.780']",41.318,42.316,141__x00596_y00000,"['00596', '00000']",small_16_32_64_128,0.125
19,371,3,3,141,141_pred_00008,0.246743,"['1068.682', '1291.190', '1106.370', '1333.510']",37.688,42.320,141__x00596_y00965,"['00596', '00965']",small_16_32_64_128,0.125
19,372,3,4,141,141_pred_00009,0.236874,"['857.284', '853.687', '892.742', '894.509']",35.458,40.822,141__x00384_y00768,"['00384', '00768']",small_16_32_64_128,0.125
19,373,4,1,141,141_pred_00010,0.232517,"['844.007', '120.984', '885.652', '163.314']",41.645,42.330,141__x00384_y00000,"['00384', '00000']",small_16_32_64_128,0.125
19,374,4,2,141,141_pred_00013,0.211067,"['812.169', '1313.644', '855.767', '1356.155']",43.598,42.511,141__x00384_y00965,"['00384', '00965']",small_16_32_64_128,0.125
19,375,4,3,141,141_pred_00017,0.193714,"['816.835', '59.456', '859.922', '102.374']",43.087,42.918,141__x00384_y00000,"['00384', '00000']",small_16_32_64_128,0.125
19,376,4,4,141,141_pred_00019,0.184198,"['423.159', '80.531', '465.556', '121.779']",42.397,41.248,141__x00000_y00000,"['00000', '00000']",small_16_32_64_128,0.125
19,377,5,1,141,141_pred_00020,0.183207,"['676.084', '506.669', '719.786', '550.315']",43.702,43.646,141__x00384_y00384,"['00384', '00384']",small_16_32_64_128,0.125
19,378,5,2,141,141_pred_00021,0.181921,"['639.607', '948.287', '681.548', '991.507']",41.941,43.220,141__x00384_y00768,"['00384', '00768']",small_16_32_64_128,0.125
19,379,5,3,141,141_pred_00023,0.175928,"['286.372', '244.772', '327.688', '287.426']",41.316,42.654,141__x00000_y00000,"['00000', '00000']",small_16_32_64_128,0.125
19,380,5,4,141,141_pred_00024,0.175278,"['1045.312', '1271.832', '1088.915', '1315.820']",43.603,43.988,141__x00596_y00965,"['00596', '00965']",small_16_32_64_128,0.125
20,381,1,1,141,141_pred_00025,0.174424,"['856.528', '714.051', '892.763', '755.458']",36.235,41.407,141__x00384_y00384,"['00384', '00384']",small_16_32_64_128,0.125
20,382,1,2,141,141_pred_00026,0.173656,"['712.181', '135.109', '755.494', '178.109']",43.313,43.000,141__x00384_y00000,"['00384', '00000']",small_16_32_64_128,0.125
20,383,1,3,141,141_pred_00027,0.172697,"['831.435', '134.281', '870.959', '176.791']",39.524,42.510,141__x00384_y00000,"['00384', '00000']",small_16_32_64_128,0.125
20,384,1,4,141,141_pred_00028,0.172462,"['836.700', '869.620', '879.561', '911.711']",42.861,42.091,141__x00384_y00768,"['00384', '00768']",small_16_32_64_128,0.125
20,385,2,1,141,141_pred_00030,0.172021,"['790.646', '864.055', '834.380', '906.194']",43.734,42.139,141__x00384_y00768,"['00384', '00768']",small_16_32_64_128,0.125
20,386,2,2,141,141_pred_00031,0.166292,"['522.407', '63.339', '564.088', '106.035']",41.681,42.696,141__x00384_y00000,"['00384', '00000']",small_16_32_64_128,0.125
20,387,2,3,141,141_pred_00032,0.165804,"['1068.434', '1160.438', '1104.307', '1201.204']",35.873,40.766,141__x00596_y00768,"['00596', '00768']",small_16_32_64_128,0.125
20,388,2,4,141,141_pred_00034,0.164348,"['825.011', '1079.102', '867.006', '1120.113']",41.995,41.011,141__x00596_y00768,"['00596', '00768']",small_16_32_64_128,0.125
20,389,3,1,141,141_pred_00035,0.163418,"['655.095', '1205.582', '699.832', '1247.770']",44.737,42.188,141__x00596_y00965,"['00596', '00965']",small_16_32_64_128,0.125
20,390,3,2,141,141_pred_00037,0.158832,"['471.059', '122.269', '509.487', '164.467']",38.428,42.198,141__x00000_y00000,"['00000', '00000']",small_16_32_64_128,0.125
20,391,3,3,141,141_pred_00038,0.156755,"['832.796', '1326.580', '877.318', '1372.505']",44.522,45.925,141__x00384_y00965,"['00384', '00965']",small_16_32_64_128,0.125
20,392,3,4,141,141_pred_00039,0.156595,"['796.681', '328.202', '838.511', '370.451']",41.830,42.249,141__x00596_y00000,"['00596', '00000']",small_16_32_64_128,0.125
20,393,4,1,141,141_pred_00040,0.156063,"['56.574', '1026.813', '101.053', '1072.121']",44.479,45.308,141__x00000_y00965,"['00000', '00965']",small_16_32_64_128,0.125
20,394,4,2,141,141_pred_00041,0.155483,"['423.708', '814.969', '466.476', '856.815']",42.768,41.846,141__x00384_y00384,"['00384', '00384']",small_16_32_64_128,0.125
20,395,4,3,141,141_pred_00042,0.153657,"['854.488', '325.865', '892.184', '367.309']",37.696,41.444,141__x00384_y00000,"['00384', '00000']",small_16_32_64_128,0.125
20,396,4,4,141,141_pred_00043,0.152657,"['923.964', '466.979', '964.949', '506.252']",40.985,39.273,141__x00596_y00384,"['00596', '00384']",small_16_32_64_128,0.125
20,397,5,1,141,141_pred_00044,0.152428,"['759.256', '1353.930', '801.758', '1397.643']",42.502,43.713,141__x00596_y00965,"['00596', '00965']",small_16_32_64_128,0.125
20,398,5,2,141,141_pred_00045,0.152019,"['943.913', '910.238', '986.613', '951.750']",42.700,41.512,141__x00596_y00768,"['00596', '00768']",small_16_32_64_128,0.125
20,399,5,3,141,141_pred_00046,0.151231,"['925.977', '1294.222', '969.124', '1338.083']",43.147,43.861,141__x00596_y00965,"['00596', '00965']",small_16_32_64_128,0.125
20,400,5,4,141,141_pred_00048,0.145321,"['264.521', '587.491', '306.977', '630.019']",42.456,42.528,141__x00000_y00384,"['00000', '00384']",small_16_32_64_128,0.125
21,401,1,1,141,141_pred_00049,0.144754,"['793.615', '1293.085', '833.965', '1336.221']",40.350,43.136,141__x00384_y00965,"['00384', '00965']",small_16_32_64_128,0.125
21,402,1,2,141,141_pred_00050,0.144208,"['402.798', '281.341', '447.187', '325.084']",44.389,43.743,141__x00384_y00000,"['00384', '00000']",small_16_32_64_128,0.125
21,403,1,3,141,141_pred_00051,0.143046,"['451.368', '184.298', '493.438', '226.494']",42.070,42.196,141__x00000_y00000,"['00000', '00000']",small_16_32_64_128,0.125
21,404,1,4,141,141_pred_00052,0.142761,"['964.060', '1176.800', '1007.598', '1221.531']",43.538,44.731,141__x00596_y00965,"['00596', '00965']",small_16_32_64_128,0.125
21,405,2,1,141,141_pred_00054,0.140474,"['963.838', '929.461', '1007.853', '973.639']",44.015,44.178,141__x00596_y00768,"['00596', '00768']",small_16_32_64_128,0.125
21,406,2,2,141,141_pred_00055,0.140200,"['53.644', '181.389', '99.411', '228.773']",45.767,47.384,141__x00000_y00000,"['00000', '00000']",small_16_32_64_128,0.125
21,407,2,3,141,141_pred_00056,0.138153,"['636.886', '1107.406', '679.157', '1148.359']",42.271,40.953,141__x00596_y00965,"['00596', '00965']",small_16_32_64_128,0.125
21,408,2,4,141,141_pred_00057,0.137466,"['634.958', '1255.617', '676.560', '1299.381']",41.602,43.764,141__x00384_y00965,"['00384', '00965']",small_16_32_64_128,0.125
21,409,3,1,141,141_pred_00058,0.135578,"['81.915', '991.412', '126.789', '1036.744']",44.874,45.332,141__x00000_y00768,"['00000', '00768']",small_16_32_64_128,0.125
21,410,3,2,141,141_pred_00060,0.134462,"['472.819', '64.572', '508.717', '105.226']",35.898,40.654,141__x00000_y00000,"['00000', '00000']",small_16_32_64_128,0.125
21,411,3,3,141,141_pred_00061,0.134413,"['675.282', '969.019', '720.137', '1003.110']",44.855,34.091,141__x00596_y00768,"['00596', '00768']",small_16_32_64_128,0.125
21,412,3,4,141,141_pred_00064,0.131914,"['212.090', '1178.593', '254.603', '1222.293']",42.513,43.700,141__x00000_y00965,"['00000', '00965']",small_16_32_64_128,0.125
21,413,4,1,141,141_pred_00065,0.131440,"['99.209', '1308.114', '144.121', '1353.253']",44.912,45.139,141__x00000_y00965,"['00000', '00965']",small_16_32_64_128,0.125
21,414,4,2,141,141_pred_00066,0.130651,"['546.666', '424.013', '590.310', '466.754']",43.644,42.741,141__x00384_y00384,"['00384', '00384']",small_16_32_64_128,0.125
21,415,4,3,141,141_pred_00067,0.130646,"['1008.350', '226.935', '1046.649', '265.592']",38.299,38.657,141__x00596_y00000,"['00596', '00000']",small_16_32_64_128,0.125
21,416,4,4,141,141_pred_00068,0.128455,"['926.340', '57.171', '968.078', '99.425']",41.738,42.254,141__x00596_y00000,"['00596', '00000']",small_16_32_64_128,0.125
21,417,5,1,141,141_pred_00069,0.128328,"['768.980', '1331.167', '812.518', '1374.131']",43.538,42.964,141__x00384_y00965,"['00384', '00965']",small_16_32_64_128,0.125
21,418,5,2,141,141_pred_00070,0.127430,"['521.665', '607.022', '568.367', '650.545']",46.702,43.523,141__x00384_y00384,"['00384', '00384']",small_16_32_64_128,0.125
21,419,5,3,141,141_pred_00071,0.126767,"['1070.073', '62.584', '1106.116', '102.933']",36.043,40.349,141__x00596_y00000,"['00596', '00000']",small_16_32_64_128,0.125
21,420,5,4,141,141_pred_00072,0.126052,"['777.105', '202.187', '822.173', '245.575']",45.068,43.388,141__x00596_y00000,"['00596', '00000']",small_16_32_64_128,0.125
22,421,1,1,141,141_pred_00073,0.125779,"['140.392', '1311.018', '184.411', '1355.494']",44.019,44.476,141__x00000_y00965,"['00000', '00965']",small_16_32_64_128,0.125
22,422,1,2,141,141_pred_00074,0.125582,"['919.548', '368.267', '962.542', '406.636']",42.994,38.369,141__x00596_y00000,"['00596', '00000']",small_16_32_64_128,0.125
22,423,1,3,152,152_pred_00003,0.358245,"['470.326', '573.987', '507.109', '614.888']",36.783,40.901,152__x00000_y00384,"['00000', '00384']",small_16_32_64_128,0.125
22,424,1,4,152,152_pred_00005,0.281656,"['425.278', '142.934', '467.270', '185.716']",41.992,42.782,152__x00000_y00000,"['00000', '00000']",small_16_32_64_128,0.125
22,425,2,1,152,152_pred_00006,0.263269,"['860.082', '390.200', '902.917', '433.434']",42.835,43.234,152__x00596_y00000,"['00596', '00000']",small_16_32_64_128,0.125
22,426,2,2,152,152_pred_00007,0.255110,"['916.413', '325.568', '959.256', '365.684']",42.843,40.116,152__x00596_y00000,"['00596', '00000']",small_16_32_64_128,0.125
22,427,2,3,152,152_pred_00008,0.252304,"['58.006', '120.558', '102.055', '164.746']",44.049,44.188,152__x00000_y00000,"['00000', '00000']",small_16_32_64_128,0.125
22,428,2,4,152,152_pred_00011,0.232368,"['250.658', '290.540', '292.002', '333.264']",41.344,42.724,152__x00000_y00000,"['00000', '00000']",small_16_32_64_128,0.125
22,429,3,1,152,152_pred_00012,0.231929,"['634.447', '1332.252', '677.922', '1375.500']",43.475,43.248,152__x00384_y00965,"['00384', '00965']",small_16_32_64_128,0.125
22,430,3,2,152,152_pred_00013,0.231552,"['56.387', '902.708', '98.542', '944.462']",42.155,41.754,152__x00000_y00768,"['00000', '00768']",small_16_32_64_128,0.125
22,431,3,3,152,152_pred_00014,0.231355,"['449.782', '947.969', '494.515', '990.442']",44.733,42.473,152__x00000_y00768,"['00000', '00768']",small_16_32_64_128,0.125
22,432,3,4,152,152_pred_00015,0.231157,"['264.591', '1008.378', '306.692', '1049.883']",42.101,41.505,152__x00000_y00768,"['00000', '00768']",small_16_32_64_128,0.125
22,433,4,1,152,152_pred_00020,0.213155,"['379.592', '96.910', '427.998', '143.136']",48.406,46.226,152__x00000_y00000,"['00000', '00000']",small_16_32_64_128,0.125
22,434,4,2,152,152_pred_00022,0.212816,"['599.439', '1007.921', '638.063', '1049.211']",38.624,41.290,152__x00384_y00768,"['00384', '00768']",small_16_32_64_128,0.125
22,435,4,3,152,152_pred_00023,0.205447,"['1022.775', '188.396', '1063.699', '227.442']",40.924,39.046,152__x00596_y00000,"['00596', '00000']",small_16_32_64_128,0.125
22,436,4,4,152,152_pred_00025,0.198596,"['470.444', '788.924', '508.172', '831.704']",37.728,42.780,152__x00000_y00384,"['00000', '00384']",small_16_32_64_128,0.125
22,437,5,1,152,152_pred_00026,0.197135,"['833.831', '848.969', '878.497', '892.558']",44.666,43.589,152__x00384_y00768,"['00384', '00768']",small_16_32_64_128,0.125
22,438,5,2,152,152_pred_00028,0.192602,"['678.260', '201.819', '721.749', '245.445']",43.489,43.626,152__x00384_y00000,"['00384', '00000']",small_16_32_64_128,0.125
22,439,5,3,152,152_pred_00029,0.188976,"['55.447', '1253.647', '96.185', '1297.848']",40.738,44.201,152__x00000_y00965,"['00000', '00965']",small_16_32_64_128,0.125
22,440,5,4,152,152_pred_00032,0.184810,"['37.886', '1231.859', '81.216', '1271.031']",43.330,39.172,152__x00000_y00965,"['00000', '00965']",small_16_32_64_128,0.125
23,441,1,1,152,152_pred_00033,0.184327,"['516.972', '57.921', '561.048', '100.927']",44.076,43.006,152__x00384_y00000,"['00384', '00000']",small_16_32_64_128,0.125
23,442,1,2,152,152_pred_00034,0.184292,"['1003.814', '1208.858', '1047.987', '1252.957']",44.173,44.099,152__x00596_y00965,"['00596', '00965']",small_16_32_64_128,0.125
23,443,1,3,152,152_pred_00036,0.183935,"['503.342', '607.385', '547.854', '651.502']",44.512,44.117,152__x00384_y00384,"['00384', '00384']",small_16_32_64_128,0.125
23,444,1,4,152,152_pred_00037,0.183892,"['100.920', '1191.916', '141.136', '1233.388']",40.216,41.472,152__x00000_y00965,"['00000', '00965']",small_16_32_64_128,0.125
23,445,2,1,152,152_pred_00038,0.182252,"['523.959', '123.978', '565.879', '167.356']",41.920,43.378,152__x00384_y00000,"['00384', '00000']",small_16_32_64_128,0.125
23,446,2,2,152,152_pred_00039,0.180456,"['637.018', '466.875', '677.973', '510.179']",40.955,43.304,152__x00596_y00384,"['00596', '00384']",small_16_32_64_128,0.125
23,447,2,3,152,152_pred_00040,0.180232,"['251.556', '409.328', '293.278', '450.470']",41.722,41.142,152__x00000_y00000,"['00000', '00000']",small_16_32_64_128,0.125
23,448,2,4,152,152_pred_00042,0.179273,"['901.569', '607.887', '944.231', '651.454']",42.662,43.567,152__x00596_y00384,"['00596', '00384']",small_16_32_64_128,0.125
23,449,3,1,152,152_pred_00043,0.178316,"['131.722', '1256.620', '173.550', '1299.958']",41.828,43.338,152__x00000_y00965,"['00000', '00965']",small_16_32_64_128,0.125
23,450,3,2,152,152_pred_00044,0.177583,"['1069.394', '1210.655', '1106.147', '1251.544']",36.753,40.889,152__x00596_y00965,"['00596', '00965']",small_16_32_64_128,0.125
23,451,3,3,152,152_pred_00045,0.177571,"['212.341', '135.196', '255.238', '177.282']",42.897,42.086,152__x00000_y00000,"['00000', '00000']",small_16_32_64_128,0.125
23,452,3,4,152,152_pred_00047,0.172646,"['879.433', '754.981', '923.375', '796.117']",43.942,41.136,152__x00596_y00384,"['00596', '00384']",small_16_32_64_128,0.125
23,453,4,1,152,152_pred_00048,0.172524,"['526.697', '1137.913', '568.954', '1180.803']",42.257,42.890,152__x00384_y00768,"['00384', '00768']",small_16_32_64_128,0.125
23,454,4,2,152,152_pred_00049,0.169511,"['834.134', '369.000', '876.523', '410.807']",42.389,41.807,152__x00384_y00000,"['00384', '00000']",small_16_32_64_128,0.125
23,455,4,3,152,152_pred_00050,0.169368,"['776.787', '5.379', '818.000', '40.177']",41.213,34.798,152__x00384_y00000,"['00384', '00000']",small_16_32_64_128,0.125
23,456,4,4,152,152_pred_00051,0.168844,"['632.038', '1189.506', '675.254', '1233.330']",43.216,43.824,152__x00384_y00965,"['00384', '00965']",small_16_32_64_128,0.125
23,457,5,1,152,152_pred_00052,0.166688,"['573.668', '998.733', '670.270', '1069.099']",96.602,70.366,152__x00384_y00768,"['00384', '00768']",small_16_32_64_128,0.125
23,458,5,2,152,152_pred_00053,0.166577,"['465.060', '122.989', '506.119', '164.415']",41.059,41.426,152__x00000_y00000,"['00000', '00000']",small_16_32_64_128,0.125
23,459,5,3,152,152_pred_00054,0.166335,"['1067.373', '871.102', '1104.797', '911.656']",37.424,40.554,152__x00596_y00768,"['00596', '00768']",small_16_32_64_128,0.125
23,460,5,4,152,152_pred_00055,0.165586,"['842.014', '348.825', '883.744', '390.474']",41.730,41.649,152__x00596_y00000,"['00596', '00000']",small_16_32_64_128,0.125
24,461,1,1,152,152_pred_00056,0.163749,"['120.640', '56.179', '161.900', '99.246']",41.260,43.067,152__x00000_y00000,"['00000', '00000']",small_16_32_64_128,0.125
24,462,1,2,152,152_pred_00057,0.162787,"['20.977', '1210.040', '66.311', '1253.010']",45.334,42.970,152__x00000_y00768,"['00000', '00768']",small_16_32_64_128,0.125
24,463,1,3,152,152_pred_00059,0.162201,"['484.718', '626.425', '527.866', '670.963']",43.148,44.538,152__x00384_y00384,"['00384', '00384']",small_16_32_64_128,0.125
24,464,1,4,152,152_pred_00060,0.161838,"['1069.048', '449.431', '1104.985', '488.963']",35.937,39.532,152__x00596_y00000,"['00596', '00000']",small_16_32_64_128,0.125
24,465,2,1,152,152_pred_00061,0.161540,"['1073.994', '1110.973', '1107.917', '1151.346']",33.923,40.373,152__x00596_y00965,"['00596', '00965']",small_16_32_64_128,0.125
24,466,2,2,152,152_pred_00062,0.160125,"['205.767', '1188.824', '246.595', '1232.473']",40.828,43.649,152__x00000_y00768,"['00000', '00768']",small_16_32_64_128,0.125
24,467,2,3,152,152_pred_00063,0.159049,"['1002.983', '442.260', '1045.673', '483.798']",42.690,41.538,152__x00596_y00384,"['00596', '00384']",small_16_32_64_128,0.125
24,468,2,4,152,152_pred_00064,0.158893,"['1045.168', '141.375', '1088.616', '183.050']",43.448,41.675,152__x00596_y00000,"['00596', '00000']",small_16_32_64_128,0.125
24,469,3,1,152,152_pred_00065,0.157808,"['677.744', '1275.173', '719.784', '1317.144']",42.040,41.971,152__x00384_y00965,"['00384', '00965']",small_16_32_64_128,0.125
24,470,3,2,152,152_pred_00066,0.157298,"['1046.542', '1149.671', '1089.261', '1191.014']",42.719,41.343,152__x00596_y00965,"['00596', '00965']",small_16_32_64_128,0.125
24,471,3,3,152,152_pred_00068,0.156244,"['41.159', '1190.297', '79.452', '1230.100']",38.293,39.803,152__x00000_y00768,"['00000', '00768']",small_16_32_64_128,0.125
24,472,3,4,152,152_pred_00069,0.155862,"['772.098', '1106.566', '815.996', '1150.735']",43.898,44.169,152__x00384_y00768,"['00384', '00768']",small_16_32_64_128,0.125
24,473,4,1,152,152_pred_00071,0.154336,"['716.222', '141.542', '756.752', '183.586']",40.530,42.044,152__x00384_y00000,"['00384', '00000']",small_16_32_64_128,0.125
24,474,4,2,152,152_pred_00073,0.153650,"['732.237', '851.942', '776.918', '894.509']",44.681,42.567,152__x00596_y00768,"['00596', '00768']",small_16_32_64_128,0.125
24,475,4,3,152,152_pred_00074,0.152912,"['598.549', '1290.821', '636.548', '1332.063']",37.999,41.242,152__x00596_y00965,"['00596', '00965']",small_16_32_64_128,0.125
24,476,4,4,152,152_pred_00076,0.151156,"['470.160', '63.616', '507.379', '107.242']",37.219,43.626,152__x00000_y00000,"['00000', '00000']",small_16_32_64_128,0.125
24,477,5,1,152,152_pred_00077,0.151151,"['797.263', '1113.515', '840.784', '1157.109']",43.521,43.594,152__x00384_y00768,"['00384', '00768']",small_16_32_64_128,0.125
24,478,5,2,152,152_pred_00078,0.150735,"['473.056', '20.886', '509.486', '62.216']",36.430,41.330,152__x00000_y00000,"['00000', '00000']",small_16_32_64_128,0.125
24,479,5,3,152,152_pred_00080,0.150131,"['616.665', '1179.104', '658.886', '1220.264']",42.221,41.160,152__x00384_y00965,"['00384', '00965']",small_16_32_64_128,0.125
24,480,5,4,152,152_pred_00082,0.146872,"['778.636', '1155.180', '821.378', '1198.367']",42.742,43.187,152__x00596_y00768,"['00596', '00768']",small_16_32_64_128,0.125
25,481,1,1,152,152_pred_00086,0.141614,"['324.835', '1092.707', '366.444', '1133.106']",41.609,40.399,152__x00000_y00965,"['00000', '00965']",small_16_32_64_128,0.125
25,482,1,2,152,152_pred_00089,0.140462,"['481.963', '584.360', '526.369', '629.591']",44.406,45.231,152__x00000_y00384,"['00000', '00384']",small_16_32_64_128,0.125
25,483,1,3,152,152_pred_00092,0.139478,"['564.492', '729.079', '608.538', '772.817']",44.046,43.738,152__x00384_y00384,"['00384', '00384']",small_16_32_64_128,0.125
25,484,1,4,152,152_pred_00093,0.139145,"['679.297', '506.206', '722.471', '547.752']",43.174,41.546,152__x00596_y00384,"['00596', '00384']",small_16_32_64_128,0.125
25,485,2,1,152,152_pred_00095,0.137575,"['475.258', '1148.714', '512.000', '1190.473']",36.742,41.759,152__x00000_y00965,"['00000', '00965']",small_16_32_64_128,0.125
25,486,2,2,152,152_pred_00096,0.137412,"['818.453', '387.122', '860.888', '420.280']",42.435,33.158,152__x00596_y00384,"['00596', '00384']",small_16_32_64_128,0.125
25,487,2,3,152,152_pred_00097,0.137132,"['760.073', '482.739', '806.547', '529.815']",46.474,47.076,152__x00384_y00384,"['00384', '00384']",small_16_32_64_128,0.125
25,488,2,4,152,152_pred_00098,0.136414,"['504.181', '41.661', '546.325', '83.174']",42.144,41.513,152__x00384_y00000,"['00384', '00000']",small_16_32_64_128,0.125
25,489,3,1,152,152_pred_00101,0.135113,"['211.252', '1373.387', '253.976', '1416.082']",42.724,42.695,152__x00000_y00965,"['00000', '00965']",small_16_32_64_128,0.125
25,490,3,2,152,152_pred_00103,0.134403,"['1045.960', '243.665', '1089.151', '287.003']",43.191,43.338,152__x00596_y00000,"['00596', '00000']",small_16_32_64_128,0.125
25,491,3,3,152,152_pred_00104,0.134249,"['848.765', '291.191', '888.995', '334.541']",40.230,43.350,152__x00596_y00000,"['00596', '00000']",small_16_32_64_128,0.125
25,492,3,4,152,152_pred_00107,0.131363,"['204.285', '388.011', '247.316', '421.160']",43.031,33.149,152__x00000_y00384,"['00000', '00384']",small_16_32_64_128,0.125
25,493,4,1,152,152_pred_00108,0.130667,"['636.365', '163.173', '679.007', '205.529']",42.642,42.356,152__x00384_y00000,"['00384', '00000']",small_16_32_64_128,0.125
25,494,4,2,152,152_pred_00109,0.130324,"['541.886', '370.078', '585.049', '411.708']",43.163,41.630,152__x00384_y00000,"['00384', '00000']",small_16_32_64_128,0.125
25,495,4,3,152,152_pred_00111,0.128761,"['696.465', '1286.156', '741.604', '1330.566']",45.139,44.410,152__x00384_y00965,"['00384', '00965']",small_16_32_64_128,0.125
25,496,4,4,152,152_pred_00112,0.127987,"['831.992', '135.768', '871.286', '177.712']",39.294,41.944,152__x00384_y00000,"['00384', '00000']",small_16_32_64_128,0.125
25,497,5,1,152,152_pred_00114,0.126429,"['652.055', '439.278', '694.428', '484.384']",42.373,45.106,152__x00596_y00384,"['00596', '00384']",small_16_32_64_128,0.125
25,498,5,2,152,152_pred_00115,0.126251,"['351.705', '292.002', '396.307', '334.116']",44.602,42.114,152__x00000_y00000,"['00000', '00000']",small_16_32_64_128,0.125
25,499,5,3,152,152_pred_00116,0.126167,"['811.455', '61.055', '856.423', '105.111']",44.968,44.056,152__x00384_y00000,"['00384', '00000']",small_16_32_64_128,0.125
25,500,5,4,152,152_pred_00118,0.125522,"['450.314', '223.823', '494.188', '267.695']",43.874,43.872,152__x00000_y00000,"['00000', '00000']",small_16_32_64_128,0.125
26,501,1,1,152,152_pred_00119,0.125514,"['880.215', '403.896', '921.865', '445.426']",41.650,41.530,152__x00596_y00000,"['00596', '00000']",small_16_32_64_128,0.125
26,502,1,2,152,152_pred_00120,0.125124,"['1045.837', '686.358', '1090.067', '730.623']",44.230,44.265,152__x00596_y00384,"['00596', '00384']",small_16_32_64_128,0.125
26,503,1,3,168,168_pred_00002,0.332298,"['1043.573', '1018.989', '1083.083', '1060.965']",39.510,41.976,168__x00596_y00768,"['00596', '00768']",small_16_32_64_128,0.125
26,504,1,4,168,168_pred_00003,0.302229,"['1067.961', '1012.083', '1105.637', '1054.093']",37.676,42.010,168__x00596_y00768,"['00596', '00768']",small_16_32_64_128,0.125
26,505,2,1,168,168_pred_00004,0.295635,"['791.332', '427.152', '834.177', '468.802']",42.845,41.650,168__x00384_y00000,"['00384', '00000']",small_16_32_64_128,0.125
26,506,2,2,168,168_pred_00005,0.276190,"['1021.545', '431.222', '1063.729', '473.108']",42.184,41.886,168__x00596_y00000,"['00596', '00000']",small_16_32_64_128,0.125
26,507,2,3,168,168_pred_00006,0.270824,"['751.578', '423.710', '852.607', '493.612']",101.029,69.902,168__x00384_y00000,"['00384', '00000']",small_16_32_64_128,0.125
26,508,2,4,168,168_pred_00007,0.268939,"['830.357', '444.193', '873.740', '486.738']",43.383,42.545,168__x00384_y00000,"['00384', '00000']",small_16_32_64_128,0.125
26,509,3,1,168,168_pred_00009,0.246633,"['779.964', '446.729', '823.214', '487.136']",43.250,40.407,168__x00384_y00000,"['00384', '00000']",small_16_32_64_128,0.125
26,510,3,2,168,168_pred_00010,0.242039,"['651.193', '901.286', '694.173', '944.737']",42.980,43.451,168__x00384_y00768,"['00384', '00768']",small_16_32_64_128,0.125
26,511,3,3,168,168_pred_00011,0.224550,"['423.982', '680.532', '512.471', '740.151']",88.489,59.619,168__x00384_y00384,"['00384', '00384']",small_16_32_64_128,0.125
26,512,3,4,168,168_pred_00012,0.216139,"['818.744', '461.312', '861.429', '504.008']",42.685,42.696,168__x00384_y00000,"['00384', '00000']",small_16_32_64_128,0.125
26,513,4,1,168,168_pred_00015,0.201182,"['653.663', '812.288', '697.624', '855.739']",43.961,43.451,168__x00384_y00384,"['00384', '00384']",small_16_32_64_128,0.125
26,514,4,2,168,168_pred_00016,0.199542,"['387.545', '1004.462', '429.882', '1046.632']",42.337,42.170,168__x00000_y00768,"['00000', '00768']",small_16_32_64_128,0.125
26,515,4,3,168,168_pred_00017,0.197714,"['203.918', '428.610', '247.664', '471.442']",43.746,42.832,168__x00000_y00000,"['00000', '00000']",small_16_32_64_128,0.125
26,516,4,4,168,168_pred_00018,0.195705,"['384.631', '1033.231', '423.961', '1074.815']",39.330,41.584,168__x00000_y00768,"['00000', '00768']",small_16_32_64_128,0.125
26,517,5,1,168,168_pred_00021,0.186196,"['407.180', '992.998', '450.197', '1036.299']",43.017,43.301,168__x00000_y00768,"['00000', '00768']",small_16_32_64_128,0.125
26,518,5,2,168,168_pred_00022,0.184800,"['585.849', '1291.153', '628.062', '1333.577']",42.213,42.424,168__x00384_y00965,"['00384', '00965']",small_16_32_64_128,0.125
26,519,5,3,168,168_pred_00023,0.178359,"['503.844', '992.524', '546.810', '1035.585']",42.966,43.061,168__x00384_y00768,"['00384', '00768']",small_16_32_64_128,0.125
26,520,5,4,168,168_pred_00025,0.175768,"['463.156', '1084.057', '508.282', '1129.375']",45.126,45.318,168__x00000_y00768,"['00000', '00768']",small_16_32_64_128,0.125
27,521,1,1,168,168_pred_00026,0.174405,"['899.616', '366.701', '943.257', '409.921']",43.641,43.220,168__x00596_y00000,"['00596', '00000']",small_16_32_64_128,0.125
27,522,1,2,168,168_pred_00028,0.165070,"['184.532', '1128.750', '225.284', '1170.239']",40.752,41.489,168__x00000_y00768,"['00000', '00768']",small_16_32_64_128,0.125
27,523,1,3,168,168_pred_00029,0.163547,"['387.900', '915.170', '425.488', '954.331']",37.588,39.161,168__x00000_y00768,"['00000', '00768']",small_16_32_64_128,0.125
27,524,1,4,168,168_pred_00030,0.163524,"['99.119', '1133.971', '140.353', '1178.352']",41.234,44.381,168__x00000_y00768,"['00000', '00768']",small_16_32_64_128,0.125
27,525,2,1,168,168_pred_00031,0.163209,"['796.454', '573.602', '900.656', '649.888']",104.202,76.286,168__x00596_y00384,"['00596', '00384']",small_16_32_64_128,0.125
27,526,2,2,168,168_pred_00032,0.160993,"['714.660', '1374.352', '759.549', '1417.041']",44.889,42.689,168__x00384_y00965,"['00384', '00965']",small_16_32_64_128,0.125
27,527,2,3,168,168_pred_00033,0.158949,"['250.443', '409.112', '293.794', '450.141']",43.351,41.029,168__x00000_y00000,"['00000', '00000']",small_16_32_64_128,0.125
27,528,2,4,168,168_pred_00034,0.158195,"['799.728', '610.711', '840.101', '651.601']",40.373,40.890,168__x00596_y00384,"['00596', '00384']",small_16_32_64_128,0.125
27,529,3,1,168,168_pred_00035,0.158126,"['54.369', '1176.692', '97.419', '1219.574']",43.050,42.882,168__x00000_y00965,"['00000', '00965']",small_16_32_64_128,0.125
27,530,3,2,168,168_pred_00040,0.153203,"['1022.059', '1006.720', '1065.798', '1048.691']",43.739,41.971,168__x00596_y00768,"['00596', '00768']",small_16_32_64_128,0.125
27,531,3,3,168,168_pred_00041,0.152258,"['689.555', '57.449', '731.987', '99.500']",42.432,42.051,168__x00596_y00000,"['00596', '00000']",small_16_32_64_128,0.125
27,532,3,4,168,168_pred_00042,0.152020,"['440.321', '346.381', '484.545', '389.122']",44.224,42.741,168__x00384_y00000,"['00384', '00000']",small_16_32_64_128,0.125
27,533,4,1,168,168_pred_00043,0.148408,"['981.877', '420.215', '1070.597', '487.493']",88.720,67.278,168__x00596_y00000,"['00596', '00000']",small_16_32_64_128,0.125
27,534,4,2,168,168_pred_00044,0.147423,"['55.165', '902.807', '97.963', '945.539']",42.798,42.732,168__x00000_y00768,"['00000', '00768']",small_16_32_64_128,0.125
27,535,4,3,168,168_pred_00045,0.147159,"['203.895', '1150.704', '245.017', '1191.826']",41.122,41.122,168__x00000_y00965,"['00000', '00965']",small_16_32_64_128,0.125
27,536,4,4,168,168_pred_00048,0.143657,"['367.864', '408.678', '411.179', '449.935']",43.315,41.257,168__x00000_y00000,"['00000', '00000']",small_16_32_64_128,0.125
27,537,5,1,168,168_pred_00051,0.142114,"['839.680', '1025.006', '882.741', '1068.263']",43.061,43.257,168__x00596_y00768,"['00596', '00768']",small_16_32_64_128,0.125
27,538,5,2,168,168_pred_00053,0.140260,"['4.778', '954.157', '41.521', '991.580']",36.743,37.423,168__x00000_y00768,"['00000', '00768']",small_16_32_64_128,0.125
27,539,5,3,168,168_pred_00055,0.139267,"['147.285', '1133.713', '255.981', '1207.213']",108.696,73.500,168__x00000_y00965,"['00000', '00965']",small_16_32_64_128,0.125
27,540,5,4,168,168_pred_00056,0.139143,"['791.970', '1066.261', '834.681', '1108.994']",42.711,42.733,168__x00384_y00768,"['00384', '00768']",small_16_32_64_128,0.125
28,541,1,1,168,168_pred_00057,0.138880,"['808.535', '251.560', '849.486', '294.857']",40.951,43.297,168__x00596_y00000,"['00596', '00000']",small_16_32_64_128,0.125
28,542,1,2,168,168_pred_00058,0.138111,"['264.523', '201.781', '308.694', '245.155']",44.171,43.374,168__x00000_y00000,"['00000', '00000']",small_16_32_64_128,0.125
28,543,1,3,168,168_pred_00062,0.136772,"['484.314', '792.709', '528.382', '835.056']",44.068,42.347,168__x00384_y00384,"['00384', '00384']",small_16_32_64_128,0.125
28,544,1,4,168,168_pred_00064,0.135832,"['634.499', '889.033', '678.196', '932.588']",43.697,43.555,168__x00384_y00768,"['00384', '00768']",small_16_32_64_128,0.125
28,545,2,1,168,168_pred_00065,0.135791,"['595.413', '902.811', '638.650', '945.509']",43.237,42.698,168__x00384_y00768,"['00384', '00768']",small_16_32_64_128,0.125
28,546,2,2,168,168_pred_00066,0.135074,"['439.647', '1099.403', '482.378', '1141.690']",42.731,42.287,168__x00384_y00768,"['00384', '00768']",small_16_32_64_128,0.125
28,547,2,3,168,168_pred_00067,0.135004,"['592.425', '886.391', '691.795', '953.835']",99.370,67.444,168__x00384_y00768,"['00384', '00768']",small_16_32_64_128,0.125
28,548,2,4,168,168_pred_00068,0.133235,"['384.542', '1026.979', '474.832', '1088.300']",90.290,61.321,168__x00000_y00768,"['00000', '00768']",small_16_32_64_128,0.125
28,549,3,1,168,168_pred_00069,0.132003,"['1003.081', '1275.036', '1045.328', '1316.004']",42.247,40.968,168__x00596_y00965,"['00596', '00965']",small_16_32_64_128,0.125
28,550,3,2,168,168_pred_00070,0.130912,"['405.440', '1309.174', '448.366', '1352.895']",42.926,43.721,168__x00000_y00965,"['00000', '00965']",small_16_32_64_128,0.125
28,551,3,3,168,168_pred_00075,0.129029,"['133.390', '942.272', '175.145', '985.082']",41.755,42.810,168__x00000_y00768,"['00000', '00768']",small_16_32_64_128,0.125
28,552,3,4,168,168_pred_00076,0.128507,"['525.479', '1287.790', '567.970', '1329.770']",42.491,41.980,168__x00384_y00965,"['00384', '00965']",small_16_32_64_128,0.125
28,553,4,1,168,168_pred_00078,0.127757,"['607.696', '102.258', '651.422', '145.460']",43.726,43.202,168__x00384_y00000,"['00384', '00000']",small_16_32_64_128,0.125
28,554,4,2,168,168_pred_00079,0.126975,"['56.920', '367.695', '99.343', '409.033']",42.423,41.338,168__x00000_y00000,"['00000', '00000']",small_16_32_64_128,0.125
28,555,4,3,168,168_pred_00081,0.126131,"['80.088', '1155.703', '122.516', '1199.495']",42.428,43.792,168__x00000_y00768,"['00000', '00768']",small_16_32_64_128,0.125
28,556,4,4,168,168_pred_00082,0.126092,"['133.340', '1216.204', '175.380', '1259.026']",42.040,42.822,168__x00000_y00965,"['00000', '00965']",small_16_32_64_128,0.125
28,557,5,1,168,168_pred_00083,0.125908,"['753.344', '448.962', '796.697', '487.212']",43.353,38.250,168__x00384_y00000,"['00384', '00000']",small_16_32_64_128,0.125
28,558,5,2,168,168_pred_00085,0.125725,"['716.685', '689.364', '759.507', '732.282']",42.822,42.918,168__x00596_y00384,"['00596', '00384']",small_16_32_64_128,0.125
28,559,5,3,168,168_pred_00086,0.125660,"['302.511', '1269.719', '342.259', '1311.731']",39.748,42.012,168__x00000_y00965,"['00000', '00965']",small_16_32_64_128,0.125
28,560,5,4,168,168_pred_00087,0.125583,"['562.664', '367.443', '605.725', '411.279']",43.061,43.836,168__x00384_y00000,"['00384', '00000']",small_16_32_64_128,0.125
29,561,1,1,187,187_pred_00001,0.328518,"['1071.617', '87.764', '1106.214', '126.712']",34.597,38.948,187__x00596_y00000,"['00596', '00000']",small_16_32_64_128,0.125
29,562,1,2,187,187_pred_00002,0.311734,"['1048.362', '86.997', '1089.877', '128.946']",41.515,41.949,187__x00596_y00000,"['00596', '00000']",small_16_32_64_128,0.125
29,563,1,3,187,187_pred_00003,0.275574,"['1023.155', '1231.860', '1066.284', '1274.989']",43.129,43.129,187__x00596_y00965,"['00596', '00965']",small_16_32_64_128,0.125
29,564,1,4,187,187_pred_00007,0.212116,"['676.486', '1311.502', '717.247', '1353.685']",40.761,42.183,187__x00384_y00965,"['00384', '00965']",small_16_32_64_128,0.125
29,565,2,1,187,187_pred_00008,0.202477,"['419.952', '1008.043', '463.747', '1052.698']",43.795,44.655,187__x00000_y00768,"['00000', '00768']",small_16_32_64_128,0.125
29,566,2,2,187,187_pred_00009,0.199208,"['61.820', '41.311', '107.094', '84.824']",45.274,43.513,187__x00000_y00000,"['00000', '00000']",small_16_32_64_128,0.125
29,567,2,3,187,187_pred_00010,0.198325,"['241.727', '991.449', '283.744', '1034.273']",42.017,42.824,187__x00000_y00768,"['00000', '00768']",small_16_32_64_128,0.125
29,568,2,4,187,187_pred_00013,0.188837,"['855.644', '790.109', '892.379', '831.896']",36.735,41.787,187__x00384_y00384,"['00384', '00384']",small_16_32_64_128,0.125
29,569,3,1,187,187_pred_00014,0.188548,"['546.320', '503.513', '590.230', '550.532']",43.910,47.019,187__x00384_y00384,"['00384', '00384']",small_16_32_64_128,0.125
29,570,3,2,187,187_pred_00015,0.184998,"['18.013', '1188.084', '63.554', '1230.865']",45.541,42.781,187__x00000_y00965,"['00000', '00965']",small_16_32_64_128,0.125
29,571,3,3,187,187_pred_00016,0.183966,"['42.375', '888.501', '83.335', '930.370']",40.960,41.869,187__x00000_y00768,"['00000', '00768']",small_16_32_64_128,0.125
29,572,3,4,187,187_pred_00017,0.183943,"['477.995', '19.695', '521.241', '57.534']",43.246,37.839,187__x00000_y00000,"['00000', '00000']",small_16_32_64_128,0.125
29,573,4,1,187,187_pred_00018,0.182201,"['981.846', '1230.777', '1024.393', '1275.774']",42.547,44.997,187__x00596_y00965,"['00596', '00965']",small_16_32_64_128,0.125
29,574,4,2,187,187_pred_00019,0.181479,"['7.216', '994.513', '44.494', '1032.852']",37.278,38.339,187__x00000_y00768,"['00000', '00768']",small_16_32_64_128,0.125
29,575,4,3,187,187_pred_00020,0.175185,"['811.619', '1230.225', '854.192', '1270.254']",42.573,40.029,187__x00384_y00965,"['00384', '00965']",small_16_32_64_128,0.125
29,576,4,4,187,187_pred_00021,0.173713,"['959.729', '709.065', '1001.545', '751.952']",41.816,42.887,187__x00596_y00384,"['00596', '00384']",small_16_32_64_128,0.125
29,577,5,1,187,187_pred_00022,0.171982,"['1023.606', '88.537', '1063.172', '127.959']",39.566,39.422,187__x00596_y00000,"['00596', '00000']",small_16_32_64_128,0.125
29,578,5,2,187,187_pred_00024,0.168510,"['756.283', '1391.540', '799.986', '1436.524']",43.703,44.984,187__x00384_y00965,"['00384', '00965']",small_16_32_64_128,0.125
29,579,5,3,187,187_pred_00026,0.165697,"['99.311', '1227.965', '143.927', '1273.242']",44.616,45.277,187__x00000_y00965,"['00000', '00965']",small_16_32_64_128,0.125
29,580,5,4,187,187_pred_00027,0.165068,"['715.065', '1255.345', '758.008', '1300.520']",42.943,45.175,187__x00384_y00965,"['00384', '00965']",small_16_32_64_128,0.125
30,581,1,1,187,187_pred_00029,0.163611,"['808.030', '1255.348', '849.090', '1298.694']",41.060,43.346,187__x00384_y00965,"['00384', '00965']",small_16_32_64_128,0.125
30,582,1,2,187,187_pred_00031,0.157448,"['813.767', '715.844', '855.047', '756.537']",41.280,40.693,187__x00384_y00384,"['00384', '00384']",small_16_32_64_128,0.125
30,583,1,3,187,187_pred_00032,0.154443,"['212.737', '1062.354', '256.261', '1104.829']",43.524,42.475,187__x00000_y00965,"['00000', '00965']",small_16_32_64_128,0.125
30,584,1,4,187,187_pred_00033,0.154060,"['799.075', '689.997', '842.592', '729.428']",43.517,39.431,187__x00384_y00384,"['00384', '00384']",small_16_32_64_128,0.125
30,585,2,1,187,187_pred_00034,0.153224,"['1044.032', '647.794', '1087.944', '692.020']",43.912,44.226,187__x00596_y00384,"['00596', '00384']",small_16_32_64_128,0.125
30,586,2,2,187,187_pred_00036,0.152375,"['263.709', '565.770', '307.238', '610.062']",43.529,44.292,187__x00000_y00384,"['00000', '00384']",small_16_32_64_128,0.125
30,587,2,3,187,187_pred_00037,0.152272,"['1069.698', '1008.193', '1107.078', '1051.509']",37.380,43.316,187__x00596_y00965,"['00596', '00965']",small_16_32_64_128,0.125
30,588,2,4,187,187_pred_00038,0.150607,"['1022.129', '444.649', '1066.101', '488.833']",43.972,44.184,187__x00596_y00384,"['00596', '00384']",small_16_32_64_128,0.125
30,589,3,1,187,187_pred_00039,0.147271,"['427.872', '83.100', '469.952', '124.323']",42.080,41.223,187__x00000_y00000,"['00000', '00000']",small_16_32_64_128,0.125
30,590,3,2,187,187_pred_00040,0.146535,"['436.628', '977.972', '479.540', '1023.165']",42.912,45.193,187__x00384_y00768,"['00384', '00768']",small_16_32_64_128,0.125
30,591,3,3,187,187_pred_00041,0.144845,"['211.365', '864.185', '255.724', '906.758']",44.359,42.573,187__x00000_y00768,"['00000', '00768']",small_16_32_64_128,0.125
30,592,3,4,187,187_pred_00042,0.144208,"['1003.220', '1216.773', '1046.271', '1259.818']",43.051,43.045,187__x00596_y00965,"['00596', '00965']",small_16_32_64_128,0.125
30,593,4,1,187,187_pred_00043,0.144154,"['92.126', '1059.489', '138.275', '1104.073']",46.149,44.584,187__x00000_y00965,"['00000', '00965']",small_16_32_64_128,0.125
30,594,4,2,187,187_pred_00045,0.143868,"['329.409', '1149.496', '371.262', '1192.195']",41.853,42.699,187__x00000_y00965,"['00000', '00965']",small_16_32_64_128,0.125
30,595,4,3,187,187_pred_00048,0.142276,"['882.763', '774.439', '924.081', '807.010']",41.318,32.571,187__x00596_y00384,"['00596', '00384']",small_16_32_64_128,0.125
30,596,4,4,187,187_pred_00049,0.141192,"['863.102', '1085.917', '905.810', '1127.911']",42.708,41.994,187__x00596_y00965,"['00596', '00965']",small_16_32_64_128,0.125
30,597,5,1,187,187_pred_00050,0.140966,"['831.714', '980.954', '871.114', '1023.497']",39.400,42.543,187__x00384_y00768,"['00384', '00768']",small_16_32_64_128,0.125
30,598,5,2,187,187_pred_00051,0.140707,"['58.802', '324.927', '102.121', '369.655']",43.319,44.728,187__x00000_y00000,"['00000', '00000']",small_16_32_64_128,0.125
30,599,5,3,187,187_pred_00052,0.138874,"['859.352', '1268.210', '902.205', '1312.248']",42.853,44.038,187__x00596_y00965,"['00596', '00965']",small_16_32_64_128,0.125
30,600,5,4,187,187_pred_00054,0.137771,"['117.809', '1219.360', '157.497', '1259.252']",39.688,39.892,187__x00000_y00768,"['00000', '00768']",small_16_32_64_128,0.125
31,601,1,1,187,187_pred_00056,0.135356,"['859.056', '892.767', '895.007', '933.139']",35.951,40.372,187__x00384_y00768,"['00384', '00768']",small_16_32_64_128,0.125
31,602,1,2,187,187_pred_00057,0.135078,"['1044.862', '927.981', '1089.525', '971.653']",44.663,43.672,187__x00596_y00768,"['00596', '00768']",small_16_32_64_128,0.125
31,603,1,3,187,187_pred_00061,0.131243,"['732.043', '1166.816', '777.498', '1210.646']",45.455,43.830,187__x00596_y00965,"['00596', '00965']",small_16_32_64_128,0.125
31,604,1,4,187,187_pred_00063,0.129993,"['438.591', '824.561', '483.724', '869.001']",45.133,44.440,187__x00384_y00768,"['00384', '00768']",small_16_32_64_128,0.125
31,605,2,1,187,187_pred_00064,0.129291,"['662.191', '1254.845', '758.811', '1333.693']",96.620,78.848,187__x00596_y00965,"['00596', '00965']",small_16_32_64_128,0.125
31,606,2,2,187,187_pred_00066,0.128438,"['832.869', '1210.141', '877.357', '1252.356']",44.488,42.215,187__x00384_y00965,"['00384', '00965']",small_16_32_64_128,0.125
31,607,2,3,187,187_pred_00067,0.128350,"['791.507', '942.311', '834.677', '984.712']",43.170,42.401,187__x00384_y00768,"['00384', '00768']",small_16_32_64_128,0.125
31,608,2,4,187,187_pred_00069,0.127225,"['835.039', '909.597', '879.838', '952.574']",44.799,42.977,187__x00384_y00768,"['00384', '00768']",small_16_32_64_128,0.125
31,609,3,1,187,187_pred_00070,0.126887,"['599.055', '1026.781', '634.910', '1067.210']",35.855,40.429,187__x00596_y00965,"['00596', '00965']",small_16_32_64_128,0.125
31,610,3,2,187,187_pred_00071,0.125929,"['422.504', '1083.142', '465.088', '1125.189']",42.584,42.047,187__x00384_y00965,"['00384', '00965']",small_16_32_64_128,0.125
31,611,3,3,187,187_pred_00072,0.125762,"['450.019', '772.564', '493.885', '808.415']",43.866,35.851,187__x00000_y00768,"['00000', '00768']",small_16_32_64_128,0.125
31,612,3,4,187,187_pred_00073,0.125405,"['808.645', '1413.714', '852.412', '1452.656']",43.767,38.942,187__x00596_y00965,"['00596', '00965']",small_16_32_64_128,0.125
31,613,4,1,187,187_pred_00074,0.125139,"['53.833', '1060.501', '98.207', '1104.065']",44.374,43.564,187__x00000_y00965,"['00000', '00965']",small_16_32_64_128,0.125
31,614,4,2,188,188_pred_00002,0.247144,"['636.106', '142.062', '678.317', '185.499']",42.211,43.437,188__x00384_y00000,"['00384', '00000']",small_16_32_64_128,0.125
31,615,4,3,188,188_pred_00003,0.244228,"['858.032', '1192.773', '895.126', '1233.619']",37.094,40.846,188__x00384_y00768,"['00384', '00768']",small_16_32_64_128,0.125
31,616,4,4,188,188_pred_00008,0.211069,"['607.212', '1167.894', '650.657', '1211.241']",43.445,43.347,188__x00384_y00768,"['00384', '00768']",small_16_32_64_128,0.125
31,617,5,1,188,188_pred_00009,0.199984,"['40.052', '1229.554', '81.740', '1273.660']",41.688,44.106,188__x00000_y00965,"['00000', '00965']",small_16_32_64_128,0.125
31,618,5,2,188,188_pred_00010,0.196352,"['327.368', '863.560', '371.316', '907.689']",43.948,44.129,188__x00000_y00768,"['00000', '00768']",small_16_32_64_128,0.125
31,619,5,3,188,188_pred_00012,0.194923,"['791.327', '1256.056', '834.488', '1298.958']",43.161,42.902,188__x00384_y00965,"['00384', '00965']",small_16_32_64_128,0.125
31,620,5,4,188,188_pred_00014,0.188215,"['387.766', '910.912', '430.502', '955.296']",42.736,44.384,188__x00000_y00768,"['00000', '00768']",small_16_32_64_128,0.125
32,621,1,1,188,188_pred_00015,0.188100,"['472.902', '268.389', '510.288', '310.193']",37.386,41.804,188__x00000_y00000,"['00000', '00000']",small_16_32_64_128,0.125
32,622,1,2,188,188_pred_00016,0.186000,"['440.148', '1097.572', '482.165', '1140.686']",42.017,43.114,188__x00384_y00768,"['00384', '00768']",small_16_32_64_128,0.125
32,623,1,3,188,188_pred_00017,0.179238,"['608.474', '1009.519', '652.632', '1054.081']",44.158,44.562,188__x00384_y00768,"['00384', '00768']",small_16_32_64_128,0.125
32,624,1,4,188,188_pred_00018,0.179159,"['1071.244', '890.116', '1108.000', '931.868']",36.756,41.752,188__x00596_y00768,"['00596', '00768']",small_16_32_64_128,0.125
32,625,2,1,188,188_pred_00019,0.178018,"['651.106', '636.106', '695.067', '678.996']",43.961,42.890,188__x00384_y00384,"['00384', '00384']",small_16_32_64_128,0.125
32,626,2,2,188,188_pred_00020,0.175554,"['768.712', '1252.699', '811.477', '1297.219']",42.765,44.520,188__x00596_y00965,"['00596', '00965']",small_16_32_64_128,0.125
32,627,2,3,188,188_pred_00021,0.171489,"['878.539', '1270.136', '921.822', '1315.587']",43.283,45.451,188__x00596_y00965,"['00596', '00965']",small_16_32_64_128,0.125
32,628,2,4,188,188_pred_00022,0.170707,"['668.463', '650.005', '709.341', '692.028']",40.878,42.023,188__x00384_y00384,"['00384', '00384']",small_16_32_64_128,0.125
32,629,3,1,188,188_pred_00023,0.168239,"['54.344', '824.075', '97.950', '868.737']",43.606,44.662,188__x00000_y00768,"['00000', '00768']",small_16_32_64_128,0.125
32,630,3,2,188,188_pred_00024,0.167793,"['861.364', '82.292', '896.000', '123.018']",34.636,40.726,188__x00384_y00000,"['00384', '00000']",small_16_32_64_128,0.125
32,631,3,3,188,188_pred_00025,0.167536,"['525.617', '1208.667', '566.992', '1251.039']",41.375,42.372,188__x00384_y00965,"['00384', '00965']",small_16_32_64_128,0.125
32,632,3,4,188,188_pred_00026,0.163115,"['858.146', '1109.762', '894.180', '1150.300']",36.034,40.538,188__x00384_y00965,"['00384', '00965']",small_16_32_64_128,0.125
32,633,4,1,188,188_pred_00028,0.162326,"['38.878', '139.513', '81.176', '181.546']",42.298,42.033,188__x00000_y00000,"['00000', '00000']",small_16_32_64_128,0.125
32,634,4,2,188,188_pred_00029,0.161615,"['305.286', '611.921', '347.123', '655.945']",41.837,44.024,188__x00000_y00384,"['00000', '00384']",small_16_32_64_128,0.125
32,635,4,3,188,188_pred_00030,0.160829,"['265.412', '1171.412', '307.558', '1213.706']",42.146,42.294,188__x00000_y00965,"['00000', '00965']",small_16_32_64_128,0.125
32,636,4,4,188,188_pred_00031,0.159914,"['452.048', '224.409', '495.761', '268.478']",43.713,44.069,188__x00000_y00000,"['00000', '00000']",small_16_32_64_128,0.125
32,637,5,1,188,188_pred_00032,0.159055,"['677.452', '450.386', '719.352', '493.262']",41.900,42.876,188__x00596_y00000,"['00596', '00000']",small_16_32_64_128,0.125
32,638,5,2,188,188_pred_00034,0.155180,"['475.835', '673.873', '509.908', '713.522']",34.073,39.649,188__x00000_y00384,"['00000', '00384']",small_16_32_64_128,0.125
32,639,5,3,188,188_pred_00037,0.153544,"['848.149', '1215.225', '891.898', '1256.149']",43.749,40.924,188__x00384_y00768,"['00384', '00768']",small_16_32_64_128,0.125
32,640,5,4,188,188_pred_00041,0.148090,"['100.040', '869.861', '143.000', '913.573']",42.960,43.712,188__x00000_y00768,"['00000', '00768']",small_16_32_64_128,0.125
33,641,1,1,188,188_pred_00042,0.147482,"['556.637', '1177.716', '598.560', '1220.783']",41.923,43.067,188__x00384_y00965,"['00384', '00965']",small_16_32_64_128,0.125
33,642,1,2,188,188_pred_00043,0.144219,"['95.970', '388.951', '140.527', '433.724']",44.557,44.773,188__x00000_y00000,"['00000', '00000']",small_16_32_64_128,0.125
33,643,1,3,188,188_pred_00044,0.143797,"['857.876', '225.157', '895.143', '266.448']",37.267,41.291,188__x00384_y00000,"['00384', '00000']",small_16_32_64_128,0.125
33,644,1,4,188,188_pred_00045,0.141566,"['438.059', '329.959', '481.903', '372.663']",43.844,42.704,188__x00000_y00000,"['00000', '00000']",small_16_32_64_128,0.125
33,645,2,1,188,188_pred_00046,0.141247,"['829.672', '39.634', '875.204', '84.113']",45.532,44.479,188__x00384_y00000,"['00384', '00000']",small_16_32_64_128,0.125
33,646,2,2,188,188_pred_00047,0.141129,"['451.833', '423.876', '497.407', '468.337']",45.574,44.461,188__x00000_y00000,"['00000', '00000']",small_16_32_64_128,0.125
33,647,2,3,188,188_pred_00049,0.139083,"['139.999', '1116.249', '184.408', '1160.119']",44.409,43.870,188__x00000_y00768,"['00000', '00768']",small_16_32_64_128,0.125
33,648,2,4,188,188_pred_00050,0.138952,"['716.041', '345.045', '760.093', '389.819']",44.052,44.774,188__x00596_y00000,"['00596', '00000']",small_16_32_64_128,0.125
33,649,3,1,188,188_pred_00051,0.137435,"['119.049', '1396.516', '161.531', '1437.623']",42.482,41.107,188__x00000_y00965,"['00000', '00965']",small_16_32_64_128,0.125
33,650,3,2,188,188_pred_00052,0.136919,"['669.158', '571.184', '711.335', '611.923']",42.177,40.739,188__x00384_y00384,"['00384', '00384']",small_16_32_64_128,0.125
33,651,3,3,188,188_pred_00053,0.136628,"['523.813', '670.638', '567.730', '713.355']",43.917,42.717,188__x00384_y00384,"['00384', '00384']",small_16_32_64_128,0.125
33,652,3,4,188,188_pred_00054,0.135934,"['19.685', '1086.652', '63.436', '1130.426']",43.751,43.774,188__x00000_y00965,"['00000', '00965']",small_16_32_64_128,0.125
33,653,4,1,188,188_pred_00055,0.135828,"['862.499', '626.142', '906.657', '670.058']",44.158,43.916,188__x00596_y00384,"['00596', '00384']",small_16_32_64_128,0.125
33,654,4,2,188,188_pred_00056,0.135369,"['809.667', '934.655', '852.588', '977.994']",42.921,43.339,188__x00384_y00768,"['00384', '00768']",small_16_32_64_128,0.125
33,655,4,3,188,188_pred_00057,0.135317,"['133.189', '1253.426', '175.851', '1298.634']",42.662,45.208,188__x00000_y00965,"['00000', '00965']",small_16_32_64_128,0.125
33,656,4,4,188,188_pred_00058,0.135174,"['426.021', '983.209', '468.827', '1027.872']",42.806,44.663,188__x00384_y00965,"['00384', '00965']",small_16_32_64_128,0.125
33,657,5,1,188,188_pred_00059,0.135164,"['202.796', '247.719', '245.915', '287.839']",43.119,40.120,188__x00000_y00000,"['00000', '00000']",small_16_32_64_128,0.125
33,658,5,2,188,188_pred_00060,0.134867,"['482.917', '1231.731', '525.401', '1274.262']",42.484,42.531,188__x00384_y00965,"['00384', '00965']",small_16_32_64_128,0.125
33,659,5,3,188,188_pred_00061,0.134837,"['1045.160', '1044.568', '1088.718', '1087.171']",43.558,42.603,188__x00596_y00965,"['00596', '00965']",small_16_32_64_128,0.125
33,660,5,4,188,188_pred_00062,0.132986,"['597.237', '558.086', '638.790', '601.289']",41.553,43.203,188__x00384_y00384,"['00384', '00384']",small_16_32_64_128,0.125
34,661,1,1,188,188_pred_00063,0.130906,"['807.555', '1062.097', '849.962', '1103.262']",42.407,41.165,188__x00596_y00965,"['00596', '00965']",small_16_32_64_128,0.125
34,662,1,2,188,188_pred_00064,0.129064,"['628.088', '1310.998', '668.818', '1350.890']",40.730,39.892,188__x00384_y00965,"['00384', '00965']",small_16_32_64_128,0.125
34,663,1,3,188,188_pred_00066,0.127887,"['365.582', '82.157', '409.954', '124.313']",44.372,42.156,188__x00000_y00000,"['00000', '00000']",small_16_32_64_128,0.125
34,664,1,4,192,192_pred_00001,0.325599,"['486.545', '643.109', '529.592', '685.981']",43.047,42.872,192__x00384_y00384,"['00384', '00384']",small_16_32_64_128,0.125
34,665,2,1,192,192_pred_00002,0.308510,"['5.636', '330.437', '39.760', '367.244']",34.124,36.807,192__x00000_y00000,"['00000', '00000']",small_16_32_64_128,0.125
34,666,2,2,192,192_pred_00003,0.263422,"['390.359', '635.093', '426.091', '672.636']",35.732,37.543,192__x00000_y00384,"['00000', '00384']",small_16_32_64_128,0.125
34,667,2,3,192,192_pred_00004,0.250191,"['984.201', '673.246', '1025.961', '716.055']",41.760,42.809,192__x00596_y00384,"['00596', '00384']",small_16_32_64_128,0.125
34,668,2,4,192,192_pred_00005,0.226978,"['264.225', '107.033', '304.409', '146.034']",40.184,39.001,192__x00000_y00000,"['00000', '00000']",small_16_32_64_128,0.125
34,669,3,1,192,192_pred_00009,0.210562,"['1019.219', '424.929', '1063.901', '469.042']",44.682,44.113,192__x00596_y00384,"['00596', '00384']",small_16_32_64_128,0.125
34,670,3,2,192,192_pred_00010,0.210343,"['405.272', '1177.468', '450.346', '1219.808']",45.074,42.340,192__x00000_y00965,"['00000', '00965']",small_16_32_64_128,0.125
34,671,3,3,192,192_pred_00013,0.208468,"['212.844', '1293.544', '255.133', '1337.903']",42.289,44.359,192__x00000_y00965,"['00000', '00965']",small_16_32_64_128,0.125
34,672,3,4,192,192_pred_00014,0.204350,"['615.748', '330.018', '655.982', '373.109']",40.234,43.091,192__x00384_y00000,"['00384', '00000']",small_16_32_64_128,0.125
34,673,4,1,192,192_pred_00015,0.201797,"['840.256', '586.164', '883.537', '630.323']",43.281,44.159,192__x00384_y00384,"['00384', '00384']",small_16_32_64_128,0.125
34,674,4,2,192,192_pred_00016,0.201395,"['425.925', '347.016', '466.302', '389.251']",40.377,42.235,192__x00000_y00000,"['00000', '00000']",small_16_32_64_128,0.125
34,675,4,3,192,192_pred_00017,0.194577,"['1004.049', '1099.517', '1048.358', '1142.360']",44.309,42.843,192__x00596_y00768,"['00596', '00768']",small_16_32_64_128,0.125
34,676,4,4,192,192_pred_00019,0.191614,"['1001.729', '367.396', '1043.740', '410.364']",42.011,42.968,192__x00596_y00000,"['00596', '00000']",small_16_32_64_128,0.125
34,677,5,1,192,192_pred_00020,0.189604,"['648.290', '1085.826', '690.826', '1130.940']",42.536,45.114,192__x00384_y00965,"['00384', '00965']",small_16_32_64_128,0.125
34,678,5,2,192,192_pred_00023,0.180508,"['697.779', '1088.362', '742.570', '1131.255']",44.791,42.893,192__x00596_y00965,"['00596', '00965']",small_16_32_64_128,0.125
34,679,5,3,192,192_pred_00024,0.179970,"['1046.208', '567.446', '1088.854', '610.617']",42.646,43.171,192__x00596_y00384,"['00596', '00384']",small_16_32_64_128,0.125
34,680,5,4,192,192_pred_00025,0.179957,"['184.169', '1270.730', '226.233', '1313.427']",42.064,42.697,192__x00000_y00965,"['00000', '00965']",small_16_32_64_128,0.125
35,681,1,1,192,192_pred_00026,0.179139,"['202.491', '1086.289', '246.579', '1128.774']",44.088,42.485,192__x00000_y00768,"['00000', '00768']",small_16_32_64_128,0.125
35,682,1,2,192,192_pred_00028,0.178698,"['95.356', '1176.427', '137.052', '1220.060']",41.696,43.633,192__x00000_y00965,"['00000', '00965']",small_16_32_64_128,0.125
35,683,1,3,192,192_pred_00029,0.177248,"['518.108', '58.331', '560.214', '99.667']",42.106,41.336,192__x00384_y00000,"['00384', '00000']",small_16_32_64_128,0.125
35,684,1,4,192,192_pred_00030,0.176240,"['159.783', '1274.604', '250.038', '1344.926']",90.255,70.322,192__x00000_y00965,"['00000', '00965']",small_16_32_64_128,0.125
35,685,2,1,192,192_pred_00031,0.175935,"['650.942', '984.593', '695.319', '1023.966']",44.377,39.373,192__x00596_y00965,"['00596', '00965']",small_16_32_64_128,0.125
35,686,2,2,192,192_pred_00032,0.173675,"['250.628', '1293.459', '292.873', '1337.601']",42.245,44.142,192__x00000_y00965,"['00000', '00965']",small_16_32_64_128,0.125
35,687,2,3,192,192_pred_00033,0.168336,"['1044.948', '1333.060', '1087.924', '1374.496']",42.976,41.436,192__x00596_y00965,"['00596', '00965']",small_16_32_64_128,0.125
35,688,2,4,192,192_pred_00034,0.168086,"['43.498', '571.312', '85.918', '613.909']",42.420,42.597,192__x00000_y00384,"['00000', '00384']",small_16_32_64_128,0.125
35,689,3,1,192,192_pred_00040,0.162240,"['504.488', '967.118', '548.949', '1004.218']",44.461,37.100,192__x00384_y00965,"['00384', '00965']",small_16_32_64_128,0.125
35,690,3,2,192,192_pred_00041,0.158312,"['1070.955', '309.018', '1106.191', '348.044']",35.236,39.026,192__x00596_y00000,"['00596', '00000']",small_16_32_64_128,0.125
35,691,3,3,192,192_pred_00043,0.155756,"['768.212', '1412.524', '812.543', '1452.828']",44.331,40.304,192__x00596_y00965,"['00596', '00965']",small_16_32_64_128,0.125
35,692,3,4,192,192_pred_00044,0.154981,"['484.292', '1023.485', '527.053', '1068.584']",42.761,45.099,192__x00384_y00965,"['00384', '00965']",small_16_32_64_128,0.125
35,693,4,1,192,192_pred_00045,0.154291,"['1067.236', '1397.127', '1103.827', '1437.814']",36.591,40.687,192__x00596_y00965,"['00596', '00965']",small_16_32_64_128,0.125
35,694,4,2,192,192_pred_00046,0.154269,"['132.299', '1177.743', '175.748', '1221.531']",43.449,43.788,192__x00000_y00965,"['00000', '00965']",small_16_32_64_128,0.125
35,695,4,3,192,192_pred_00048,0.150945,"['80.842', '506.574', '124.798', '551.037']",43.956,44.463,192__x00000_y00384,"['00000', '00384']",small_16_32_64_128,0.125
35,696,4,4,192,192_pred_00050,0.150501,"['848.215', '212.876', '891.715', '255.719']",43.500,42.843,192__x00596_y00000,"['00596', '00000']",small_16_32_64_128,0.125
35,697,5,1,192,192_pred_00051,0.150051,"['728.500', '674.803', '772.715', '717.747']",44.215,42.944,192__x00596_y00384,"['00596', '00384']",small_16_32_64_128,0.125
35,698,5,2,192,192_pred_00052,0.148960,"['60.764', '1197.491', '103.402', '1239.971']",42.638,42.480,192__x00000_y00768,"['00000', '00768']",small_16_32_64_128,0.125
35,699,5,3,192,192_pred_00053,0.148481,"['424.884', '443.516', '467.439', '487.522']",42.555,44.006,192__x00000_y00384,"['00000', '00384']",small_16_32_64_128,0.125
35,700,5,4,192,192_pred_00054,0.147693,"['508.165', '871.063', '551.157', '914.922']",42.992,43.859,192__x00384_y00768,"['00384', '00768']",small_16_32_64_128,0.125
36,701,1,1,192,192_pred_00055,0.146784,"['636.582', '570.091', '678.497', '614.173']",41.915,44.082,192__x00596_y00384,"['00596', '00384']",small_16_32_64_128,0.125
36,702,1,2,192,192_pred_00056,0.145744,"['19.873', '294.053', '57.926', '333.774']",38.053,39.721,192__x00000_y00000,"['00000', '00000']",small_16_32_64_128,0.125
36,703,1,3,192,192_pred_00057,0.143839,"['798.498', '566.155', '842.296', '609.610']",43.798,43.455,192__x00384_y00384,"['00384', '00384']",small_16_32_64_128,0.125
36,704,1,4,192,192_pred_00061,0.141690,"['708.983', '999.995', '751.262', '1043.863']",42.279,43.868,192__x00384_y00965,"['00384', '00965']",small_16_32_64_128,0.125
36,705,2,1,192,192_pred_00062,0.141414,"['60.013', '1131.119', '104.565', '1180.029']",44.552,48.910,192__x00000_y00768,"['00000', '00768']",small_16_32_64_128,0.125
36,706,2,2,192,192_pred_00063,0.139704,"['608.150', '668.550', '650.696', '713.345']",42.546,44.795,192__x00384_y00384,"['00384', '00384']",small_16_32_64_128,0.125
36,707,2,3,192,192_pred_00065,0.138926,"['618.688', '143.412', '660.600', '185.633']",41.912,42.221,192__x00596_y00000,"['00596', '00000']",small_16_32_64_128,0.125
36,708,2,4,192,192_pred_00067,0.137363,"['715.832', '1311.375', '760.526', '1355.816']",44.694,44.441,192__x00596_y00965,"['00596', '00965']",small_16_32_64_128,0.125
36,709,3,1,192,192_pred_00068,0.136499,"['463.172', '970.705', '508.001', '1016.786']",44.829,46.081,192__x00384_y00768,"['00384', '00768']",small_16_32_64_128,0.125
36,710,3,2,192,192_pred_00070,0.135592,"['1047.315', '970.498', '1089.161', '1005.615']",41.846,35.117,192__x00596_y00965,"['00596', '00965']",small_16_32_64_128,0.125
36,711,3,3,192,192_pred_00071,0.135309,"['687.923', '953.003', '792.663', '1039.808']",104.740,86.805,192__x00596_y00768,"['00596', '00768']",small_16_32_64_128,0.125
36,712,3,4,192,192_pred_00072,0.133399,"['402.936', '220.629', '449.636', '264.996']",46.700,44.367,192__x00384_y00000,"['00384', '00000']",small_16_32_64_128,0.125
36,713,4,1,192,192_pred_00073,0.132935,"['224.015', '1312.523', '265.442', '1351.866']",41.427,39.343,192__x00000_y00965,"['00000', '00965']",small_16_32_64_128,0.125
36,714,4,2,192,192_pred_00079,0.128198,"['118.991', '1067.066', '158.877', '1108.336']",39.886,41.270,192__x00000_y00965,"['00000', '00965']",small_16_32_64_128,0.125
36,715,4,3,192,192_pred_00080,0.127319,"['702.083', '1121.908', '776.966', '1189.813']",74.883,67.905,192__x00384_y00768,"['00384', '00768']",small_16_32_64_128,0.125
36,716,4,4,192,192_pred_00081,0.126559,"['451.208', '1008.583', '551.650', '1080.834']",100.442,72.251,192__x00384_y00965,"['00384', '00965']",small_16_32_64_128,0.125
36,717,5,1,192,192_pred_00082,0.126401,"['556.074', '1253.617', '599.478', '1298.059']",43.404,44.442,192__x00384_y00965,"['00384', '00965']",small_16_32_64_128,0.125
36,718,5,2,192,192_pred_00084,0.125929,"['38.211', '1332.543', '78.732', '1373.179']",40.521,40.636,192__x00000_y00965,"['00000', '00965']",small_16_32_64_128,0.125
36,719,5,3,192,192_pred_00086,0.125581,"['472.249', '1377.390', '509.626', '1420.875']",37.377,43.485,192__x00000_y00965,"['00000', '00965']",small_16_32_64_128,0.125
36,720,5,4,195,195_pred_00004,0.238798,"['1068.874', '463.022', '1107.103', '504.990']",38.229,41.968,195__x00596_y00000,"['00596', '00000']",small_16_32_64_128,0.125
37,721,1,1,195,195_pred_00006,0.209746,"['704.571', '888.585', '749.029', '933.087']",44.458,44.502,195__x00384_y00768,"['00384', '00768']",small_16_32_64_128,0.125
37,722,1,2,195,195_pred_00007,0.207005,"['472.522', '62.688', '509.962', '104.665']",37.440,41.977,195__x00000_y00000,"['00000', '00000']",small_16_32_64_128,0.125
37,723,1,3,195,195_pred_00009,0.202584,"['832.555', '909.416', '876.736', '952.998']",44.181,43.582,195__x00384_y00768,"['00384', '00768']",small_16_32_64_128,0.125
37,724,1,4,195,195_pred_00010,0.201339,"['793.333', '265.018', '836.507', '309.626']",43.174,44.608,195__x00384_y00000,"['00384', '00000']",small_16_32_64_128,0.125
37,725,2,1,195,195_pred_00013,0.194145,"['1002.210', '729.729', '1044.105', '772.654']",41.895,42.925,195__x00596_y00384,"['00596', '00384']",small_16_32_64_128,0.125
37,726,2,2,195,195_pred_00015,0.191585,"['833.427', '1114.590', '878.067', '1158.919']",44.640,44.329,195__x00384_y00768,"['00384', '00768']",small_16_32_64_128,0.125
37,727,2,3,195,195_pred_00016,0.190879,"['635.155', '1412.378', '679.793', '1452.472']",44.638,40.094,195__x00384_y00965,"['00384', '00965']",small_16_32_64_128,0.125
37,728,2,4,195,195_pred_00017,0.190782,"['695.263', '323.653', '739.462', '369.646']",44.199,45.993,195__x00384_y00000,"['00384', '00000']",small_16_32_64_128,0.125
37,729,3,1,195,195_pred_00018,0.190257,"['733.934', '3.535', '776.365', '43.416']",42.431,39.881,195__x00384_y00000,"['00384', '00000']",small_16_32_64_128,0.125
37,730,3,2,195,195_pred_00019,0.176723,"['18.485', '1256.845', '58.568', '1298.627']",40.083,41.782,195__x00000_y00965,"['00000', '00965']",small_16_32_64_128,0.125
37,731,3,3,195,195_pred_00020,0.174708,"['770.825', '1044.769', '813.131', '1089.742']",42.306,44.973,195__x00384_y00768,"['00384', '00768']",small_16_32_64_128,0.125
37,732,3,4,195,195_pred_00021,0.174097,"['62.458', '101.247', '104.173', '143.667']",41.715,42.420,195__x00000_y00000,"['00000', '00000']",small_16_32_64_128,0.125
37,733,4,1,195,195_pred_00022,0.171696,"['157.302', '1116.107', '201.577', '1158.480']",44.275,42.373,195__x00000_y00768,"['00000', '00768']",small_16_32_64_128,0.125
37,734,4,2,195,195_pred_00023,0.171520,"['858.967', '1113.145', '904.164', '1158.650']",45.197,45.505,195__x00596_y00768,"['00596', '00768']",small_16_32_64_128,0.125
37,735,4,3,195,195_pred_00024,0.169117,"['476.375', '1053.903', '512.000', '1095.501']",35.625,41.598,195__x00000_y00768,"['00000', '00768']",small_16_32_64_128,0.125
37,736,4,4,195,195_pred_00026,0.161344,"['140.432', '1094.057', '185.007', '1137.430']",44.575,43.373,195__x00000_y00768,"['00000', '00768']",small_16_32_64_128,0.125
37,737,5,1,195,195_pred_00027,0.159860,"['1023.879', '432.000', '1066.494', '472.511']",42.615,40.511,195__x00596_y00000,"['00596', '00000']",small_16_32_64_128,0.125
37,738,5,2,195,195_pred_00028,0.157829,"['120.154', '1207.567', '165.387', '1253.692']",45.233,46.125,195__x00000_y00965,"['00000', '00965']",small_16_32_64_128,0.125
37,739,5,3,195,195_pred_00029,0.157745,"['1020.669', '1029.156', '1064.143', '1075.290']",43.474,46.134,195__x00596_y00768,"['00596', '00768']",small_16_32_64_128,0.125
37,740,5,4,195,195_pred_00032,0.150178,"['449.788', '931.419', '492.872', '974.398']",43.084,42.979,195__x00000_y00768,"['00000', '00768']",small_16_32_64_128,0.125
38,741,1,1,195,195_pred_00033,0.150166,"['831.270', '42.425', '873.930', '84.986']",42.660,42.561,195__x00384_y00000,"['00384', '00000']",small_16_32_64_128,0.125
38,742,1,2,195,195_pred_00034,0.148686,"['423.257', '1353.141', '466.505', '1396.090']",43.248,42.949,195__x00384_y00965,"['00384', '00965']",small_16_32_64_128,0.125
38,743,1,3,195,195_pred_00035,0.148519,"['542.720', '141.030', '586.622', '188.200']",43.902,47.170,195__x00384_y00000,"['00384', '00000']",small_16_32_64_128,0.125
38,744,1,4,195,195_pred_00036,0.148300,"['408.278', '446.068', '451.665', '488.294']",43.387,42.226,195__x00000_y00384,"['00000', '00384']",small_16_32_64_128,0.125
38,745,2,1,195,195_pred_00037,0.146303,"['449.539', '366.710', '493.666', '409.280']",44.127,42.570,195__x00000_y00000,"['00000', '00000']",small_16_32_64_128,0.125
38,746,2,2,195,195_pred_00038,0.146206,"['366.285', '1224.897', '411.405', '1267.525']",45.120,42.628,195__x00000_y00965,"['00000', '00965']",small_16_32_64_128,0.125
38,747,2,3,195,195_pred_00040,0.142886,"['366.969', '287.744', '409.485', '332.262']",42.516,44.518,195__x00000_y00000,"['00000', '00000']",small_16_32_64_128,0.125
38,748,2,4,195,195_pred_00041,0.142254,"['834.980', '1210.839', '879.120', '1253.887']",44.140,43.048,195__x00384_y00965,"['00384', '00965']",small_16_32_64_128,0.125
38,749,3,1,195,195_pred_00042,0.141289,"['423.351', '1045.060', '465.428', '1089.096']",42.077,44.036,195__x00384_y00965,"['00384', '00965']",small_16_32_64_128,0.125
38,750,3,2,195,195_pred_00043,0.141204,"['899.923', '1156.185', '945.029', '1200.472']",45.106,44.287,195__x00596_y00768,"['00596', '00768']",small_16_32_64_128,0.125
38,751,3,3,195,195_pred_00047,0.138178,"['98.426', '1271.885', '142.345', '1316.150']",43.919,44.265,195__x00000_y00965,"['00000', '00965']",small_16_32_64_128,0.125
38,752,3,4,195,195_pred_00048,0.137183,"['290.511', '215.959', '332.646', '257.402']",42.135,41.443,195__x00000_y00000,"['00000', '00000']",small_16_32_64_128,0.125
38,753,4,1,195,195_pred_00050,0.136618,"['53.401', '1176.317', '97.268', '1221.098']",43.867,44.781,195__x00000_y00965,"['00000', '00965']",small_16_32_64_128,0.125
38,754,4,2,195,195_pred_00051,0.136149,"['244.912', '1078.394', '292.331', '1124.994']",47.419,46.600,195__x00000_y00965,"['00000', '00965']",small_16_32_64_128,0.125
38,755,4,3,195,195_pred_00053,0.134781,"['102.627', '972.160', '143.987', '1012.995']",41.360,40.835,195__x00000_y00768,"['00000', '00768']",small_16_32_64_128,0.125
38,756,4,4,195,195_pred_00054,0.134718,"['387.618', '1004.608', '430.405', '1048.037']",42.787,43.429,195__x00000_y00965,"['00000', '00965']",small_16_32_64_128,0.125
38,757,5,1,195,195_pred_00055,0.134370,"['141.081', '1292.662', '184.089', '1338.096']",43.008,45.434,195__x00000_y00965,"['00000', '00965']",small_16_32_64_128,0.125
38,758,5,2,195,195_pred_00056,0.133551,"['647.551', '1395.773', '691.546', '1438.256']",43.995,42.483,195__x00384_y00965,"['00384', '00965']",small_16_32_64_128,0.125
38,759,5,3,195,195_pred_00058,0.132802,"['862.021', '261.136', '903.288', '304.897']",41.267,43.761,195__x00596_y00000,"['00596', '00000']",small_16_32_64_128,0.125
38,760,5,4,195,195_pred_00060,0.131349,"['473.828', '948.555', '512.000', '991.887']",38.172,43.332,195__x00000_y00768,"['00000', '00768']",small_16_32_64_128,0.125
39,761,1,1,195,195_pred_00061,0.131000,"['830.081', '1168.385', '874.799', '1216.623']",44.718,48.238,195__x00384_y00965,"['00384', '00965']",small_16_32_64_128,0.125
39,762,1,2,195,195_pred_00062,0.129119,"['808.995', '1067.045', '850.642', '1110.424']",41.647,43.379,195__x00384_y00965,"['00384', '00965']",small_16_32_64_128,0.125
39,763,1,3,195,195_pred_00064,0.128728,"['1068.820', '869.547', '1105.710', '911.917']",36.890,42.370,195__x00596_y00768,"['00596', '00768']",small_16_32_64_128,0.125
39,764,1,4,195,195_pred_00066,0.127290,"['667.219', '1145.190', '711.013', '1187.988']",43.794,42.798,195__x00384_y00965,"['00384', '00965']",small_16_32_64_128,0.125
39,765,2,1,195,195_pred_00067,0.127029,"['20.538', '1189.747', '62.640', '1231.850']",42.102,42.103,195__x00000_y00965,"['00000', '00965']",small_16_32_64_128,0.125
39,766,2,2,195,195_pred_00070,0.125563,"['900.267', '692.546', '943.504', '734.909']",43.237,42.363,195__x00596_y00384,"['00596', '00384']",small_16_32_64_128,0.125
39,767,2,3,195,195_pred_00071,0.125444,"['488.194', '787.352', '530.653', '831.777']",42.459,44.425,195__x00384_y00768,"['00384', '00768']",small_16_32_64_128,0.125
39,768,2,4,195,195_pred_00072,0.125303,"['54.531', '902.890', '96.842', '945.192']",42.311,42.302,195__x00000_y00768,"['00000', '00768']",small_16_32_64_128,0.125
39,769,3,1,195,195_pred_00073,0.125092,"['602.832', '760.064', '640.166', '796.273']",37.334,36.209,195__x00596_y00384,"['00596', '00384']",small_16_32_64_128,0.125
39,770,3,2,197,197_pred_00001,0.270576,"['791.262', '38.598', '833.935', '81.863']",42.673,43.265,197__x00384_y00000,"['00384', '00000']",small_16_32_64_128,0.125
39,771,3,3,197,197_pred_00004,0.207920,"['856.179', '710.601', '892.672', '753.018']",36.493,42.417,197__x00384_y00384,"['00384', '00384']",small_16_32_64_128,0.125
39,772,3,4,197,197_pred_00005,0.207380,"['729.773', '407.591', '772.287', '450.641']",42.514,43.050,197__x00384_y00000,"['00384', '00000']",small_16_32_64_128,0.125
39,773,4,1,197,197_pred_00006,0.206523,"['59.126', '5.475', '102.667', '38.940']",43.541,33.465,197__x00000_y00000,"['00000', '00000']",small_16_32_64_128,0.125
39,774,4,2,197,197_pred_00007,0.203493,"['55.603', '978.638', '97.631', '1022.266']",42.028,43.628,197__x00000_y00768,"['00000', '00768']",small_16_32_64_128,0.125
39,775,4,3,197,197_pred_00009,0.192901,"['815.808', '710.143', '861.740', '754.547']",45.932,44.404,197__x00384_y00384,"['00384', '00384']",small_16_32_64_128,0.125
39,776,4,4,197,197_pred_00010,0.191582,"['900.781', '145.586', '942.520', '187.880']",41.739,42.294,197__x00596_y00000,"['00596', '00000']",small_16_32_64_128,0.125
39,777,5,1,197,197_pred_00011,0.190166,"['246.773', '931.436', '286.951', '973.420']",40.178,41.984,197__x00000_y00768,"['00000', '00768']",small_16_32_64_128,0.125
39,778,5,2,197,197_pred_00013,0.184172,"['813.434', '808.285', '859.141', '852.121']",45.707,43.836,197__x00384_y00768,"['00384', '00768']",small_16_32_64_128,0.125
39,779,5,3,197,197_pred_00014,0.179637,"['429.549', '187.445', '470.306', '229.350']",40.757,41.905,197__x00000_y00000,"['00000', '00000']",small_16_32_64_128,0.125
39,780,5,4,197,197_pred_00018,0.169280,"['555.787', '369.931', '599.990', '411.315']",44.203,41.384,197__x00384_y00000,"['00384', '00000']",small_16_32_64_128,0.125
40,781,1,1,197,197_pred_00019,0.167950,"['921.529', '551.359', '965.200', '593.503']",43.671,42.144,197__x00596_y00384,"['00596', '00384']",small_16_32_64_128,0.125
40,782,1,2,197,197_pred_00020,0.166819,"['599.158', '733.456', '636.113', '773.815']",36.955,40.359,197__x00384_y00384,"['00384', '00384']",small_16_32_64_128,0.125
40,783,1,3,197,197_pred_00021,0.166525,"['387.843', '143.230', '432.423', '185.475']",44.580,42.245,197__x00000_y00000,"['00000', '00000']",small_16_32_64_128,0.125
40,784,1,4,197,197_pred_00022,0.165595,"['567.416', '732.915', '610.181', '775.485']",42.765,42.570,197__x00384_y00384,"['00384', '00384']",small_16_32_64_128,0.125
40,785,2,1,197,197_pred_00023,0.163239,"['854.869', '1074.785', '892.299', '1117.172']",37.430,42.387,197__x00384_y00768,"['00384', '00768']",small_16_32_64_128,0.125
40,786,2,2,197,197_pred_00024,0.162165,"['611.411', '688.672', '656.019', '734.546']",44.608,45.874,197__x00384_y00384,"['00384', '00384']",small_16_32_64_128,0.125
40,787,2,3,197,197_pred_00025,0.159624,"['779.468', '1149.036', '821.949', '1191.881']",42.481,42.845,197__x00384_y00965,"['00384', '00965']",small_16_32_64_128,0.125
40,788,2,4,197,197_pred_00026,0.159621,"['834.428', '22.753', '876.770', '63.332']",42.342,40.579,197__x00384_y00000,"['00384', '00000']",small_16_32_64_128,0.125
40,789,3,1,197,197_pred_00028,0.156212,"['523.550', '1189.504', '568.785', '1232.549']",45.235,43.045,197__x00384_y00965,"['00384', '00965']",small_16_32_64_128,0.125
40,790,3,2,197,197_pred_00029,0.154478,"['1068.805', '1293.727', '1105.756', '1335.249']",36.951,41.522,197__x00596_y00965,"['00596', '00965']",small_16_32_64_128,0.125
40,791,3,3,197,197_pred_00030,0.153973,"['946.066', '283.669', '988.034', '325.775']",41.968,42.106,197__x00596_y00000,"['00596', '00000']",small_16_32_64_128,0.125
40,792,3,4,197,197_pred_00031,0.149897,"['728.926', '135.989', '771.623', '177.446']",42.697,41.457,197__x00596_y00000,"['00596', '00000']",small_16_32_64_128,0.125
40,793,4,1,197,197_pred_00032,0.147848,"['77.493', '1187.639', '123.224', '1231.587']",45.731,43.948,197__x00000_y00965,"['00000', '00965']",small_16_32_64_128,0.125
40,794,4,2,197,197_pred_00033,0.146902,"['964.017', '666.635', '1012.373', '713.835']",48.356,47.200,197__x00596_y00384,"['00596', '00384']",small_16_32_64_128,0.125
40,795,4,3,197,197_pred_00035,0.145120,"['771.952', '123.394', '813.361', '164.146']",41.409,40.752,197__x00384_y00000,"['00384', '00000']",small_16_32_64_128,0.125
40,796,4,4,197,197_pred_00037,0.144160,"['837.851', '6.182', '882.460', '37.208']",44.609,31.026,197__x00384_y00000,"['00384', '00000']",small_16_32_64_128,0.125
40,797,5,1,197,197_pred_00038,0.142123,"['802.019', '566.573', '844.361', '609.196']",42.342,42.623,197__x00596_y00384,"['00596', '00384']",small_16_32_64_128,0.125
40,798,5,2,197,197_pred_00039,0.140744,"['757.808', '750.755', '802.937', '794.281']",45.129,43.526,197__x00384_y00384,"['00384', '00384']",small_16_32_64_128,0.125
40,799,5,3,197,197_pred_00040,0.139777,"['751.856', '807.078', '792.820', '848.151']",40.964,41.073,197__x00384_y00768,"['00384', '00768']",small_16_32_64_128,0.125
40,800,5,4,197,197_pred_00042,0.139280,"['421.353', '1228.704', '464.299', '1271.150']",42.946,42.446,197__x00000_y00965,"['00000', '00965']",small_16_32_64_128,0.125
41,801,1,1,197,197_pred_00043,0.139059,"['122.197', '1043.762', '163.212', '1087.952']",41.015,44.190,197__x00000_y00965,"['00000', '00965']",small_16_32_64_128,0.125
41,802,1,2,197,197_pred_00044,0.138305,"['689.628', '1334.208', '733.016', '1377.583']",43.388,43.375,197__x00596_y00965,"['00596', '00965']",small_16_32_64_128,0.125
41,803,1,3,197,197_pred_00045,0.137829,"['424.759', '1197.019', '468.098', '1239.148']",43.339,42.129,197__x00000_y00965,"['00000', '00965']",small_16_32_64_128,0.125
41,804,1,4,197,197_pred_00046,0.136086,"['139.610', '1027.714', '180.913', '1071.623']",41.303,43.909,197__x00000_y00965,"['00000', '00965']",small_16_32_64_128,0.125
41,805,2,1,197,197_pred_00047,0.135079,"['810.072', '26.396', '852.040', '66.868']",41.968,40.472,197__x00384_y00000,"['00384', '00000']",small_16_32_64_128,0.125
41,806,2,2,197,197_pred_00048,0.134868,"['770.071', '409.944', '813.774', '452.538']",43.703,42.594,197__x00384_y00000,"['00384', '00000']",small_16_32_64_128,0.125
41,807,2,3,197,197_pred_00051,0.134172,"['651.058', '410.940', '694.525', '453.403']",43.467,42.463,197__x00596_y00000,"['00596', '00000']",small_16_32_64_128,0.125
41,808,2,4,197,197_pred_00052,0.133997,"['407.452', '969.593', '452.575', '1013.156']",45.123,43.563,197__x00000_y00768,"['00000', '00768']",small_16_32_64_128,0.125
41,809,3,1,197,197_pred_00054,0.133026,"['451.093', '827.945', '495.602', '872.469']",44.509,44.524,197__x00000_y00768,"['00000', '00768']",small_16_32_64_128,0.125
41,810,3,2,197,197_pred_00055,0.132379,"['689.690', '96.720', '733.380', '138.316']",43.690,41.596,197__x00596_y00000,"['00596', '00000']",small_16_32_64_128,0.125
41,811,3,3,197,197_pred_00056,0.132055,"['42.567', '1209.957', '82.774', '1251.566']",40.207,41.609,197__x00000_y00965,"['00000', '00965']",small_16_32_64_128,0.125
41,812,3,4,197,197_pred_00057,0.131241,"['423.913', '122.925', '464.868', '163.581']",40.955,40.656,197__x00384_y00000,"['00384', '00000']",small_16_32_64_128,0.125
41,813,4,1,197,197_pred_00058,0.131213,"['635.702', '505.721', '679.004', '548.038']",43.302,42.317,197__x00596_y00384,"['00596', '00384']",small_16_32_64_128,0.125
41,814,4,2,197,197_pred_00063,0.128157,"['834.147', '1271.665', '877.118', '1313.505']",42.971,41.840,197__x00384_y00965,"['00384', '00965']",small_16_32_64_128,0.125
41,815,4,3,197,197_pred_00064,0.127651,"['41.648', '484.861', '83.467', '527.471']",41.819,42.610,197__x00000_y00384,"['00000', '00384']",small_16_32_64_128,0.125
41,816,4,4,197,197_pred_00065,0.127403,"['1024.633', '1190.176', '1066.590', '1232.878']",41.957,42.702,197__x00596_y00965,"['00596', '00965']",small_16_32_64_128,0.125
41,817,5,1,197,197_pred_00066,0.127130,"['1043.327', '865.154', '1083.372', '906.349']",40.045,41.195,197__x00596_y00768,"['00596', '00768']",small_16_32_64_128,0.125
41,818,5,2,197,197_pred_00067,0.125740,"['447.890', '1047.190', '491.321', '1092.732']",43.431,45.542,197__x00000_y00965,"['00000', '00965']",small_16_32_64_128,0.125
41,819,5,3,197,197_pred_00068,0.125551,"['981.241', '691.714', '1024.092', '734.973']",42.851,43.259,197__x00596_y00384,"['00596', '00384']",small_16_32_64_128,0.125
41,820,5,4,197,197_pred_00069,0.125467,"['750.396', '428.243', '792.990', '470.463']",42.594,42.220,197__x00384_y00000,"['00384', '00000']",small_16_32_64_128,0.125
42,821,1,1,197,197_pred_00070,0.125451,"['325.093', '846.239', '368.897', '889.292']",43.804,43.053,197__x00000_y00768,"['00000', '00768']",small_16_32_64_128,0.125
42,822,1,2,198,198_pred_00001,0.341954,"['1002.894', '954.840', '1045.505', '996.810']",42.611,41.970,198__x00596_y00768,"['00596', '00768']",small_16_32_64_128,0.125
42,823,1,3,198,198_pred_00004,0.289453,"['474.769', '815.002', '510.981', '855.789']",36.212,40.787,198__x00000_y00384,"['00000', '00384']",small_16_32_64_128,0.125
42,824,1,4,198,198_pred_00005,0.271606,"['405.616', '888.551', '449.290', '931.768']",43.674,43.217,198__x00000_y00768,"['00000', '00768']",small_16_32_64_128,0.125
42,825,2,1,198,198_pred_00006,0.234175,"['768.152', '213.120', '809.525', '255.885']",41.373,42.765,198__x00596_y00000,"['00596', '00000']",small_16_32_64_128,0.125
42,826,2,2,198,198_pred_00007,0.233341,"['1069.600', '972.729', '1106.634', '1014.600']",37.034,41.871,198__x00596_y00768,"['00596', '00768']",small_16_32_64_128,0.125
42,827,2,3,198,198_pred_00008,0.233128,"['655.690', '266.747', '697.663', '310.157']",41.973,43.410,198__x00384_y00000,"['00384', '00000']",small_16_32_64_128,0.125
42,828,2,4,198,198_pred_00010,0.220400,"['729.262', '172.723', '770.831', '216.394']",41.569,43.671,198__x00384_y00000,"['00384', '00000']",small_16_32_64_128,0.125
42,829,3,1,198,198_pred_00011,0.219257,"['1047.170', '143.662', '1090.638', '186.001']",43.468,42.339,198__x00596_y00000,"['00596', '00000']",small_16_32_64_128,0.125
42,830,3,2,198,198_pred_00013,0.195897,"['675.763', '203.209', '718.401', '246.170']",42.638,42.961,198__x00384_y00000,"['00384', '00000']",small_16_32_64_128,0.125
42,831,3,3,198,198_pred_00014,0.195303,"['729.054', '249.797', '771.642', '293.107']",42.588,43.310,198__x00384_y00000,"['00384', '00000']",small_16_32_64_128,0.125
42,832,3,4,198,198_pred_00015,0.195005,"['779.904', '1231.738', '820.549', '1273.379']",40.645,41.641,198__x00596_y00965,"['00596', '00965']",small_16_32_64_128,0.125
42,833,4,1,198,198_pred_00017,0.193606,"['77.090', '140.834', '121.948', '183.707']",44.858,42.873,198__x00000_y00000,"['00000', '00000']",small_16_32_64_128,0.125
42,834,4,2,198,198_pred_00019,0.185331,"['739.483', '975.066', '780.846', '1017.885']",41.363,42.819,198__x00384_y00768,"['00384', '00768']",small_16_32_64_128,0.125
42,835,4,3,198,198_pred_00021,0.182255,"['39.331', '1149.593', '83.075', '1194.452']",43.744,44.859,198__x00000_y00768,"['00000', '00768']",small_16_32_64_128,0.125
42,836,4,4,198,198_pred_00023,0.176383,"['450.243', '770.303', '494.171', '806.112']",43.928,35.809,198__x00000_y00768,"['00000', '00768']",small_16_32_64_128,0.125
42,837,5,1,198,198_pred_00025,0.176246,"['139.764', '1083.181', '184.971', '1128.252']",45.207,45.071,198__x00000_y00768,"['00000', '00768']",small_16_32_64_128,0.125
42,838,5,2,198,198_pred_00026,0.175482,"['835.144', '1188.636', '878.262', '1232.758']",43.118,44.122,198__x00384_y00768,"['00384', '00768']",small_16_32_64_128,0.125
42,839,5,3,198,198_pred_00028,0.170445,"['1052.454', '927.457', '1096.372', '971.574']",43.918,44.117,198__x00596_y00768,"['00596', '00768']",small_16_32_64_128,0.125
42,840,5,4,198,198_pred_00030,0.170024,"['857.129', '815.756', '894.232', '855.986']",37.103,40.230,198__x00384_y00384,"['00384', '00384']",small_16_32_64_128,0.125
43,841,1,1,198,198_pred_00031,0.168614,"['778.746', '364.457', '821.834', '408.835']",43.088,44.378,198__x00596_y00000,"['00596', '00000']",small_16_32_64_128,0.125
43,842,1,2,198,198_pred_00035,0.164861,"['1003.576', '984.374', '1047.263', '1022.819']",43.687,38.445,198__x00596_y00768,"['00596', '00768']",small_16_32_64_128,0.125
43,843,1,3,198,198_pred_00036,0.164731,"['1022.792', '1232.574', '1065.820', '1273.447']",43.028,40.873,198__x00596_y00965,"['00596', '00965']",small_16_32_64_128,0.125
43,844,1,4,198,198_pred_00039,0.162986,"['1046.393', '869.389', '1090.216', '911.023']",43.823,41.634,198__x00596_y00768,"['00596', '00768']",small_16_32_64_128,0.125
43,845,2,1,198,198_pred_00040,0.160975,"['210.823', '1177.531', '253.942', '1221.691']",43.119,44.160,198__x00000_y00768,"['00000', '00768']",small_16_32_64_128,0.125
43,846,2,2,198,198_pred_00041,0.160947,"['651.028', '824.499', '695.701', '866.987']",44.673,42.488,198__x00596_y00768,"['00596', '00768']",small_16_32_64_128,0.125
43,847,2,3,198,198_pred_00042,0.158367,"['921.852', '370.096', '964.585', '414.020']",42.733,43.924,198__x00596_y00000,"['00596', '00000']",small_16_32_64_128,0.125
43,848,2,4,198,198_pred_00043,0.158283,"['1045.025', '241.350', '1089.750', '284.844']",44.725,43.494,198__x00596_y00000,"['00596', '00000']",small_16_32_64_128,0.125
43,849,3,1,198,198_pred_00044,0.157864,"['922.086', '327.800', '965.499', '370.296']",43.413,42.496,198__x00596_y00000,"['00596', '00000']",small_16_32_64_128,0.125
43,850,3,2,198,198_pred_00045,0.157337,"['451.260', '807.998', '494.903', '850.319']",43.643,42.321,198__x00000_y00384,"['00000', '00384']",small_16_32_64_128,0.125
43,851,3,3,198,198_pred_00046,0.157016,"['451.108', '528.268', '494.362', '570.833']",43.254,42.565,198__x00000_y00384,"['00000', '00384']",small_16_32_64_128,0.125
43,852,3,4,198,198_pred_00047,0.156107,"['941.401', '184.074', '986.402', '227.961']",45.001,43.887,198__x00596_y00000,"['00596', '00000']",small_16_32_64_128,0.125
43,853,4,1,198,198_pred_00048,0.155877,"['609.957', '384.545', '656.438', '430.315']",46.481,45.770,198__x00384_y00000,"['00384', '00000']",small_16_32_64_128,0.125
43,854,4,2,198,198_pred_00051,0.154671,"['886.344', '441.219', '929.213', '484.788']",42.869,43.569,198__x00596_y00384,"['00596', '00384']",small_16_32_64_128,0.125
43,855,4,3,198,198_pred_00054,0.150292,"['984.633', '477.722', '1032.053', '526.900']",47.420,49.178,198__x00596_y00384,"['00596', '00384']",small_16_32_64_128,0.125
43,856,4,4,198,198_pred_00055,0.149163,"['770.799', '1139.024', '811.484', '1182.856']",40.685,43.832,198__x00596_y00965,"['00596', '00965']",small_16_32_64_128,0.125
43,857,5,1,198,198_pred_00057,0.147285,"['943.891', '504.220', '984.729', '548.635']",40.838,44.415,198__x00596_y00384,"['00596', '00384']",small_16_32_64_128,0.125
43,858,5,2,198,198_pred_00059,0.144438,"['879.892', '1114.648', '924.177', '1158.346']",44.285,43.698,198__x00596_y00768,"['00596', '00768']",small_16_32_64_128,0.125
43,859,5,3,198,198_pred_00060,0.143228,"['982.003', '790.593', '1023.466', '832.449']",41.463,41.856,198__x00596_y00384,"['00596', '00384']",small_16_32_64_128,0.125
43,860,5,4,198,198_pred_00061,0.142902,"['734.887', '889.967', '779.606', '933.335']",44.719,43.368,198__x00596_y00768,"['00596', '00768']",small_16_32_64_128,0.125
44,861,1,1,198,198_pred_00063,0.142189,"['80.855', '731.089', '122.956', '775.143']",42.101,44.054,198__x00000_y00384,"['00000', '00384']",small_16_32_64_128,0.125
44,862,1,2,198,198_pred_00065,0.140459,"['674.144', '283.675', '718.994', '327.567']",44.850,43.892,198__x00384_y00000,"['00384', '00000']",small_16_32_64_128,0.125
44,863,1,3,198,198_pred_00066,0.140431,"['644.946', '1009.877', '689.908', '1052.666']",44.962,42.789,198__x00384_y00768,"['00384', '00768']",small_16_32_64_128,0.125
44,864,1,4,198,198_pred_00067,0.138632,"['474.296', '432.118', '510.527', '472.200']",36.231,40.082,198__x00000_y00000,"['00000', '00000']",small_16_32_64_128,0.125
44,865,2,1,198,198_pred_00069,0.137988,"['305.159', '674.903', '344.912', '712.760']",39.753,37.857,198__x00000_y00384,"['00000', '00384']",small_16_32_64_128,0.125
44,866,2,2,198,198_pred_00071,0.136610,"['1047.461', '950.624', '1089.846', '992.454']",42.385,41.830,198__x00596_y00768,"['00596', '00768']",small_16_32_64_128,0.125
44,867,2,3,198,198_pred_00072,0.136604,"['527.002', '62.206', '570.581', '104.108']",43.579,41.902,198__x00384_y00000,"['00384', '00000']",small_16_32_64_128,0.125
44,868,2,4,198,198_pred_00074,0.135556,"['616.033', '1046.677', '659.091', '1090.398']",43.058,43.721,198__x00596_y00965,"['00596', '00965']",small_16_32_64_128,0.125
44,869,3,1,198,198_pred_00075,0.135548,"['367.321', '431.502', '408.367', '473.154']",41.046,41.652,198__x00000_y00000,"['00000', '00000']",small_16_32_64_128,0.125
44,870,3,2,198,198_pred_00078,0.134546,"['960.830', '812.351', '1003.817', '853.659']",42.987,41.308,198__x00596_y00384,"['00596', '00384']",small_16_32_64_128,0.125
44,871,3,3,198,198_pred_00080,0.133539,"['54.979', '753.250', '98.751', '796.480']",43.772,43.230,198__x00000_y00384,"['00000', '00384']",small_16_32_64_128,0.125
44,872,3,4,198,198_pred_00082,0.132959,"['158.681', '1064.048', '201.703', '1109.330']",43.022,45.282,198__x00000_y00965,"['00000', '00965']",small_16_32_64_128,0.125
44,873,4,1,198,198_pred_00084,0.130234,"['788.648', '1248.849', '833.494', '1294.396']",44.846,45.547,198__x00384_y00965,"['00384', '00965']",small_16_32_64_128,0.125
44,874,4,2,198,198_pred_00086,0.128922,"['524.839', '1079.365', '566.744', '1122.324']",41.905,42.959,198__x00384_y00768,"['00384', '00768']",small_16_32_64_128,0.125
44,875,4,3,198,198_pred_00088,0.128820,"['696.812', '1197.389', '739.563', '1240.127']",42.751,42.738,198__x00596_y00768,"['00596', '00768']",small_16_32_64_128,0.125
44,876,4,4,198,198_pred_00090,0.128714,"['677.302', '1230.162', '719.632', '1273.364']",42.330,43.202,198__x00596_y00965,"['00596', '00965']",small_16_32_64_128,0.125
44,877,5,1,198,198_pred_00091,0.128416,"['284.167', '1148.745', '326.674', '1191.958']",42.507,43.213,198__x00000_y00965,"['00000', '00965']",small_16_32_64_128,0.125
44,878,5,2,198,198_pred_00092,0.127231,"['104.650', '816.178', '145.425', '858.597']",40.775,42.419,198__x00000_y00384,"['00000', '00384']",small_16_32_64_128,0.125
44,879,5,3,198,198_pred_00093,0.126461,"['778.834', '1272.138', '817.806', '1314.458']",38.972,42.320,198__x00596_y00965,"['00596', '00965']",small_16_32_64_128,0.125
44,880,5,4,198,198_pred_00094,0.126419,"['588.046', '1033.763', '630.732', '1076.763']",42.686,43.000,198__x00384_y00768,"['00384', '00768']",small_16_32_64_128,0.125
45,881,1,1,198,198_pred_00095,0.126210,"['1044.297', '753.815', '1082.922', '795.898']",38.625,42.083,198__x00596_y00384,"['00596', '00384']",small_16_32_64_128,0.125
45,882,1,2,201,201_pred_00001,0.294147,"['473.123', '99.138', '510.710', '141.217']",37.587,42.079,201__x00000_y00000,"['00000', '00000']",small_16_32_64_128,0.125
45,883,1,3,201,201_pred_00003,0.226874,"['586.870', '1253.272', '628.276', '1295.653']",41.406,42.381,201__x00384_y00965,"['00384', '00965']",small_16_32_64_128,0.125
45,884,1,4,201,201_pred_00004,0.225093,"['133.363', '673.043', '176.730', '716.900']",43.367,43.857,201__x00000_y00384,"['00000', '00384']",small_16_32_64_128,0.125
45,885,2,1,201,201_pred_00005,0.214587,"['545.626', '852.020', '589.897', '894.913']",44.271,42.893,201__x00384_y00768,"['00384', '00768']",small_16_32_64_128,0.125
45,886,2,2,201,201_pred_00007,0.186974,"['54.693', '441.157', '97.741', '484.438']",43.048,43.281,201__x00000_y00000,"['00000', '00000']",small_16_32_64_128,0.125
45,887,2,3,201,201_pred_00009,0.174569,"['280.806', '1104.571', '325.001', '1148.876']",44.195,44.305,201__x00000_y00965,"['00000', '00965']",small_16_32_64_128,0.125
45,888,2,4,201,201_pred_00011,0.173187,"['39.667', '264.319', '81.934', '308.188']",42.267,43.869,201__x00000_y00000,"['00000', '00000']",small_16_32_64_128,0.125
45,889,3,1,201,201_pred_00012,0.167447,"['1.675', '890.947', '39.790', '931.456']",38.115,40.509,201__x00000_y00768,"['00000', '00768']",small_16_32_64_128,0.125
45,890,3,2,201,201_pred_00013,0.166765,"['102.201', '78.832', '146.191', '122.089']",43.990,43.257,201__x00000_y00000,"['00000', '00000']",small_16_32_64_128,0.125
45,891,3,3,201,201_pred_00014,0.164848,"['983.080', '1250.603', '1024.892', '1292.422']",41.812,41.819,201__x00596_y00965,"['00596', '00965']",small_16_32_64_128,0.125
45,892,3,4,201,201_pred_00015,0.162702,"['132.551', '134.401', '175.965', '177.551']",43.414,43.150,201__x00000_y00000,"['00000', '00000']",small_16_32_64_128,0.125
45,893,4,1,201,201_pred_00016,0.160388,"['547.625', '1169.478', '585.698', '1208.304']",38.073,38.826,201__x00384_y00965,"['00384', '00965']",small_16_32_64_128,0.125
45,894,4,2,201,201_pred_00018,0.154691,"['443.995', '41.818', '486.685', '82.921']",42.690,41.103,201__x00384_y00000,"['00384', '00000']",small_16_32_64_128,0.125
45,895,4,3,201,201_pred_00020,0.139412,"['792.384', '1066.823', '834.866', '1108.773']",42.482,41.950,201__x00384_y00965,"['00384', '00965']",small_16_32_64_128,0.125
45,896,4,4,201,201_pred_00021,0.136711,"['472.950', '245.759', '511.483', '286.287']",38.533,40.528,201__x00000_y00000,"['00000', '00000']",small_16_32_64_128,0.125
45,897,5,1,201,201_pred_00023,0.135423,"['856.677', '651.482', '893.198', '693.370']",36.521,41.888,201__x00384_y00384,"['00384', '00384']",small_16_32_64_128,0.125
45,898,5,2,201,201_pred_00024,0.133209,"['449.649', '933.456', '493.152', '977.755']",43.503,44.299,201__x00000_y00768,"['00000', '00768']",small_16_32_64_128,0.125
45,899,5,3,201,201_pred_00026,0.129880,"['39.853', '227.277', '81.020', '268.432']",41.167,41.155,201__x00000_y00000,"['00000', '00000']",small_16_32_64_128,0.125
45,900,5,4,201,201_pred_00027,0.129752,"['77.877', '1003.533', '121.562', '1047.788']",43.685,44.255,201__x00000_y00965,"['00000', '00965']",small_16_32_64_128,0.125
46,901,1,1,201,201_pred_00028,0.127414,"['53.420', '1292.030', '96.955', '1336.637']",43.535,44.607,201__x00000_y00965,"['00000', '00965']",small_16_32_64_128,0.125
46,902,1,2,201,201_pred_00030,0.126573,"['485.254', '4.028', '528.191', '37.845']",42.937,33.817,201__x00384_y00000,"['00384', '00000']",small_16_32_64_128,0.125
46,903,1,3,201,201_pred_00031,0.126198,"['92.466', '1216.642', '135.706', '1260.514']",43.240,43.872,201__x00000_y00965,"['00000', '00965']",small_16_32_64_128,0.125
46,904,1,4,208,208_pred_00003,0.180639,"['448.369', '809.142', '492.765', '850.688']",44.396,41.546,208__x00000_y00768,"['00000', '00768']",small_16_32_64_128,0.125
46,905,2,1,208,208_pred_00005,0.177406,"['757.607', '953.644', '798.033', '997.947']",40.426,44.303,208__x00384_y00768,"['00384', '00768']",small_16_32_64_128,0.125
46,906,2,2,208,208_pred_00007,0.164536,"['409.638', '1251.639', '451.368', '1294.595']",41.730,42.956,208__x00000_y00965,"['00000', '00965']",small_16_32_64_128,0.125
46,907,2,3,208,208_pred_00008,0.163394,"['481.616', '83.510', '524.327', '124.814']",42.711,41.304,208__x00000_y00000,"['00000', '00000']",small_16_32_64_128,0.125
46,908,2,4,208,208_pred_00009,0.161515,"['982.124', '708.204', '1027.818', '752.855']",45.694,44.651,208__x00596_y00384,"['00596', '00384']",small_16_32_64_128,0.125
46,909,3,1,208,208_pred_00011,0.157797,"['385.040', '547.212', '427.108', '588.910']",42.068,41.698,208__x00000_y00384,"['00000', '00384']",small_16_32_64_128,0.125
46,910,3,2,208,208_pred_00012,0.157561,"['1043.861', '81.312', '1087.845', '124.630']",43.984,43.318,208__x00596_y00000,"['00596', '00000']",small_16_32_64_128,0.125
46,911,3,3,208,208_pred_00016,0.152576,"['637.598', '528.639', '678.660', '568.852']",41.062,40.213,208__x00596_y00384,"['00596', '00384']",small_16_32_64_128,0.125
46,912,3,4,208,208_pred_00017,0.151724,"['557.291', '1413.681', '601.410', '1452.675']",44.119,38.994,208__x00384_y00965,"['00384', '00965']",small_16_32_64_128,0.125
46,913,4,1,208,208_pred_00018,0.150351,"['116.679', '506.366', '162.454', '550.331']",45.775,43.965,208__x00000_y00384,"['00000', '00384']",small_16_32_64_128,0.125
46,914,4,2,208,208_pred_00021,0.147935,"['262.869', '1026.415', '305.205', '1069.269']",42.336,42.854,208__x00000_y00965,"['00000', '00965']",small_16_32_64_128,0.125
46,915,4,3,208,208_pred_00022,0.145767,"['634.817', '1178.780', '676.404', '1219.797']",41.587,41.017,208__x00384_y00965,"['00384', '00965']",small_16_32_64_128,0.125
46,916,4,4,208,208_pred_00023,0.143728,"['79.493', '158.985', '124.585', '202.813']",45.092,43.828,208__x00000_y00000,"['00000', '00000']",small_16_32_64_128,0.125
46,917,5,1,208,208_pred_00024,0.141930,"['482.800', '1336.407', '526.072', '1380.533']",43.272,44.126,208__x00384_y00965,"['00384', '00965']",small_16_32_64_128,0.125
46,918,5,2,208,208_pred_00026,0.138783,"['753.075', '979.399', '795.372', '1023.134']",42.297,43.735,208__x00384_y00768,"['00384', '00768']",small_16_32_64_128,0.125
46,919,5,3,208,208_pred_00031,0.130699,"['819.312', '867.135', '862.417', '910.988']",43.105,43.853,208__x00596_y00768,"['00596', '00768']",small_16_32_64_128,0.125
46,920,5,4,208,208_pred_00032,0.129973,"['474.736', '1399.035', '510.552', '1439.142']",35.816,40.107,208__x00000_y00965,"['00000', '00965']",small_16_32_64_128,0.125
47,921,1,1,210,210_pred_00001,0.354005,"['24.340', '1231.063', '65.547', '1273.088']",41.207,42.025,210__x00000_y00768,"['00000', '00768']",small_16_32_64_128,0.125
47,922,1,2,210,210_pred_00002,0.296603,"['675.117', '913.800', '715.203', '954.092']",40.086,40.292,210__x00384_y00768,"['00384', '00768']",small_16_32_64_128,0.125
47,923,1,3,210,210_pred_00005,0.260858,"['10.072', '1219.006', '95.766', '1291.834']",85.694,72.828,210__x00000_y00768,"['00000', '00768']",small_16_32_64_128,0.125
47,924,1,4,210,210_pred_00008,0.239191,"['666.279', '429.824', '708.354', '471.640']",42.075,41.816,210__x00384_y00000,"['00384', '00000']",small_16_32_64_128,0.125
47,925,2,1,210,210_pred_00011,0.216097,"['133.411', '943.488', '176.685', '984.997']",43.274,41.509,210__x00000_y00768,"['00000', '00768']",small_16_32_64_128,0.125
47,926,2,2,210,210_pred_00013,0.202668,"['941.985', '21.205', '984.587', '65.170']",42.602,43.965,210__x00596_y00000,"['00596', '00000']",small_16_32_64_128,0.125
47,927,2,3,210,210_pred_00015,0.197616,"['173.668', '983.115', '215.318', '1023.742']",41.650,40.627,210__x00000_y00768,"['00000', '00768']",small_16_32_64_128,0.125
47,928,2,4,210,210_pred_00019,0.187744,"['21.429', '1088.704', '61.905', '1130.719']",40.476,42.015,210__x00000_y00768,"['00000', '00768']",small_16_32_64_128,0.125
47,929,3,1,210,210_pred_00020,0.182129,"['95.663', '1177.684', '136.890', '1220.507']",41.227,42.823,210__x00000_y00965,"['00000', '00965']",small_16_32_64_128,0.125
47,930,3,2,210,210_pred_00021,0.179517,"['60.991', '1199.154', '102.818', '1238.788']",41.827,39.634,210__x00000_y00768,"['00000', '00768']",small_16_32_64_128,0.125
47,931,3,3,210,210_pred_00026,0.173084,"['700.933', '927.386', '743.430', '969.948']",42.497,42.562,210__x00384_y00768,"['00384', '00768']",small_16_32_64_128,0.125
47,932,3,4,210,210_pred_00027,0.172649,"['204.803', '983.313', '244.410', '1028.398']",39.607,45.085,210__x00000_y00768,"['00000', '00768']",small_16_32_64_128,0.125
47,933,4,1,210,210_pred_00028,0.172436,"['588.241', '163.016', '631.430', '205.343']",43.189,42.327,210__x00384_y00000,"['00384', '00000']",small_16_32_64_128,0.125
47,934,4,2,210,210_pred_00030,0.168672,"['70.113', '1145.780', '173.589', '1216.085']",103.476,70.305,210__x00000_y00965,"['00000', '00965']",small_16_32_64_128,0.125
47,935,4,3,210,210_pred_00031,0.167351,"['203.703', '1266.459', '244.364', '1308.291']",40.661,41.832,210__x00000_y00965,"['00000', '00965']",small_16_32_64_128,0.125
47,936,4,4,210,210_pred_00032,0.164959,"['140.192', '1045.702', '180.488', '1085.015']",40.296,39.313,210__x00000_y00965,"['00000', '00965']",small_16_32_64_128,0.125
47,937,5,1,210,210_pred_00033,0.164887,"['406.041', '1297.047', '450.529', '1339.568']",44.488,42.521,210__x00000_y00965,"['00000', '00965']",small_16_32_64_128,0.125
47,938,5,2,210,210_pred_00034,0.164296,"['918.939', '1297.012', '958.173', '1335.387']",39.234,38.375,210__x00596_y00965,"['00596', '00965']",small_16_32_64_128,0.125
47,939,5,3,210,210_pred_00039,0.153535,"['984.781', '648.261', '1026.322', '690.996']",41.541,42.735,210__x00596_y00384,"['00596', '00384']",small_16_32_64_128,0.125
47,940,5,4,210,210_pred_00040,0.153113,"['654.322', '485.892', '698.169', '528.952']",43.847,43.060,210__x00596_y00384,"['00596', '00384']",small_16_32_64_128,0.125
48,941,1,1,210,210_pred_00042,0.151567,"['675.187', '502.816', '719.635', '547.000']",44.448,44.184,210__x00596_y00384,"['00596', '00384']",small_16_32_64_128,0.125
48,942,1,2,210,210_pred_00044,0.151283,"['451.967', '142.305', '493.556', '183.182']",41.589,40.877,210__x00000_y00000,"['00000', '00000']",small_16_32_64_128,0.125
48,943,1,3,210,210_pred_00045,0.150930,"['204.584', '1009.811', '244.254', '1050.183']",39.670,40.372,210__x00000_y00965,"['00000', '00965']",small_16_32_64_128,0.125
48,944,1,4,210,210_pred_00047,0.149214,"['59.534', '730.911', '101.406', '774.766']",41.872,43.855,210__x00000_y00384,"['00000', '00384']",small_16_32_64_128,0.125
48,945,2,1,210,210_pred_00050,0.146692,"['472.584', '349.945', '508.216', '390.275']",35.632,40.330,210__x00000_y00000,"['00000', '00000']",small_16_32_64_128,0.125
48,946,2,2,210,210_pred_00051,0.144281,"['427.440', '1314.695', '472.112', '1357.065']",44.672,42.370,210__x00000_y00965,"['00000', '00965']",small_16_32_64_128,0.125
48,947,2,3,210,210_pred_00052,0.144133,"['138.978', '966.645', '240.579', '1042.653']",101.601,76.008,210__x00000_y00768,"['00000', '00768']",small_16_32_64_128,0.125
48,948,2,4,210,210_pred_00053,0.143508,"['674.334', '1004.714', '718.250', '1047.200']",43.916,42.486,210__x00596_y00768,"['00596', '00768']",small_16_32_64_128,0.125
48,949,3,1,210,210_pred_00055,0.141816,"['450.368', '1148.785', '493.553', '1190.806']",43.185,42.021,210__x00000_y00965,"['00000', '00965']",small_16_32_64_128,0.125
48,950,3,2,210,210_pred_00056,0.140191,"['835.201', '506.147', '878.815', '548.982']",43.614,42.835,210__x00384_y00384,"['00384', '00384']",small_16_32_64_128,0.125
48,951,3,3,210,210_pred_00058,0.137627,"['298.136', '1268.675', '343.942', '1315.003']",45.806,46.328,210__x00000_y00965,"['00000', '00965']",small_16_32_64_128,0.125
48,952,3,4,210,210_pred_00061,0.136140,"['858.533', '849.340', '894.908', '891.557']",36.375,42.217,210__x00384_y00768,"['00384', '00768']",small_16_32_64_128,0.125
48,953,4,1,210,210_pred_00062,0.135217,"['734.752', '690.382', '774.836', '729.644']",40.084,39.262,210__x00596_y00384,"['00596', '00384']",small_16_32_64_128,0.125
48,954,4,2,210,210_pred_00063,0.133268,"['831.466', '791.342', '871.504', '835.073']",40.038,43.731,210__x00384_y00384,"['00384', '00384']",small_16_32_64_128,0.125
48,955,4,3,210,210_pred_00065,0.132556,"['289.594', '409.101', '331.709', '450.819']",42.115,41.718,210__x00000_y00000,"['00000', '00000']",small_16_32_64_128,0.125
48,956,4,4,210,210_pred_00067,0.130838,"['831.399', '442.051', '875.910', '484.531']",44.511,42.480,210__x00384_y00384,"['00384', '00384']",small_16_32_64_128,0.125
48,957,5,1,210,210_pred_00068,0.130380,"['604.520', '506.284', '647.255', '548.788']",42.735,42.504,210__x00384_y00384,"['00384', '00384']",small_16_32_64_128,0.125
48,958,5,2,210,210_pred_00071,0.127954,"['81.108', '1010.844', '124.141', '1050.193']",43.033,39.349,210__x00000_y00965,"['00000', '00965']",small_16_32_64_128,0.125
48,959,5,3,210,210_pred_00072,0.127521,"['368.187', '809.401', '412.509', '854.701']",44.322,45.300,210__x00000_y00768,"['00000', '00768']",small_16_32_64_128,0.125
48,960,5,4,210,210_pred_00073,0.126892,"['138.477', '1270.908', '180.357', '1312.367']",41.880,41.459,210__x00000_y00965,"['00000', '00965']",small_16_32_64_128,0.125
49,961,1,1,210,210_pred_00074,0.125594,"['56.006', '330.153', '99.023', '372.561']",43.017,42.408,210__x00000_y00000,"['00000', '00000']",small_16_32_64_128,0.125
49,962,1,2,210,210_pred_00075,0.125342,"['877.616', '771.362', '922.139', '816.176']",44.523,44.814,210__x00596_y00384,"['00596', '00384']",small_16_32_64_128,0.125
49,963,1,3,216,216_pred_00002,0.282049,"['38.988', '1065.118', '80.643', '1106.961']",41.655,41.843,216__x00000_y00768,"['00000', '00768']",small_16_32_64_128,0.125
49,964,1,4,216,216_pred_00003,0.268876,"['207.874', '1125.336', '250.471', '1168.199']",42.597,42.863,216__x00000_y00768,"['00000', '00768']",small_16_32_64_128,0.125
49,965,2,1,216,216_pred_00005,0.229814,"['58.247', '813.216', '100.699', '855.390']",42.452,42.174,216__x00000_y00384,"['00000', '00384']",small_16_32_64_128,0.125
49,966,2,2,216,216_pred_00007,0.196828,"['59.364', '1311.628', '99.760', '1354.110']",40.396,42.482,216__x00000_y00965,"['00000', '00965']",small_16_32_64_128,0.125
49,967,2,3,216,216_pred_00008,0.188484,"['133.618', '1215.477', '175.233', '1258.690']",41.615,43.213,216__x00000_y00965,"['00000', '00965']",small_16_32_64_128,0.125
49,968,2,4,216,216_pred_00009,0.186932,"['3.594', '993.412', '43.086', '1033.310']",39.492,39.898,216__x00000_y00768,"['00000', '00768']",small_16_32_64_128,0.125
49,969,3,1,216,216_pred_00010,0.170463,"['441.267', '347.333', '485.035', '392.023']",43.768,44.690,216__x00384_y00000,"['00384', '00000']",small_16_32_64_128,0.125
49,970,3,2,216,216_pred_00011,0.170011,"['123.474', '1185.256', '165.502', '1228.905']",42.028,43.649,216__x00000_y00965,"['00000', '00965']",small_16_32_64_128,0.125
49,971,3,3,216,216_pred_00013,0.165604,"['471.312', '1159.316', '509.183', '1201.684']",37.871,42.368,216__x00000_y00768,"['00000', '00768']",small_16_32_64_128,0.125
49,972,3,4,216,216_pred_00014,0.163476,"['473.164', '1049.415', '508.776', '1092.501']",35.612,43.086,216__x00000_y00768,"['00000', '00768']",small_16_32_64_128,0.125
49,973,4,1,216,216_pred_00015,0.163419,"['858.567', '406.209', '895.181', '446.869']",36.614,40.660,216__x00384_y00384,"['00384', '00384']",small_16_32_64_128,0.125
49,974,4,2,216,216_pred_00016,0.161962,"['1046.320', '385.022', '1090.613', '421.356']",44.293,36.334,216__x00596_y00384,"['00596', '00384']",small_16_32_64_128,0.125
49,975,4,3,216,216_pred_00018,0.160270,"['9.692', '1047.293', '103.512', '1122.170']",93.820,74.877,216__x00000_y00965,"['00000', '00965']",small_16_32_64_128,0.125
49,976,4,4,216,216_pred_00019,0.158847,"['1047.712', '954.107', '1088.888', '994.806']",41.176,40.699,216__x00596_y00768,"['00596', '00768']",small_16_32_64_128,0.125
49,977,5,1,216,216_pred_00020,0.156798,"['525.012', '347.988', '567.178', '390.760']",42.166,42.772,216__x00384_y00000,"['00384', '00000']",small_16_32_64_128,0.125
49,978,5,2,216,216_pred_00021,0.155714,"['1071.035', '44.905', '1106.272', '84.658']",35.237,39.753,216__x00596_y00000,"['00596', '00000']",small_16_32_64_128,0.125
49,979,5,3,216,216_pred_00024,0.151739,"['526.362', '144.967', '568.195', '186.367']",41.833,41.400,216__x00384_y00000,"['00384', '00000']",small_16_32_64_128,0.125
49,980,5,4,216,216_pred_00025,0.146674,"['511.168', '670.057', '549.861', '710.272']",38.693,40.215,216__x00384_y00384,"['00384', '00384']",small_16_32_64_128,0.125
50,981,1,1,216,216_pred_00026,0.143345,"['139.721', '753.365', '182.505', '795.271']",42.784,41.906,216__x00000_y00384,"['00000', '00384']",small_16_32_64_128,0.125
50,982,1,2,216,216_pred_00027,0.143303,"['59.159', '1046.568', '101.371', '1088.290']",42.212,41.722,216__x00000_y00768,"['00000', '00768']",small_16_32_64_128,0.125
50,983,1,3,216,216_pred_00029,0.140431,"['387.024', '830.104', '433.403', '875.394']",46.379,45.290,216__x00000_y00768,"['00000', '00768']",small_16_32_64_128,0.125
50,984,1,4,216,216_pred_00030,0.139236,"['345.810', '1252.164', '386.490', '1294.831']",40.680,42.667,216__x00000_y00965,"['00000', '00965']",small_16_32_64_128,0.125
50,985,2,1,216,216_pred_00031,0.138815,"['506.627', '846.096', '549.070', '888.057']",42.443,41.961,216__x00384_y00768,"['00384', '00768']",small_16_32_64_128,0.125
50,986,2,2,216,216_pred_00032,0.137031,"['21.839', '1290.284', '66.180', '1336.450']",44.341,46.166,216__x00000_y00965,"['00000', '00965']",small_16_32_64_128,0.125
50,987,2,3,216,216_pred_00033,0.134904,"['1022.815', '973.199', '1066.144', '1014.606']",43.329,41.407,216__x00596_y00768,"['00596', '00768']",small_16_32_64_128,0.125
50,988,2,4,216,216_pred_00034,0.133552,"['78.632', '1291.773', '123.391', '1335.379']",44.759,43.606,216__x00000_y00965,"['00000', '00965']",small_16_32_64_128,0.125
50,989,3,1,216,216_pred_00036,0.133355,"['615.813', '203.798', '658.719', '246.646']",42.906,42.848,216__x00384_y00000,"['00384', '00000']",small_16_32_64_128,0.125
50,990,3,2,216,216_pred_00037,0.131907,"['172.169', '1100.982', '214.877', '1143.200']",42.708,42.218,216__x00000_y00965,"['00000', '00965']",small_16_32_64_128,0.125
50,991,3,3,216,216_pred_00038,0.130429,"['163.041', '808.116', '205.617', '849.392']",42.576,41.276,216__x00000_y00768,"['00000', '00768']",small_16_32_64_128,0.125
50,992,3,4,216,216_pred_00039,0.129776,"['622.303', '393.303', '662.941', '434.369']",40.638,41.066,216__x00384_y00000,"['00384', '00000']",small_16_32_64_128,0.125
50,993,4,1,216,216_pred_00040,0.129122,"['737.974', '203.852', '780.104', '246.127']",42.130,42.275,216__x00596_y00000,"['00596', '00000']",small_16_32_64_128,0.125
50,994,4,2,216,216_pred_00041,0.127065,"['566.828', '164.564', '608.302', '205.130']",41.474,40.566,216__x00384_y00000,"['00384', '00000']",small_16_32_64_128,0.125
50,995,4,3,216,216_pred_00042,0.125846,"['286.081', '1107.199', '328.196', '1149.350']",42.115,42.151,216__x00000_y00965,"['00000', '00965']",small_16_32_64_128,0.125
50,996,4,4,216,216_pred_00043,0.125804,"['162.602', '1149.029', '202.561', '1191.980']",39.959,42.951,216__x00000_y00965,"['00000', '00965']",small_16_32_64_128,0.125
50,997,5,1,217,217_pred_00001,0.310813,"['1067.721', '247.921', '1104.354', '288.416']",36.633,40.495,217__x00596_y00000,"['00596', '00000']",small_16_32_64_128,0.125
50,998,5,2,217,217_pred_00002,0.278746,"['778.178', '265.678', '820.570', '308.035']",42.392,42.357,217__x00384_y00000,"['00384', '00000']",small_16_32_64_128,0.125
50,999,5,3,217,217_pred_00003,0.250849,"['447.731', '1139.435', '487.255', '1182.372']",39.524,42.937,217__x00000_y00768,"['00000', '00768']",small_16_32_64_128,0.125
50,1000,5,4,217,217_pred_00004,0.200616,"['757.428', '1107.963', '801.966', '1153.299']",44.538,45.336,217__x00384_y00768,"['00384', '00768']",small_16_32_64_128,0.125
51,1001,1,1,217,217_pred_00005,0.199308,"['857.618', '1030.595', '894.656', '1069.745']",37.038,39.150,217__x00384_y00965,"['00384', '00965']",small_16_32_64_128,0.125
51,1002,1,2,217,217_pred_00008,0.182839,"['1069.257', '756.156', '1105.545', '795.967']",36.288,39.811,217__x00596_y00384,"['00596', '00384']",small_16_32_64_128,0.125
51,1003,1,3,217,217_pred_00009,0.175383,"['780.686', '1057.331', '822.154', '1098.826']",41.468,41.495,217__x00384_y00768,"['00384', '00768']",small_16_32_64_128,0.125
51,1004,1,4,217,217_pred_00011,0.156304,"['472.101', '101.849', '510.066', '142.585']",37.965,40.736,217__x00000_y00000,"['00000', '00000']",small_16_32_64_128,0.125
51,1005,2,1,217,217_pred_00014,0.152577,"['473.603', '1095.926', '510.820', '1138.635']",37.217,42.709,217__x00000_y00768,"['00000', '00768']",small_16_32_64_128,0.125
51,1006,2,2,217,217_pred_00015,0.149441,"['387.978', '1134.978', '431.069', '1177.493']",43.091,42.515,217__x00000_y00768,"['00000', '00768']",small_16_32_64_128,0.125
51,1007,2,3,217,217_pred_00019,0.140634,"['438.623', '1060.445', '482.476', '1104.097']",43.853,43.652,217__x00384_y00965,"['00384', '00965']",small_16_32_64_128,0.125
51,1008,2,4,217,217_pred_00021,0.137892,"['56.246', '1057.586', '97.399', '1100.865']",41.153,43.279,217__x00000_y00768,"['00000', '00768']",small_16_32_64_128,0.125
51,1009,3,1,217,217_pred_00022,0.137728,"['847.675', '1100.530', '889.646', '1142.893']",41.971,42.363,217__x00596_y00965,"['00596', '00965']",small_16_32_64_128,0.125
51,1010,3,2,217,217_pred_00023,0.137033,"['823.066', '1415.069', '866.791', '1456.004']",43.725,40.935,217__x00384_y00965,"['00384', '00965']",small_16_32_64_128,0.125
51,1011,3,3,217,217_pred_00027,0.129309,"['101.073', '1088.190', '143.609', '1130.918']",42.536,42.728,217__x00000_y00965,"['00000', '00965']",small_16_32_64_128,0.125
51,1012,3,4,217,217_pred_00029,0.127205,"['862.692', '1314.604', '902.342', '1355.952']",39.650,41.348,217__x00596_y00965,"['00596', '00965']",small_16_32_64_128,0.125
51,1013,4,1,217,217_pred_00033,0.125056,"['222.392', '1002.522', '265.386', '1047.267']",42.994,44.745,217__x00000_y00965,"['00000', '00965']",small_16_32_64_128,0.125
51,1014,4,2,223,223_pred_00002,0.278698,"['699.918', '1001.137', '764.033', '1048.575']",64.115,47.438,223__x00384_y00768,"['00384', '00768']",small_16_32_64_128,0.125
51,1015,4,3,223,223_pred_00004,0.198548,"['159.536', '1335.168', '203.159', '1378.545']",43.623,43.377,223__x00000_y00965,"['00000', '00965']",small_16_32_64_128,0.125
51,1016,4,4,223,223_pred_00008,0.188578,"['472.357', '1130.281', '510.943', '1174.124']",38.586,43.843,223__x00000_y00768,"['00000', '00768']",small_16_32_64_128,0.125
51,1017,5,1,223,223_pred_00009,0.187420,"['158.585', '1050.595', '202.465', '1095.851']",43.880,45.256,223__x00000_y00768,"['00000', '00768']",small_16_32_64_128,0.125
51,1018,5,2,223,223_pred_00010,0.182848,"['251.169', '864.540', '294.054', '905.618']",42.885,41.078,223__x00000_y00768,"['00000', '00768']",small_16_32_64_128,0.125
51,1019,5,3,223,223_pred_00011,0.181352,"['0.000', '247.629', '35.434', '287.781']",35.434,40.152,223__x00000_y00000,"['00000', '00000']",small_16_32_64_128,0.125
51,1020,5,4,223,223_pred_00013,0.176484,"['250.755', '1125.872', '295.061', '1170.174']",44.306,44.302,223__x00000_y00768,"['00000', '00768']",small_16_32_64_128,0.125
52,1021,1,1,223,223_pred_00014,0.176201,"['161.169', '470.189', '203.558', '512.939']",42.389,42.750,223__x00000_y00384,"['00000', '00384']",small_16_32_64_128,0.125
52,1022,1,2,223,223_pred_00015,0.174108,"['443.473', '1271.102', '486.571', '1314.692']",43.098,43.590,223__x00384_y00965,"['00384', '00965']",small_16_32_64_128,0.125
52,1023,1,3,223,223_pred_00016,0.171984,"['856.579', '930.248', '895.512', '973.093']",38.933,42.845,223__x00384_y00768,"['00384', '00768']",small_16_32_64_128,0.125
52,1024,1,4,223,223_pred_00017,0.169152,"['636.562', '1148.248', '677.984', '1191.357']",41.422,43.109,223__x00384_y00965,"['00384', '00965']",small_16_32_64_128,0.125
52,1025,2,1,223,223_pred_00019,0.167221,"['243.452', '1309.205', '285.851', '1350.870']",42.399,41.665,223__x00000_y00965,"['00000', '00965']",small_16_32_64_128,0.125
52,1026,2,2,223,223_pred_00020,0.162852,"['94.080', '1099.259', '137.041', '1143.314']",42.961,44.055,223__x00000_y00768,"['00000', '00768']",small_16_32_64_128,0.125
52,1027,2,3,223,223_pred_00025,0.158688,"['100.718', '139.335', '145.318', '183.282']",44.600,43.947,223__x00000_y00000,"['00000', '00000']",small_16_32_64_128,0.125
52,1028,2,4,223,223_pred_00027,0.149177,"['941.792', '223.877', '986.674', '265.386']",44.882,41.509,223__x00596_y00000,"['00596', '00000']",small_16_32_64_128,0.125
52,1029,3,1,223,223_pred_00028,0.147370,"['668.927', '929.258', '713.335', '973.909']",44.408,44.651,223__x00384_y00768,"['00384', '00768']",small_16_32_64_128,0.125
52,1030,3,2,223,223_pred_00029,0.146935,"['264.974', '850.365', '306.409', '890.803']",41.435,40.438,223__x00000_y00768,"['00000', '00768']",small_16_32_64_128,0.125
52,1031,3,3,223,223_pred_00030,0.145573,"['925.076', '1098.963', '970.267', '1141.747']",45.191,42.784,223__x00596_y00965,"['00596', '00965']",small_16_32_64_128,0.125
52,1032,3,4,223,223_pred_00033,0.136072,"['424.602', '1134.743', '466.669', '1177.172']",42.067,42.429,223__x00000_y00768,"['00000', '00768']",small_16_32_64_128,0.125
52,1033,4,1,223,223_pred_00035,0.135191,"['449.543', '60.359', '492.603', '104.968']",43.060,44.609,223__x00000_y00000,"['00000', '00000']",small_16_32_64_128,0.125
52,1034,4,2,223,223_pred_00037,0.134289,"['486.878', '773.904', '529.194', '815.197']",42.316,41.293,223__x00384_y00384,"['00384', '00384']",small_16_32_64_128,0.125
52,1035,4,3,223,223_pred_00038,0.133468,"['515.743', '1138.991', '557.956', '1181.917']",42.213,42.926,223__x00384_y00965,"['00384', '00965']",small_16_32_64_128,0.125
52,1036,4,4,223,223_pred_00040,0.131282,"['19.505', '983.596', '63.931', '1028.812']",44.426,45.216,223__x00000_y00965,"['00000', '00965']",small_16_32_64_128,0.125
52,1037,5,1,223,223_pred_00041,0.131139,"['38.263', '1416.208', '79.061', '1457.051']",40.798,40.843,223__x00000_y00965,"['00000', '00965']",small_16_32_64_128,0.125
52,1038,5,2,223,223_pred_00042,0.131089,"['857.989', '63.651', '894.235', '105.600']",36.246,41.949,223__x00384_y00000,"['00384', '00000']",small_16_32_64_128,0.125
52,1039,5,3,223,223_pred_00043,0.131048,"['483.794', '1199.006', '527.295', '1240.793']",43.501,41.787,223__x00384_y00768,"['00384', '00768']",small_16_32_64_128,0.125
52,1040,5,4,223,223_pred_00044,0.130721,"['857.010', '370.969', '892.515', '412.447']",35.505,41.478,223__x00384_y00000,"['00384', '00000']",small_16_32_64_128,0.125
53,1041,1,1,223,223_pred_00045,0.130261,"['601.291', '103.337', '637.678', '140.436']",36.387,37.099,223__x00596_y00000,"['00596', '00000']",small_16_32_64_128,0.125
53,1042,1,2,223,223_pred_00046,0.129749,"['920.986', '244.006', '965.117', '287.232']",44.131,43.226,223__x00596_y00000,"['00596', '00000']",small_16_32_64_128,0.125
53,1043,1,3,223,223_pred_00047,0.129612,"['618.612', '987.664', '659.654', '1028.611']",41.042,40.947,223__x00384_y00768,"['00384', '00768']",small_16_32_64_128,0.125
53,1044,1,4,223,223_pred_00048,0.128795,"['220.148', '1282.092', '304.766', '1353.932']",84.618,71.840,223__x00000_y00965,"['00000', '00965']",small_16_32_64_128,0.125
53,1045,2,1,223,223_pred_00049,0.128518,"['203.622', '348.892', '246.549', '389.199']",42.927,40.307,223__x00000_y00000,"['00000', '00000']",small_16_32_64_128,0.125
53,1046,2,2,223,223_pred_00050,0.126438,"['224.218', '1112.719', '322.089', '1188.463']",97.871,75.744,223__x00000_y00965,"['00000', '00965']",small_16_32_64_128,0.125
53,1047,2,3,223,223_pred_00052,0.125790,"['368.780', '1200.734', '410.929', '1241.455']",42.149,40.721,223__x00000_y00768,"['00000', '00768']",small_16_32_64_128,0.125
53,1048,2,4,223,223_pred_00053,0.125419,"['80.471', '991.144', '123.707', '1035.206']",43.236,44.062,223__x00000_y00768,"['00000', '00768']",small_16_32_64_128,0.125
53,1049,3,1,225,225_pred_00002,0.341482,"['76.822', '179.334', '122.268', '223.335']",45.446,44.001,225__x00000_y00000,"['00000', '00000']",small_16_32_64_128,0.125
53,1050,3,2,225,225_pred_00003,0.324338,"['769.910', '213.688', '811.828', '255.815']",41.918,42.127,225__x00384_y00000,"['00384', '00000']",small_16_32_64_128,0.125
53,1051,3,3,225,225_pred_00004,0.311917,"['225.439', '1171.871', '266.114', '1214.463']",40.675,42.592,225__x00000_y00965,"['00000', '00965']",small_16_32_64_128,0.125
53,1052,3,4,225,225_pred_00005,0.305202,"['689.748', '1255.562', '733.043', '1298.789']",43.295,43.227,225__x00384_y00965,"['00384', '00965']",small_16_32_64_128,0.125
53,1053,4,1,225,225_pred_00006,0.287313,"['63.534', '165.380', '105.375', '207.086']",41.841,41.706,225__x00000_y00000,"['00000', '00000']",small_16_32_64_128,0.125
53,1054,4,2,225,225_pred_00008,0.272930,"['20.224', '869.320', '62.504', '912.453']",42.280,43.133,225__x00000_y00768,"['00000', '00768']",small_16_32_64_128,0.125
53,1055,4,3,225,225_pred_00011,0.235270,"['525.853', '889.461', '568.187', '932.167']",42.334,42.706,225__x00384_y00768,"['00384', '00768']",small_16_32_64_128,0.125
53,1056,4,4,225,225_pred_00012,0.234830,"['223.235', '1270.789', '266.560', '1313.284']",43.325,42.495,225__x00000_y00965,"['00000', '00965']",small_16_32_64_128,0.125
53,1057,5,1,225,225_pred_00013,0.221701,"['102.987', '629.827', '143.787', '670.100']",40.800,40.273,225__x00000_y00384,"['00000', '00384']",small_16_32_64_128,0.125
53,1058,5,2,225,225_pred_00014,0.218680,"['586.140', '1045.990', '632.083', '1091.662']",45.943,45.672,225__x00384_y00768,"['00384', '00768']",small_16_32_64_128,0.125
53,1059,5,3,225,225_pred_00015,0.216958,"['795.978', '1070.487', '841.238', '1113.098']",45.260,42.611,225__x00384_y00768,"['00384', '00768']",small_16_32_64_128,0.125
53,1060,5,4,225,225_pred_00016,0.214467,"['94.807', '251.378', '137.001', '294.762']",42.194,43.384,225__x00000_y00000,"['00000', '00000']",small_16_32_64_128,0.125
54,1061,1,1,225,225_pred_00017,0.210705,"['202.518', '259.017', '247.905', '304.886']",45.387,45.869,225__x00000_y00000,"['00000', '00000']",small_16_32_64_128,0.125
54,1062,1,2,225,225_pred_00019,0.209959,"['450.987', '1128.782', '493.923', '1170.872']",42.936,42.090,225__x00000_y00768,"['00000', '00768']",small_16_32_64_128,0.125
54,1063,1,3,225,225_pred_00020,0.209343,"['309.081', '104.781', '351.243', '145.846']",42.162,41.065,225__x00000_y00000,"['00000', '00000']",small_16_32_64_128,0.125
54,1064,1,4,225,225_pred_00022,0.208988,"['453.229', '143.962', '497.236', '185.812']",44.007,41.850,225__x00000_y00000,"['00000', '00000']",small_16_32_64_128,0.125
54,1065,2,1,225,225_pred_00024,0.205859,"['745.972', '1085.865', '832.981', '1159.016']",87.009,73.151,225__x00384_y00965,"['00384', '00965']",small_16_32_64_128,0.125
54,1066,2,2,225,225_pred_00027,0.189147,"['102.384', '203.707', '143.762', '244.768']",41.378,41.061,225__x00000_y00000,"['00000', '00000']",small_16_32_64_128,0.125
54,1067,2,3,225,225_pred_00030,0.174636,"['1021.135', '1013.715', '1063.542', '1057.371']",42.407,43.656,225__x00596_y00768,"['00596', '00768']",small_16_32_64_128,0.125
54,1068,2,4,225,225_pred_00031,0.172807,"['757.976', '1395.681', '801.715', '1439.163']",43.739,43.482,225__x00384_y00965,"['00384', '00965']",small_16_32_64_128,0.125
54,1069,3,1,225,225_pred_00033,0.170071,"['364.270', '39.363', '408.445', '83.114']",44.175,43.751,225__x00000_y00000,"['00000', '00000']",small_16_32_64_128,0.125
54,1070,3,2,225,225_pred_00035,0.168273,"['635.209', '827.751', '678.771', '872.045']",43.562,44.294,225__x00384_y00768,"['00384', '00768']",small_16_32_64_128,0.125
54,1071,3,3,225,225_pred_00039,0.162153,"['478.851', '212.344', '520.400', '255.493']",41.549,43.149,225__x00384_y00000,"['00384', '00000']",small_16_32_64_128,0.125
54,1072,3,4,225,225_pred_00040,0.161803,"['264.188', '284.660', '306.968', '329.417']",42.780,44.757,225__x00000_y00000,"['00000', '00000']",small_16_32_64_128,0.125
54,1073,4,1,225,225_pred_00041,0.161467,"['163.458', '224.935', '204.443', '264.787']",40.985,39.852,225__x00000_y00000,"['00000', '00000']",small_16_32_64_128,0.125
54,1074,4,2,225,225_pred_00043,0.158734,"['832.228', '992.841', '877.015', '1035.856']",44.787,43.015,225__x00384_y00768,"['00384', '00768']",small_16_32_64_128,0.125
54,1075,4,3,225,225_pred_00044,0.158658,"['285.258', '324.496', '327.096', '367.620']",41.838,43.124,225__x00000_y00000,"['00000', '00000']",small_16_32_64_128,0.125
54,1076,4,4,225,225_pred_00045,0.157435,"['478.660', '408.906', '521.702', '450.641']",43.042,41.735,225__x00384_y00000,"['00384', '00000']",small_16_32_64_128,0.125
54,1077,5,1,225,225_pred_00046,0.157110,"['245.444', '304.361', '286.162', '348.626']",40.718,44.265,225__x00000_y00000,"['00000', '00000']",small_16_32_64_128,0.125
54,1078,5,2,225,225_pred_00047,0.154606,"['688.953', '1019.825', '733.046', '1063.341']",44.093,43.516,225__x00596_y00768,"['00596', '00768']",small_16_32_64_128,0.125
54,1079,5,3,225,225_pred_00048,0.154293,"['439.807', '1059.912', '483.561', '1102.237']",43.754,42.325,225__x00000_y00768,"['00000', '00768']",small_16_32_64_128,0.125
54,1080,5,4,225,225_pred_00049,0.152619,"['828.537', '348.521', '872.724', '393.525']",44.187,45.004,225__x00384_y00000,"['00384', '00000']",small_16_32_64_128,0.125
55,1081,1,1,225,225_pred_00051,0.152063,"['604.883', '775.831', '647.439', '816.166']",42.556,40.335,225__x00384_y00384,"['00384', '00384']",small_16_32_64_128,0.125
55,1082,1,2,225,225_pred_00052,0.152004,"['265.954', '430.852', '307.350', '474.576']",41.396,43.724,225__x00000_y00000,"['00000', '00000']",small_16_32_64_128,0.125
55,1083,1,3,225,225_pred_00054,0.151073,"['1047.798', '288.702', '1090.000', '330.268']",42.202,41.566,225__x00596_y00000,"['00596', '00000']",small_16_32_64_128,0.125
55,1084,1,4,225,225_pred_00055,0.150706,"['139.249', '369.936', '183.684', '412.095']",44.435,42.159,225__x00000_y00000,"['00000', '00000']",small_16_32_64_128,0.125
55,1085,2,1,225,225_pred_00056,0.150615,"['322.176', '991.720', '365.901', '1034.839']",43.725,43.119,225__x00000_y00768,"['00000', '00768']",small_16_32_64_128,0.125
55,1086,2,2,225,225_pred_00059,0.148554,"['833.865', '1268.776', '876.566', '1312.882']",42.701,44.106,225__x00384_y00965,"['00384', '00965']",small_16_32_64_128,0.125
55,1087,2,3,225,225_pred_00060,0.148066,"['143.195', '1194.517', '188.556', '1241.463']",45.361,46.946,225__x00000_y00768,"['00000', '00768']",small_16_32_64_128,0.125
55,1088,2,4,225,225_pred_00062,0.146024,"['38.148', '887.714', '82.091', '932.908']",43.943,45.194,225__x00000_y00768,"['00000', '00768']",small_16_32_64_128,0.125
55,1089,3,1,225,225_pred_00063,0.145777,"['407.269', '441.367', '450.771', '483.631']",43.502,42.264,225__x00000_y00000,"['00000', '00000']",small_16_32_64_128,0.125
55,1090,3,2,225,225_pred_00064,0.145090,"['761.868', '1107.534', '800.013', '1150.658']",38.145,43.124,225__x00596_y00965,"['00596', '00965']",small_16_32_64_128,0.125
55,1091,3,3,225,225_pred_00069,0.141354,"['470.940', '122.998', '507.176', '165.051']",36.236,42.053,225__x00000_y00000,"['00000', '00000']",small_16_32_64_128,0.125
55,1092,3,4,225,225_pred_00070,0.141348,"['58.944', '325.713', '102.410', '367.892']",43.466,42.179,225__x00000_y00000,"['00000', '00000']",small_16_32_64_128,0.125
55,1093,4,1,225,225_pred_00072,0.140061,"['516.212', '1019.671', '560.230', '1062.762']",44.018,43.091,225__x00384_y00768,"['00384', '00768']",small_16_32_64_128,0.125
55,1094,4,2,225,225_pred_00073,0.140061,"['798.117', '223.286', '840.612', '265.044']",42.495,41.758,225__x00384_y00000,"['00384', '00000']",small_16_32_64_128,0.125
55,1095,4,3,225,225_pred_00075,0.139301,"['438.729', '628.681', '483.381', '674.357']",44.652,45.676,225__x00384_y00384,"['00384', '00384']",small_16_32_64_128,0.125
55,1096,4,4,225,225_pred_00077,0.138939,"['717.491', '183.751', '758.962', '225.546']",41.471,41.795,225__x00596_y00000,"['00596', '00000']",small_16_32_64_128,0.125
55,1097,5,1,225,225_pred_00078,0.138125,"['830.934', '1097.365', '870.506', '1140.625']",39.572,43.260,225__x00384_y00768,"['00384', '00768']",small_16_32_64_128,0.125
55,1098,5,2,225,225_pred_00081,0.135920,"['690.642', '1295.011', '733.893', '1338.279']",43.251,43.268,225__x00384_y00965,"['00384', '00965']",small_16_32_64_128,0.125
55,1099,5,3,225,225_pred_00082,0.134369,"['710.067', '1270.057', '751.906', '1310.918']",41.839,40.861,225__x00384_y00965,"['00384', '00965']",small_16_32_64_128,0.125
55,1100,5,4,225,225_pred_00083,0.133632,"['502.791', '100.666', '546.959', '143.396']",44.168,42.730,225__x00384_y00000,"['00384', '00000']",small_16_32_64_128,0.125
56,1101,1,1,225,225_pred_00088,0.132420,"['182.356', '327.427', '224.249', '368.655']",41.893,41.228,225__x00000_y00000,"['00000', '00000']",small_16_32_64_128,0.125
56,1102,1,2,225,225_pred_00089,0.131994,"['857.720', '888.285', '902.699', '933.995']",44.979,45.710,225__x00596_y00768,"['00596', '00768']",small_16_32_64_128,0.125
56,1103,1,3,225,225_pred_00090,0.131608,"['914.019', '1014.182', '958.928', '1059.090']",44.909,44.908,225__x00596_y00768,"['00596', '00768']",small_16_32_64_128,0.125
56,1104,1,4,225,225_pred_00091,0.131593,"['473.484', '1067.546', '510.624', '1108.759']",37.140,41.213,225__x00000_y00965,"['00000', '00965']",small_16_32_64_128,0.125
56,1105,2,1,225,225_pred_00092,0.131326,"['718.148', '1044.951', '762.391', '1089.104']",44.243,44.153,225__x00596_y00965,"['00596', '00965']",small_16_32_64_128,0.125
56,1106,2,2,225,225_pred_00094,0.131241,"['524.234', '1208.132', '567.535', '1253.310']",43.301,45.178,225__x00384_y00965,"['00384', '00965']",small_16_32_64_128,0.125
56,1107,2,3,225,225_pred_00095,0.129522,"['242.763', '63.019', '284.788', '106.615']",42.025,43.596,225__x00000_y00000,"['00000', '00000']",small_16_32_64_128,0.125
56,1108,2,4,225,225_pred_00099,0.126376,"['673.121', '1216.639', '715.748', '1259.702']",42.627,43.063,225__x00384_y00965,"['00384', '00965']",small_16_32_64_128,0.125
56,1109,3,1,225,225_pred_00100,0.126304,"['388.671', '306.299', '430.324', '349.446']",41.653,43.147,225__x00000_y00000,"['00000', '00000']",small_16_32_64_128,0.125
56,1110,3,2,225,225_pred_00103,0.125705,"['93.361', '134.970', '136.220', '177.032']",42.859,42.062,225__x00000_y00000,"['00000', '00000']",small_16_32_64_128,0.125
56,1111,3,3,set_3/set_3_pair_003,set_3/set_3_pair_003_pred_00001,0.314468,"['943.262', '788.927', '985.741', '831.395']",42.479,42.468,set_3/set_3_pair_003__x00596_y00384,"['00596', '00384']",small_16_32_64_128,0.125
56,1112,3,4,set_3/set_3_pair_003,set_3/set_3_pair_003_pred_00006,0.253484,"['818.567', '426.601', '861.457', '468.718']",42.890,42.117,set_3/set_3_pair_003__x00384_y00000,"['00384', '00000']",small_16_32_64_128,0.125
56,1113,4,1,set_3/set_3_pair_003,set_3/set_3_pair_003_pred_00008,0.245110,"['61.274', '1053.138', '103.156', '1097.168']",41.882,44.030,set_3/set_3_pair_003__x00000_y00768,"['00000', '00768']",small_16_32_64_128,0.125
56,1114,4,2,set_3/set_3_pair_003,set_3/set_3_pair_003_pred_00010,0.230505,"['449.815', '527.158', '492.423', '571.361']",42.608,44.203,set_3/set_3_pair_003__x00000_y00384,"['00000', '00384']",small_16_32_64_128,0.125
56,1115,4,3,set_3/set_3_pair_003,set_3/set_3_pair_003_pred_00013,0.216998,"['715.919', '1209.007', '759.933', '1252.247']",44.014,43.240,set_3/set_3_pair_003__x00384_y00965,"['00384', '00965']",small_16_32_64_128,0.125
56,1116,4,4,set_3/set_3_pair_003,set_3/set_3_pair_003_pred_00015,0.208497,"['799.576', '565.935', '842.311', '608.892']",42.735,42.957,set_3/set_3_pair_003__x00596_y00384,"['00596', '00384']",small_16_32_64_128,0.125
56,1117,5,1,set_3/set_3_pair_003,set_3/set_3_pair_003_pred_00017,0.192634,"['818.491', '142.267', '860.903', '184.456']",42.412,42.189,set_3/set_3_pair_003__x00384_y00000,"['00384', '00000']",small_16_32_64_128,0.125
56,1118,5,2,set_3/set_3_pair_003,set_3/set_3_pair_003_pred_00021,0.186410,"['634.531', '62.201', '674.793', '105.196']",40.262,42.995,set_3/set_3_pair_003__x00596_y00000,"['00596', '00000']",small_16_32_64_128,0.125
56,1119,5,3,set_3/set_3_pair_003,set_3/set_3_pair_003_pred_00023,0.182146,"['132.828', '18.985', '176.599', '58.465']",43.771,39.480,set_3/set_3_pair_003__x00000_y00000,"['00000', '00000']",small_16_32_64_128,0.125
56,1120,5,4,set_3/set_3_pair_003,set_3/set_3_pair_003_pred_00025,0.177656,"['286.975', '144.239', '326.632', '186.248']",39.657,42.009,set_3/set_3_pair_003__x00000_y00000,"['00000', '00000']",small_16_32_64_128,0.125
57,1121,1,1,set_3/set_3_pair_003,set_3/set_3_pair_003_pred_00026,0.177644,"['963.368', '805.369', '1007.078', '850.635']",43.710,45.266,set_3/set_3_pair_003__x00596_y00384,"['00596', '00384']",small_16_32_64_128,0.125
57,1122,1,2,set_3/set_3_pair_003,set_3/set_3_pair_003_pred_00028,0.175278,"['613.572', '893.798', '657.501', '936.051']",43.929,42.253,set_3/set_3_pair_003__x00596_y00768,"['00596', '00768']",small_16_32_64_128,0.125
57,1123,1,3,set_3/set_3_pair_003,set_3/set_3_pair_003_pred_00030,0.174106,"['59.806', '1187.338', '102.679', '1232.233']",42.873,44.895,set_3/set_3_pair_003__x00000_y00965,"['00000', '00965']",small_16_32_64_128,0.125
57,1124,1,4,set_3/set_3_pair_003,set_3/set_3_pair_003_pred_00031,0.172711,"['161.141', '644.297', '205.741', '688.883']",44.600,44.586,set_3/set_3_pair_003__x00000_y00384,"['00000', '00384']",small_16_32_64_128,0.125
57,1125,2,1,set_3/set_3_pair_003,set_3/set_3_pair_003_pred_00036,0.168108,"['1005.197', '41.917', '1046.425', '83.222']",41.228,41.305,set_3/set_3_pair_003__x00596_y00000,"['00596', '00000']",small_16_32_64_128,0.125
57,1126,2,2,set_3/set_3_pair_003,set_3/set_3_pair_003_pred_00038,0.166210,"['61.163', '281.345', '104.112', '323.824']",42.949,42.479,set_3/set_3_pair_003__x00000_y00000,"['00000', '00000']",small_16_32_64_128,0.125
57,1127,2,3,set_3/set_3_pair_003,set_3/set_3_pair_003_pred_00039,0.166144,"['1070.896', '41.963', '1107.887', '81.812']",36.991,39.849,set_3/set_3_pair_003__x00596_y00000,"['00596', '00000']",small_16_32_64_128,0.125
57,1128,2,4,set_3/set_3_pair_003,set_3/set_3_pair_003_pred_00041,0.165317,"['880.104', '444.675', '923.515', '487.243']",43.411,42.568,set_3/set_3_pair_003__x00596_y00384,"['00596', '00384']",small_16_32_64_128,0.125
57,1129,3,1,set_3/set_3_pair_003,set_3/set_3_pair_003_pred_00042,0.163998,"['839.534', '163.324', '882.057', '204.907']",42.523,41.583,set_3/set_3_pair_003__x00596_y00000,"['00596', '00000']",small_16_32_64_128,0.125
57,1130,3,2,set_3/set_3_pair_003,set_3/set_3_pair_003_pred_00043,0.161314,"['1022.710', '985.220', '1066.514', '1027.499']",43.804,42.279,set_3/set_3_pair_003__x00596_y00768,"['00596', '00768']",small_16_32_64_128,0.125
57,1131,3,3,set_3/set_3_pair_003,set_3/set_3_pair_003_pred_00044,0.161303,"['472.120', '63.388', '508.744', '104.442']",36.624,41.054,set_3/set_3_pair_003__x00000_y00000,"['00000', '00000']",small_16_32_64_128,0.125
57,1132,3,4,set_3/set_3_pair_003,set_3/set_3_pair_003_pred_00045,0.159755,"['475.960', '347.114', '512.000', '390.072']",36.040,42.958,set_3/set_3_pair_003__x00000_y00000,"['00000', '00000']",small_16_32_64_128,0.125
57,1133,4,1,set_3/set_3_pair_003,set_3/set_3_pair_003_pred_00046,0.158287,"['264.957', '1289.739', '306.267', '1334.222']",41.310,44.483,set_3/set_3_pair_003__x00000_y00965,"['00000', '00965']",small_16_32_64_128,0.125
57,1134,4,2,set_3/set_3_pair_003,set_3/set_3_pair_003_pred_00047,0.157877,"['1044.350', '687.095', '1091.112', '732.030']",46.762,44.935,set_3/set_3_pair_003__x00596_y00384,"['00596', '00384']",small_16_32_64_128,0.125
57,1135,4,3,set_3/set_3_pair_003,set_3/set_3_pair_003_pred_00048,0.156500,"['277.677', '589.536', '322.932', '638.839']",45.255,49.303,set_3/set_3_pair_003__x00000_y00384,"['00000', '00384']",small_16_32_64_128,0.125
57,1136,4,4,set_3/set_3_pair_003,set_3/set_3_pair_003_pred_00049,0.156391,"['505.984', '648.277', '549.814', '692.614']",43.830,44.337,set_3/set_3_pair_003__x00384_y00384,"['00384', '00384']",small_16_32_64_128,0.125
57,1137,5,1,set_3/set_3_pair_003,set_3/set_3_pair_003_pred_00050,0.155065,"['598.854', '1050.175', '636.838', '1091.014']",37.984,40.839,set_3/set_3_pair_003__x00596_y00768,"['00596', '00768']",small_16_32_64_128,0.125
57,1138,5,2,set_3/set_3_pair_003,set_3/set_3_pair_003_pred_00051,0.153040,"['796.613', '228.237', '839.191', '268.489']",42.578,40.252,set_3/set_3_pair_003__x00596_y00000,"['00596', '00000']",small_16_32_64_128,0.125
57,1139,5,3,set_3/set_3_pair_003,set_3/set_3_pair_003_pred_00053,0.151266,"['1045.853', '948.993', '1090.622', '993.308']",44.769,44.315,set_3/set_3_pair_003__x00596_y00768,"['00596', '00768']",small_16_32_64_128,0.125
57,1140,5,4,set_3/set_3_pair_003,set_3/set_3_pair_003_pred_00054,0.150736,"['696.931', '732.676', '739.951', '778.910']",43.020,46.234,set_3/set_3_pair_003__x00596_y00384,"['00596', '00384']",small_16_32_64_128,0.125
58,1141,1,1,set_3/set_3_pair_003,set_3/set_3_pair_003_pred_00056,0.150322,"['428.686', '1351.714', '471.816', '1397.245']",43.130,45.531,set_3/set_3_pair_003__x00000_y00965,"['00000', '00965']",small_16_32_64_128,0.125
58,1142,1,2,set_3/set_3_pair_003,set_3/set_3_pair_003_pred_00057,0.149095,"['653.773', '1254.180', '694.974', '1300.399']",41.201,46.219,set_3/set_3_pair_003__x00384_y00965,"['00384', '00965']",small_16_32_64_128,0.125
58,1143,1,3,set_3/set_3_pair_003,set_3/set_3_pair_003_pred_00061,0.147868,"['979.460', '306.094', '1023.643', '348.111']",44.183,42.017,set_3/set_3_pair_003__x00596_y00000,"['00596', '00000']",small_16_32_64_128,0.125
58,1144,1,4,set_3/set_3_pair_003,set_3/set_3_pair_003_pred_00062,0.147701,"['182.819', '461.813', '225.534', '502.063']",42.715,40.250,set_3/set_3_pair_003__x00000_y00000,"['00000', '00000']",small_16_32_64_128,0.125
58,1145,2,1,set_3/set_3_pair_003,set_3/set_3_pair_003_pred_00064,0.144977,"['102.809', '990.066', '146.785', '1038.226']",43.976,48.160,set_3/set_3_pair_003__x00000_y00768,"['00000', '00768']",small_16_32_64_128,0.125
58,1146,2,2,set_3/set_3_pair_003,set_3/set_3_pair_003_pred_00066,0.144772,"['803.676', '1231.140', '844.434', '1274.041']",40.758,42.901,set_3/set_3_pair_003__x00384_y00965,"['00384', '00965']",small_16_32_64_128,0.125
58,1147,2,3,set_3/set_3_pair_003,set_3/set_3_pair_003_pred_00067,0.144525,"['637.632', '544.404', '679.364', '588.600']",41.732,44.196,set_3/set_3_pair_003__x00596_y00384,"['00596', '00384']",small_16_32_64_128,0.125
58,1148,2,4,set_3/set_3_pair_003,set_3/set_3_pair_003_pred_00068,0.143592,"['1042.057', '480.385', '1083.203', '523.001']",41.146,42.616,set_3/set_3_pair_003__x00596_y00384,"['00596', '00384']",small_16_32_64_128,0.125
58,1149,3,1,set_3/set_3_pair_003,set_3/set_3_pair_003_pred_00069,0.143298,"['712.005', '306.579', '753.459', '346.445']",41.454,39.866,set_3/set_3_pair_003__x00384_y00000,"['00384', '00000']",small_16_32_64_128,0.125
58,1150,3,2,set_3/set_3_pair_003,set_3/set_3_pair_003_pred_00071,0.142353,"['502.765', '1374.891', '546.141', '1418.402']",43.376,43.511,set_3/set_3_pair_003__x00384_y00965,"['00384', '00965']",small_16_32_64_128,0.125
58,1151,3,3,set_3/set_3_pair_003,set_3/set_3_pair_003_pred_00072,0.142111,"['693.664', '971.698', '737.170', '1014.898']",43.506,43.200,set_3/set_3_pair_003__x00596_y00768,"['00596', '00768']",small_16_32_64_128,0.125
58,1152,3,4,set_3/set_3_pair_003,set_3/set_3_pair_003_pred_00073,0.141906,"['671.052', '286.447', '713.112', '327.153']",42.060,40.706,set_3/set_3_pair_003__x00596_y00000,"['00596', '00000']",small_16_32_64_128,0.125
58,1153,4,1,set_3/set_3_pair_003,set_3/set_3_pair_003_pred_00074,0.141892,"['100.135', '1208.890', '143.761', '1252.452']",43.626,43.562,set_3/set_3_pair_003__x00000_y00965,"['00000', '00965']",small_16_32_64_128,0.125
58,1154,4,2,set_3/set_3_pair_003,set_3/set_3_pair_003_pred_00077,0.140730,"['857.321', '408.560', '893.043', '449.551']",35.722,40.991,set_3/set_3_pair_003__x00384_y00000,"['00384', '00000']",small_16_32_64_128,0.125
58,1155,4,3,set_3/set_3_pair_003,set_3/set_3_pair_003_pred_00078,0.140344,"['265.982', '953.732', '306.166', '995.798']",40.184,42.066,set_3/set_3_pair_003__x00000_y00768,"['00000', '00768']",small_16_32_64_128,0.125
58,1156,4,4,set_3/set_3_pair_003,set_3/set_3_pair_003_pred_00081,0.137205,"['596.786', '554.975', '639.829', '601.501']",43.043,46.526,set_3/set_3_pair_003__x00384_y00384,"['00384', '00384']",small_16_32_64_128,0.125
58,1157,5,1,set_3/set_3_pair_003,set_3/set_3_pair_003_pred_00083,0.136696,"['1072.672', '165.143', '1107.748', '206.539']",35.076,41.396,set_3/set_3_pair_003__x00596_y00000,"['00596', '00000']",small_16_32_64_128,0.125
58,1158,5,2,set_3/set_3_pair_003,set_3/set_3_pair_003_pred_00084,0.136629,"['601.120', '40.859', '638.950', '79.610']",37.830,38.751,set_3/set_3_pair_003__x00596_y00000,"['00596', '00000']",small_16_32_64_128,0.125
58,1159,5,3,set_3/set_3_pair_003,set_3/set_3_pair_003_pred_00085,0.136558,"['161.441', '1246.048', '202.476', '1290.336']",41.035,44.288,set_3/set_3_pair_003__x00000_y00965,"['00000', '00965']",small_16_32_64_128,0.125
58,1160,5,4,set_3/set_3_pair_003,set_3/set_3_pair_003_pred_00086,0.136022,"['632.568', '1246.415', '677.109', '1293.622']",44.541,47.207,set_3/set_3_pair_003__x00384_y00965,"['00384', '00965']",small_16_32_64_128,0.125
59,1161,1,1,set_3/set_3_pair_003,set_3/set_3_pair_003_pred_00087,0.135415,"['751.927', '40.542', '793.734', '82.785']",41.807,42.243,set_3/set_3_pair_003__x00384_y00000,"['00384', '00000']",small_16_32_64_128,0.125
59,1162,1,2,set_3/set_3_pair_003,set_3/set_3_pair_003_pred_00088,0.134606,"['39.171', '266.523', '82.598', '311.629']",43.427,45.106,set_3/set_3_pair_003__x00000_y00000,"['00000', '00000']",small_16_32_64_128,0.125
59,1163,1,3,set_3/set_3_pair_003,set_3/set_3_pair_003_pred_00089,0.134244,"['1045.065', '888.539', '1088.912', '930.750']",43.847,42.211,set_3/set_3_pair_003__x00596_y00768,"['00596', '00768']",small_16_32_64_128,0.125
59,1164,1,4,set_3/set_3_pair_003,set_3/set_3_pair_003_pred_00090,0.133907,"['717.105', '246.285', '758.406', '287.628']",41.301,41.343,set_3/set_3_pair_003__x00596_y00000,"['00596', '00000']",small_16_32_64_128,0.125
59,1165,2,1,set_3/set_3_pair_003,set_3/set_3_pair_003_pred_00091,0.133355,"['142.224', '1188.952', '181.366', '1233.028']",39.142,44.076,set_3/set_3_pair_003__x00000_y00965,"['00000', '00965']",small_16_32_64_128,0.125
59,1166,2,2,set_3/set_3_pair_003,set_3/set_3_pair_003_pred_00093,0.131953,"['245.937', '1065.226', '288.361', '1111.516']",42.424,46.290,set_3/set_3_pair_003__x00000_y00965,"['00000', '00965']",small_16_32_64_128,0.125
59,1167,2,3,set_3/set_3_pair_003,set_3/set_3_pair_003_pred_00094,0.131275,"['615.171', '480.647', '656.114', '523.452']",40.943,42.805,set_3/set_3_pair_003__x00596_y00384,"['00596', '00384']",small_16_32_64_128,0.125
59,1168,2,4,set_3/set_3_pair_003,set_3/set_3_pair_003_pred_00096,0.130488,"['100.710', '694.674', '143.719', '737.528']",43.009,42.854,set_3/set_3_pair_003__x00000_y00384,"['00000', '00384']",small_16_32_64_128,0.125
59,1169,3,1,set_3/set_3_pair_003,set_3/set_3_pair_003_pred_00098,0.130223,"['76.640', '1330.595', '122.755', '1375.798']",46.115,45.203,set_3/set_3_pair_003__x00000_y00965,"['00000', '00965']",small_16_32_64_128,0.125
59,1170,3,2,set_3/set_3_pair_003,set_3/set_3_pair_003_pred_00099,0.129874,"['816.232', '1247.880', '859.783', '1292.304']",43.551,44.424,set_3/set_3_pair_003__x00596_y00965,"['00596', '00965']",small_16_32_64_128,0.125
59,1171,3,3,set_3/set_3_pair_003,set_3/set_3_pair_003_pred_00101,0.129628,"['162.736', '1311.272', '205.408', '1354.361']",42.672,43.089,set_3/set_3_pair_003__x00000_y00965,"['00000', '00965']",small_16_32_64_128,0.125
59,1172,3,4,set_3/set_3_pair_003,set_3/set_3_pair_003_pred_00102,0.129272,"['1001.833', '1146.841', '1045.682', '1189.926']",43.849,43.085,set_3/set_3_pair_003__x00596_y00965,"['00596', '00965']",small_16_32_64_128,0.125
59,1173,4,1,set_3/set_3_pair_003,set_3/set_3_pair_003_pred_00103,0.129111,"['1068.104', '527.704', '1104.203', '569.058']",36.099,41.354,set_3/set_3_pair_003__x00596_y00384,"['00596', '00384']",small_16_32_64_128,0.125
59,1174,4,2,set_3/set_3_pair_003,set_3/set_3_pair_003_pred_00105,0.126649,"['18.160', '1073.775', '61.779', '1117.476']",43.619,43.701,set_3/set_3_pair_003__x00000_y00768,"['00000', '00768']",small_16_32_64_128,0.125
59,1175,4,3,set_3/set_3_pair_006,set_3/set_3_pair_006_pred_00001,0.265382,"['655.940', '712.734', '698.262', '754.268']",42.322,41.534,set_3/set_3_pair_006__x00596_y00384,"['00596', '00384']",small_16_32_64_128,0.125
59,1176,4,4,set_3/set_3_pair_006,set_3/set_3_pair_006_pred_00002,0.215282,"['445.126', '1043.935', '491.262', '1089.076']",46.136,45.141,set_3/set_3_pair_006__x00000_y00768,"['00000', '00768']",small_16_32_64_128,0.125
59,1177,5,1,set_3/set_3_pair_006,set_3/set_3_pair_006_pred_00004,0.189261,"['20.762', '140.322', '63.955', '183.448']",43.193,43.126,set_3/set_3_pair_006__x00000_y00000,"['00000', '00000']",small_16_32_64_128,0.125
59,1178,5,2,set_3/set_3_pair_006,set_3/set_3_pair_006_pred_00005,0.187832,"['445.967', '1105.291', '490.892', '1149.482']",44.925,44.191,set_3/set_3_pair_006__x00000_y00768,"['00000', '00768']",small_16_32_64_128,0.125
59,1179,5,3,set_3/set_3_pair_006,set_3/set_3_pair_006_pred_00007,0.175425,"['470.845', '1024.398', '509.716', '1066.988']",38.871,42.590,set_3/set_3_pair_006__x00000_y00768,"['00000', '00768']",small_16_32_64_128,0.125
59,1180,5,4,set_3/set_3_pair_006,set_3/set_3_pair_006_pred_00009,0.166328,"['820.080', '446.907', '862.574', '491.250']",42.494,44.343,set_3/set_3_pair_006__x00596_y00384,"['00596', '00384']",small_16_32_64_128,0.125
60,1181,1,1,set_3/set_3_pair_006,set_3/set_3_pair_006_pred_00011,0.152429,"['422.793', '1374.916', '465.344', '1416.752']",42.551,41.836,set_3/set_3_pair_006__x00384_y00965,"['00384', '00965']",small_16_32_64_128,0.125
60,1182,1,2,set_3/set_3_pair_006,set_3/set_3_pair_006_pred_00013,0.146486,"['676.326', '1024.553', '719.258', '1066.942']",42.932,42.389,set_3/set_3_pair_006__x00596_y00965,"['00596', '00965']",small_16_32_64_128,0.125
60,1183,1,3,set_3/set_3_pair_006,set_3/set_3_pair_006_pred_00014,0.145370,"['451.691', '1014.494', '494.038', '1057.682']",42.347,43.188,set_3/set_3_pair_006__x00000_y00768,"['00000', '00768']",small_16_32_64_128,0.125
60,1184,1,4,set_3/set_3_pair_006,set_3/set_3_pair_006_pred_00015,0.144078,"['836.400', '1129.548', '878.173', '1172.841']",41.773,43.293,set_3/set_3_pair_006__x00384_y00965,"['00384', '00965']",small_16_32_64_128,0.125
60,1185,2,1,set_3/set_3_pair_006,set_3/set_3_pair_006_pred_00016,0.142296,"['223.132', '1271.863', '266.107', '1313.422']",42.975,41.559,set_3/set_3_pair_006__x00000_y00965,"['00000', '00965']",small_16_32_64_128,0.125
60,1186,2,2,set_3/set_3_pair_006,set_3/set_3_pair_006_pred_00018,0.133333,"['599.905', '45.469', '637.163', '83.957']",37.258,38.488,set_3/set_3_pair_006__x00596_y00000,"['00596', '00000']",small_16_32_64_128,0.125
60,1187,2,3,set_3/set_3_pair_006,set_3/set_3_pair_006_pred_00020,0.130772,"['1043.048', '981.280', '1082.618', '1022.994']",39.570,41.714,set_3/set_3_pair_006__x00596_y00768,"['00596', '00768']",small_16_32_64_128,0.125
60,1188,2,4,set_3/set_3_pair_006,set_3/set_3_pair_006_pred_00021,0.130261,"['691.065', '715.687', '734.800', '757.912']",43.735,42.225,set_3/set_3_pair_006__x00596_y00384,"['00596', '00384']",small_16_32_64_128,0.125
60,1189,3,1,set_3/set_3_pair_006,set_3/set_3_pair_006_pred_00022,0.129658,"['1045.096', '1031.623', '1090.001', '1074.747']",44.905,43.124,set_3/set_3_pair_006__x00596_y00768,"['00596', '00768']",small_16_32_64_128,0.125
60,1190,3,2,set_3/set_3_pair_006,set_3/set_3_pair_006_pred_00024,0.126830,"['516.816', '1295.020', '560.477', '1338.592']",43.661,43.572,set_3/set_3_pair_006__x00384_y00965,"['00384', '00965']",small_16_32_64_128,0.125
60,1191,3,3,set_3/set_3_pair_006,set_3/set_3_pair_006_pred_00025,0.126064,"['635.126', '1003.138', '678.378', '1047.958']",43.252,44.820,set_3/set_3_pair_006__x00596_y00965,"['00596', '00965']",small_16_32_64_128,0.125
60,1192,3,4,set_3/set_3_pair_006,set_3/set_3_pair_006_pred_00026,0.125908,"['118.628', '1308.483', '163.566', '1353.779']",44.938,45.296,set_3/set_3_pair_006__x00000_y00965,"['00000', '00965']",small_16_32_64_128,0.125
60,1193,4,1,set_3/set_3_pair_009,set_3/set_3_pair_009_pred_00001,0.257438,"['800.634', '810.434', '841.964', '852.036']",41.330,41.602,set_3/set_3_pair_009__x00384_y00384,"['00384', '00384']",small_16_32_64_128,0.125
60,1194,4,2,set_3/set_3_pair_009,set_3/set_3_pair_009_pred_00002,0.235600,"['179.905', '755.954', '222.117', '797.685']",42.212,41.731,set_3/set_3_pair_009__x00000_y00384,"['00000', '00384']",small_16_32_64_128,0.125
60,1195,4,3,set_3/set_3_pair_009,set_3/set_3_pair_009_pred_00005,0.180899,"['792.295', '1017.317', '833.484', '1059.981']",41.189,42.664,set_3/set_3_pair_009__x00384_y00768,"['00384', '00768']",small_16_32_64_128,0.125
60,1196,4,4,set_3/set_3_pair_009,set_3/set_3_pair_009_pred_00006,0.179856,"['983.267', '909.004', '1025.909', '952.470']",42.642,43.466,set_3/set_3_pair_009__x00596_y00768,"['00596', '00768']",small_16_32_64_128,0.125
60,1197,5,1,set_3/set_3_pair_009,set_3/set_3_pair_009_pred_00007,0.178699,"['387.622', '1030.628', '423.676', '1069.234']",36.054,38.606,set_3/set_3_pair_009__x00384_y00965,"['00384', '00965']",small_16_32_64_128,0.125
60,1198,5,2,set_3/set_3_pair_009,set_3/set_3_pair_009_pred_00009,0.166934,"['1040.190', '1068.802', '1085.884', '1112.976']",45.694,44.174,set_3/set_3_pair_009__x00596_y00768,"['00596', '00768']",small_16_32_64_128,0.125
60,1199,5,3,set_3/set_3_pair_009,set_3/set_3_pair_009_pred_00014,0.155433,"['719.743', '187.494', '762.380', '231.235']",42.637,43.741,set_3/set_3_pair_009__x00596_y00000,"['00596', '00000']",small_16_32_64_128,0.125
60,1200,5,4,set_3/set_3_pair_009,set_3/set_3_pair_009_pred_00015,0.150582,"['557.113', '1020.814', '601.291', '1062.708']",44.178,41.894,set_3/set_3_pair_009__x00384_y00768,"['00384', '00768']",small_16_32_64_128,0.125
61,1201,1,1,set_3/set_3_pair_009,set_3/set_3_pair_009_pred_00017,0.144675,"['62.518', '525.186', '103.059', '565.895']",40.541,40.709,set_3/set_3_pair_009__x00000_y00384,"['00000', '00384']",small_16_32_64_128,0.125
61,1202,1,2,set_3/set_3_pair_009,set_3/set_3_pair_009_pred_00018,0.142895,"['345.754', '791.382', '389.630', '834.234']",43.876,42.852,set_3/set_3_pair_009__x00000_y00384,"['00000', '00384']",small_16_32_64_128,0.125
61,1203,1,3,set_3/set_3_pair_009,set_3/set_3_pair_009_pred_00020,0.142009,"['1024.465', '1252.525', '1066.781', '1295.443']",42.316,42.918,set_3/set_3_pair_009__x00596_y00965,"['00596', '00965']",small_16_32_64_128,0.125
61,1204,1,4,set_3/set_3_pair_009,set_3/set_3_pair_009_pred_00022,0.141715,"['916.635', '586.451', '960.644', '630.157']",44.009,43.706,set_3/set_3_pair_009__x00596_y00384,"['00596', '00384']",small_16_32_64_128,0.125
61,1205,2,1,set_3/set_3_pair_009,set_3/set_3_pair_009_pred_00023,0.140762,"['73.753', '229.467', '118.626', '274.093']",44.873,44.626,set_3/set_3_pair_009__x00000_y00000,"['00000', '00000']",small_16_32_64_128,0.125
61,1206,2,2,set_3/set_3_pair_009,set_3/set_3_pair_009_pred_00025,0.140223,"['450.161', '987.955', '493.429', '1030.139']",43.268,42.184,set_3/set_3_pair_009__x00000_y00768,"['00000', '00768']",small_16_32_64_128,0.125
61,1207,2,3,set_3/set_3_pair_009,set_3/set_3_pair_009_pred_00026,0.139312,"['1046.958', '911.480', '1090.819', '953.475']",43.861,41.995,set_3/set_3_pair_009__x00596_y00768,"['00596', '00768']",small_16_32_64_128,0.125
61,1208,2,4,set_3/set_3_pair_009,set_3/set_3_pair_009_pred_00028,0.136159,"['202.640', '76.313', '247.092', '120.637']",44.452,44.324,set_3/set_3_pair_009__x00000_y00000,"['00000', '00000']",small_16_32_64_128,0.125
61,1209,3,1,set_3/set_3_pair_009,set_3/set_3_pair_009_pred_00029,0.136024,"['473.748', '21.222', '510.156', '61.977']",36.408,40.755,set_3/set_3_pair_009__x00000_y00000,"['00000', '00000']",small_16_32_64_128,0.125
61,1210,3,2,set_3/set_3_pair_009,set_3/set_3_pair_009_pred_00031,0.134139,"['443.553', '1108.874', '485.070', '1149.050']",41.517,40.176,set_3/set_3_pair_009__x00384_y00965,"['00384', '00965']",small_16_32_64_128,0.125
61,1211,3,3,set_3/set_3_pair_009,set_3/set_3_pair_009_pred_00032,0.132245,"['773.246', '1086.374', '814.544', '1129.296']",41.298,42.922,set_3/set_3_pair_009__x00384_y00965,"['00384', '00965']",small_16_32_64_128,0.125
61,1212,3,4,set_3/set_3_pair_009,set_3/set_3_pair_009_pred_00034,0.129831,"['959.301', '872.060', '1003.210', '916.556']",43.909,44.496,set_3/set_3_pair_009__x00596_y00768,"['00596', '00768']",small_16_32_64_128,0.125
61,1213,4,1,set_3/set_3_pair_009,set_3/set_3_pair_009_pred_00035,0.126865,"['462.133', '1136.750', '505.149', '1178.300']",43.016,41.550,set_3/set_3_pair_009__x00384_y00768,"['00384', '00768']",small_16_32_64_128,0.125
61,1214,4,2,set_3/set_3_pair_009,set_3/set_3_pair_009_pred_00036,0.126733,"['1072.949', '1207.631', '1108.000', '1250.862']",35.051,43.231,set_3/set_3_pair_009__x00596_y00965,"['00596', '00965']",small_16_32_64_128,0.125
61,1215,4,3,set_3/set_3_pair_009,set_3/set_3_pair_009_pred_00037,0.126470,"['451.365', '1195.862', '494.222', '1240.033']",42.857,44.171,set_3/set_3_pair_009__x00000_y00768,"['00000', '00768']",small_16_32_64_128,0.125
61,1216,4,4,set_3/set_3_pair_012,set_3/set_3_pair_012_pred_00003,0.198047,"['189.003', '16.674', '230.414', '59.522']",41.411,42.848,set_3/set_3_pair_012__x00000_y00000,"['00000', '00000']",small_16_32_64_128,0.125
61,1217,5,1,set_3/set_3_pair_012,set_3/set_3_pair_012_pred_00006,0.160234,"['204.991', '1207.078', '248.771', '1251.503']",43.780,44.425,set_3/set_3_pair_012__x00000_y00768,"['00000', '00768']",small_16_32_64_128,0.125
61,1218,5,2,set_3/set_3_pair_012,set_3/set_3_pair_012_pred_00007,0.152957,"['61.879', '39.364', '103.946', '81.645']",42.067,42.281,set_3/set_3_pair_012__x00000_y00000,"['00000', '00000']",small_16_32_64_128,0.125
61,1219,5,3,set_3/set_3_pair_012,set_3/set_3_pair_012_pred_00009,0.150796,"['1069.482', '1047.549', '1106.481', '1089.320']",36.999,41.771,set_3/set_3_pair_012__x00596_y00965,"['00596', '00965']",small_16_32_64_128,0.125
61,1220,5,4,set_3/set_3_pair_012,set_3/set_3_pair_012_pred_00011,0.143837,"['159.120', '1268.570', '201.916', '1311.412']",42.796,42.842,set_3/set_3_pair_012__x00000_y00965,"['00000', '00965']",small_16_32_64_128,0.125
62,1221,1,1,set_3/set_3_pair_012,set_3/set_3_pair_012_pred_00012,0.143597,"['633.123', '486.923', '673.586', '527.447']",40.463,40.524,set_3/set_3_pair_012__x00596_y00384,"['00596', '00384']",small_16_32_64_128,0.125
62,1222,1,2,set_3/set_3_pair_012,set_3/set_3_pair_012_pred_00013,0.139355,"['615.675', '466.847', '660.183', '508.673']",44.508,41.826,set_3/set_3_pair_012__x00596_y00384,"['00596', '00384']",small_16_32_64_128,0.125
62,1223,1,3,set_3/set_3_pair_012,set_3/set_3_pair_012_pred_00015,0.137674,"['1072.107', '987.759', '1107.256', '1029.348']",35.149,41.589,set_3/set_3_pair_012__x00596_y00768,"['00596', '00768']",small_16_32_64_128,0.125
62,1224,1,4,set_3/set_3_pair_012,set_3/set_3_pair_012_pred_00017,0.135192,"['213.168', '1022.307', '255.360', '1063.924']",42.192,41.617,set_3/set_3_pair_012__x00000_y00965,"['00000', '00965']",small_16_32_64_128,0.125
62,1225,2,1,set_3/set_3_pair_012,set_3/set_3_pair_012_pred_00018,0.134544,"['545.211', '1270.864', '589.275', '1314.633']",44.064,43.769,set_3/set_3_pair_012__x00384_y00965,"['00384', '00965']",small_16_32_64_128,0.125
62,1226,2,2,set_3/set_3_pair_012,set_3/set_3_pair_012_pred_00019,0.134214,"['426.706', '104.880', '470.316', '146.661']",43.610,41.781,set_3/set_3_pair_012__x00000_y00000,"['00000', '00000']",small_16_32_64_128,0.125
62,1227,2,3,set_3/set_3_pair_012,set_3/set_3_pair_012_pred_00020,0.133935,"['730.895', '1044.114', '774.230', '1086.551']",43.335,42.437,set_3/set_3_pair_012__x00384_y00965,"['00384', '00965']",small_16_32_64_128,0.125
62,1228,2,4,set_3/set_3_pair_012,set_3/set_3_pair_012_pred_00021,0.130880,"['55.970', '1007.018', '98.161', '1049.054']",42.191,42.036,set_3/set_3_pair_012__x00000_y00965,"['00000', '00965']",small_16_32_64_128,0.125
62,1229,3,1,set_3/set_3_pair_012,set_3/set_3_pair_012_pred_00022,0.130617,"['472.773', '773.436', '510.635', '816.074']",37.862,42.638,set_3/set_3_pair_012__x00000_y00384,"['00000', '00384']",small_16_32_64_128,0.125
62,1230,3,2,set_3/set_3_pair_012,set_3/set_3_pair_012_pred_00024,0.126762,"['39.589', '41.735', '82.606', '83.905']",43.017,42.170,set_3/set_3_pair_012__x00000_y00000,"['00000', '00000']",small_16_32_64_128,0.125
62,1231,3,3,set_3/set_3_pair_012,set_3/set_3_pair_012_pred_00025,0.126702,"['695.699', '146.337', '738.769', '186.802']",43.070,40.465,set_3/set_3_pair_012__x00596_y00000,"['00596', '00000']",small_16_32_64_128,0.125
62,1232,3,4,set_3/set_3_pair_012,set_3/set_3_pair_012_pred_00026,0.125163,"['1069.962', '712.641', '1105.995', '753.367']",36.033,40.726,set_3/set_3_pair_012__x00596_y00384,"['00596', '00384']",small_16_32_64_128,0.125
62,1233,4,1,set_3/set_3_pair_016,set_3/set_3_pair_016_pred_00002,0.263385,"['486.919', '1252.457', '529.655', '1295.730']",42.736,43.273,set_3/set_3_pair_016__x00384_y00965,"['00384', '00965']",small_16_32_64_128,0.125
62,1234,4,2,set_3/set_3_pair_016,set_3/set_3_pair_016_pred_00003,0.250709,"['606.221', '1171.786', '648.824', '1213.395']",42.603,41.609,set_3/set_3_pair_016__x00384_y00965,"['00384', '00965']",small_16_32_64_128,0.125
62,1235,4,3,set_3/set_3_pair_016,set_3/set_3_pair_016_pred_00004,0.242633,"['466.575', '80.481', '508.235', '123.091']",41.660,42.610,set_3/set_3_pair_016__x00000_y00000,"['00000', '00000']",small_16_32_64_128,0.125
62,1236,4,4,set_3/set_3_pair_016,set_3/set_3_pair_016_pred_00007,0.199076,"['505.048', '41.513', '549.533', '83.503']",44.485,41.990,set_3/set_3_pair_016__x00384_y00000,"['00384', '00000']",small_16_32_64_128,0.125
62,1237,5,1,set_3/set_3_pair_016,set_3/set_3_pair_016_pred_00010,0.192598,"['650.833', '713.599', '691.628', '756.057']",40.795,42.458,set_3/set_3_pair_016__x00596_y00384,"['00596', '00384']",small_16_32_64_128,0.125
62,1238,5,2,set_3/set_3_pair_016,set_3/set_3_pair_016_pred_00014,0.167619,"['135.373', '122.632', '182.635', '167.982']",47.262,45.350,set_3/set_3_pair_016__x00000_y00000,"['00000', '00000']",small_16_32_64_128,0.125
62,1239,5,3,set_3/set_3_pair_016,set_3/set_3_pair_016_pred_00015,0.167213,"['856.081', '794.135', '891.007', '834.694']",34.926,40.559,set_3/set_3_pair_016__x00384_y00768,"['00384', '00768']",small_16_32_64_128,0.125
62,1240,5,4,set_3/set_3_pair_016,set_3/set_3_pair_016_pred_00016,0.166649,"['1066.551', '329.995', '1103.345', '371.027']",36.794,41.032,set_3/set_3_pair_016__x00596_y00000,"['00596', '00000']",small_16_32_64_128,0.125
63,1241,1,1,set_3/set_3_pair_016,set_3/set_3_pair_016_pred_00017,0.165221,"['448.180', '1139.044', '487.906', '1181.648']",39.726,42.604,set_3/set_3_pair_016__x00000_y00965,"['00000', '00965']",small_16_32_64_128,0.125
63,1242,1,2,set_3/set_3_pair_016,set_3/set_3_pair_016_pred_00018,0.161225,"['517.403', '57.936', '560.808', '99.236']",43.405,41.300,set_3/set_3_pair_016__x00384_y00000,"['00384', '00000']",small_16_32_64_128,0.125
63,1243,1,3,set_3/set_3_pair_016,set_3/set_3_pair_016_pred_00020,0.150323,"['1024.945', '81.721', '1067.393', '121.992']",42.448,40.271,set_3/set_3_pair_016__x00596_y00000,"['00596', '00000']",small_16_32_64_128,0.125
63,1244,1,4,set_3/set_3_pair_016,set_3/set_3_pair_016_pred_00021,0.149806,"['523.188', '119.927', '567.445', '163.718']",44.257,43.791,set_3/set_3_pair_016__x00384_y00000,"['00384', '00000']",small_16_32_64_128,0.125
63,1245,2,1,set_3/set_3_pair_016,set_3/set_3_pair_016_pred_00022,0.149077,"['730.378', '712.930', '772.648', '756.036']",42.270,43.106,set_3/set_3_pair_016__x00596_y00384,"['00596', '00384']",small_16_32_64_128,0.125
63,1246,2,2,set_3/set_3_pair_016,set_3/set_3_pair_016_pred_00023,0.147797,"['134.016', '329.990', '174.322', '371.704']",40.306,41.714,set_3/set_3_pair_016__x00000_y00000,"['00000', '00000']",small_16_32_64_128,0.125
63,1247,2,3,set_3/set_3_pair_016,set_3/set_3_pair_016_pred_00024,0.146144,"['902.251', '1147.719', '942.962', '1190.243']",40.711,42.524,set_3/set_3_pair_016__x00596_y00965,"['00596', '00965']",small_16_32_64_128,0.125
63,1248,2,4,set_3/set_3_pair_016,set_3/set_3_pair_016_pred_00025,0.145582,"['738.597', '389.071', '781.879', '421.670']",43.282,32.599,set_3/set_3_pair_016__x00596_y00384,"['00596', '00384']",small_16_32_64_128,0.125
63,1249,3,1,set_3/set_3_pair_016,set_3/set_3_pair_016_pred_00026,0.144857,"['502.452', '1267.286', '545.646', '1310.505']",43.194,43.219,set_3/set_3_pair_016__x00384_y00965,"['00384', '00965']",small_16_32_64_128,0.125
63,1250,3,2,set_3/set_3_pair_016,set_3/set_3_pair_016_pred_00027,0.140609,"['98.783', '1250.099', '142.416', '1293.410']",43.633,43.311,set_3/set_3_pair_016__x00000_y00965,"['00000', '00965']",small_16_32_64_128,0.125
63,1251,3,3,set_3/set_3_pair_016,set_3/set_3_pair_016_pred_00028,0.139940,"['838.161', '347.296', '879.652', '391.433']",41.491,44.137,set_3/set_3_pair_016__x00596_y00000,"['00596', '00000']",small_16_32_64_128,0.125
63,1252,3,4,set_3/set_3_pair_016,set_3/set_3_pair_016_pred_00029,0.137179,"['753.918', '1115.395', '798.181', '1156.803']",44.263,41.408,set_3/set_3_pair_016__x00596_y00768,"['00596', '00768']",small_16_32_64_128,0.125
63,1253,4,1,set_3/set_3_pair_016,set_3/set_3_pair_016_pred_00030,0.135539,"['347.890', '1415.782', '390.270', '1458.149']",42.380,42.367,set_3/set_3_pair_016__x00000_y00965,"['00000', '00965']",small_16_32_64_128,0.125
63,1254,4,2,set_3/set_3_pair_016,set_3/set_3_pair_016_pred_00031,0.134862,"['759.484', '629.754', '802.193', '672.357']",42.709,42.603,set_3/set_3_pair_016__x00596_y00384,"['00596', '00384']",small_16_32_64_128,0.125
63,1255,4,3,set_3/set_3_pair_016,set_3/set_3_pair_016_pred_00032,0.130650,"['250.998', '1137.469', '293.793', '1181.369']",42.795,43.900,set_3/set_3_pair_016__x00000_y00965,"['00000', '00965']",small_16_32_64_128,0.125
63,1256,4,4,set_3/set_3_pair_016,set_3/set_3_pair_016_pred_00035,0.128569,"['1070.566', '1272.687', '1107.044', '1314.001']",36.478,41.314,set_3/set_3_pair_016__x00596_y00965,"['00596', '00965']",small_16_32_64_128,0.125
63,1257,5,1,set_3/set_3_pair_016,set_3/set_3_pair_016_pred_00036,0.128112,"['474.302', '755.158', '510.776', '795.058']",36.474,39.900,set_3/set_3_pair_016__x00000_y00384,"['00000', '00384']",small_16_32_64_128,0.125
63,1258,5,2,set_3/set_3_pair_016,set_3/set_3_pair_016_pred_00037,0.127780,"['473.510', '1047.402', '511.262', '1087.466']",37.752,40.064,set_3/set_3_pair_016__x00000_y00965,"['00000', '00965']",small_16_32_64_128,0.125
63,1259,5,3,set_3/set_3_pair_016,set_3/set_3_pair_016_pred_00041,0.125006,"['1046.638', '20.294', '1086.343', '61.318']",39.705,41.024,set_3/set_3_pair_016__x00596_y00000,"['00596', '00000']",small_16_32_64_128,0.125
63,1260,5,4,set_3/set_3_pair_020,set_3/set_3_pair_020_pred_00005,0.296372,"['548.439', '243.469', '590.270', '284.246']",41.831,40.777,set_3/set_3_pair_020__x00384_y00000,"['00384', '00000']",small_16_32_64_128,0.125
64,1261,1,1,set_3/set_3_pair_020,set_3/set_3_pair_020_pred_00007,0.266373,"['388.247', '292.009', '424.475', '330.434']",36.228,38.425,set_3/set_3_pair_020__x00000_y00000,"['00000', '00000']",small_16_32_64_128,0.125
64,1262,1,2,set_3/set_3_pair_020,set_3/set_3_pair_020_pred_00008,0.248070,"['1004.340', '806.886', '1044.583', '848.023']",40.243,41.137,set_3/set_3_pair_020__x00596_y00768,"['00596', '00768']",small_16_32_64_128,0.125
64,1263,1,3,set_3/set_3_pair_020,set_3/set_3_pair_020_pred_00009,0.240704,"['716.434', '349.132', '757.932', '392.083']",41.498,42.951,set_3/set_3_pair_020__x00596_y00000,"['00596', '00000']",small_16_32_64_128,0.125
64,1264,1,4,set_3/set_3_pair_020,set_3/set_3_pair_020_pred_00010,0.235012,"['449.550', '986.782', '491.728', '1029.695']",42.178,42.913,set_3/set_3_pair_020__x00000_y00768,"['00000', '00768']",small_16_32_64_128,0.125
64,1265,2,1,set_3/set_3_pair_020,set_3/set_3_pair_020_pred_00011,0.225084,"['289.778', '1059.884', '332.673', '1101.260']",42.895,41.376,set_3/set_3_pair_020__x00000_y00768,"['00000', '00768']",small_16_32_64_128,0.125
64,1266,2,2,set_3/set_3_pair_020,set_3/set_3_pair_020_pred_00012,0.220194,"['1026.793', '1168.302', '1067.307', '1209.409']",40.514,41.107,set_3/set_3_pair_020__x00596_y00768,"['00596', '00768']",small_16_32_64_128,0.125
64,1267,2,3,set_3/set_3_pair_020,set_3/set_3_pair_020_pred_00014,0.200104,"['1068.292', '788.986', '1105.081', '830.502']",36.789,41.516,set_3/set_3_pair_020__x00596_y00384,"['00596', '00384']",small_16_32_64_128,0.125
64,1268,2,4,set_3/set_3_pair_020,set_3/set_3_pair_020_pred_00015,0.199267,"['1024.490', '950.823', '1064.495', '990.748']",40.005,39.925,set_3/set_3_pair_020__x00596_y00768,"['00596', '00768']",small_16_32_64_128,0.125
64,1269,3,1,set_3/set_3_pair_020,set_3/set_3_pair_020_pred_00016,0.192562,"['757.854', '1073.866', '799.945', '1116.513']",42.091,42.647,set_3/set_3_pair_020__x00596_y00768,"['00596', '00768']",small_16_32_64_128,0.125
64,1270,3,2,set_3/set_3_pair_020,set_3/set_3_pair_020_pred_00018,0.187675,"['737.944', '464.397', '781.426', '507.164']",43.482,42.767,set_3/set_3_pair_020__x00384_y00384,"['00384', '00384']",small_16_32_64_128,0.125
64,1271,3,3,set_3/set_3_pair_020,set_3/set_3_pair_020_pred_00020,0.177546,"['1068.651', '465.777', '1105.058', '507.775']",36.407,41.998,set_3/set_3_pair_020__x00596_y00000,"['00596', '00000']",small_16_32_64_128,0.125
64,1272,3,4,set_3/set_3_pair_020,set_3/set_3_pair_020_pred_00021,0.176791,"['464.036', '1128.326', '506.222', '1172.050']",42.186,43.724,set_3/set_3_pair_020__x00384_y00768,"['00384', '00768']",small_16_32_64_128,0.125
64,1273,4,1,set_3/set_3_pair_020,set_3/set_3_pair_020_pred_00024,0.169908,"['790.501', '135.554', '834.202', '177.853']",43.701,42.299,set_3/set_3_pair_020__x00384_y00000,"['00384', '00000']",small_16_32_64_128,0.125
64,1274,4,2,set_3/set_3_pair_020,set_3/set_3_pair_020_pred_00025,0.169796,"['123.961', '972.184', '165.944', '1012.622']",41.983,40.438,set_3/set_3_pair_020__x00000_y00768,"['00000', '00768']",small_16_32_64_128,0.125
64,1275,4,3,set_3/set_3_pair_020,set_3/set_3_pair_020_pred_00027,0.164565,"['1045.805', '202.107', '1089.736', '244.386']",43.931,42.279,set_3/set_3_pair_020__x00596_y00000,"['00596', '00000']",small_16_32_64_128,0.125
64,1276,4,4,set_3/set_3_pair_020,set_3/set_3_pair_020_pred_00028,0.164112,"['943.975', '286.025', '985.557', '325.355']",41.582,39.330,set_3/set_3_pair_020__x00596_y00000,"['00596', '00000']",small_16_32_64_128,0.125
64,1277,5,1,set_3/set_3_pair_020,set_3/set_3_pair_020_pred_00029,0.161680,"['1043.359', '1019.045', '1082.986', '1062.199']",39.627,43.154,set_3/set_3_pair_020__x00596_y00768,"['00596', '00768']",small_16_32_64_128,0.125
64,1278,5,2,set_3/set_3_pair_020,set_3/set_3_pair_020_pred_00030,0.157274,"['449.741', '1374.331', '492.140', '1416.809']",42.399,42.478,set_3/set_3_pair_020__x00000_y00965,"['00000', '00965']",small_16_32_64_128,0.125
64,1279,5,3,set_3/set_3_pair_020,set_3/set_3_pair_020_pred_00031,0.155472,"['788.176', '789.906', '830.187', '834.212']",42.011,44.306,set_3/set_3_pair_020__x00384_y00768,"['00384', '00768']",small_16_32_64_128,0.125
64,1280,5,4,set_3/set_3_pair_020,set_3/set_3_pair_020_pred_00032,0.154579,"['1025.043', '1313.157', '1067.717', '1355.996']",42.674,42.839,set_3/set_3_pair_020__x00596_y00965,"['00596', '00965']",small_16_32_64_128,0.125
65,1281,1,1,set_3/set_3_pair_020,set_3/set_3_pair_020_pred_00034,0.152095,"['1047.704', '508.813', '1088.907', '551.078']",41.203,42.265,set_3/set_3_pair_020__x00596_y00384,"['00596', '00384']",small_16_32_64_128,0.125
65,1282,1,2,set_3/set_3_pair_020,set_3/set_3_pair_020_pred_00035,0.151877,"['925.176', '442.788', '969.171', '484.581']",43.995,41.793,set_3/set_3_pair_020__x00596_y00384,"['00596', '00384']",small_16_32_64_128,0.125
65,1283,1,3,set_3/set_3_pair_020,set_3/set_3_pair_020_pred_00036,0.150880,"['1046.523', '806.536', '1089.460', '849.233']",42.937,42.697,set_3/set_3_pair_020__x00596_y00768,"['00596', '00768']",small_16_32_64_128,0.125
65,1284,1,4,set_3/set_3_pair_020,set_3/set_3_pair_020_pred_00037,0.150652,"['840.499', '41.397', '883.499', '83.561']",43.000,42.164,set_3/set_3_pair_020__x00384_y00000,"['00384', '00000']",small_16_32_64_128,0.125
65,1285,2,1,set_3/set_3_pair_020,set_3/set_3_pair_020_pred_00041,0.145815,"['811.339', '1331.164', '854.283', '1375.497']",42.944,44.333,set_3/set_3_pair_020__x00384_y00965,"['00384', '00965']",small_16_32_64_128,0.125
65,1286,2,2,set_3/set_3_pair_020,set_3/set_3_pair_020_pred_00042,0.145634,"['446.064', '82.546', '490.262', '126.805']",44.198,44.259,set_3/set_3_pair_020__x00000_y00000,"['00000', '00000']",small_16_32_64_128,0.125
65,1287,2,3,set_3/set_3_pair_020,set_3/set_3_pair_020_pred_00043,0.144112,"['502.300', '1313.095', '545.787', '1356.305']",43.487,43.210,set_3/set_3_pair_020__x00384_y00965,"['00384', '00965']",small_16_32_64_128,0.125
65,1288,2,4,set_3/set_3_pair_020,set_3/set_3_pair_020_pred_00045,0.143007,"['1068.930', '1068.324', '1105.674', '1109.206']",36.744,40.882,set_3/set_3_pair_020__x00596_y00965,"['00596', '00965']",small_16_32_64_128,0.125
65,1289,3,1,set_3/set_3_pair_020,set_3/set_3_pair_020_pred_00046,0.142884,"['1048.418', '447.960', '1089.404', '489.118']",40.986,41.158,set_3/set_3_pair_020__x00596_y00384,"['00596', '00384']",small_16_32_64_128,0.125
65,1290,3,2,set_3/set_3_pair_020,set_3/set_3_pair_020_pred_00047,0.142738,"['1072.959', '290.907', '1108.000', '330.536']",35.041,39.629,set_3/set_3_pair_020__x00596_y00000,"['00596', '00000']",small_16_32_64_128,0.125
65,1291,3,3,set_3/set_3_pair_020,set_3/set_3_pair_020_pred_00048,0.140890,"['1003.742', '903.988', '1044.967', '945.227']",41.225,41.239,set_3/set_3_pair_020__x00596_y00768,"['00596', '00768']",small_16_32_64_128,0.125
65,1292,3,4,set_3/set_3_pair_020,set_3/set_3_pair_020_pred_00050,0.136982,"['737.739', '38.402', '781.550', '82.035']",43.811,43.633,set_3/set_3_pair_020__x00596_y00000,"['00596', '00000']",small_16_32_64_128,0.125
65,1293,4,1,set_3/set_3_pair_020,set_3/set_3_pair_020_pred_00051,0.136541,"['164.569', '1269.649', '206.763', '1314.101']",42.194,44.452,set_3/set_3_pair_020__x00000_y00965,"['00000', '00965']",small_16_32_64_128,0.125
65,1294,4,2,set_3/set_3_pair_020,set_3/set_3_pair_020_pred_00052,0.136207,"['833.016', '929.674', '876.117', '973.222']",43.101,43.548,set_3/set_3_pair_020__x00384_y00768,"['00384', '00768']",small_16_32_64_128,0.125
65,1295,4,3,set_3/set_3_pair_020,set_3/set_3_pair_020_pred_00053,0.135652,"['565.568', '82.777', '608.592', '126.061']",43.024,43.284,set_3/set_3_pair_020__x00384_y00000,"['00384', '00000']",small_16_32_64_128,0.125
65,1296,4,4,set_3/set_3_pair_020,set_3/set_3_pair_020_pred_00054,0.134857,"['672.536', '1215.477', '717.692', '1259.189']",45.156,43.712,set_3/set_3_pair_020__x00384_y00965,"['00384', '00965']",small_16_32_64_128,0.125
65,1297,5,1,set_3/set_3_pair_020,set_3/set_3_pair_020_pred_00055,0.134221,"['876.995', '284.518', '917.321', '323.479']",40.326,38.961,set_3/set_3_pair_020__x00596_y00000,"['00596', '00000']",small_16_32_64_128,0.125
65,1298,5,2,set_3/set_3_pair_020,set_3/set_3_pair_020_pred_00057,0.133810,"['473.278', '446.810', '510.134', '486.632']",36.856,39.822,set_3/set_3_pair_020__x00000_y00384,"['00000', '00384']",small_16_32_64_128,0.125
65,1299,5,3,set_3/set_3_pair_020,set_3/set_3_pair_020_pred_00059,0.131486,"['35.630', '1231.428', '77.701', '1272.255']",42.071,40.827,set_3/set_3_pair_020__x00000_y00965,"['00000', '00965']",small_16_32_64_128,0.125
65,1300,5,4,set_3/set_3_pair_020,set_3/set_3_pair_020_pred_00060,0.130549,"['58.203', '1065.155', '103.075', '1110.106']",44.872,44.951,set_3/set_3_pair_020__x00000_y00965,"['00000', '00965']",small_16_32_64_128,0.125
66,1301,1,1,set_3/set_3_pair_020,set_3/set_3_pair_020_pred_00062,0.130145,"['789.097', '21.972', '832.003', '66.062']",42.906,44.090,set_3/set_3_pair_020__x00384_y00000,"['00384', '00000']",small_16_32_64_128,0.125
66,1302,1,2,set_3/set_3_pair_020,set_3/set_3_pair_020_pred_00063,0.127054,"['1046.317', '606.469', '1088.449', '647.438']",42.132,40.969,set_3/set_3_pair_020__x00596_y00384,"['00596', '00384']",small_16_32_64_128,0.125
66,1303,1,3,set_3/set_3_pair_020,set_3/set_3_pair_020_pred_00064,0.126863,"['859.981', '287.152', '895.826', '326.835']",35.845,39.683,set_3/set_3_pair_020__x00384_y00000,"['00384', '00000']",small_16_32_64_128,0.125
66,1304,1,4,set_3/set_3_pair_020,set_3/set_3_pair_020_pred_00067,0.125614,"['881.334', '648.244', '923.863', '691.059']",42.529,42.815,set_3/set_3_pair_020__x00596_y00384,"['00596', '00384']",small_16_32_64_128,0.125
66,1305,2,1,set_3/set_3_pair_023,set_3/set_3_pair_023_pred_00001,0.329560,"['413.920', '179.634', '455.640', '222.845']",41.720,43.211,set_3/set_3_pair_023__x00000_y00000,"['00000', '00000']",small_16_32_64_128,0.125
66,1306,2,2,set_3/set_3_pair_023,set_3/set_3_pair_023_pred_00004,0.244084,"['138.513', '1315.961', '180.674', '1359.229']",42.161,43.268,set_3/set_3_pair_023__x00000_y00965,"['00000', '00965']",small_16_32_64_128,0.125
66,1307,2,3,set_3/set_3_pair_023,set_3/set_3_pair_023_pred_00005,0.232538,"['832.317', '1062.261', '870.956', '1103.192']",38.639,40.931,set_3/set_3_pair_023__x00384_y00768,"['00384', '00768']",small_16_32_64_128,0.125
66,1308,2,4,set_3/set_3_pair_023,set_3/set_3_pair_023_pred_00006,0.228471,"['478.949', '291.071', '519.962', '333.353']",41.013,42.282,set_3/set_3_pair_023__x00384_y00000,"['00384', '00000']",small_16_32_64_128,0.125
66,1309,3,1,set_3/set_3_pair_023,set_3/set_3_pair_023_pred_00007,0.210578,"['503.414', '818.450', '578.839', '874.952']",75.425,56.502,set_3/set_3_pair_023__x00384_y00768,"['00384', '00768']",small_16_32_64_128,0.125
66,1310,3,2,set_3/set_3_pair_023,set_3/set_3_pair_023_pred_00008,0.208270,"['860.608', '1137.516', '902.936', '1179.832']",42.328,42.316,set_3/set_3_pair_023__x00596_y00768,"['00596', '00768']",small_16_32_64_128,0.125
66,1311,3,3,set_3/set_3_pair_023,set_3/set_3_pair_023_pred_00011,0.188372,"['289.373', '901.881', '334.121', '945.213']",44.748,43.332,set_3/set_3_pair_023__x00000_y00768,"['00000', '00768']",small_16_32_64_128,0.125
66,1312,3,4,set_3/set_3_pair_023,set_3/set_3_pair_023_pred_00012,0.185680,"['76.884', '929.663', '120.640', '973.028']",43.756,43.365,set_3/set_3_pair_023__x00000_y00768,"['00000', '00768']",small_16_32_64_128,0.125
66,1313,4,1,set_3/set_3_pair_023,set_3/set_3_pair_023_pred_00013,0.181585,"['204.052', '1330.022', '246.192', '1371.278']",42.140,41.256,set_3/set_3_pair_023__x00000_y00965,"['00000', '00965']",small_16_32_64_128,0.125
66,1314,4,2,set_3/set_3_pair_023,set_3/set_3_pair_023_pred_00014,0.178551,"['347.949', '1150.927', '389.882', '1191.160']",41.933,40.233,set_3/set_3_pair_023__x00000_y00965,"['00000', '00965']",small_16_32_64_128,0.125
66,1315,4,3,set_3/set_3_pair_023,set_3/set_3_pair_023_pred_00015,0.175165,"['183.420', '1318.069', '225.735', '1359.985']",42.315,41.916,set_3/set_3_pair_023__x00000_y00965,"['00000', '00965']",small_16_32_64_128,0.125
66,1316,4,4,set_3/set_3_pair_023,set_3/set_3_pair_023_pred_00019,0.164082,"['171.449', '370.694', '213.958', '413.425']",42.509,42.731,set_3/set_3_pair_023__x00000_y00000,"['00000', '00000']",small_16_32_64_128,0.125
66,1317,5,1,set_3/set_3_pair_023,set_3/set_3_pair_023_pred_00020,0.155689,"['159.026', '772.392', '201.043', '813.736']",42.017,41.344,set_3/set_3_pair_023__x00000_y00384,"['00000', '00384']",small_16_32_64_128,0.125
66,1318,5,2,set_3/set_3_pair_023,set_3/set_3_pair_023_pred_00021,0.155012,"['40.109', '890.035', '81.890', '932.275']",41.781,42.240,set_3/set_3_pair_023__x00000_y00768,"['00000', '00768']",small_16_32_64_128,0.125
66,1319,5,3,set_3/set_3_pair_023,set_3/set_3_pair_023_pred_00022,0.146444,"['448.608', '690.805', '493.113', '733.984']",44.505,43.179,set_3/set_3_pair_023__x00000_y00384,"['00000', '00384']",small_16_32_64_128,0.125
66,1320,5,4,set_3/set_3_pair_023,set_3/set_3_pair_023_pred_00023,0.145758,"['639.422', '206.683', '677.837', '245.510']",38.415,38.827,set_3/set_3_pair_023__x00384_y00000,"['00384', '00000']",small_16_32_64_128,0.125
67,1321,1,1,set_3/set_3_pair_023,set_3/set_3_pair_023_pred_00024,0.142011,"['132.467', '19.204', '177.859', '58.100']",45.392,38.896,set_3/set_3_pair_023__x00000_y00000,"['00000', '00000']",small_16_32_64_128,0.125
67,1322,1,2,set_3/set_3_pair_023,set_3/set_3_pair_023_pred_00025,0.141882,"['615.386', '1005.705', '658.542', '1049.408']",43.156,43.703,set_3/set_3_pair_023__x00596_y00965,"['00596', '00965']",small_16_32_64_128,0.125
67,1323,1,3,set_3/set_3_pair_023,set_3/set_3_pair_023_pred_00028,0.140217,"['75.703', '847.285', '120.369', '890.701']",44.666,43.416,set_3/set_3_pair_023__x00000_y00768,"['00000', '00768']",small_16_32_64_128,0.125
67,1324,1,4,set_3/set_3_pair_023,set_3/set_3_pair_023_pred_00030,0.138561,"['901.214', '1150.086', '942.536', '1191.989']",41.322,41.903,set_3/set_3_pair_023__x00596_y00965,"['00596', '00965']",small_16_32_64_128,0.125
67,1325,2,1,set_3/set_3_pair_023,set_3/set_3_pair_023_pred_00032,0.136512,"['164.069', '1255.459', '205.385', '1298.412']",41.316,42.953,set_3/set_3_pair_023__x00000_y00965,"['00000', '00965']",small_16_32_64_128,0.125
67,1326,2,2,set_3/set_3_pair_023,set_3/set_3_pair_023_pred_00033,0.135097,"['834.768', '932.835', '879.417', '974.824']",44.649,41.989,set_3/set_3_pair_023__x00384_y00768,"['00384', '00768']",small_16_32_64_128,0.125
67,1327,2,3,set_3/set_3_pair_023,set_3/set_3_pair_023_pred_00034,0.134948,"['901.403', '1096.333', '941.859', '1135.657']",40.456,39.324,set_3/set_3_pair_023__x00596_y00768,"['00596', '00768']",small_16_32_64_128,0.125
67,1328,2,4,set_3/set_3_pair_023,set_3/set_3_pair_023_pred_00035,0.134002,"['423.903', '1138.465', '462.326', '1177.858']",38.423,39.393,set_3/set_3_pair_023__x00384_y00768,"['00384', '00768']",small_16_32_64_128,0.125
67,1329,3,1,set_3/set_3_pair_023,set_3/set_3_pair_023_pred_00037,0.132264,"['655.146', '100.083', '700.267', '144.063']",45.121,43.980,set_3/set_3_pair_023__x00596_y00000,"['00596', '00000']",small_16_32_64_128,0.125
67,1330,3,2,set_3/set_3_pair_023,set_3/set_3_pair_023_pred_00041,0.129260,"['481.280', '1398.245', '527.452', '1442.096']",46.172,43.851,set_3/set_3_pair_023__x00384_y00965,"['00384', '00965']",small_16_32_64_128,0.125
67,1331,3,3,set_3/set_3_pair_023,set_3/set_3_pair_023_pred_00042,0.129181,"['473.349', '711.010', '509.755', '751.838']",36.406,40.828,set_3/set_3_pair_023__x00000_y00384,"['00000', '00384']",small_16_32_64_128,0.125
67,1332,3,4,set_3/set_3_pair_023,set_3/set_3_pair_023_pred_00043,0.128399,"['526.777', '1188.610', '569.837', '1232.465']",43.060,43.855,set_3/set_3_pair_023__x00384_y00965,"['00384', '00965']",small_16_32_64_128,0.125
67,1333,4,1,set_3/set_3_pair_023,set_3/set_3_pair_023_pred_00044,0.126943,"['556.534', '1019.178', '598.636', '1062.993']",42.102,43.815,set_3/set_3_pair_023__x00384_y00768,"['00384', '00768']",small_16_32_64_128,0.125
67,1334,4,2,set_3/set_3_pair_023,set_3/set_3_pair_023_pred_00045,0.126354,"['502.411', '1327.753', '547.591', '1371.265']",45.180,43.512,set_3/set_3_pair_023__x00384_y00965,"['00384', '00965']",small_16_32_64_128,0.125
67,1335,4,3,set_3/set_3_pair_023,set_3/set_3_pair_023_pred_00046,0.125044,"['428.003', '1291.268', '471.728', '1335.955']",43.725,44.687,set_3/set_3_pair_023__x00000_y00965,"['00000', '00965']",small_16_32_64_128,0.125
67,1336,4,4,set_3/set_3_pair_024,set_3/set_3_pair_024_pred_00003,0.218921,"['524.803', '1211.035', '567.336', '1251.862']",42.533,40.827,set_3/set_3_pair_024__x00384_y00965,"['00384', '00965']",small_16_32_64_128,0.125
67,1337,5,1,set_3/set_3_pair_024,set_3/set_3_pair_024_pred_00004,0.211071,"['39.114', '82.670', '79.819', '123.344']",40.705,40.674,set_3/set_3_pair_024__x00000_y00000,"['00000', '00000']",small_16_32_64_128,0.125
67,1338,5,2,set_3/set_3_pair_024,set_3/set_3_pair_024_pred_00005,0.204496,"['1066.465', '752.880', '1103.568', '794.910']",37.103,42.030,set_3/set_3_pair_024__x00596_y00384,"['00596', '00384']",small_16_32_64_128,0.125
67,1339,5,3,set_3/set_3_pair_024,set_3/set_3_pair_024_pred_00006,0.196064,"['636.024', '589.785', '676.803', '629.094']",40.779,39.309,set_3/set_3_pair_024__x00596_y00384,"['00596', '00384']",small_16_32_64_128,0.125
67,1340,5,4,set_3/set_3_pair_024,set_3/set_3_pair_024_pred_00009,0.180856,"['1043.445', '942.064', '1082.690', '983.966']",39.245,41.902,set_3/set_3_pair_024__x00596_y00768,"['00596', '00768']",small_16_32_64_128,0.125
68,1341,1,1,set_3/set_3_pair_024,set_3/set_3_pair_024_pred_00010,0.177667,"['1042.658', '864.320', '1082.537', '905.883']",39.879,41.563,set_3/set_3_pair_024__x00596_y00768,"['00596', '00768']",small_16_32_64_128,0.125
68,1342,1,2,set_3/set_3_pair_024,set_3/set_3_pair_024_pred_00011,0.172550,"['55.632', '1309.872', '102.089', '1354.369']",46.457,44.497,set_3/set_3_pair_024__x00000_y00965,"['00000', '00965']",small_16_32_64_128,0.125
68,1343,1,3,set_3/set_3_pair_024,set_3/set_3_pair_024_pred_00012,0.167460,"['472.830', '1292.701', '510.363', '1333.767']",37.533,41.066,set_3/set_3_pair_024__x00000_y00965,"['00000', '00965']",small_16_32_64_128,0.125
68,1344,1,4,set_3/set_3_pair_024,set_3/set_3_pair_024_pred_00013,0.166868,"['965.635', '268.795', '1008.310', '311.547']",42.675,42.752,set_3/set_3_pair_024__x00596_y00000,"['00596', '00000']",small_16_32_64_128,0.125
68,1345,2,1,set_3/set_3_pair_024,set_3/set_3_pair_024_pred_00017,0.162446,"['1069.784', '1375.315', '1105.156', '1414.576']",35.372,39.261,set_3/set_3_pair_024__x00596_y00965,"['00596', '00965']",small_16_32_64_128,0.125
68,1346,2,2,set_3/set_3_pair_024,set_3/set_3_pair_024_pred_00018,0.161714,"['596.000', '814.281', '631.144', '852.624']",35.144,38.343,set_3/set_3_pair_024__x00596_y00768,"['00596', '00768']",small_16_32_64_128,0.125
68,1347,2,3,set_3/set_3_pair_024,set_3/set_3_pair_024_pred_00019,0.160692,"['793.990', '1111.245', '835.874', '1151.419']",41.884,40.174,set_3/set_3_pair_024__x00384_y00768,"['00384', '00768']",small_16_32_64_128,0.125
68,1348,2,4,set_3/set_3_pair_024,set_3/set_3_pair_024_pred_00021,0.156366,"['132.201', '1177.288', '177.013', '1220.546']",44.812,43.258,set_3/set_3_pair_024__x00000_y00965,"['00000', '00965']",small_16_32_64_128,0.125
68,1349,3,1,set_3/set_3_pair_024,set_3/set_3_pair_024_pred_00023,0.151389,"['655.788', '1108.375', '696.812', '1146.525']",41.024,38.150,set_3/set_3_pair_024__x00596_y00965,"['00596', '00965']",small_16_32_64_128,0.125
68,1350,3,2,set_3/set_3_pair_024,set_3/set_3_pair_024_pred_00026,0.144053,"['794.542', '1151.830', '835.851', '1192.431']",41.309,40.601,set_3/set_3_pair_024__x00384_y00965,"['00384', '00965']",small_16_32_64_128,0.125
68,1351,3,3,set_3/set_3_pair_024,set_3/set_3_pair_024_pred_00027,0.143497,"['449.548', '987.139', '492.348', '1030.583']",42.800,43.444,set_3/set_3_pair_024__x00000_y00965,"['00000', '00965']",small_16_32_64_128,0.125
68,1352,3,4,set_3/set_3_pair_024,set_3/set_3_pair_024_pred_00030,0.135720,"['289.907', '596.281', '332.682', '639.492']",42.775,43.211,set_3/set_3_pair_024__x00000_y00384,"['00000', '00384']",small_16_32_64_128,0.125
68,1353,4,1,set_3/set_3_pair_024,set_3/set_3_pair_024_pred_00031,0.134297,"['2.973', '1211.993', '40.727', '1249.864']",37.754,37.871,set_3/set_3_pair_024__x00000_y00965,"['00000', '00965']",small_16_32_64_128,0.125
68,1354,4,2,set_3/set_3_pair_024,set_3/set_3_pair_024_pred_00032,0.133189,"['178.447', '1156.854', '223.670', '1201.011']",45.223,44.157,set_3/set_3_pair_024__x00000_y00768,"['00000', '00768']",small_16_32_64_128,0.125
68,1355,4,3,set_3/set_3_pair_024,set_3/set_3_pair_024_pred_00033,0.132497,"['812.272', '1095.444', '855.149', '1137.449']",42.877,42.005,set_3/set_3_pair_024__x00384_y00768,"['00384', '00768']",small_16_32_64_128,0.125
68,1356,4,4,set_3/set_3_pair_024,set_3/set_3_pair_024_pred_00034,0.131240,"['941.263', '816.209', '983.379', '857.999']",42.116,41.790,set_3/set_3_pair_024__x00596_y00384,"['00596', '00384']",small_16_32_64_128,0.125
68,1357,5,1,set_3/set_3_pair_024,set_3/set_3_pair_024_pred_00036,0.128408,"['800.727', '203.423', '842.650', '245.012']",41.923,41.589,set_3/set_3_pair_024__x00596_y00000,"['00596', '00000']",small_16_32_64_128,0.125
68,1358,5,2,set_3/set_3_pair_024,set_3/set_3_pair_024_pred_00038,0.127875,"['464.665', '1073.247', '508.058', '1114.288']",43.393,41.041,set_3/set_3_pair_024__x00384_y00768,"['00384', '00768']",small_16_32_64_128,0.125
68,1359,5,3,set_3/set_3_pair_024,set_3/set_3_pair_024_pred_00039,0.126324,"['204.754', '1157.694', '246.619', '1200.545']",41.865,42.851,set_3/set_3_pair_024__x00000_y00768,"['00000', '00768']",small_16_32_64_128,0.125
68,1360,5,4,set_3/set_3_pair_024,set_3/set_3_pair_024_pred_00040,0.125641,"['699.459', '690.975', '740.796', '732.288']",41.337,41.313,set_3/set_3_pair_024__x00596_y00384,"['00596', '00384']",small_16_32_64_128,0.125
69,1361,1,1,set_3/set_3_pair_025,set_3/set_3_pair_025_pred_00001,0.294927,"['1072.481', '248.420', '1108.000', '288.803']",35.519,40.383,set_3/set_3_pair_025__x00596_y00000,"['00596', '00000']",small_16_32_64_128,0.125
69,1362,1,2,set_3/set_3_pair_025,set_3/set_3_pair_025_pred_00005,0.209671,"['1068.703', '851.682', '1104.622', '891.849']",35.919,40.167,set_3/set_3_pair_025__x00596_y00768,"['00596', '00768']",small_16_32_64_128,0.125
69,1363,1,3,set_3/set_3_pair_025,set_3/set_3_pair_025_pred_00006,0.199587,"['1046.682', '244.801', '1090.139', '287.667']",43.457,42.866,set_3/set_3_pair_025__x00596_y00000,"['00596', '00000']",small_16_32_64_128,0.125
69,1364,1,4,set_3/set_3_pair_025,set_3/set_3_pair_025_pred_00007,0.193196,"['764.919', '1332.976', '808.122', '1375.941']",43.203,42.965,set_3/set_3_pair_025__x00384_y00965,"['00384', '00965']",small_16_32_64_128,0.125
69,1365,2,1,set_3/set_3_pair_025,set_3/set_3_pair_025_pred_00008,0.185017,"['596.177', '1217.251', '638.304', '1259.965']",42.127,42.714,set_3/set_3_pair_025__x00384_y00965,"['00384', '00965']",small_16_32_64_128,0.125
69,1366,2,2,set_3/set_3_pair_025,set_3/set_3_pair_025_pred_00009,0.175568,"['222.553', '226.170', '265.664', '269.819']",43.111,43.649,set_3/set_3_pair_025__x00000_y00000,"['00000', '00000']",small_16_32_64_128,0.125
69,1367,2,3,set_3/set_3_pair_025,set_3/set_3_pair_025_pred_00011,0.154035,"['1047.519', '1104.972', '1089.766', '1147.292']",42.247,42.320,set_3/set_3_pair_025__x00596_y00965,"['00596', '00965']",small_16_32_64_128,0.125
69,1368,2,4,set_3/set_3_pair_025,set_3/set_3_pair_025_pred_00012,0.151102,"['636.143', '914.993', '675.995', '954.269']",39.852,39.276,set_3/set_3_pair_025__x00596_y00768,"['00596', '00768']",small_16_32_64_128,0.125
69,1369,3,1,set_3/set_3_pair_025,set_3/set_3_pair_025_pred_00013,0.148587,"['807.319', '250.984', '849.560', '293.180']",42.241,42.196,set_3/set_3_pair_025__x00596_y00000,"['00596', '00000']",small_16_32_64_128,0.125
69,1370,3,2,set_3/set_3_pair_025,set_3/set_3_pair_025_pred_00014,0.144660,"['780.541', '203.699', '821.461', '248.389']",40.920,44.690,set_3/set_3_pair_025__x00384_y00000,"['00384', '00000']",small_16_32_64_128,0.125
69,1371,3,3,set_3/set_3_pair_025,set_3/set_3_pair_025_pred_00015,0.140792,"['463.679', '1335.419', '505.345', '1375.840']",41.666,40.421,set_3/set_3_pair_025__x00384_y00965,"['00384', '00965']",small_16_32_64_128,0.125
69,1372,3,4,set_3/set_3_pair_025,set_3/set_3_pair_025_pred_00016,0.134347,"['943.192', '1314.462', '984.530', '1356.211']",41.338,41.749,set_3/set_3_pair_025__x00596_y00965,"['00596', '00965']",small_16_32_64_128,0.125
69,1373,4,1,set_3/set_3_pair_025,set_3/set_3_pair_025_pred_00019,0.133150,"['56.816', '43.276', '99.641', '84.982']",42.825,41.706,set_3/set_3_pair_025__x00000_y00000,"['00000', '00000']",small_16_32_64_128,0.125
69,1374,4,2,set_3/set_3_pair_025,set_3/set_3_pair_025_pred_00020,0.133142,"['59.791', '1164.744', '103.894', '1209.317']",44.103,44.573,set_3/set_3_pair_025__x00000_y00965,"['00000', '00965']",small_16_32_64_128,0.125
69,1375,4,3,set_3/set_3_pair_025,set_3/set_3_pair_025_pred_00022,0.131220,"['880.147', '1291.509', '923.382', '1336.235']",43.235,44.726,set_3/set_3_pair_025__x00596_y00965,"['00596', '00965']",small_16_32_64_128,0.125
69,1376,4,4,set_3/set_3_pair_025,set_3/set_3_pair_025_pred_00026,0.127982,"['1023.805', '910.292', '1066.716', '952.263']",42.911,41.971,set_3/set_3_pair_025__x00596_y00768,"['00596', '00768']",small_16_32_64_128,0.125
69,1377,5,1,set_3/set_3_pair_025,set_3/set_3_pair_025_pred_00027,0.126511,"['1044.124', '1295.348', '1082.600', '1337.293']",38.476,41.945,set_3/set_3_pair_025__x00596_y00965,"['00596', '00965']",small_16_32_64_128,0.125
69,1378,5,2,set_3/set_3_pair_025,set_3/set_3_pair_025_pred_00028,0.125958,"['805.664', '1169.088', '848.948', '1214.453']",43.284,45.365,set_3/set_3_pair_025__x00384_y00965,"['00384', '00965']",small_16_32_64_128,0.125
69,1379,5,3,set_3/set_3_pair_025,set_3/set_3_pair_025_pred_00030,0.125448,"['1069.627', '349.746', '1105.544', '390.662']",35.917,40.916,set_3/set_3_pair_025__x00596_y00000,"['00596', '00000']",small_16_32_64_128,0.125
69,1380,5,4,set_3/set_3_pair_027,set_3/set_3_pair_027_pred_00003,0.242851,"['407.570', '80.934', '452.418', '124.838']",44.848,43.904,set_3/set_3_pair_027__x00000_y00000,"['00000', '00000']",small_16_32_64_128,0.125
70,1381,1,1,set_3/set_3_pair_027,set_3/set_3_pair_027_pred_00005,0.221573,"['1024.763', '1070.132', '1066.265', '1111.771']",41.502,41.639,set_3/set_3_pair_027__x00596_y00768,"['00596', '00768']",small_16_32_64_128,0.125
70,1382,1,2,set_3/set_3_pair_027,set_3/set_3_pair_027_pred_00008,0.196966,"['161.197', '142.083', '204.422', '185.519']",43.225,43.436,set_3/set_3_pair_027__x00000_y00000,"['00000', '00000']",small_16_32_64_128,0.125
70,1383,1,3,set_3/set_3_pair_027,set_3/set_3_pair_027_pred_00010,0.192451,"['636.845', '731.795', '678.303', '773.347']",41.458,41.552,set_3/set_3_pair_027__x00596_y00384,"['00596', '00384']",small_16_32_64_128,0.125
70,1384,1,4,set_3/set_3_pair_027,set_3/set_3_pair_027_pred_00011,0.178555,"['463.087', '591.480', '504.795', '632.909']",41.708,41.429,set_3/set_3_pair_027__x00000_y00384,"['00000', '00384']",small_16_32_64_128,0.125
70,1385,2,1,set_3/set_3_pair_027,set_3/set_3_pair_027_pred_00012,0.176342,"['675.885', '85.760', '718.579', '128.489']",42.694,42.729,set_3/set_3_pair_027__x00596_y00000,"['00596', '00000']",small_16_32_64_128,0.125
70,1386,2,2,set_3/set_3_pair_027,set_3/set_3_pair_027_pred_00013,0.176154,"['845.308', '941.225', '888.664', '984.687']",43.356,43.462,set_3/set_3_pair_027__x00596_y00768,"['00596', '00768']",small_16_32_64_128,0.125
70,1387,2,3,set_3/set_3_pair_027,set_3/set_3_pair_027_pred_00014,0.174236,"['860.193', '247.000', '896.000', '286.776']",35.807,39.776,set_3/set_3_pair_027__x00384_y00000,"['00384', '00000']",small_16_32_64_128,0.125
70,1388,2,4,set_3/set_3_pair_027,set_3/set_3_pair_027_pred_00017,0.162405,"['590.168', '304.396', '631.059', '344.250']",40.891,39.854,set_3/set_3_pair_027__x00384_y00000,"['00384', '00000']",small_16_32_64_128,0.125
70,1389,3,1,set_3/set_3_pair_027,set_3/set_3_pair_027_pred_00018,0.158611,"['38.765', '125.016', '78.565', '164.204']",39.800,39.188,set_3/set_3_pair_027__x00000_y00000,"['00000', '00000']",small_16_32_64_128,0.125
70,1390,3,2,set_3/set_3_pair_027,set_3/set_3_pair_027_pred_00019,0.152002,"['859.596', '814.863', '903.388', '857.843']",43.792,42.980,set_3/set_3_pair_027__x00596_y00384,"['00596', '00384']",small_16_32_64_128,0.125
70,1391,3,3,set_3/set_3_pair_027,set_3/set_3_pair_027_pred_00020,0.149173,"['883.254', '768.926', '926.699', '816.635']",43.445,47.709,set_3/set_3_pair_027__x00596_y00384,"['00596', '00384']",small_16_32_64_128,0.125
70,1392,3,4,set_3/set_3_pair_027,set_3/set_3_pair_027_pred_00021,0.148947,"['502.248', '611.897', '545.489', '653.673']",43.241,41.776,set_3/set_3_pair_027__x00384_y00384,"['00384', '00384']",small_16_32_64_128,0.125
70,1393,4,1,set_3/set_3_pair_027,set_3/set_3_pair_027_pred_00023,0.147711,"['473.206', '986.256', '509.434', '1028.003']",36.228,41.747,set_3/set_3_pair_027__x00000_y00768,"['00000', '00768']",small_16_32_64_128,0.125
70,1394,4,2,set_3/set_3_pair_027,set_3/set_3_pair_027_pred_00024,0.144509,"['426.264', '369.988', '470.854', '414.198']",44.590,44.210,set_3/set_3_pair_027__x00000_y00000,"['00000', '00000']",small_16_32_64_128,0.125
70,1395,4,3,set_3/set_3_pair_027,set_3/set_3_pair_027_pred_00025,0.143729,"['883.329', '1076.529', '925.176', '1117.676']",41.847,41.147,set_3/set_3_pair_027__x00596_y00768,"['00596', '00768']",small_16_32_64_128,0.125
70,1396,4,4,set_3/set_3_pair_027,set_3/set_3_pair_027_pred_00026,0.139327,"['939.929', '1101.020', '979.677', '1141.900']",39.748,40.880,set_3/set_3_pair_027__x00596_y00768,"['00596', '00768']",small_16_32_64_128,0.125
70,1397,5,1,set_3/set_3_pair_027,set_3/set_3_pair_027_pred_00027,0.134846,"['1071.343', '507.721', '1107.519', '548.505']",36.176,40.784,set_3/set_3_pair_027__x00596_y00384,"['00596', '00384']",small_16_32_64_128,0.125
70,1398,5,2,set_3/set_3_pair_027,set_3/set_3_pair_027_pred_00028,0.132409,"['679.583', '629.469', '721.462', '671.724']",41.879,42.255,set_3/set_3_pair_027__x00596_y00384,"['00596', '00384']",small_16_32_64_128,0.125
70,1399,5,3,set_3/set_3_pair_027,set_3/set_3_pair_027_pred_00031,0.125711,"['485.562', '120.681', '527.865', '164.294']",42.303,43.613,set_3/set_3_pair_027__x00384_y00000,"['00384', '00000']",small_16_32_64_128,0.125
70,1400,5,4,set_3/set_3_pair_027,set_3/set_3_pair_027_pred_00032,0.125064,"['544.709', '80.849', '588.678', '124.370']",43.969,43.521,set_3/set_3_pair_027__x00384_y00000,"['00384', '00000']",small_16_32_64_128,0.125
