system_key,label,is_anomaly,consensus_rank,consensus_score,method_vote_count,output_file,image_path,rank,score,source_id,source_image,system,paired_mask_file,x,y,generation_method,blue_marker_ratio,border_foreground_ratio,center_foreground_ratio,contrast,dirty_mark_center_score,dirty_mark_found,dirty_mark_margin_score,dirty_mark_ratio,edge_density,entropy,estimated_background_ratio,exposure_score,flat_ratio,foreground_ratio,high_frequency_energy,laplacian_variance,largest_component_area,largest_component_ratio,largest_flat_background_ratio,local_std_mean,material_border_ratio,material_center_ratio,material_largest_component_area,material_largest_component_ratio,material_ratio,mean_brightness,quality_gate_pass,read_ok,tenengrad,manifest_path,isolation_forest_score,isolation_forest_norm,isolation_forest_rank,isolation_forest_flag,lof_score,lof_norm,lof_rank,lof_flag,pca_score,pca_norm,pca_rank,pca_flag,feature_columns
system_1_opencv_content_contour,clean_negative,1,1,1.00000000,3,clean_negative/clean_7_18.jpg,BacktestSelection\run_20260617_163620\system_1_opencv_content_contour\clean_negative\clean_7_18.jpg,253,0.63866907,7,7.jpg,system_1_opencv_content_contour,,174,1031,sliding_window_clean,0.00000000,0.99970703,0.98632812,18.85433435,0.00000000,0.00000000,0.00000000,0.00000000,0.10049438,0.66123660,0.14570618,0.98497009,0.18844604,0.99568176,0.26300329,194.66944957,65253.00000000,0.99568176,0.09645081,9.83811569,0.76186523,0.92138672,55967.00000000,0.85398865,0.85429382,172.78684998,1.00000000,1.00000000,3995.18188477,BacktestSelection\run_20260617_163620\system_1_opencv_content_contour\selected_manifest.csv,0.60261888,1.00000000,9,1,1.60549055,1.00000000,6,1,0.00030682,1.00000000,5,1,score;blue_marker_ratio;border_foreground_ratio;center_foreground_ratio;contrast;dirty_mark_center_score;dirty_mark_found;dirty_mark_margin_score;dirty_mark_ratio;edge_density;entropy;estimated_background_ratio;exposure_score;flat_ratio;foreground_ratio;high_frequency_energy;laplacian_variance;largest_component_area;largest_component_ratio;largest_flat_background_ratio;local_std_mean;material_border_ratio;material_center_ratio;material_largest_component_area;material_largest_component_ratio;material_ratio;mean_brightness;quality_gate_pass;read_ok;tenengrad
system_1_opencv_content_contour,clean_negative,1,2,1.00000000,3,clean_negative/clean_15_16.jpg,BacktestSelection\run_20260617_163620\system_1_opencv_content_contour\clean_negative\clean_15_16.jpg,195,0.83224170,15,15.jpg,system_1_opencv_content_contour,,68,848,sliding_window_clean,0.00000000,0.99926758,0.98999023,19.59920702,0.00000000,0.00000000,0.00000000,0.00000000,0.18394470,0.69672298,0.06381226,0.98092651,0.06242371,0.99566650,0.32813501,521.30817662,65252.00000000,0.99566650,0.03390503,12.09883976,0.93437500,0.96954346,61344.00000000,0.93603516,0.93618774,176.24014282,1.00000000,1.00000000,6260.87011719,BacktestSelection\run_20260617_163620\system_1_opencv_content_contour\selected_manifest.csv,0.57010202,1.00000000,1,1,1.61878311,1.00000000,14,1,0.00021268,1.00000000,12,1,score;blue_marker_ratio;border_foreground_ratio;center_foreground_ratio;contrast;dirty_mark_center_score;dirty_mark_found;dirty_mark_margin_score;dirty_mark_ratio;edge_density;entropy;estimated_background_ratio;exposure_score;flat_ratio;foreground_ratio;high_frequency_energy;laplacian_variance;largest_component_area;largest_component_ratio;largest_flat_background_ratio;local_std_mean;material_border_ratio;material_center_ratio;material_largest_component_area;material_largest_component_ratio;material_ratio;mean_brightness;quality_gate_pass;read_ok;tenengrad
system_1_opencv_content_contour,clean_negative,1,3,0.99971454,3,clean_negative/clean_4_189.jpg,BacktestSelection\run_20260617_163620\system_1_opencv_content_contour\clean_negative\clean_4_189.jpg,255,0.59478517,4,4.jpg,system_1_opencv_content_contour,,419,808,sliding_window_clean,0.00000000,1.00000000,1.00000000,14.74916028,0.00000000,0.00000000,0.00000000,0.00000000,0.06190491,0.64856005,0.18586731,0.99961853,0.25549316,1.00000000,0.20318548,129.82775855,65536.00000000,1.00000000,0.15556335,7.01956463,0.81889648,0.94470215,53103.00000000,0.81028748,0.81413269,154.55143738,1.00000000,1.00000000,1986.90124512,BacktestSelection\run_20260617_163620\system_1_opencv_content_contour\selected_manifest.csv,0.65115289,1.00000000,10,1,1.51453479,0.99914363,16,1,0.00008701,1.00000000,7,1,score;blue_marker_ratio;border_foreground_ratio;center_foreground_ratio;contrast;dirty_mark_center_score;dirty_mark_found;dirty_mark_margin_score;dirty_mark_ratio;edge_density;entropy;estimated_background_ratio;exposure_score;flat_ratio;foreground_ratio;high_frequency_energy;laplacian_variance;largest_component_area;largest_component_ratio;largest_flat_background_ratio;local_std_mean;material_border_ratio;material_center_ratio;material_largest_component_area;material_largest_component_ratio;material_ratio;mean_brightness;quality_gate_pass;read_ok;tenengrad
system_1_opencv_content_contour,clean_negative,1,4,0.97354899,3,clean_negative/clean_5_73.jpg,BacktestSelection\run_20260617_163620\system_1_opencv_content_contour\clean_negative\clean_5_73.jpg,251,0.65222030,5,5.jpg,system_1_opencv_content_contour,,638,761,sliding_window_clean,0.00000000,1.00000000,1.00000000,26.15198807,0.00000000,0.00000000,0.00000000,0.00000000,0.14533997,0.74541736,0.16253662,0.99362946,0.21739197,1.00000000,0.14089343,408.13615207,65536.00000000,1.00000000,0.01000977,9.92748070,0.62651367,0.99127197,54327.00000000,0.82896423,0.83746338,151.34759521,1.00000000,1.00000000,4875.18945312,BacktestSelection\run_20260617_163620\system_1_opencv_content_contour\selected_manifest.csv,0.55363653,0.92064698,22,1,1.52746198,1.00000000,7,1,0.00018576,1.00000000,4,1,score;blue_marker_ratio;border_foreground_ratio;center_foreground_ratio;contrast;dirty_mark_center_score;dirty_mark_found;dirty_mark_margin_score;dirty_mark_ratio;edge_density;entropy;estimated_background_ratio;exposure_score;flat_ratio;foreground_ratio;high_frequency_energy;laplacian_variance;largest_component_area;largest_component_ratio;largest_flat_background_ratio;local_std_mean;material_border_ratio;material_center_ratio;material_largest_component_area;material_largest_component_ratio;material_ratio;mean_brightness;quality_gate_pass;read_ok;tenengrad
system_1_opencv_content_contour,clean_negative,1,5,0.97340493,3,clean_negative/clean_7_22.jpg,BacktestSelection\run_20260617_163620\system_1_opencv_content_contour\clean_negative\clean_7_22.jpg,247,0.67534306,7,7.jpg,system_1_opencv_content_contour,,174,1079,sliding_window_clean,0.00000000,0.99995117,0.98547363,19.76448258,0.00000000,0.00000000,0.00000000,0.00000000,0.10568237,0.68017594,0.12515259,0.98237610,0.16372681,0.99560547,0.24907795,205.63823790,65248.00000000,0.99560547,0.08372498,10.16889668,0.79121094,0.92333984,57319.00000000,0.87461853,0.87484741,173.73559570,1.00000000,1.00000000,4108.23535156,BacktestSelection\run_20260617_163620\system_1_opencv_content_contour\selected_manifest.csv,0.55355427,0.92021479,23,1,1.64073086,1.00000000,4,1,0.00027717,1.00000000,9,1,score;blue_marker_ratio;border_foreground_ratio;center_foreground_ratio;contrast;dirty_mark_center_score;dirty_mark_found;dirty_mark_margin_score;dirty_mark_ratio;edge_density;entropy;estimated_background_ratio;exposure_score;flat_ratio;foreground_ratio;high_frequency_energy;laplacian_variance;largest_component_area;largest_component_ratio;largest_flat_background_ratio;local_std_mean;material_border_ratio;material_center_ratio;material_largest_component_area;material_largest_component_ratio;material_ratio;mean_brightness;quality_gate_pass;read_ok;tenengrad
system_1_opencv_content_contour,clean_negative,1,6,0.96858027,2,clean_negative/clean_15_15.jpg,BacktestSelection\run_20260617_163620\system_1_opencv_content_contour\clean_negative\clean_15_15.jpg,203,0.81177245,15,15.jpg,system_1_opencv_content_contour,,48,848,sliding_window_clean,0.00000000,0.99951172,0.99066162,19.58616659,0.00000000,0.00000000,0.00000000,0.00000000,0.17631531,0.69750730,0.07244873,0.98115540,0.07090759,0.99682617,0.31479210,512.58483247,65328.00000000,0.99682617,0.03399658,11.82220554,0.89501953,0.96014404,60769.00000000,0.92726135,0.92755127,176.02813721,1.00000000,1.00000000,6055.87695312,BacktestSelection\run_20260617_163620\system_1_opencv_content_contour\selected_manifest.csv,0.55079915,0.90574080,26,0,1.83401425,1.00000000,15,1,0.00019514,1.00000000,13,1,score;blue_marker_ratio;border_foreground_ratio;center_foreground_ratio;contrast;dirty_mark_center_score;dirty_mark_found;dirty_mark_margin_score;dirty_mark_ratio;edge_density;entropy;estimated_background_ratio;exposure_score;flat_ratio;foreground_ratio;high_frequency_energy;laplacian_variance;largest_component_area;largest_component_ratio;largest_flat_background_ratio;local_std_mean;material_border_ratio;material_center_ratio;material_largest_component_area;material_largest_component_ratio;material_ratio;mean_brightness;quality_gate_pass;read_ok;tenengrad
system_1_opencv_content_contour,clean_negative,1,7,0.92722609,2,clean_negative/clean_9_131.jpg,BacktestSelection\run_20260617_163620\system_1_opencv_content_contour\clean_negative\clean_9_131.jpg,288,0.67469329,9,9.jpg,system_1_opencv_content_contour,,571,891,sliding_window_clean,0.00000000,0.98994141,1.00000000,22.79904593,0.00000000,0.00000000,0.00000000,0.00000000,0.18627930,0.73048878,0.15512085,0.99626160,0.16510010,0.99833679,0.27794588,754.27648294,65427.00000000,0.99833679,0.08018494,12.36130810,0.67968750,0.99224854,55336.00000000,0.84436035,0.84487915,138.79586792,1.00000000,1.00000000,7563.97265625,BacktestSelection\run_20260617_163620\system_1_opencv_content_contour\selected_manifest.csv,0.62412350,1.00000000,6,1,1.39685400,0.78167826,26,0,0.00018396,1.00000000,15,1,score;blue_marker_ratio;border_foreground_ratio;center_foreground_ratio;contrast;dirty_mark_center_score;dirty_mark_found;dirty_mark_margin_score;dirty_mark_ratio;edge_density;entropy;estimated_background_ratio;exposure_score;flat_ratio;foreground_ratio;high_frequency_energy;laplacian_variance;largest_component_area;largest_component_ratio;largest_flat_background_ratio;local_std_mean;material_border_ratio;material_center_ratio;material_largest_component_area;material_largest_component_ratio;material_ratio;mean_brightness;quality_gate_pass;read_ok;tenengrad
system_1_opencv_content_contour,clean_negative,1,8,0.91527394,2,clean_negative/clean_5_91.jpg,BacktestSelection\run_20260617_163620\system_1_opencv_content_contour\clean_negative\clean_5_91.jpg,246,0.68280437,5,5.jpg,system_1_opencv_content_contour,,637,820,sliding_window_clean,0.00000000,1.00000000,1.00000000,27.43040591,0.00000000,0.00000000,0.00000000,0.00000000,0.14465332,0.75513538,0.14984131,0.99362946,0.20040894,1.00000000,0.12960678,407.04900314,65536.00000000,1.00000000,0.00006104,10.08936596,0.68037109,0.97399902,55143.00000000,0.84141541,0.85015869,150.16842651,1.00000000,1.00000000,4983.05468750,BacktestSelection\run_20260617_163620\system_1_opencv_content_contour\selected_manifest.csv,0.52035861,0.74582182,48,0,1.52767367,1.00000000,5,1,0.00014375,1.00000000,10,1,score;blue_marker_ratio;border_foreground_ratio;center_foreground_ratio;contrast;dirty_mark_center_score;dirty_mark_found;dirty_mark_margin_score;dirty_mark_ratio;edge_density;entropy;estimated_background_ratio;exposure_score;flat_ratio;foreground_ratio;high_frequency_energy;laplacian_variance;largest_component_area;largest_component_ratio;largest_flat_background_ratio;local_std_mean;material_border_ratio;material_center_ratio;material_largest_component_area;material_largest_component_ratio;material_ratio;mean_brightness;quality_gate_pass;read_ok;tenengrad
system_1_opencv_content_contour,clean_negative,1,9,0.91370286,2,clean_negative/clean_5_86.jpg,BacktestSelection\run_20260617_163620\system_1_opencv_content_contour\clean_negative\clean_5_86.jpg,243,0.69321528,5,5.jpg,system_1_opencv_content_contour,,637,809,sliding_window_clean,0.00000000,1.00000000,1.00000000,27.30573904,0.00000000,0.00000000,0.00000000,0.00000000,0.14619446,0.75473062,0.14593506,0.99370575,0.19624329,1.00000000,0.13233307,413.14934011,65536.00000000,1.00000000,0.00001526,10.15917587,0.68710938,0.97869873,55908.00000000,0.85308838,0.85406494,150.51385498,1.00000000,1.00000000,5035.15380859,BacktestSelection\run_20260617_163620\system_1_opencv_content_contour\selected_manifest.csv,0.51946145,0.74110859,49,0,1.53518874,1.00000000,3,1,0.00013387,1.00000000,3,1,score;blue_marker_ratio;border_foreground_ratio;center_foreground_ratio;contrast;dirty_mark_center_score;dirty_mark_found;dirty_mark_margin_score;dirty_mark_ratio;edge_density;entropy;estimated_background_ratio;exposure_score;flat_ratio;foreground_ratio;high_frequency_energy;laplacian_variance;largest_component_area;largest_component_ratio;largest_flat_background_ratio;local_std_mean;material_border_ratio;material_center_ratio;material_largest_component_area;material_largest_component_ratio;material_ratio;mean_brightness;quality_gate_pass;read_ok;tenengrad
system_1_opencv_content_contour,clean_negative,1,10,0.89246144,2,clean_negative/clean_7_46.jpg,BacktestSelection\run_20260617_163620\system_1_opencv_content_contour\clean_negative\clean_7_46.jpg,279,0.53685429,7,7.jpg,system_1_opencv_content_contour,,144,1175,sliding_window_clean,0.00000000,0.99047852,1.00000000,22.01355476,0.00000000,0.00000000,0.00000000,0.00000000,0.10014343,0.72738949,0.18666077,0.98355865,0.22520447,0.99638367,0.16751483,181.39532469,65299.00000000,0.99638367,0.15800476,9.31752396,0.60239258,0.99133301,53303.00000000,0.81333923,0.81333923,171.46557617,1.00000000,1.00000000,3529.25537109,BacktestSelection\run_20260617_163620\system_1_opencv_content_contour\selected_manifest.csv,0.62613729,1.00000000,3,1,1.56537645,1.00000000,10,1,0.00004155,0.67738431,38,0,score;blue_marker_ratio;border_foreground_ratio;center_foreground_ratio;contrast;dirty_mark_center_score;dirty_mark_found;dirty_mark_margin_score;dirty_mark_ratio;edge_density;entropy;estimated_background_ratio;exposure_score;flat_ratio;foreground_ratio;high_frequency_energy;laplacian_variance;largest_component_area;largest_component_ratio;largest_flat_background_ratio;local_std_mean;material_border_ratio;material_center_ratio;material_largest_component_area;material_largest_component_ratio;material_ratio;mean_brightness;quality_gate_pass;read_ok;tenengrad
system_1_opencv_content_contour,clean_negative,1,11,0.83648953,2,clean_negative/clean_7_58.jpg,BacktestSelection\run_20260617_163620\system_1_opencv_content_contour\clean_negative\clean_7_58.jpg,256,0.57816550,7,7.jpg,system_1_opencv_content_contour,,144,1220,sliding_window_clean,0.00000000,1.00000000,1.00000000,23.70770196,0.00000000,0.00000000,0.00000000,0.00000000,0.10583496,0.75295568,0.16452026,0.98264313,0.20468140,0.99978638,0.14854223,183.50747618,65522.00000000,0.99978638,0.14469910,9.66798592,0.62709961,0.99328613,54727.00000000,0.83506775,0.83547974,171.27893066,1.00000000,1.00000000,3660.95898438,BacktestSelection\run_20260617_163620\system_1_opencv_content_contour\selected_manifest.csv,0.57144036,1.00000000,11,1,1.24954849,0.50946860,84,0,0.00006688,1.00000000,6,1,score;blue_marker_ratio;border_foreground_ratio;center_foreground_ratio;contrast;dirty_mark_center_score;dirty_mark_found;dirty_mark_margin_score;dirty_mark_ratio;edge_density;entropy;estimated_background_ratio;exposure_score;flat_ratio;foreground_ratio;high_frequency_energy;laplacian_variance;largest_component_area;largest_component_ratio;largest_flat_background_ratio;local_std_mean;material_border_ratio;material_center_ratio;material_largest_component_area;material_largest_component_ratio;material_ratio;mean_brightness;quality_gate_pass;read_ok;tenengrad
system_1_opencv_content_contour,clean_negative,1,12,0.83314240,2,clean_negative/clean_4_55.jpg,BacktestSelection\run_20260617_163620\system_1_opencv_content_contour\clean_negative\clean_4_55.jpg,258,0.56224425,4,4.jpg,system_1_opencv_content_contour,,144,192,sliding_window_clean,0.00000000,0.99985352,1.00000000,17.94664424,0.00000000,0.00000000,0.00000000,0.00000000,0.05975342,0.68721072,0.17672729,0.98519897,0.23733521,0.99989319,0.15212317,82.68749661,65529.00000000,0.99989319,0.13244629,7.49837065,0.66630859,0.97039795,53603.00000000,0.81791687,0.82327271,189.66477966,1.00000000,1.00000000,1970.34106445,BacktestSelection\run_20260617_163620\system_1_opencv_content_contour\selected_manifest.csv,0.61343020,1.00000000,12,1,1.32034154,0.64028890,50,0,0.00005151,0.85913830,19,1,score;blue_marker_ratio;border_foreground_ratio;center_foreground_ratio;contrast;dirty_mark_center_score;dirty_mark_found;dirty_mark_margin_score;dirty_mark_ratio;edge_density;entropy;estimated_background_ratio;exposure_score;flat_ratio;foreground_ratio;high_frequency_energy;laplacian_variance;largest_component_area;largest_component_ratio;largest_flat_background_ratio;local_std_mean;material_border_ratio;material_center_ratio;material_largest_component_area;material_largest_component_ratio;material_ratio;mean_brightness;quality_gate_pass;read_ok;tenengrad
system_1_opencv_content_contour,clean_negative,1,13,0.82231815,2,clean_negative/clean_4_84.jpg,BacktestSelection\run_20260617_163620\system_1_opencv_content_contour\clean_negative\clean_4_84.jpg,257,0.56556507,4,4.jpg,system_1_opencv_content_contour,,202,278,sliding_window_clean,0.00000000,0.94448242,1.00000000,17.90888361,0.00000000,0.00000000,0.00000000,0.00000000,0.06391907,0.67491500,0.19448853,0.98718262,0.23707581,0.96769714,0.15708113,93.00251768,62465.00000000,0.95314026,0.06837463,7.67555904,0.68784180,0.94946289,51815.00000000,0.79063416,0.80551147,186.52484131,1.00000000,1.00000000,2111.75878906,BacktestSelection\run_20260617_163620\system_1_opencv_content_contour\selected_manifest.csv,0.63426447,1.00000000,13,1,1.22654207,0.46695444,100,0,0.00006508,1.00000000,8,1,score;blue_marker_ratio;border_foreground_ratio;center_foreground_ratio;contrast;dirty_mark_center_score;dirty_mark_found;dirty_mark_margin_score;dirty_mark_ratio;edge_density;entropy;estimated_background_ratio;exposure_score;flat_ratio;foreground_ratio;high_frequency_energy;laplacian_variance;largest_component_area;largest_component_ratio;largest_flat_background_ratio;local_std_mean;material_border_ratio;material_center_ratio;material_largest_component_area;material_largest_component_ratio;material_ratio;mean_brightness;quality_gate_pass;read_ok;tenengrad
system_1_opencv_content_contour,clean_negative,1,14,0.79909835,1,clean_negative/clean_4_41.jpg,BacktestSelection\run_20260617_163620\system_1_opencv_content_contour\clean_negative\clean_4_41.jpg,242,0.70218881,4,4.jpg,system_1_opencv_content_contour,,144,144,sliding_window_clean,0.00000000,0.99975586,1.00000000,17.28246548,0.00000000,0.00000000,0.00000000,0.00000000,0.05619812,0.68506416,0.11708069,0.98767853,0.18669128,0.99984741,0.15866867,80.59963252,65526.00000000,0.99984741,0.06022644,7.48770332,0.77089844,0.95690918,57741.00000000,0.88105774,0.88291931,192.54292297,1.00000000,1.00000000,1862.78894043,BacktestSelection\run_20260617_163620\system_1_opencv_content_contour\selected_manifest.csv,0.56866975,0.99962378,16,1,1.34854763,0.69241168,42,0,0.00004307,0.70525960,34,0,score;blue_marker_ratio;border_foreground_ratio;center_foreground_ratio;contrast;dirty_mark_center_score;dirty_mark_found;dirty_mark_margin_score;dirty_mark_ratio;edge_density;entropy;estimated_background_ratio;exposure_score;flat_ratio;foreground_ratio;high_frequency_energy;laplacian_variance;largest_component_area;largest_component_ratio;largest_flat_background_ratio;local_std_mean;material_border_ratio;material_center_ratio;material_largest_component_area;material_largest_component_ratio;material_ratio;mean_brightness;quality_gate_pass;read_ok;tenengrad
system_1_opencv_content_contour,clean_negative,1,15,0.79296526,1,clean_negative/clean_9_132.jpg,BacktestSelection\run_20260617_163620\system_1_opencv_content_contour\clean_negative\clean_9_132.jpg,267,0.74308177,9,9.jpg,system_1_opencv_content_contour,,0,899,sliding_window_clean,0.00000000,1.00000000,1.00000000,25.37470615,0.00000000,0.00000000,0.00000000,0.00000000,0.19416809,0.77219510,0.08293152,0.96917725,0.08714294,1.00000000,0.16848278,535.43731418,65536.00000000,1.00000000,0.07850647,11.70985222,0.79096680,0.99914551,60096.00000000,0.91699219,0.91706848,184.54804993,1.00000000,1.00000000,5530.11328125,BacktestSelection\run_20260617_163620\system_1_opencv_content_contour\selected_manifest.csv,0.51845323,0.73581190,50,0,1.43286313,0.84822046,22,1,0.00004799,0.79486341,25,0,score;blue_marker_ratio;border_foreground_ratio;center_foreground_ratio;contrast;dirty_mark_center_score;dirty_mark_found;dirty_mark_margin_score;dirty_mark_ratio;edge_density;entropy;estimated_background_ratio;exposure_score;flat_ratio;foreground_ratio;high_frequency_energy;laplacian_variance;largest_component_area;largest_component_ratio;largest_flat_background_ratio;local_std_mean;material_border_ratio;material_center_ratio;material_largest_component_area;material_largest_component_ratio;material_ratio;mean_brightness;quality_gate_pass;read_ok;tenengrad
system_1_opencv_content_contour,clean_negative,1,16,0.78869324,2,clean_negative/clean_4_190.jpg,BacktestSelection\run_20260617_163620\system_1_opencv_content_contour\clean_negative\clean_4_190.jpg,238,0.70736221,4,4.jpg,system_1_opencv_content_contour,,384,1001,sliding_window_clean,0.00000000,0.99409180,1.00000000,17.08411901,0.00000000,0.00000000,0.00000000,0.00000000,0.05569458,0.67800919,0.13198853,0.99904633,0.21025085,0.99815369,0.17295694,125.93477667,65415.00000000,0.99815369,0.06468201,7.31816483,0.78789062,0.94995117,56858.00000000,0.86758423,0.86801147,138.87553406,1.00000000,1.00000000,2159.34619141,BacktestSelection\run_20260617_163620\system_1_opencv_content_contour\selected_manifest.csv,0.58103950,1.00000000,4,1,1.27925113,0.56435688,66,0,0.00004836,0.80172285,22,1,score;blue_marker_ratio;border_foreground_ratio;center_foreground_ratio;contrast;dirty_mark_center_score;dirty_mark_found;dirty_mark_margin_score;dirty_mark_ratio;edge_density;entropy;estimated_background_ratio;exposure_score;flat_ratio;foreground_ratio;high_frequency_energy;laplacian_variance;largest_component_area;largest_component_ratio;largest_flat_background_ratio;local_std_mean;material_border_ratio;material_center_ratio;material_largest_component_area;material_largest_component_ratio;material_ratio;mean_brightness;quality_gate_pass;read_ok;tenengrad
system_1_opencv_content_contour,clean_negative,1,17,0.78032032,2,clean_negative/clean_11_38.jpg,BacktestSelection\run_20260617_163620\system_1_opencv_content_contour\clean_negative\clean_11_38.jpg,286,0.71568293,11,11.jpg,system_1_opencv_content_contour,,748,682,sliding_window_clean,0.00000000,1.00000000,1.00000000,21.16356755,0.00000000,0.00000000,0.00000000,0.00000000,0.07009888,0.71747088,0.13215637,0.99855042,0.21871948,1.00000000,0.13098317,139.17110273,65536.00000000,1.00000000,0.01684570,7.93954086,0.83046875,0.89196777,56865.00000000,0.86769104,0.86784363,136.76679993,1.00000000,1.00000000,2473.33544922,BacktestSelection\run_20260617_163620\system_1_opencv_content_contour\selected_manifest.csv,0.55300487,0.91732853,24,1,1.20309849,0.42363245,109,0,0.00006501,1.00000000,14,1,score;blue_marker_ratio;border_foreground_ratio;center_foreground_ratio;contrast;dirty_mark_center_score;dirty_mark_found;dirty_mark_margin_score;dirty_mark_ratio;edge_density;entropy;estimated_background_ratio;exposure_score;flat_ratio;foreground_ratio;high_frequency_energy;laplacian_variance;largest_component_area;largest_component_ratio;largest_flat_background_ratio;local_std_mean;material_border_ratio;material_center_ratio;material_largest_component_area;material_largest_component_ratio;material_ratio;mean_brightness;quality_gate_pass;read_ok;tenengrad
system_1_opencv_content_contour,clean_negative,1,18,0.77911090,2,clean_negative/clean_7_31.jpg,BacktestSelection\run_20260617_163620\system_1_opencv_content_contour\clean_negative\clean_7_31.jpg,236,0.72146320,7,7.jpg,system_1_opencv_content_contour,,174,1127,sliding_window_clean,0.00000000,0.99990234,0.99896240,20.63934415,0.00000000,0.00000000,0.00000000,0.00000000,0.10852051,0.70246077,0.10336304,0.98096466,0.14620972,0.99577332,0.22751947,201.27262538,65259.00000000,0.99577332,0.06063843,10.30896664,0.78847656,0.97589111,58733.00000000,0.89619446,0.89663696,174.35748291,1.00000000,1.00000000,4014.04492188,BacktestSelection\run_20260617_163620\system_1_opencv_content_contour\selected_manifest.csv,0.49949327,0.63620601,75,0,1.46188190,0.90184501,21,1,0.00004823,0.79928169,23,1,score;blue_marker_ratio;border_foreground_ratio;center_foreground_ratio;contrast;dirty_mark_center_score;dirty_mark_found;dirty_mark_margin_score;dirty_mark_ratio;edge_density;entropy;estimated_background_ratio;exposure_score;flat_ratio;foreground_ratio;high_frequency_energy;laplacian_variance;largest_component_area;largest_component_ratio;largest_flat_background_ratio;local_std_mean;material_border_ratio;material_center_ratio;material_largest_component_area;material_largest_component_ratio;material_ratio;mean_brightness;quality_gate_pass;read_ok;tenengrad
system_1_opencv_content_contour,clean_negative,1,19,0.76781346,0,clean_negative/clean_7_16.jpg,BacktestSelection\run_20260617_163620\system_1_opencv_content_contour\clean_negative\clean_7_16.jpg,241,0.70265983,7,7.jpg,system_1_opencv_content_contour,,192,986,sliding_window_clean,0.00000000,0.99970703,0.99737549,19.16030909,0.00000000,0.00000000,0.00000000,0.00000000,0.11103821,0.66608826,0.11663818,0.98317719,0.15776062,0.99571228,0.26998109,200.73462326,65255.00000000,0.99571228,0.04090881,10.47766781,0.77055664,0.92279053,57872.00000000,0.88305664,0.88336182,174.01570129,1.00000000,1.00000000,4317.01367188,BacktestSelection\run_20260617_163620\system_1_opencv_content_contour\selected_manifest.csv,0.53426711,0.81888995,38,0,1.36132244,0.71601857,36,0,0.00004654,0.76853187,28,0,score;blue_marker_ratio;border_foreground_ratio;center_foreground_ratio;contrast;dirty_mark_center_score;dirty_mark_found;dirty_mark_margin_score;dirty_mark_ratio;edge_density;entropy;estimated_background_ratio;exposure_score;flat_ratio;foreground_ratio;high_frequency_energy;laplacian_variance;largest_component_area;largest_component_ratio;largest_flat_background_ratio;local_std_mean;material_border_ratio;material_center_ratio;material_largest_component_area;material_largest_component_ratio;material_ratio;mean_brightness;quality_gate_pass;read_ok;tenengrad
system_1_opencv_content_contour,clean_negative,1,20,0.76138199,1,clean_negative/clean_2_10.jpg,BacktestSelection\run_20260617_163620\system_1_opencv_content_contour\clean_negative\clean_2_10.jpg,250,0.65819256,2,2.jpg,system_1_opencv_content_contour,,48,96,sliding_window_clean,0.00000000,0.99902344,0.99908447,18.17630649,0.00000000,0.00000000,0.00000000,0.00000000,0.11413574,0.69415299,0.13500977,0.97543335,0.15686035,0.99887085,0.21154463,212.41129967,65462.00000000,0.99887085,0.05560303,8.98282051,0.74169922,0.98248291,56678.00000000,0.86483765,0.86499023,193.08546448,1.00000000,1.00000000,3125.01977539,BacktestSelection\run_20260617_163620\system_1_opencv_content_contour\selected_manifest.csv,0.54706529,0.88612502,27,0,1.25275688,0.51539747,82,0,0.00005280,0.88262347,18,1,score;blue_marker_ratio;border_foreground_ratio;center_foreground_ratio;contrast;dirty_mark_center_score;dirty_mark_found;dirty_mark_margin_score;dirty_mark_ratio;edge_density;entropy;estimated_background_ratio;exposure_score;flat_ratio;foreground_ratio;high_frequency_energy;laplacian_variance;largest_component_area;largest_component_ratio;largest_flat_background_ratio;local_std_mean;material_border_ratio;material_center_ratio;material_largest_component_area;material_largest_component_ratio;material_ratio;mean_brightness;quality_gate_pass;read_ok;tenengrad
system_1_opencv_content_contour,clean_negative,1,21,0.75220965,1,clean_negative/clean_12_8.jpg,BacktestSelection\run_20260617_163620\system_1_opencv_content_contour\clean_negative\clean_12_8.jpg,214,0.80062264,12,12.jpg,system_1_opencv_content_contour,,669,919,sliding_window_clean,0.00000000,1.00000000,1.00000000,24.10975076,0.00000000,0.00000000,0.00000000,0.00000000,0.14665222,0.70760028,0.08605957,0.99530792,0.13812256,1.00000000,0.19349666,569.77163734,65536.00000000,1.00000000,0.02754211,11.23961258,0.77207031,0.99713135,59876.00000000,0.91363525,0.91394043,135.84367371,1.00000000,1.00000000,6078.50634766,BacktestSelection\run_20260617_163620\system_1_opencv_content_contour\selected_manifest.csv,0.48174996,0.54299173,97,0,1.55807401,1.00000000,2,1,0.00004353,0.71363722,33,0,score;blue_marker_ratio;border_foreground_ratio;center_foreground_ratio;contrast;dirty_mark_center_score;dirty_mark_found;dirty_mark_margin_score;dirty_mark_ratio;edge_density;entropy;estimated_background_ratio;exposure_score;flat_ratio;foreground_ratio;high_frequency_energy;laplacian_variance;largest_component_area;largest_component_ratio;largest_flat_background_ratio;local_std_mean;material_border_ratio;material_center_ratio;material_largest_component_area;material_largest_component_ratio;material_ratio;mean_brightness;quality_gate_pass;read_ok;tenengrad
system_1_opencv_content_contour,clean_negative,1,22,0.75003242,1,clean_negative/clean_11_43.jpg,BacktestSelection\run_20260617_163620\system_1_opencv_content_contour\clean_negative\clean_11_43.jpg,266,0.77420166,11,11.jpg,system_1_opencv_content_contour,,700,728,sliding_window_clean,0.00000000,1.00000000,1.00000000,23.74691092,0.00000000,0.00000000,0.00000000,0.00000000,0.08711243,0.72442611,0.10278320,0.99759674,0.20028687,1.00000000,0.12786932,173.16167372,65536.00000000,1.00000000,0.00007629,8.73596764,0.90986328,0.89672852,58739.00000000,0.89628601,0.89721680,136.15431213,1.00000000,1.00000000,3029.54785156,BacktestSelection\run_20260617_163620\system_1_opencv_content_contour\selected_manifest.csv,0.51299179,0.70712028,60,0,1.26768146,0.54297699,71,0,0.00006631,1.00000000,1,1,score;blue_marker_ratio;border_foreground_ratio;center_foreground_ratio;contrast;dirty_mark_center_score;dirty_mark_found;dirty_mark_margin_score;dirty_mark_ratio;edge_density;entropy;estimated_background_ratio;exposure_score;flat_ratio;foreground_ratio;high_frequency_energy;laplacian_variance;largest_component_area;largest_component_ratio;largest_flat_background_ratio;local_std_mean;material_border_ratio;material_center_ratio;material_largest_component_area;material_largest_component_ratio;material_ratio;mean_brightness;quality_gate_pass;read_ok;tenengrad
system_1_opencv_content_contour,clean_negative,1,23,0.70441671,1,clean_negative/clean_15_43.jpg,BacktestSelection\run_20260617_163620\system_1_opencv_content_contour\clean_negative\clean_15_43.jpg,164,0.88345674,15,15.jpg,system_1_opencv_content_contour,,267,1088,sliding_window_clean,0.00000000,0.99975586,0.99963379,22.97999593,0.00000000,0.00000000,0.00000000,0.00000000,0.19551086,0.74384014,0.02401733,0.96826172,0.02874756,0.99868774,0.25916651,490.42439614,65450.00000000,0.99868774,0.01211548,13.25220299,0.94482422,0.99652100,63962.00000000,0.97598267,0.97598267,179.88319397,1.00000000,1.00000000,6864.78417969,BacktestSelection\run_20260617_163620\system_1_opencv_content_contour\selected_manifest.csv,0.47707746,0.51844481,103,0,1.49018201,0.95414150,17,1,0.00003953,0.64066382,43,0,score;blue_marker_ratio;border_foreground_ratio;center_foreground_ratio;contrast;dirty_mark_center_score;dirty_mark_found;dirty_mark_margin_score;dirty_mark_ratio;edge_density;entropy;estimated_background_ratio;exposure_score;flat_ratio;foreground_ratio;high_frequency_energy;laplacian_variance;largest_component_area;largest_component_ratio;largest_flat_background_ratio;local_std_mean;material_border_ratio;material_center_ratio;material_largest_component_area;material_largest_component_ratio;material_ratio;mean_brightness;quality_gate_pass;read_ok;tenengrad
system_1_opencv_content_contour,clean_negative,1,24,0.70300207,1,clean_negative/clean_2_23.jpg,BacktestSelection\run_20260617_163620\system_1_opencv_content_contour\clean_negative\clean_2_23.jpg,161,0.88987313,2,2.jpg,system_1_opencv_content_contour,,712,1131,sliding_window_clean,0.00000000,1.00000000,1.00000000,20.54287282,0.00000000,0.00000000,0.00000000,0.00000000,0.09396362,0.70309695,0.04370117,0.99847412,0.12696838,1.00000000,0.18749149,166.20203243,65536.00000000,1.00000000,0.00019836,9.29593658,0.97412109,0.90612793,62667.00000000,0.95622253,0.95629883,136.65385437,1.00000000,1.00000000,3427.56982422,BacktestSelection\run_20260617_163620\system_1_opencv_content_contour\selected_manifest.csv,0.46852998,0.47354075,115,0,1.31836017,0.63662748,51,0,0.00005917,0.99883798,16,1,score;blue_marker_ratio;border_foreground_ratio;center_foreground_ratio;contrast;dirty_mark_center_score;dirty_mark_found;dirty_mark_margin_score;dirty_mark_ratio;edge_density;entropy;estimated_background_ratio;exposure_score;flat_ratio;foreground_ratio;high_frequency_energy;laplacian_variance;largest_component_area;largest_component_ratio;largest_flat_background_ratio;local_std_mean;material_border_ratio;material_center_ratio;material_largest_component_area;material_largest_component_ratio;material_ratio;mean_brightness;quality_gate_pass;read_ok;tenengrad
system_1_opencv_content_contour,dirty_positive,1,1,0.97654530,3,dirty_positive/dirty_15_59.jpg,BacktestSelection\run_20260617_163620\system_1_opencv_content_contour\dirty_positive\dirty_15_59.jpg,454,1.06768186,15,15.jpg,system_1_opencv_content_contour,dirty_positive\dirty_15_59_mask.jpg,159,526,jittered_positive,0.00000000,1.00000000,0.99298096,17.52251834,0.84971096,1.00000000,0.00000000,0.05004883,0.16148376,0.68082889,0.02508545,0.99027252,0.03834534,0.99824524,0.35327184,552.50173890,65421.00000000,0.99824524,0.01353455,11.24220657,0.98881836,0.94165039,63857.00000000,0.97438049,0.97491455,176.21101379,1.00000000,1.00000000,5374.37011719,BacktestSelection\run_20260617_163620\system_1_opencv_content_contour\selected_manifest.csv,0.57135580,1.00000000,1,1,1.40146786,0.92963591,15,1,0.00084523,1.00000000,3,1,score;blue_marker_ratio;border_foreground_ratio;center_foreground_ratio;contrast;dirty_mark_center_score;dirty_mark_found;dirty_mark_margin_score;dirty_mark_ratio;edge_density;entropy;estimated_background_ratio;exposure_score;flat_ratio;foreground_ratio;high_frequency_energy;laplacian_variance;largest_component_area;largest_component_ratio;largest_flat_background_ratio;local_std_mean;material_border_ratio;material_center_ratio;material_largest_component_area;material_largest_component_ratio;material_ratio;mean_brightness;quality_gate_pass;read_ok;tenengrad
system_1_opencv_content_contour,dirty_positive,1,2,0.93462021,2,dirty_positive/dirty_1_67.jpg,BacktestSelection\run_20260617_163620\system_1_opencv_content_contour\dirty_positive\dirty_1_67.jpg,354,1.11455919,1,1.jpg,system_1_opencv_content_contour,dirty_positive\dirty_1_67_mask.jpg,0,1018,jittered_positive,0.00007629,0.99995117,0.99993896,23.31181806,0.95585945,1.00000000,0.00000000,0.05111694,0.11688232,0.75261513,0.02056885,0.99450684,0.05068970,0.99986267,0.13032548,172.45076240,65527.00000000,0.99986267,0.00138855,9.62142754,0.95874023,0.99255371,64188.00000000,0.97943115,0.97943115,170.93420410,1.00000000,1.00000000,3267.67822266,BacktestSelection\run_20260617_163620\system_1_opencv_content_contour\selected_manifest.csv,0.50759341,0.80386062,27,0,3.05429125,1.00000000,5,1,0.00128622,1.00000000,10,1,score;blue_marker_ratio;border_foreground_ratio;center_foreground_ratio;contrast;dirty_mark_center_score;dirty_mark_found;dirty_mark_margin_score;dirty_mark_ratio;edge_density;entropy;estimated_background_ratio;exposure_score;flat_ratio;foreground_ratio;high_frequency_energy;laplacian_variance;largest_component_area;largest_component_ratio;largest_flat_background_ratio;local_std_mean;material_border_ratio;material_center_ratio;material_largest_component_area;material_largest_component_ratio;material_ratio;mean_brightness;quality_gate_pass;read_ok;tenengrad
system_1_opencv_content_contour,dirty_positive,1,3,0.92736158,2,dirty_positive/dirty_4_33.jpg,BacktestSelection\run_20260617_163620\system_1_opencv_content_contour\dirty_positive\dirty_4_33.jpg,490,0.98868162,4,4.jpg,system_1_opencv_content_contour,dirty_positive\dirty_4_33_mask.jpg,1,776,centered_positive,0.00000000,1.00000000,1.00000000,19.78023251,0.84270492,1.00000000,0.00000000,0.04304504,0.12287903,0.69826976,0.04702759,0.99111176,0.08091736,0.99948120,0.23653242,210.73240660,65502.00000000,0.99948120,0.03302002,10.36627197,0.89721680,0.98614502,62439.00000000,0.95274353,0.95297241,167.43823242,1.00000000,1.00000000,4111.22949219,BacktestSelection\run_20260617_163620\system_1_opencv_content_contour\selected_manifest.csv,0.56673365,1.00000000,7,1,1.33478724,0.78208474,22,0,0.00041119,1.00000000,6,1,score;blue_marker_ratio;border_foreground_ratio;center_foreground_ratio;contrast;dirty_mark_center_score;dirty_mark_found;dirty_mark_margin_score;dirty_mark_ratio;edge_density;entropy;estimated_background_ratio;exposure_score;flat_ratio;foreground_ratio;high_frequency_energy;laplacian_variance;largest_component_area;largest_component_ratio;largest_flat_background_ratio;local_std_mean;material_border_ratio;material_center_ratio;material_largest_component_area;material_largest_component_ratio;material_ratio;mean_brightness;quality_gate_pass;read_ok;tenengrad
system_1_opencv_content_contour,dirty_positive,1,4,0.91226502,2,dirty_positive/dirty_9_43.jpg,BacktestSelection\run_20260617_163620\system_1_opencv_content_contour\dirty_positive\dirty_9_43.jpg,492,0.98755179,9,9.jpg,system_1_opencv_content_contour,dirty_positive\dirty_9_43_mask.jpg,745,733,jittered_positive,0.00000000,1.00000000,1.00000000,24.45754026,0.92575124,1.00000000,0.00000000,0.02957153,0.17063904,0.75276717,0.04734802,0.99519348,0.08309937,1.00000000,0.21746603,678.65165121,65536.00000000,1.00000000,0.00000000,12.31975174,0.99160156,0.90289307,62423.00000000,0.95249939,0.95265198,139.33003235,1.00000000,1.00000000,7147.55517578,BacktestSelection\run_20260617_163620\system_1_opencv_content_contour\selected_manifest.csv,0.49693004,0.73713857,33,0,1.45810145,1.00000000,3,1,0.00019983,0.99965648,11,1,score;blue_marker_ratio;border_foreground_ratio;center_foreground_ratio;contrast;dirty_mark_center_score;dirty_mark_found;dirty_mark_margin_score;dirty_mark_ratio;edge_density;entropy;estimated_background_ratio;exposure_score;flat_ratio;foreground_ratio;high_frequency_energy;laplacian_variance;largest_component_area;largest_component_ratio;largest_flat_background_ratio;local_std_mean;material_border_ratio;material_center_ratio;material_largest_component_area;material_largest_component_ratio;material_ratio;mean_brightness;quality_gate_pass;read_ok;tenengrad
system_1_opencv_content_contour,dirty_positive,1,5,0.90565957,2,dirty_positive/dirty_15_57.jpg,BacktestSelection\run_20260617_163620\system_1_opencv_content_contour\dirty_positive\dirty_15_57.jpg,447,1.07197467,15,15.jpg,system_1_opencv_content_contour,dirty_positive\dirty_15_57_mask.jpg,188,570,centered_positive,0.00000000,0.99990234,0.99145508,17.37856852,0.87031962,1.00000000,0.00000000,0.04568481,0.15718079,0.67372727,0.02345276,0.99099731,0.03623962,0.99784851,0.35968065,534.97080179,65395.00000000,0.99784851,0.01354980,11.16039753,0.97539062,0.94476318,63977.00000000,0.97621155,0.97654724,173.13883972,1.00000000,1.00000000,5341.81054688,BacktestSelection\run_20260617_163620\system_1_opencv_content_contour\selected_manifest.csv,0.56245933,1.00000000,3,1,1.30536483,0.71697872,25,0,0.00090645,1.00000000,4,1,score;blue_marker_ratio;border_foreground_ratio;center_foreground_ratio;contrast;dirty_mark_center_score;dirty_mark_found;dirty_mark_margin_score;dirty_mark_ratio;edge_density;entropy;estimated_background_ratio;exposure_score;flat_ratio;foreground_ratio;high_frequency_energy;laplacian_variance;largest_component_area;largest_component_ratio;largest_flat_background_ratio;local_std_mean;material_border_ratio;material_center_ratio;material_largest_component_area;material_largest_component_ratio;material_ratio;mean_brightness;quality_gate_pass;read_ok;tenengrad
system_1_opencv_content_contour,dirty_positive,1,6,0.87266507,2,dirty_positive/dirty_9_42.jpg,BacktestSelection\run_20260617_163620\system_1_opencv_content_contour\dirty_positive\dirty_9_42.jpg,487,0.99014300,9,9.jpg,system_1_opencv_content_contour,dirty_positive\dirty_9_42_mask.jpg,738,732,jittered_positive,0.00000000,1.00000000,1.00000000,24.47410905,0.94144232,1.00000000,0.00000000,0.02952576,0.16986084,0.75250896,0.04754639,0.99492645,0.08262634,1.00000000,0.21487828,673.94692767,65536.00000000,1.00000000,0.00000000,12.25838852,0.99169922,0.90808105,62410.00000000,0.95230103,0.95245361,139.31968689,1.00000000,1.00000000,7102.53710938,BacktestSelection\run_20260617_163620\system_1_opencv_content_contour\selected_manifest.csv,0.49467181,0.72300855,38,0,1.41621296,0.96226391,13,1,0.00018829,0.93272275,14,1,score;blue_marker_ratio;border_foreground_ratio;center_foreground_ratio;contrast;dirty_mark_center_score;dirty_mark_found;dirty_mark_margin_score;dirty_mark_ratio;edge_density;entropy;estimated_background_ratio;exposure_score;flat_ratio;foreground_ratio;high_frequency_energy;laplacian_variance;largest_component_area;largest_component_ratio;largest_flat_background_ratio;local_std_mean;material_border_ratio;material_center_ratio;material_largest_component_area;material_largest_component_ratio;material_ratio;mean_brightness;quality_gate_pass;read_ok;tenengrad
system_1_opencv_content_contour,dirty_positive,1,7,0.87089509,2,dirty_positive/dirty_9_19.jpg,BacktestSelection\run_20260617_163620\system_1_opencv_content_contour\dirty_positive\dirty_9_19.jpg,488,0.99005812,9,9.jpg,system_1_opencv_content_contour,dirty_positive\dirty_9_19_mask.jpg,637,499,jittered_positive,0.00000000,1.00000000,1.00000000,22.88390495,0.80505366,1.00000000,0.00000000,0.05825806,0.16378784,0.72158933,0.04380798,0.99401093,0.07980347,1.00000000,0.20881915,587.67544321,65536.00000000,1.00000000,0.00000000,11.24179554,0.97744141,0.88598633,62660.00000000,0.95611572,0.95619202,147.42846680,1.00000000,1.00000000,5843.22558594,BacktestSelection\run_20260617_163620\system_1_opencv_content_contour\selected_manifest.csv,0.47704019,0.61268527,53,0,1.59998037,1.00000000,1,1,0.00025129,1.00000000,5,1,score;blue_marker_ratio;border_foreground_ratio;center_foreground_ratio;contrast;dirty_mark_center_score;dirty_mark_found;dirty_mark_margin_score;dirty_mark_ratio;edge_density;entropy;estimated_background_ratio;exposure_score;flat_ratio;foreground_ratio;high_frequency_energy;laplacian_variance;largest_component_area;largest_component_ratio;largest_flat_background_ratio;local_std_mean;material_border_ratio;material_center_ratio;material_largest_component_area;material_largest_component_ratio;material_ratio;mean_brightness;quality_gate_pass;read_ok;tenengrad
system_1_opencv_content_contour,dirty_positive,1,8,0.84310921,2,dirty_positive/dirty_1_76.jpg,BacktestSelection\run_20260617_163620\system_1_opencv_content_contour\dirty_positive\dirty_1_76.jpg,370,1.10686241,1,1.jpg,system_1_opencv_content_contour,dirty_positive\dirty_1_76_mask.jpg,0,1025,jittered_positive,0.00003052,0.99980469,0.99993896,23.47513168,0.95128847,1.00000000,0.00000000,0.05187988,0.11393738,0.75334764,0.02218628,0.99465942,0.05458069,0.99984741,0.12622614,166.77508968,65526.00000000,0.99984741,0.00148010,9.50695992,0.94926758,0.99176025,64082.00000000,0.97781372,0.97781372,170.19404602,1.00000000,1.00000000,3200.34277344,BacktestSelection\run_20260617_163620\system_1_opencv_content_contour\selected_manifest.csv,0.46371815,0.52932764,68,0,1.51224465,1.00000000,7,1,0.00038724,1.00000000,8,1,score;blue_marker_ratio;border_foreground_ratio;center_foreground_ratio;contrast;dirty_mark_center_score;dirty_mark_found;dirty_mark_margin_score;dirty_mark_ratio;edge_density;entropy;estimated_background_ratio;exposure_score;flat_ratio;foreground_ratio;high_frequency_energy;laplacian_variance;largest_component_area;largest_component_ratio;largest_flat_background_ratio;local_std_mean;material_border_ratio;material_center_ratio;material_largest_component_area;material_largest_component_ratio;material_ratio;mean_brightness;quality_gate_pass;read_ok;tenengrad
system_1_opencv_content_contour,dirty_positive,1,9,0.81282111,1,dirty_positive/dirty_9_30.jpg,BacktestSelection\run_20260617_163620\system_1_opencv_content_contour\dirty_positive\dirty_9_30.jpg,470,1.03680810,9,9.jpg,system_1_opencv_content_contour,dirty_positive\dirty_9_30_mask.jpg,570,657,jittered_positive,0.00000000,1.00000000,1.00000000,27.23481483,0.53146476,1.00000000,0.00000000,0.02424622,0.22270203,0.77505080,0.03039551,0.98916626,0.04713440,1.00000000,0.21568269,945.17148583,65536.00000000,1.00000000,0.00000000,14.20793533,0.92075195,0.99969482,63530.00000000,0.96939087,0.96960449,152.43190002,1.00000000,1.00000000,8920.76855469,BacktestSelection\run_20260617_163620\system_1_opencv_content_contour\selected_manifest.csv,0.54329896,1.00000000,4,1,1.24511463,0.58365683,32,0,0.00017484,0.85480651,17,0,score;blue_marker_ratio;border_foreground_ratio;center_foreground_ratio;contrast;dirty_mark_center_score;dirty_mark_found;dirty_mark_margin_score;dirty_mark_ratio;edge_density;entropy;estimated_background_ratio;exposure_score;flat_ratio;foreground_ratio;high_frequency_energy;laplacian_variance;largest_component_area;largest_component_ratio;largest_flat_background_ratio;local_std_mean;material_border_ratio;material_center_ratio;material_largest_component_area;material_largest_component_ratio;material_ratio;mean_brightness;quality_gate_pass;read_ok;tenengrad
system_1_opencv_content_contour,dirty_positive,1,10,0.81239128,1,dirty_positive/dirty_1_66.jpg,BacktestSelection\run_20260617_163620\system_1_opencv_content_contour\dirty_positive\dirty_1_66.jpg,364,1.10950310,1,1.jpg,system_1_opencv_content_contour,dirty_positive\dirty_1_66_mask.jpg,0,1028,jittered_positive,0.00004578,0.99965820,0.99993896,23.52024911,0.95030993,1.00000000,0.00000000,0.05104065,0.11372375,0.75317113,0.02139282,0.99462128,0.05438232,0.99984741,0.12382153,163.87585450,65526.00000000,0.99984741,0.00141907,9.44973183,0.95297852,0.99237061,64134.00000000,0.97860718,0.97860718,169.88372803,1.00000000,1.00000000,3158.03125000,BacktestSelection\run_20260617_163620\system_1_opencv_content_contour\selected_manifest.csv,0.49636266,0.73358840,34,0,1.29931221,0.70358545,27,0,0.00087039,1.00000000,9,1,score;blue_marker_ratio;border_foreground_ratio;center_foreground_ratio;contrast;dirty_mark_center_score;dirty_mark_found;dirty_mark_margin_score;dirty_mark_ratio;edge_density;entropy;estimated_background_ratio;exposure_score;flat_ratio;foreground_ratio;high_frequency_energy;laplacian_variance;largest_component_area;largest_component_ratio;largest_flat_background_ratio;local_std_mean;material_border_ratio;material_center_ratio;material_largest_component_area;material_largest_component_ratio;material_ratio;mean_brightness;quality_gate_pass;read_ok;tenengrad
system_1_opencv_content_contour,dirty_positive,1,11,0.79937903,1,dirty_positive/dirty_1_96.jpg,BacktestSelection\run_20260617_163620\system_1_opencv_content_contour\dirty_positive\dirty_1_96.jpg,419,1.08777202,1,1.jpg,system_1_opencv_content_contour,dirty_positive\dirty_1_96_mask.jpg,672,1109,jittered_positive,0.00000000,0.99980469,1.00000000,18.76115337,0.91158186,1.00000000,1.00000000,0.00900269,0.12956238,0.69908245,0.02976990,0.99946594,0.06686401,0.99996948,0.26353621,228.45301658,65534.00000000,0.99996948,0.00712585,10.42568016,0.93115234,0.97137451,63484.00000000,0.96868896,0.97023010,142.23422241,1.00000000,1.00000000,4306.93115234,BacktestSelection\run_20260617_163620\system_1_opencv_content_contour\selected_manifest.csv,0.51643072,0.85915677,20,0,1.43064142,0.99419127,12,1,0.00012136,0.54478905,36,0,score;blue_marker_ratio;border_foreground_ratio;center_foreground_ratio;contrast;dirty_mark_center_score;dirty_mark_found;dirty_mark_margin_score;dirty_mark_ratio;edge_density;entropy;estimated_background_ratio;exposure_score;flat_ratio;foreground_ratio;high_frequency_energy;laplacian_variance;largest_component_area;largest_component_ratio;largest_flat_background_ratio;local_std_mean;material_border_ratio;material_center_ratio;material_largest_component_area;material_largest_component_ratio;material_ratio;mean_brightness;quality_gate_pass;read_ok;tenengrad
system_1_opencv_content_contour,dirty_positive,1,12,0.77998100,1,dirty_positive/dirty_7_89.jpg,BacktestSelection\run_20260617_163620\system_1_opencv_content_contour\dirty_positive\dirty_7_89.jpg,465,1.05570794,7,7.jpg,system_1_opencv_content_contour,dirty_positive\dirty_7_89_mask.jpg,277,720,centered_positive,0.00000000,1.00000000,1.00000000,19.38449798,0.84998820,1.00000000,0.00000000,0.06166077,0.14044189,0.69031684,0.03935242,0.99137878,0.06834412,0.99461365,0.32169190,334.69653007,65183.00000000,0.99461365,0.02760315,11.53149319,0.98955078,0.99682617,62957.00000000,0.96064758,0.96064758,164.88308716,1.00000000,1.00000000,5396.06347656,BacktestSelection\run_20260617_163620\system_1_opencv_content_contour\selected_manifest.csv,0.51557156,0.85378092,22,0,1.20105526,0.48616209,45,0,0.00031035,1.00000000,2,1,score;blue_marker_ratio;border_foreground_ratio;center_foreground_ratio;contrast;dirty_mark_center_score;dirty_mark_found;dirty_mark_margin_score;dirty_mark_ratio;edge_density;entropy;estimated_background_ratio;exposure_score;flat_ratio;foreground_ratio;high_frequency_energy;laplacian_variance;largest_component_area;largest_component_ratio;largest_flat_background_ratio;local_std_mean;material_border_ratio;material_center_ratio;material_largest_component_area;material_largest_component_ratio;material_ratio;mean_brightness;quality_gate_pass;read_ok;tenengrad
system_1_opencv_content_contour,dirty_positive,1,13,0.76874908,2,dirty_positive/dirty_10_53.jpg,BacktestSelection\run_20260617_163620\system_1_opencv_content_contour\dirty_positive\dirty_10_53.jpg,304,1.15868916,10,10.jpg,system_1_opencv_content_contour,dirty_positive\dirty_10_53_mask.jpg,313,812,centered_positive,0.00000000,1.00000000,1.00000000,22.46435880,0.99672081,1.00000000,1.00000000,0.02069092,0.21865845,0.73505060,0.00584412,0.99141693,0.02508545,1.00000000,0.34068263,1051.13855594,65536.00000000,1.00000000,0.00006104,14.31306934,0.99624023,0.98394775,65153.00000000,0.99415588,0.99415588,162.10589600,1.00000000,1.00000000,9056.90722656,BacktestSelection\run_20260617_163620\system_1_opencv_content_contour\selected_manifest.csv,0.53356069,0.96634115,14,1,1.43270056,0.99874774,11,1,0.00008622,0.34115835,69,0,score;blue_marker_ratio;border_foreground_ratio;center_foreground_ratio;contrast;dirty_mark_center_score;dirty_mark_found;dirty_mark_margin_score;dirty_mark_ratio;edge_density;entropy;estimated_background_ratio;exposure_score;flat_ratio;foreground_ratio;high_frequency_energy;laplacian_variance;largest_component_area;largest_component_ratio;largest_flat_background_ratio;local_std_mean;material_border_ratio;material_center_ratio;material_largest_component_area;material_largest_component_ratio;material_ratio;mean_brightness;quality_gate_pass;read_ok;tenengrad
system_1_opencv_content_contour,dirty_positive,1,14,0.76379708,0,dirty_positive/dirty_8_57.jpg,BacktestSelection\run_20260617_163620\system_1_opencv_content_contour\dirty_positive\dirty_8_57.jpg,464,1.05576653,8,8.jpg,system_1_opencv_content_contour,dirty_positive\dirty_8_57_mask.jpg,19,533,centered_positive,0.00000000,0.99990234,1.00000000,22.62333979,0.99758812,1.00000000,1.00000000,0.02235413,0.16267395,0.73722204,0.02792358,0.98107910,0.07806396,0.99996948,0.18691260,373.30697065,65534.00000000,0.99996948,0.00871277,10.61038589,0.95136719,0.98541260,63632.00000000,0.97094727,0.97207642,179.80581665,1.00000000,1.00000000,4733.17871094,BacktestSelection\run_20260617_163620\system_1_opencv_content_contour\selected_manifest.csv,0.49554453,0.72846924,35,0,1.38444351,0.89196435,19,0,0.00014312,0.67095766,22,0,score;blue_marker_ratio;border_foreground_ratio;center_foreground_ratio;contrast;dirty_mark_center_score;dirty_mark_found;dirty_mark_margin_score;dirty_mark_ratio;edge_density;entropy;estimated_background_ratio;exposure_score;flat_ratio;foreground_ratio;high_frequency_energy;laplacian_variance;largest_component_area;largest_component_ratio;largest_flat_background_ratio;local_std_mean;material_border_ratio;material_center_ratio;material_largest_component_area;material_largest_component_ratio;material_ratio;mean_brightness;quality_gate_pass;read_ok;tenengrad
system_1_opencv_content_contour,dirty_positive,1,15,0.73913866,1,dirty_positive/dirty_7_78.jpg,BacktestSelection\run_20260617_163620\system_1_opencv_content_contour\dirty_positive\dirty_7_78.jpg,434,1.07896102,7,7.jpg,system_1_opencv_content_contour,dirty_positive\dirty_7_78_mask.jpg,52,547,jittered_positive,0.00000000,1.00000000,0.99768066,19.85894233,0.65289823,1.00000000,0.00000000,0.02084351,0.18774414,0.70271873,0.01121521,0.98329163,0.03173828,0.99926758,0.30416873,437.19990205,65488.00000000,0.99926758,0.00447083,12.17059326,0.99062500,0.98004150,64801.00000000,0.98878479,0.98878479,182.20945740,1.00000000,1.00000000,5816.37792969,BacktestSelection\run_20260617_163620\system_1_opencv_content_contour\selected_manifest.csv,0.51426479,0.84560429,24,0,1.16920369,0.41568079,58,0,0.00019232,0.95613091,13,1,score;blue_marker_ratio;border_foreground_ratio;center_foreground_ratio;contrast;dirty_mark_center_score;dirty_mark_found;dirty_mark_margin_score;dirty_mark_ratio;edge_density;entropy;estimated_background_ratio;exposure_score;flat_ratio;foreground_ratio;high_frequency_energy;laplacian_variance;largest_component_area;largest_component_ratio;largest_flat_background_ratio;local_std_mean;material_border_ratio;material_center_ratio;material_largest_component_area;material_largest_component_ratio;material_ratio;mean_brightness;quality_gate_pass;read_ok;tenengrad
system_1_opencv_content_contour,dirty_positive,1,16,0.73518524,1,dirty_positive/dirty_8_60.jpg,BacktestSelection\run_20260617_163620\system_1_opencv_content_contour\dirty_positive\dirty_8_60.jpg,474,1.01796818,8,8.jpg,system_1_opencv_content_contour,dirty_positive\dirty_8_60_mask.jpg,81,587,jittered_positive,0.00000000,1.00000000,1.00000000,22.99087026,0.54729350,1.00000000,0.32812500,0.02224731,0.16339111,0.73633822,0.02998352,0.98863220,0.07995605,1.00000000,0.20864563,410.58430431,65536.00000000,1.00000000,0.00617981,10.99259090,0.98344727,0.94555664,63566.00000000,0.96994019,0.97001648,171.51327515,1.00000000,1.00000000,5213.25830078,BacktestSelection\run_20260617_163620\system_1_opencv_content_contour\selected_manifest.csv,0.45626501,0.48269238,74,0,1.32220243,0.75423704,23,0,0.00019448,0.96862631,12,1,score;blue_marker_ratio;border_foreground_ratio;center_foreground_ratio;contrast;dirty_mark_center_score;dirty_mark_found;dirty_mark_margin_score;dirty_mark_ratio;edge_density;entropy;estimated_background_ratio;exposure_score;flat_ratio;foreground_ratio;high_frequency_energy;laplacian_variance;largest_component_area;largest_component_ratio;largest_flat_background_ratio;local_std_mean;material_border_ratio;material_center_ratio;material_largest_component_area;material_largest_component_ratio;material_ratio;mean_brightness;quality_gate_pass;read_ok;tenengrad
system_1_opencv_content_contour,dirty_positive,1,17,0.72327121,2,dirty_positive/dirty_10_77.jpg,BacktestSelection\run_20260617_163620\system_1_opencv_content_contour\dirty_positive\dirty_10_77.jpg,305,1.15446554,10,10.jpg,system_1_opencv_content_contour,dirty_positive\dirty_10_77_mask.jpg,327,1005,centered_positive,0.00000000,1.00000000,1.00000000,25.58709580,0.99749733,1.00000000,1.00000000,0.02229309,0.24023438,0.76980742,0.00254822,0.98428345,0.00840759,1.00000000,0.31766793,986.44455099,65536.00000000,1.00000000,0.00036621,16.05605316,0.99384766,0.99938965,65369.00000000,0.99745178,0.99745178,164.71900940,1.00000000,1.00000000,10227.88476562,BacktestSelection\run_20260617_163620\system_1_opencv_content_contour\selected_manifest.csv,0.54774768,1.00000000,10,1,1.49690577,1.00000000,10,1,0.00005666,0.16981362,116,0,score;blue_marker_ratio;border_foreground_ratio;center_foreground_ratio;contrast;dirty_mark_center_score;dirty_mark_found;dirty_mark_margin_score;dirty_mark_ratio;edge_density;entropy;estimated_background_ratio;exposure_score;flat_ratio;foreground_ratio;high_frequency_energy;laplacian_variance;largest_component_area;largest_component_ratio;largest_flat_background_ratio;local_std_mean;material_border_ratio;material_center_ratio;material_largest_component_area;material_largest_component_ratio;material_ratio;mean_brightness;quality_gate_pass;read_ok;tenengrad
system_1_opencv_content_contour,dirty_positive,1,22,0.64001059,2,dirty_positive/dirty_10_80.jpg,BacktestSelection\run_20260617_163620\system_1_opencv_content_contour\dirty_positive\dirty_10_80.jpg,309,1.14688123,10,10.jpg,system_1_opencv_content_contour,dirty_positive\dirty_10_80_mask.jpg,311,1014,jittered_positive,0.00000000,1.00000000,1.00000000,25.21987257,0.89993268,1.00000000,0.95312500,0.02210999,0.23519897,0.76720977,0.00254822,0.98390198,0.00852966,1.00000000,0.30241755,933.03286830,65536.00000000,1.00000000,0.00056458,15.70679665,0.99418945,0.99908447,65363.00000000,0.99736023,0.99745178,166.07795715,1.00000000,1.00000000,9740.51953125,BacktestSelection\run_20260617_163620\system_1_opencv_content_contour\selected_manifest.csv,0.53436155,0.97135221,12,1,1.40994898,0.94840296,14,1,0.00002741,0.00027659,190,0,score;blue_marker_ratio;border_foreground_ratio;center_foreground_ratio;contrast;dirty_mark_center_score;dirty_mark_found;dirty_mark_margin_score;dirty_mark_ratio;edge_density;entropy;estimated_background_ratio;exposure_score;flat_ratio;foreground_ratio;high_frequency_energy;laplacian_variance;largest_component_area;largest_component_ratio;largest_flat_background_ratio;local_std_mean;material_border_ratio;material_center_ratio;material_largest_component_area;material_largest_component_ratio;material_ratio;mean_brightness;quality_gate_pass;read_ok;tenengrad
system_2_edge_texture_sharpness,clean_negative,1,1,1.00000000,3,clean_negative/clean_7_18.jpg,BacktestSelection\run_20260617_163620\system_2_edge_texture_sharpness\clean_negative\clean_7_18.jpg,241,0.34628799,7,7.jpg,system_2_edge_texture_sharpness,,174,1031,sliding_window_clean,0.00000000,0.99970703,0.98632812,18.85433435,0.00000000,0.00000000,0.00000000,0.00000000,0.10049438,0.66123660,0.14570618,0.98497009,0.18844604,0.99568176,0.26300329,194.66944957,65253.00000000,0.99568176,0.09645081,9.83811569,0.76186523,0.92138672,55967.00000000,0.85398865,0.85429382,172.78684998,1.00000000,1.00000000,3995.18188477,BacktestSelection\run_20260617_163620\system_2_edge_texture_sharpness\selected_manifest.csv,0.58627525,1.00000000,12,1,1.58616441,1.00000000,3,1,0.00039355,1.00000000,4,1,score;blue_marker_ratio;border_foreground_ratio;center_foreground_ratio;contrast;dirty_mark_center_score;dirty_mark_found;dirty_mark_margin_score;dirty_mark_ratio;edge_density;entropy;estimated_background_ratio;exposure_score;flat_ratio;foreground_ratio;high_frequency_energy;laplacian_variance;largest_component_area;largest_component_ratio;largest_flat_background_ratio;local_std_mean;material_border_ratio;material_center_ratio;material_largest_component_area;material_largest_component_ratio;material_ratio;mean_brightness;quality_gate_pass;read_ok;tenengrad
system_2_edge_texture_sharpness,clean_negative,1,2,0.99997204,3,clean_negative/clean_4_189.jpg,BacktestSelection\run_20260617_163620\system_2_edge_texture_sharpness\clean_negative\clean_4_189.jpg,256,0.16860788,4,4.jpg,system_2_edge_texture_sharpness,,419,808,sliding_window_clean,0.00000000,1.00000000,1.00000000,14.74916028,0.00000000,0.00000000,0.00000000,0.00000000,0.06190491,0.64856005,0.18586731,0.99961853,0.25549316,1.00000000,0.20318548,129.82775855,65536.00000000,1.00000000,0.15556335,7.01956463,0.81889648,0.94470215,53103.00000000,0.81028748,0.81413269,154.55143738,1.00000000,1.00000000,1986.90124512,BacktestSelection\run_20260617_163620\system_2_edge_texture_sharpness\selected_manifest.csv,0.65345407,1.00000000,8,1,1.44698076,0.99991612,16,1,0.00008951,1.00000000,6,1,score;blue_marker_ratio;border_foreground_ratio;center_foreground_ratio;contrast;dirty_mark_center_score;dirty_mark_found;dirty_mark_margin_score;dirty_mark_ratio;edge_density;entropy;estimated_background_ratio;exposure_score;flat_ratio;foreground_ratio;high_frequency_energy;laplacian_variance;largest_component_area;largest_component_ratio;largest_flat_background_ratio;local_std_mean;material_border_ratio;material_center_ratio;material_largest_component_area;material_largest_component_ratio;material_ratio;mean_brightness;quality_gate_pass;read_ok;tenengrad
system_2_edge_texture_sharpness,clean_negative,1,3,0.97047720,3,clean_negative/clean_7_22.jpg,BacktestSelection\run_20260617_163620\system_2_edge_texture_sharpness\clean_negative\clean_7_22.jpg,230,0.38733207,7,7.jpg,system_2_edge_texture_sharpness,,174,1079,sliding_window_clean,0.00000000,0.99995117,0.98547363,19.76448258,0.00000000,0.00000000,0.00000000,0.00000000,0.10568237,0.68017594,0.12515259,0.98237610,0.16372681,0.99560547,0.24907795,205.63823790,65248.00000000,0.99560547,0.08372498,10.16889668,0.79121094,0.92333984,57319.00000000,0.87461853,0.87484741,173.73559570,1.00000000,1.00000000,4108.23535156,BacktestSelection\run_20260617_163620\system_2_edge_texture_sharpness\selected_manifest.csv,0.56591225,0.91143160,18,1,1.60998278,1.00000000,12,1,0.00039236,1.00000000,5,1,score;blue_marker_ratio;border_foreground_ratio;center_foreground_ratio;contrast;dirty_mark_center_score;dirty_mark_found;dirty_mark_margin_score;dirty_mark_ratio;edge_density;entropy;estimated_background_ratio;exposure_score;flat_ratio;foreground_ratio;high_frequency_energy;laplacian_variance;largest_component_area;largest_component_ratio;largest_flat_background_ratio;local_std_mean;material_border_ratio;material_center_ratio;material_largest_component_area;material_largest_component_ratio;material_ratio;mean_brightness;quality_gate_pass;read_ok;tenengrad
system_2_edge_texture_sharpness,clean_negative,1,4,0.94673175,2,clean_negative/clean_5_73.jpg,BacktestSelection\run_20260617_163620\system_2_edge_texture_sharpness\clean_negative\clean_5_73.jpg,200,0.58945826,5,5.jpg,system_2_edge_texture_sharpness,,638,761,sliding_window_clean,0.00000000,1.00000000,1.00000000,26.15198807,0.00000000,0.00000000,0.00000000,0.00000000,0.14533997,0.74541736,0.16253662,0.99362946,0.21739197,1.00000000,0.14089343,408.13615207,65536.00000000,1.00000000,0.01000977,9.92748070,0.62651367,0.99127197,54327.00000000,0.82896423,0.83746338,151.34759521,1.00000000,1.00000000,4875.18945312,BacktestSelection\run_20260617_163620\system_2_edge_texture_sharpness\selected_manifest.csv,0.55135545,0.84019525,27,0,1.48266644,1.00000000,11,1,0.00014871,1.00000000,3,1,score;blue_marker_ratio;border_foreground_ratio;center_foreground_ratio;contrast;dirty_mark_center_score;dirty_mark_found;dirty_mark_margin_score;dirty_mark_ratio;edge_density;entropy;estimated_background_ratio;exposure_score;flat_ratio;foreground_ratio;high_frequency_energy;laplacian_variance;largest_component_area;largest_component_ratio;largest_flat_background_ratio;local_std_mean;material_border_ratio;material_center_ratio;material_largest_component_area;material_largest_component_ratio;material_ratio;mean_brightness;quality_gate_pass;read_ok;tenengrad
system_2_edge_texture_sharpness,clean_negative,1,5,0.94435217,2,clean_negative/clean_15_16.jpg,BacktestSelection\run_20260617_163620\system_2_edge_texture_sharpness\clean_negative\clean_15_16.jpg,110,0.80471672,15,15.jpg,system_2_edge_texture_sharpness,,68,848,sliding_window_clean,0.00000000,0.99926758,0.98999023,19.59920702,0.00000000,0.00000000,0.00000000,0.00000000,0.18394470,0.69672298,0.06381226,0.98092651,0.06242371,0.99566650,0.32813501,521.30817662,65252.00000000,0.99566650,0.03390503,12.09883976,0.93437500,0.96954346,61344.00000000,0.93603516,0.93618774,176.24014282,1.00000000,1.00000000,6260.87011719,BacktestSelection\run_20260617_163620\system_2_edge_texture_sharpness\selected_manifest.csv,0.54989668,0.83305652,29,0,1.51750647,1.00000000,2,1,0.00025042,1.00000000,15,1,score;blue_marker_ratio;border_foreground_ratio;center_foreground_ratio;contrast;dirty_mark_center_score;dirty_mark_found;dirty_mark_margin_score;dirty_mark_ratio;edge_density;entropy;estimated_background_ratio;exposure_score;flat_ratio;foreground_ratio;high_frequency_energy;laplacian_variance;largest_component_area;largest_component_ratio;largest_flat_background_ratio;local_std_mean;material_border_ratio;material_center_ratio;material_largest_component_area;material_largest_component_ratio;material_ratio;mean_brightness;quality_gate_pass;read_ok;tenengrad
system_2_edge_texture_sharpness,clean_negative,1,6,0.93955159,2,clean_negative/clean_15_34.jpg,BacktestSelection\run_20260617_163620\system_2_edge_texture_sharpness\clean_negative\clean_15_34.jpg,296,0.52722580,15,15.jpg,system_2_edge_texture_sharpness,,192,1040,sliding_window_clean,0.00000000,1.00000000,1.00000000,23.53936527,0.00000000,0.00000000,0.00000000,0.00000000,0.16143799,0.73732742,0.18750000,0.97070312,0.19325256,0.99986267,0.20337518,445.99551216,65527.00000000,0.99986267,0.18070984,11.27755928,0.78339844,0.88287354,52579.00000000,0.80229187,0.81250000,176.58750916,1.00000000,1.00000000,5740.10986328,BacktestSelection\run_20260617_163620\system_2_edge_texture_sharpness\selected_manifest.csv,0.59561803,1.00000000,15,1,1.36146393,0.81865478,31,0,0.00030817,1.00000000,2,1,score;blue_marker_ratio;border_foreground_ratio;center_foreground_ratio;contrast;dirty_mark_center_score;dirty_mark_found;dirty_mark_margin_score;dirty_mark_ratio;edge_density;entropy;estimated_background_ratio;exposure_score;flat_ratio;foreground_ratio;high_frequency_energy;laplacian_variance;largest_component_area;largest_component_ratio;largest_flat_background_ratio;local_std_mean;material_border_ratio;material_center_ratio;material_largest_component_area;material_largest_component_ratio;material_ratio;mean_brightness;quality_gate_pass;read_ok;tenengrad
system_2_edge_texture_sharpness,clean_negative,1,7,0.91926420,2,clean_negative/clean_5_91.jpg,BacktestSelection\run_20260617_163620\system_2_edge_texture_sharpness\clean_negative\clean_5_91.jpg,191,0.61380250,5,5.jpg,system_2_edge_texture_sharpness,,637,820,sliding_window_clean,0.00000000,1.00000000,1.00000000,27.43040591,0.00000000,0.00000000,0.00000000,0.00000000,0.14465332,0.75513538,0.14984131,0.99362946,0.20040894,1.00000000,0.12960678,407.04900314,65536.00000000,1.00000000,0.00006104,10.08936596,0.68037109,0.97399902,55143.00000000,0.84141541,0.85015869,150.16842651,1.00000000,1.00000000,4983.05468750,BacktestSelection\run_20260617_163620\system_2_edge_texture_sharpness\selected_manifest.csv,0.53451687,0.75779259,41,0,1.50037945,1.00000000,10,1,0.00012972,1.00000000,13,1,score;blue_marker_ratio;border_foreground_ratio;center_foreground_ratio;contrast;dirty_mark_center_score;dirty_mark_found;dirty_mark_margin_score;dirty_mark_ratio;edge_density;entropy;estimated_background_ratio;exposure_score;flat_ratio;foreground_ratio;high_frequency_energy;laplacian_variance;largest_component_area;largest_component_ratio;largest_flat_background_ratio;local_std_mean;material_border_ratio;material_center_ratio;material_largest_component_area;material_largest_component_ratio;material_ratio;mean_brightness;quality_gate_pass;read_ok;tenengrad
system_2_edge_texture_sharpness,clean_negative,1,8,0.90509068,2,clean_negative/clean_15_15.jpg,BacktestSelection\run_20260617_163620\system_2_edge_texture_sharpness\clean_negative\clean_15_15.jpg,134,0.77744776,15,15.jpg,system_2_edge_texture_sharpness,,48,848,sliding_window_clean,0.00000000,0.99951172,0.99066162,19.58616659,0.00000000,0.00000000,0.00000000,0.00000000,0.17631531,0.69750730,0.07244873,0.98115540,0.07090759,0.99682617,0.31479210,512.58483247,65328.00000000,0.99682617,0.03399658,11.82220554,0.89501953,0.96014404,60769.00000000,0.92726135,0.92755127,176.02813721,1.00000000,1.00000000,6055.87695312,BacktestSelection\run_20260617_163620\system_2_edge_texture_sharpness\selected_manifest.csv,0.52582800,0.71527204,49,0,1.58125682,1.00000000,15,1,0.00023575,1.00000000,10,1,score;blue_marker_ratio;border_foreground_ratio;center_foreground_ratio;contrast;dirty_mark_center_score;dirty_mark_found;dirty_mark_margin_score;dirty_mark_ratio;edge_density;entropy;estimated_background_ratio;exposure_score;flat_ratio;foreground_ratio;high_frequency_energy;laplacian_variance;largest_component_area;largest_component_ratio;largest_flat_background_ratio;local_std_mean;material_border_ratio;material_center_ratio;material_largest_component_area;material_largest_component_ratio;material_ratio;mean_brightness;quality_gate_pass;read_ok;tenengrad
system_2_edge_texture_sharpness,clean_negative,1,9,0.89906336,2,clean_negative/clean_9_131.jpg,BacktestSelection\run_20260617_163620\system_2_edge_texture_sharpness\clean_negative\clean_9_131.jpg,122,0.78720502,9,9.jpg,system_2_edge_texture_sharpness,,571,891,sliding_window_clean,0.00000000,0.98994141,1.00000000,22.79904593,0.00000000,0.00000000,0.00000000,0.00000000,0.18627930,0.73048878,0.15512085,0.99626160,0.16510010,0.99833679,0.27794588,754.27648294,65427.00000000,0.99833679,0.08018494,12.36130810,0.67968750,0.99224854,55336.00000000,0.84436035,0.84487915,138.79586792,1.00000000,1.00000000,7563.97265625,BacktestSelection\run_20260617_163620\system_2_edge_texture_sharpness\selected_manifest.csv,0.58748763,1.00000000,2,1,1.30415841,0.69719009,48,0,0.00008307,1.00000000,9,1,score;blue_marker_ratio;border_foreground_ratio;center_foreground_ratio;contrast;dirty_mark_center_score;dirty_mark_found;dirty_mark_margin_score;dirty_mark_ratio;edge_density;entropy;estimated_background_ratio;exposure_score;flat_ratio;foreground_ratio;high_frequency_energy;laplacian_variance;largest_component_area;largest_component_ratio;largest_flat_background_ratio;local_std_mean;material_border_ratio;material_center_ratio;material_largest_component_area;material_largest_component_ratio;material_ratio;mean_brightness;quality_gate_pass;read_ok;tenengrad
system_2_edge_texture_sharpness,clean_negative,1,10,0.89489144,2,clean_negative/clean_5_86.jpg,BacktestSelection\run_20260617_163620\system_2_edge_texture_sharpness\clean_negative\clean_5_86.jpg,186,0.62467160,5,5.jpg,system_2_edge_texture_sharpness,,637,809,sliding_window_clean,0.00000000,1.00000000,1.00000000,27.30573904,0.00000000,0.00000000,0.00000000,0.00000000,0.14619446,0.75473062,0.14593506,0.99370575,0.19624329,1.00000000,0.13233307,413.14934011,65536.00000000,1.00000000,0.00001526,10.15917587,0.68710938,0.97869873,55908.00000000,0.85308838,0.85406494,150.51385498,1.00000000,1.00000000,5035.15380859,BacktestSelection\run_20260617_163620\system_2_edge_texture_sharpness\selected_manifest.csv,0.51957551,0.68467431,54,0,1.56549564,1.00000000,14,1,0.00011783,1.00000000,14,1,score;blue_marker_ratio;border_foreground_ratio;center_foreground_ratio;contrast;dirty_mark_center_score;dirty_mark_found;dirty_mark_margin_score;dirty_mark_ratio;edge_density;entropy;estimated_background_ratio;exposure_score;flat_ratio;foreground_ratio;high_frequency_energy;laplacian_variance;largest_component_area;largest_component_ratio;largest_flat_background_ratio;local_std_mean;material_border_ratio;material_center_ratio;material_largest_component_area;material_largest_component_ratio;material_ratio;mean_brightness;quality_gate_pass;read_ok;tenengrad
system_2_edge_texture_sharpness,clean_negative,1,11,0.84988049,2,clean_negative/clean_1_57.jpg,BacktestSelection\run_20260617_163620\system_2_edge_texture_sharpness\clean_negative\clean_1_57.jpg,114,0.80002927,1,1.jpg,system_2_edge_texture_sharpness,,268,528,sliding_window_clean,0.00000000,1.00000000,1.00000000,16.57771045,0.00000000,0.00000000,0.00000000,0.00000000,0.12367249,0.64008880,0.04095459,0.99588013,0.09782410,1.00000000,0.40096763,609.99991392,65536.00000000,1.00000000,0.00038147,10.58472157,0.98779297,0.91369629,62847.00000000,0.95896912,0.95904541,151.44747925,1.00000000,1.00000000,5799.37207031,BacktestSelection\run_20260617_163620\system_2_edge_texture_sharpness\selected_manifest.csv,0.49363457,0.55772760,82,0,1.70780790,1.00000000,4,1,0.00006953,0.99191385,17,1,score;blue_marker_ratio;border_foreground_ratio;center_foreground_ratio;contrast;dirty_mark_center_score;dirty_mark_found;dirty_mark_margin_score;dirty_mark_ratio;edge_density;entropy;estimated_background_ratio;exposure_score;flat_ratio;foreground_ratio;high_frequency_energy;laplacian_variance;largest_component_area;largest_component_ratio;largest_flat_background_ratio;local_std_mean;material_border_ratio;material_center_ratio;material_largest_component_area;material_largest_component_ratio;material_ratio;mean_brightness;quality_gate_pass;read_ok;tenengrad
system_2_edge_texture_sharpness,clean_negative,1,12,0.78139890,1,clean_negative/clean_11_43.jpg,BacktestSelection\run_20260617_163620\system_2_edge_texture_sharpness\clean_negative\clean_11_43.jpg,297,0.39850023,11,11.jpg,system_2_edge_texture_sharpness,,700,728,sliding_window_clean,0.00000000,1.00000000,1.00000000,23.74691092,0.00000000,0.00000000,0.00000000,0.00000000,0.08711243,0.72442611,0.10278320,0.99759674,0.20028687,1.00000000,0.12786932,173.16167372,65536.00000000,1.00000000,0.00007629,8.73596764,0.90986328,0.89672852,58739.00000000,0.89628601,0.89721680,136.15431213,1.00000000,1.00000000,3029.54785156,BacktestSelection\run_20260617_163620\system_2_edge_texture_sharpness\selected_manifest.csv,0.53813838,0.77551509,37,0,1.24352971,0.56868159,72,0,0.00011031,1.00000000,1,1,score;blue_marker_ratio;border_foreground_ratio;center_foreground_ratio;contrast;dirty_mark_center_score;dirty_mark_found;dirty_mark_margin_score;dirty_mark_ratio;edge_density;entropy;estimated_background_ratio;exposure_score;flat_ratio;foreground_ratio;high_frequency_energy;laplacian_variance;largest_component_area;largest_component_ratio;largest_flat_background_ratio;local_std_mean;material_border_ratio;material_center_ratio;material_largest_component_area;material_largest_component_ratio;material_ratio;mean_brightness;quality_gate_pass;read_ok;tenengrad
system_2_edge_texture_sharpness,clean_negative,1,13,0.76830642,1,clean_negative/clean_4_55.jpg,BacktestSelection\run_20260617_163620\system_2_edge_texture_sharpness\clean_negative\clean_4_55.jpg,259,0.13296670,4,4.jpg,system_2_edge_texture_sharpness,,144,192,sliding_window_clean,0.00000000,0.99985352,1.00000000,17.94664424,0.00000000,0.00000000,0.00000000,0.00000000,0.05975342,0.68721072,0.17672729,0.98519897,0.23733521,0.99989319,0.15212317,82.68749661,65529.00000000,0.99989319,0.13244629,7.49837065,0.66630859,0.97039795,53603.00000000,0.81791687,0.82327271,189.66477966,1.00000000,1.00000000,1970.34106445,BacktestSelection\run_20260617_163620\system_2_edge_texture_sharpness\selected_manifest.csv,0.61729700,1.00000000,9,1,1.26795558,0.62045463,61,0,0.00004922,0.68446462,30,0,score;blue_marker_ratio;border_foreground_ratio;center_foreground_ratio;contrast;dirty_mark_center_score;dirty_mark_found;dirty_mark_margin_score;dirty_mark_ratio;edge_density;entropy;estimated_background_ratio;exposure_score;flat_ratio;foreground_ratio;high_frequency_energy;laplacian_variance;largest_component_area;largest_component_ratio;largest_flat_background_ratio;local_std_mean;material_border_ratio;material_center_ratio;material_largest_component_area;material_largest_component_ratio;material_ratio;mean_brightness;quality_gate_pass;read_ok;tenengrad
system_2_edge_texture_sharpness,clean_negative,1,14,0.73981548,1,clean_negative/clean_7_46.jpg,BacktestSelection\run_20260617_163620\system_2_edge_texture_sharpness\clean_negative\clean_7_46.jpg,269,0.27573850,7,7.jpg,system_2_edge_texture_sharpness,,144,1175,sliding_window_clean,0.00000000,0.99047852,1.00000000,22.01355476,0.00000000,0.00000000,0.00000000,0.00000000,0.10014343,0.72738949,0.18666077,0.98355865,0.22520447,0.99638367,0.16751483,181.39532469,65299.00000000,0.99638367,0.15800476,9.31752396,0.60239258,0.99133301,53303.00000000,0.81333923,0.81333923,171.46557617,1.00000000,1.00000000,3529.25537109,BacktestSelection\run_20260617_163620\system_2_edge_texture_sharpness\selected_manifest.csv,0.60764422,1.00000000,1,1,1.31546996,0.72116603,40,0,0.00003692,0.49828040,61,0,score;blue_marker_ratio;border_foreground_ratio;center_foreground_ratio;contrast;dirty_mark_center_score;dirty_mark_found;dirty_mark_margin_score;dirty_mark_ratio;edge_density;entropy;estimated_background_ratio;exposure_score;flat_ratio;foreground_ratio;high_frequency_energy;laplacian_variance;largest_component_area;largest_component_ratio;largest_flat_background_ratio;local_std_mean;material_border_ratio;material_center_ratio;material_largest_component_area;material_largest_component_ratio;material_ratio;mean_brightness;quality_gate_pass;read_ok;tenengrad
system_2_edge_texture_sharpness,clean_negative,1,15,0.73415443,1,clean_negative/clean_7_58.jpg,BacktestSelection\run_20260617_163620\system_2_edge_texture_sharpness\clean_negative\clean_7_58.jpg,246,0.31937021,7,7.jpg,system_2_edge_texture_sharpness,,144,1220,sliding_window_clean,0.00000000,1.00000000,1.00000000,23.70770196,0.00000000,0.00000000,0.00000000,0.00000000,0.10583496,0.75295568,0.16452026,0.98264313,0.20468140,0.99978638,0.14854223,183.50747618,65522.00000000,0.99978638,0.14469910,9.66798592,0.62709961,0.99328613,54727.00000000,0.83506775,0.83547974,171.27893066,1.00000000,1.00000000,3660.95898438,BacktestSelection\run_20260617_163620\system_2_edge_texture_sharpness\selected_manifest.csv,0.58657729,1.00000000,14,1,1.22255356,0.52422058,83,0,0.00004881,0.67824270,32,0,score;blue_marker_ratio;border_foreground_ratio;center_foreground_ratio;contrast;dirty_mark_center_score;dirty_mark_found;dirty_mark_margin_score;dirty_mark_ratio;edge_density;entropy;estimated_background_ratio;exposure_score;flat_ratio;foreground_ratio;high_frequency_energy;laplacian_variance;largest_component_area;largest_component_ratio;largest_flat_background_ratio;local_std_mean;material_border_ratio;material_center_ratio;material_largest_component_area;material_largest_component_ratio;material_ratio;mean_brightness;quality_gate_pass;read_ok;tenengrad
system_2_edge_texture_sharpness,clean_negative,1,16,0.70637645,0,clean_negative/clean_2_12.jpg,BacktestSelection\run_20260617_163620\system_2_edge_texture_sharpness\clean_negative\clean_2_12.jpg,228,0.39822262,2,2.jpg,system_2_edge_texture_sharpness,,48,144,sliding_window_clean,0.00000000,1.00000000,0.99896240,19.28693323,0.00000000,0.00000000,0.00000000,0.00000000,0.11447144,0.70748019,0.10957336,0.97642517,0.13450623,0.99916077,0.18960074,209.30476332,65481.00000000,0.99916077,0.03297424,9.22884178,0.81665039,0.91894531,58345.00000000,0.89027405,0.89042664,191.30441284,1.00000000,1.00000000,3207.12597656,BacktestSelection\run_20260617_163620\system_2_edge_texture_sharpness\selected_manifest.csv,0.52325957,0.70270292,51,0,1.25264601,0.58800448,68,0,0.00005873,0.82842194,25,0,score;blue_marker_ratio;border_foreground_ratio;center_foreground_ratio;contrast;dirty_mark_center_score;dirty_mark_found;dirty_mark_margin_score;dirty_mark_ratio;edge_density;entropy;estimated_background_ratio;exposure_score;flat_ratio;foreground_ratio;high_frequency_energy;laplacian_variance;largest_component_area;largest_component_ratio;largest_flat_background_ratio;local_std_mean;material_border_ratio;material_center_ratio;material_largest_component_area;material_largest_component_ratio;material_ratio;mean_brightness;quality_gate_pass;read_ok;tenengrad
system_2_edge_texture_sharpness,clean_negative,1,17,0.69829878,1,clean_negative/clean_4_84.jpg,BacktestSelection\run_20260617_163620\system_2_edge_texture_sharpness\clean_negative\clean_4_84.jpg,258,0.16123136,4,4.jpg,system_2_edge_texture_sharpness,,202,278,sliding_window_clean,0.00000000,0.94448242,1.00000000,17.90888361,0.00000000,0.00000000,0.00000000,0.00000000,0.06391907,0.67491500,0.19448853,0.98718262,0.23707581,0.96769714,0.15708113,93.00251768,62465.00000000,0.95314026,0.06837463,7.67555904,0.68784180,0.94946289,51815.00000000,0.79063416,0.80551147,186.52484131,1.00000000,1.00000000,2111.75878906,BacktestSelection\run_20260617_163620\system_2_edge_texture_sharpness\selected_manifest.csv,0.64800182,1.00000000,7,1,1.12257713,0.31231069,145,0,0.00005570,0.78258564,26,0,score;blue_marker_ratio;border_foreground_ratio;center_foreground_ratio;contrast;dirty_mark_center_score;dirty_mark_found;dirty_mark_margin_score;dirty_mark_ratio;edge_density;entropy;estimated_background_ratio;exposure_score;flat_ratio;foreground_ratio;high_frequency_energy;laplacian_variance;largest_component_area;largest_component_ratio;largest_flat_background_ratio;local_std_mean;material_border_ratio;material_center_ratio;material_largest_component_area;material_largest_component_ratio;material_ratio;mean_brightness;quality_gate_pass;read_ok;tenengrad
system_2_edge_texture_sharpness,clean_negative,1,18,0.69406149,1,clean_negative/clean_11_37.jpg,BacktestSelection\run_20260617_163620\system_2_edge_texture_sharpness\clean_negative\clean_11_37.jpg,208,0.50329098,11,11.jpg,system_2_edge_texture_sharpness,,700,682,sliding_window_clean,0.00000000,1.00000000,1.00000000,25.07298948,0.00000000,0.00000000,0.00000000,0.00000000,0.10380554,0.75568263,0.06858826,0.99626160,0.14547729,1.00000000,0.13949502,203.22102641,65536.00000000,1.00000000,0.00006104,9.72403049,0.93740234,0.91143799,61026.00000000,0.93118286,0.93141174,141.71618652,1.00000000,1.00000000,3652.72192383,BacktestSelection\run_20260617_163620\system_2_edge_texture_sharpness\selected_manifest.csv,0.47415311,0.46239151,109,0,1.26764341,0.61979296,62,0,0.00008982,1.00000000,8,1,score;blue_marker_ratio;border_foreground_ratio;center_foreground_ratio;contrast;dirty_mark_center_score;dirty_mark_found;dirty_mark_margin_score;dirty_mark_ratio;edge_density;entropy;estimated_background_ratio;exposure_score;flat_ratio;foreground_ratio;high_frequency_energy;laplacian_variance;largest_component_area;largest_component_ratio;largest_flat_background_ratio;local_std_mean;material_border_ratio;material_center_ratio;material_largest_component_area;material_largest_component_ratio;material_ratio;mean_brightness;quality_gate_pass;read_ok;tenengrad
system_2_edge_texture_sharpness,clean_negative,1,19,0.69184668,1,clean_negative/clean_3_34.jpg,BacktestSelection\run_20260617_163620\system_2_edge_texture_sharpness\clean_negative\clean_3_34.jpg,45,0.90830566,3,3.jpg,system_2_edge_texture_sharpness,,288,862,sliding_window_clean,0.00000000,0.99995117,1.00000000,25.95189080,0.00000000,0.00000000,0.00000000,0.00000000,0.23600769,0.78374863,0.00973511,0.95304108,0.01066589,0.99998474,0.20804814,747.72292934,65535.00000000,0.99998474,0.00605774,13.52356911,0.96049805,0.99810791,64898.00000000,0.99026489,0.99026489,186.82424927,1.00000000,1.00000000,7323.00878906,BacktestSelection\run_20260617_163620\system_2_edge_texture_sharpness\selected_manifest.csv,0.48160060,0.49883718,100,0,1.57534613,1.00000000,8,1,0.00004210,0.57670287,49,0,score;blue_marker_ratio;border_foreground_ratio;center_foreground_ratio;contrast;dirty_mark_center_score;dirty_mark_found;dirty_mark_margin_score;dirty_mark_ratio;edge_density;entropy;estimated_background_ratio;exposure_score;flat_ratio;foreground_ratio;high_frequency_energy;laplacian_variance;largest_component_area;largest_component_ratio;largest_flat_background_ratio;local_std_mean;material_border_ratio;material_center_ratio;material_largest_component_area;material_largest_component_ratio;material_ratio;mean_brightness;quality_gate_pass;read_ok;tenengrad
system_2_edge_texture_sharpness,clean_negative,1,20,0.67607174,0,clean_negative/clean_15_56.jpg,BacktestSelection\run_20260617_163620\system_2_edge_texture_sharpness\clean_negative\clean_15_56.jpg,170,0.71636008,15,15.jpg,system_2_edge_texture_sharpness,,240,1136,sliding_window_clean,0.00000000,1.00000000,0.99566650,24.25486102,0.00000000,0.00000000,0.00000000,0.00000000,0.18991089,0.75515676,0.11209106,0.96719360,0.11604309,0.99873352,0.22559531,492.92848411,65453.00000000,0.99873352,0.10433960,12.76639843,0.73032227,0.99127197,58185.00000000,0.88783264,0.88790894,177.73663330,1.00000000,1.00000000,6762.00878906,BacktestSelection\run_20260617_163620\system_2_edge_texture_sharpness\selected_manifest.csv,0.52589551,0.71560239,48,0,1.31342672,0.71683518,43,0,0.00004336,0.59577764,43,0,score;blue_marker_ratio;border_foreground_ratio;center_foreground_ratio;contrast;dirty_mark_center_score;dirty_mark_found;dirty_mark_margin_score;dirty_mark_ratio;edge_density;entropy;estimated_background_ratio;exposure_score;flat_ratio;foreground_ratio;high_frequency_energy;laplacian_variance;largest_component_area;largest_component_ratio;largest_flat_background_ratio;local_std_mean;material_border_ratio;material_center_ratio;material_largest_component_area;material_largest_component_ratio;material_ratio;mean_brightness;quality_gate_pass;read_ok;tenengrad
system_2_edge_texture_sharpness,clean_negative,1,21,0.67406117,0,clean_negative/clean_4_41.jpg,BacktestSelection\run_20260617_163620\system_2_edge_texture_sharpness\clean_negative\clean_4_41.jpg,255,0.21566373,4,4.jpg,system_2_edge_texture_sharpness,,144,144,sliding_window_clean,0.00000000,0.99975586,1.00000000,17.28246548,0.00000000,0.00000000,0.00000000,0.00000000,0.05619812,0.68506416,0.11708069,0.98767853,0.18669128,0.99984741,0.15866867,80.59963252,65526.00000000,0.99984741,0.06022644,7.48770332,0.77089844,0.95690918,57741.00000000,0.88105774,0.88291931,192.54292297,1.00000000,1.00000000,1862.78894043,BacktestSelection\run_20260617_163620\system_2_edge_texture_sharpness\selected_manifest.csv,0.55665412,0.86612526,25,0,1.34872645,0.79165643,36,0,0.00002808,0.36440181,82,0,score;blue_marker_ratio;border_foreground_ratio;center_foreground_ratio;contrast;dirty_mark_center_score;dirty_mark_found;dirty_mark_margin_score;dirty_mark_ratio;edge_density;entropy;estimated_background_ratio;exposure_score;flat_ratio;foreground_ratio;high_frequency_energy;laplacian_variance;largest_component_area;largest_component_ratio;largest_flat_background_ratio;local_std_mean;material_border_ratio;material_center_ratio;material_largest_component_area;material_largest_component_ratio;material_ratio;mean_brightness;quality_gate_pass;read_ok;tenengrad
system_2_edge_texture_sharpness,clean_negative,1,22,0.66505106,1,clean_negative/clean_9_138.jpg,BacktestSelection\run_20260617_163620\system_2_edge_texture_sharpness\clean_negative\clean_9_138.jpg,265,0.70824928,9,9.jpg,system_2_edge_texture_sharpness,,573,901,sliding_window_clean,0.00000000,0.93696289,1.00000000,22.58136682,0.00000000,0.00000000,0.00000000,0.00000000,0.17820740,0.72941645,0.19036865,0.99629974,0.19979858,0.98503113,0.27722976,728.33781363,64555.00000000,0.98503113,0.17770386,12.01779842,0.62709961,0.97290039,52905.00000000,0.80726624,0.80963135,139.16580200,1.00000000,1.00000000,7336.45556641,BacktestSelection\run_20260617_163620\system_2_edge_texture_sharpness\selected_manifest.csv,0.65411956,1.00000000,3,1,1.27828704,0.64235318,56,0,0.00002731,0.35280001,85,0,score;blue_marker_ratio;border_foreground_ratio;center_foreground_ratio;contrast;dirty_mark_center_score;dirty_mark_found;dirty_mark_margin_score;dirty_mark_ratio;edge_density;entropy;estimated_background_ratio;exposure_score;flat_ratio;foreground_ratio;high_frequency_energy;laplacian_variance;largest_component_area;largest_component_ratio;largest_flat_background_ratio;local_std_mean;material_border_ratio;material_center_ratio;material_largest_component_area;material_largest_component_ratio;material_ratio;mean_brightness;quality_gate_pass;read_ok;tenengrad
system_2_edge_texture_sharpness,clean_negative,1,23,0.66399074,1,clean_negative/clean_6_205.jpg,BacktestSelection\run_20260617_163620\system_2_edge_texture_sharpness\clean_negative\clean_6_205.jpg,300,0.81132126,6,6.jpg,system_2_edge_texture_sharpness,,480,1165,sliding_window_clean,0.00000000,0.99531250,1.00000000,21.85166974,0.00000000,0.00000000,0.00000000,0.00000000,0.15550232,0.72928127,0.01721191,0.99286652,0.04847717,0.99926758,0.25803635,437.20709968,65488.00000000,0.99926758,0.00152588,11.74821472,0.96362305,0.99847412,64400.00000000,0.98266602,0.98278809,156.85653687,1.00000000,1.00000000,5914.65283203,BacktestSelection\run_20260617_163620\system_2_edge_texture_sharpness\selected_manifest.csv,0.44275326,0.30873061,150,0,1.41803620,0.93856528,21,1,0.00005320,0.74467632,28,0,score;blue_marker_ratio;border_foreground_ratio;center_foreground_ratio;contrast;dirty_mark_center_score;dirty_mark_found;dirty_mark_margin_score;dirty_mark_ratio;edge_density;entropy;estimated_background_ratio;exposure_score;flat_ratio;foreground_ratio;high_frequency_energy;laplacian_variance;largest_component_area;largest_component_ratio;largest_flat_background_ratio;local_std_mean;material_border_ratio;material_center_ratio;material_largest_component_area;material_largest_component_ratio;material_ratio;mean_brightness;quality_gate_pass;read_ok;tenengrad
system_2_edge_texture_sharpness,clean_negative,1,24,0.65800833,1,clean_negative/clean_15_71.jpg,BacktestSelection\run_20260617_163620\system_2_edge_texture_sharpness\clean_negative\clean_15_71.jpg,82,0.85132382,15,15.jpg,system_2_edge_texture_sharpness,,288,1184,sliding_window_clean,0.00000000,0.99707031,0.99798584,23.80361497,0.00000000,0.00000000,0.00000000,0.00000000,0.18905640,0.75045141,0.01341248,0.97379303,0.02322388,0.99794006,0.24600767,487.49690028,65401.00000000,0.99794006,0.00334167,13.22267914,0.97753906,0.99407959,64652.00000000,0.98651123,0.98658752,174.36534119,1.00000000,1.00000000,6833.03027344,BacktestSelection\run_20260617_163620\system_2_edge_texture_sharpness\selected_manifest.csv,0.48025738,0.49226386,102,0,1.41210700,0.92599774,23,1,0.00004072,0.55576340,51,0,score;blue_marker_ratio;border_foreground_ratio;center_foreground_ratio;contrast;dirty_mark_center_score;dirty_mark_found;dirty_mark_margin_score;dirty_mark_ratio;edge_density;entropy;estimated_background_ratio;exposure_score;flat_ratio;foreground_ratio;high_frequency_energy;laplacian_variance;largest_component_area;largest_component_ratio;largest_flat_background_ratio;local_std_mean;material_border_ratio;material_center_ratio;material_largest_component_area;material_largest_component_ratio;material_ratio;mean_brightness;quality_gate_pass;read_ok;tenengrad
system_2_edge_texture_sharpness,clean_negative,1,28,0.64181490,2,clean_negative/clean_14_67.jpg,BacktestSelection\run_20260617_163620\system_2_edge_texture_sharpness\clean_negative\clean_14_67.jpg,136,0.77544611,14,14.jpg,system_2_edge_texture_sharpness,,173,480,sliding_window_clean,0.00000000,0.94555664,1.00000000,18.64183137,0.00000000,0.00000000,0.00000000,0.00000000,0.18630981,0.69270134,0.03004456,0.95773315,0.03588867,0.98222351,0.34003097,468.32585378,64371.00000000,0.98222351,0.01954651,11.92296982,0.91625977,0.99768066,63521.00000000,0.96925354,0.96995544,192.95748901,1.00000000,1.00000000,5839.46386719,BacktestSelection\run_20260617_163620\system_2_edge_texture_sharpness\selected_manifest.csv,0.56098265,0.88730773,22,1,1.03135005,0.11894591,198,0,0.00006473,0.91919106,19,1,score;blue_marker_ratio;border_foreground_ratio;center_foreground_ratio;contrast;dirty_mark_center_score;dirty_mark_found;dirty_mark_margin_score;dirty_mark_ratio;edge_density;entropy;estimated_background_ratio;exposure_score;flat_ratio;foreground_ratio;high_frequency_energy;laplacian_variance;largest_component_area;largest_component_ratio;largest_flat_background_ratio;local_std_mean;material_border_ratio;material_center_ratio;material_largest_component_area;material_largest_component_ratio;material_ratio;mean_brightness;quality_gate_pass;read_ok;tenengrad
system_2_edge_texture_sharpness,clean_negative,1,32,0.62923431,2,clean_negative/clean_14_72.jpg,BacktestSelection\run_20260617_163620\system_2_edge_texture_sharpness\clean_negative\clean_14_72.jpg,119,0.79053985,14,14.jpg,system_2_edge_texture_sharpness,,173,528,sliding_window_clean,0.00000000,0.95449219,1.00000000,18.65749176,0.00000000,0.00000000,0.00000000,0.00000000,0.19161987,0.69147666,0.02517700,0.95826721,0.02819824,0.98500061,0.33493191,488.97878743,64553.00000000,0.98500061,0.01629639,11.88743973,0.92192383,0.99572754,63840.00000000,0.97412109,0.97482300,192.47547913,1.00000000,1.00000000,5778.22949219,BacktestSelection\run_20260617_163620\system_2_edge_texture_sharpness\selected_manifest.csv,0.56112862,0.88802207,21,1,1.03590804,0.12860703,195,0,0.00006155,0.87107385,23,1,score;blue_marker_ratio;border_foreground_ratio;center_foreground_ratio;contrast;dirty_mark_center_score;dirty_mark_found;dirty_mark_margin_score;dirty_mark_ratio;edge_density;entropy;estimated_background_ratio;exposure_score;flat_ratio;foreground_ratio;high_frequency_energy;laplacian_variance;largest_component_area;largest_component_ratio;largest_flat_background_ratio;local_std_mean;material_border_ratio;material_center_ratio;material_largest_component_area;material_largest_component_ratio;material_ratio;mean_brightness;quality_gate_pass;read_ok;tenengrad
system_2_edge_texture_sharpness,dirty_positive,1,1,0.96800236,2,dirty_positive/dirty_11_106.jpg,BacktestSelection\run_20260617_163620\system_2_edge_texture_sharpness\dirty_positive\dirty_11_106.jpg,445,0.81259678,11,11.jpg,system_2_edge_texture_sharpness,dirty_positive\dirty_11_106_mask.jpg,87,1050,jittered_positive,0.00000000,0.99995117,1.00000000,22.72245083,0.76401974,1.00000000,0.12500000,0.04922485,0.20347595,0.74284148,0.10493469,0.95990753,0.10850525,0.99981689,0.24571268,512.84553528,65524.00000000,0.99981689,0.10147095,12.52768421,0.84511719,0.94110107,58659.00000000,0.89506531,0.89506531,188.84283447,1.00000000,1.00000000,6383.88574219,BacktestSelection\run_20260617_163620\system_2_edge_texture_sharpness\selected_manifest.csv,0.56415328,1.00000000,5,1,1.82135031,1.00000000,3,1,0.00023742,0.90400708,18,0,score;blue_marker_ratio;border_foreground_ratio;center_foreground_ratio;contrast;dirty_mark_center_score;dirty_mark_found;dirty_mark_margin_score;dirty_mark_ratio;edge_density;entropy;estimated_background_ratio;exposure_score;flat_ratio;foreground_ratio;high_frequency_energy;laplacian_variance;largest_component_area;largest_component_ratio;largest_flat_background_ratio;local_std_mean;material_border_ratio;material_center_ratio;material_largest_component_area;material_largest_component_ratio;material_ratio;mean_brightness;quality_gate_pass;read_ok;tenengrad
system_2_edge_texture_sharpness,dirty_positive,1,2,0.94957355,3,dirty_positive/dirty_13_40.jpg,BacktestSelection\run_20260617_163620\system_2_edge_texture_sharpness\dirty_positive\dirty_13_40.jpg,394,0.95370711,13,13.jpg,system_2_edge_texture_sharpness,dirty_positive\dirty_13_40_mask.jpg,274,518,jittered_positive,0.00000000,1.00000000,1.00000000,26.09115346,0.59359522,1.00000000,0.00000000,0.04132080,0.18266296,0.77606726,0.09114075,0.98680115,0.10638428,1.00000000,0.19707505,602.58990452,65536.00000000,1.00000000,0.00009155,12.83511925,0.99287109,0.83612061,59533.00000000,0.90840149,0.90885925,168.79043579,1.00000000,1.00000000,7034.28515625,BacktestSelection\run_20260617_163620\system_2_edge_texture_sharpness\selected_manifest.csv,0.53539859,0.91711463,14,1,1.94340441,1.00000000,8,1,0.00024367,0.93160602,16,1,score;blue_marker_ratio;border_foreground_ratio;center_foreground_ratio;contrast;dirty_mark_center_score;dirty_mark_found;dirty_mark_margin_score;dirty_mark_ratio;edge_density;entropy;estimated_background_ratio;exposure_score;flat_ratio;foreground_ratio;high_frequency_energy;laplacian_variance;largest_component_area;largest_component_ratio;largest_flat_background_ratio;local_std_mean;material_border_ratio;material_center_ratio;material_largest_component_area;material_largest_component_ratio;material_ratio;mean_brightness;quality_gate_pass;read_ok;tenengrad
system_2_edge_texture_sharpness,dirty_positive,1,3,0.92125084,2,dirty_positive/dirty_1_67.jpg,BacktestSelection\run_20260617_163620\system_2_edge_texture_sharpness\dirty_positive\dirty_1_67.jpg,478,0.63589258,1,1.jpg,system_2_edge_texture_sharpness,dirty_positive\dirty_1_67_mask.jpg,0,1018,jittered_positive,0.00007629,0.99995117,0.99993896,23.31181806,0.95585945,1.00000000,0.00000000,0.05111694,0.11688232,0.75261513,0.02056885,0.99450684,0.05068970,0.99986267,0.13032548,172.45076240,65527.00000000,0.99986267,0.00138855,9.62142754,0.95874023,0.99255371,64188.00000000,0.97943115,0.97943115,170.93420410,1.00000000,1.00000000,3267.67822266,BacktestSelection\run_20260617_163620\system_2_edge_texture_sharpness\selected_manifest.csv,0.50880081,0.76375253,32,0,2.61881250,1.00000000,7,1,0.00112489,1.00000000,1,1,score;blue_marker_ratio;border_foreground_ratio;center_foreground_ratio;contrast;dirty_mark_center_score;dirty_mark_found;dirty_mark_margin_score;dirty_mark_ratio;edge_density;entropy;estimated_background_ratio;exposure_score;flat_ratio;foreground_ratio;high_frequency_energy;laplacian_variance;largest_component_area;largest_component_ratio;largest_flat_background_ratio;local_std_mean;material_border_ratio;material_center_ratio;material_largest_component_area;material_largest_component_ratio;material_ratio;mean_brightness;quality_gate_pass;read_ok;tenengrad
system_2_edge_texture_sharpness,dirty_positive,1,4,0.91571558,2,dirty_positive/dirty_11_108.jpg,BacktestSelection\run_20260617_163620\system_2_edge_texture_sharpness\dirty_positive\dirty_11_108.jpg,446,0.81224330,11,11.jpg,system_2_edge_texture_sharpness,dirty_positive\dirty_11_108_mask.jpg,86,1043,jittered_positive,0.00000000,0.99965820,1.00000000,22.56922989,0.76037043,1.00000000,0.00000000,0.04991150,0.20223999,0.74027562,0.10292053,0.95967865,0.10629272,0.99969482,0.24908639,513.57025814,65516.00000000,0.99969482,0.09864807,12.55532074,0.85688477,0.93750000,58791.00000000,0.89707947,0.89707947,189.00842285,1.00000000,1.00000000,6411.38916016,BacktestSelection\run_20260617_163620\system_2_edge_texture_sharpness\selected_manifest.csv,0.56535031,1.00000000,4,1,1.65558067,1.00000000,4,1,0.00020188,0.74714674,23,0,score;blue_marker_ratio;border_foreground_ratio;center_foreground_ratio;contrast;dirty_mark_center_score;dirty_mark_found;dirty_mark_margin_score;dirty_mark_ratio;edge_density;entropy;estimated_background_ratio;exposure_score;flat_ratio;foreground_ratio;high_frequency_energy;laplacian_variance;largest_component_area;largest_component_ratio;largest_flat_background_ratio;local_std_mean;material_border_ratio;material_center_ratio;material_largest_component_area;material_largest_component_ratio;material_ratio;mean_brightness;quality_gate_pass;read_ok;tenengrad
system_2_edge_texture_sharpness,dirty_positive,1,5,0.91456939,2,dirty_positive/dirty_1_66.jpg,BacktestSelection\run_20260617_163620\system_2_edge_texture_sharpness\dirty_positive\dirty_1_66.jpg,481,0.62169272,1,1.jpg,system_2_edge_texture_sharpness,dirty_positive\dirty_1_66_mask.jpg,0,1028,jittered_positive,0.00004578,0.99965820,0.99993896,23.52024911,0.95030993,1.00000000,0.00000000,0.05104065,0.11372375,0.75317113,0.02139282,0.99462128,0.05438232,0.99984741,0.12382153,163.87585450,65526.00000000,0.99984741,0.00141907,9.44973183,0.95297852,0.99237061,64134.00000000,0.97860718,0.97860718,169.88372803,1.00000000,1.00000000,3158.03125000,BacktestSelection\run_20260617_163620\system_2_edge_texture_sharpness\selected_manifest.csv,0.50532449,0.74370817,34,0,2.05358627,1.00000000,5,1,0.00079418,1.00000000,2,1,score;blue_marker_ratio;border_foreground_ratio;center_foreground_ratio;contrast;dirty_mark_center_score;dirty_mark_found;dirty_mark_margin_score;dirty_mark_ratio;edge_density;entropy;estimated_background_ratio;exposure_score;flat_ratio;foreground_ratio;high_frequency_energy;laplacian_variance;largest_component_area;largest_component_ratio;largest_flat_background_ratio;local_std_mean;material_border_ratio;material_center_ratio;material_largest_component_area;material_largest_component_ratio;material_ratio;mean_brightness;quality_gate_pass;read_ok;tenengrad
system_2_edge_texture_sharpness,dirty_positive,1,6,0.90988458,2,dirty_positive/dirty_10_78.jpg,BacktestSelection\run_20260617_163620\system_2_edge_texture_sharpness\dirty_positive\dirty_10_78.jpg,324,1.09552345,10,10.jpg,system_2_edge_texture_sharpness,dirty_positive\dirty_10_78_mask.jpg,364,1062,jittered_positive,0.00000000,0.99951172,1.00000000,27.39157313,0.62573969,1.00000000,0.46875000,0.02185059,0.22035217,0.78935909,0.02575684,0.98718262,0.03666687,0.99992371,0.25524336,880.79892103,65531.00000000,0.99992371,0.02360535,15.18846798,0.90830078,0.99908447,63848.00000000,0.97424316,0.97424316,158.95738220,1.00000000,1.00000000,9571.93847656,BacktestSelection\run_20260617_163620\system_2_edge_texture_sharpness\selected_manifest.csv,0.54827502,0.99135979,12,1,1.86207742,1.00000000,10,1,0.00019987,0.73829396,25,0,score;blue_marker_ratio;border_foreground_ratio;center_foreground_ratio;contrast;dirty_mark_center_score;dirty_mark_found;dirty_mark_margin_score;dirty_mark_ratio;edge_density;entropy;estimated_background_ratio;exposure_score;flat_ratio;foreground_ratio;high_frequency_energy;laplacian_variance;largest_component_area;largest_component_ratio;largest_flat_background_ratio;local_std_mean;material_border_ratio;material_center_ratio;material_largest_component_area;material_largest_component_ratio;material_ratio;mean_brightness;quality_gate_pass;read_ok;tenengrad
system_2_edge_texture_sharpness,dirty_positive,1,7,0.90768831,2,dirty_positive/dirty_4_77.jpg,BacktestSelection\run_20260617_163620\system_2_edge_texture_sharpness\dirty_positive\dirty_4_77.jpg,496,0.56589523,4,4.jpg,system_2_edge_texture_sharpness,dirty_positive\dirty_4_77_mask.jpg,1,1071,centered_positive,0.00000000,0.99565430,1.00000000,22.76785838,0.70181968,1.00000000,0.00000000,0.04029846,0.13240051,0.73843384,0.17262268,0.99469757,0.19995117,0.99873352,0.19959193,345.81375119,65453.00000000,0.99873352,0.08251953,10.51576614,0.59687500,0.99639893,54060.00000000,0.82489014,0.82737732,157.95193481,1.00000000,1.00000000,4898.57177734,BacktestSelection\run_20260617_163620\system_2_edge_texture_sharpness\selected_manifest.csv,0.66821178,1.00000000,2,1,1.46705499,0.75470864,24,0,0.00025200,0.96835630,13,1,score;blue_marker_ratio;border_foreground_ratio;center_foreground_ratio;contrast;dirty_mark_center_score;dirty_mark_found;dirty_mark_margin_score;dirty_mark_ratio;edge_density;entropy;estimated_background_ratio;exposure_score;flat_ratio;foreground_ratio;high_frequency_energy;laplacian_variance;largest_component_area;largest_component_ratio;largest_flat_background_ratio;local_std_mean;material_border_ratio;material_center_ratio;material_largest_component_area;material_largest_component_ratio;material_ratio;mean_brightness;quality_gate_pass;read_ok;tenengrad
system_2_edge_texture_sharpness,dirty_positive,1,8,0.88790598,2,dirty_positive/dirty_1_76.jpg,BacktestSelection\run_20260617_163620\system_2_edge_texture_sharpness\dirty_positive\dirty_1_76.jpg,480,0.62521447,1,1.jpg,system_2_edge_texture_sharpness,dirty_positive\dirty_1_76_mask.jpg,0,1025,jittered_positive,0.00003052,0.99980469,0.99993896,23.47513168,0.95128847,1.00000000,0.00000000,0.05187988,0.11393738,0.75334764,0.02218628,0.99465942,0.05458069,0.99984741,0.12622614,166.77508968,65526.00000000,0.99984741,0.00148010,9.50695992,0.94926758,0.99176025,64082.00000000,0.97781372,0.97781372,170.19404602,1.00000000,1.00000000,3200.34277344,BacktestSelection\run_20260617_163620\system_2_edge_texture_sharpness\selected_manifest.csv,0.49145169,0.66371793,44,0,1.96657581,1.00000000,2,1,0.00033088,1.00000000,3,1,score;blue_marker_ratio;border_foreground_ratio;center_foreground_ratio;contrast;dirty_mark_center_score;dirty_mark_found;dirty_mark_margin_score;dirty_mark_ratio;edge_density;entropy;estimated_background_ratio;exposure_score;flat_ratio;foreground_ratio;high_frequency_energy;laplacian_variance;largest_component_area;largest_component_ratio;largest_flat_background_ratio;local_std_mean;material_border_ratio;material_center_ratio;material_largest_component_area;material_largest_component_ratio;material_ratio;mean_brightness;quality_gate_pass;read_ok;tenengrad
system_2_edge_texture_sharpness,dirty_positive,1,9,0.88188942,2,dirty_positive/dirty_5_85.jpg,BacktestSelection\run_20260617_163620\system_2_edge_texture_sharpness\dirty_positive\dirty_5_85.jpg,359,1.04130472,5,5.jpg,system_2_edge_texture_sharpness,dirty_positive\dirty_5_85_mask.jpg,288,940,centered_positive,0.00000000,0.99975586,1.00000000,25.41573169,0.99858737,1.00000000,1.00000000,0.00898743,0.19290161,0.78090405,0.04447937,0.98210907,0.05830383,0.99990845,0.19486703,641.61087164,65530.00000000,0.99990845,0.00848389,12.46318436,0.89467773,0.99835205,62621.00000000,0.95552063,0.95552063,177.74116516,1.00000000,1.00000000,6531.11718750,BacktestSelection\run_20260617_163620\system_2_edge_texture_sharpness\selected_manifest.csv,0.51289876,0.78738119,29,0,1.53338587,0.85828706,15,1,0.00032169,1.00000000,5,1,score;blue_marker_ratio;border_foreground_ratio;center_foreground_ratio;contrast;dirty_mark_center_score;dirty_mark_found;dirty_mark_margin_score;dirty_mark_ratio;edge_density;entropy;estimated_background_ratio;exposure_score;flat_ratio;foreground_ratio;high_frequency_energy;laplacian_variance;largest_component_area;largest_component_ratio;largest_flat_background_ratio;local_std_mean;material_border_ratio;material_center_ratio;material_largest_component_area;material_largest_component_ratio;material_ratio;mean_brightness;quality_gate_pass;read_ok;tenengrad
system_2_edge_texture_sharpness,dirty_positive,1,10,0.83698626,1,dirty_positive/dirty_10_77.jpg,BacktestSelection\run_20260617_163620\system_2_edge_texture_sharpness\dirty_positive\dirty_10_77.jpg,301,1.15446554,10,10.jpg,system_2_edge_texture_sharpness,dirty_positive\dirty_10_77_mask.jpg,327,1005,centered_positive,0.00000000,1.00000000,1.00000000,25.58709580,0.99749733,1.00000000,1.00000000,0.02229309,0.24023438,0.76980742,0.00254822,0.98428345,0.00840759,1.00000000,0.31766793,986.44455099,65536.00000000,1.00000000,0.00036621,16.05605316,0.99384766,0.99938965,65369.00000000,0.99745178,0.99745178,164.71900940,1.00000000,1.00000000,10227.88476562,BacktestSelection\run_20260617_163620\system_2_edge_texture_sharpness\selected_manifest.csv,0.51201624,0.78229258,30,0,1.45037759,0.72866619,26,0,0.00033324,1.00000000,9,1,score;blue_marker_ratio;border_foreground_ratio;center_foreground_ratio;contrast;dirty_mark_center_score;dirty_mark_found;dirty_mark_margin_score;dirty_mark_ratio;edge_density;entropy;estimated_background_ratio;exposure_score;flat_ratio;foreground_ratio;high_frequency_energy;laplacian_variance;largest_component_area;largest_component_ratio;largest_flat_background_ratio;local_std_mean;material_border_ratio;material_center_ratio;material_largest_component_area;material_largest_component_ratio;material_ratio;mean_brightness;quality_gate_pass;read_ok;tenengrad
system_2_edge_texture_sharpness,dirty_positive,1,11,0.82853422,2,dirty_positive/dirty_3_112.jpg,BacktestSelection\run_20260617_163620\system_2_edge_texture_sharpness\dirty_positive\dirty_3_112.jpg,339,1.06810945,3,3.jpg,system_2_edge_texture_sharpness,dirty_positive\dirty_3_112_mask.jpg,254,701,jittered_positive,0.00000000,1.00000000,1.00000000,26.46723683,0.73842862,1.00000000,0.00000000,0.02523804,0.24313354,0.78711311,0.01054382,0.95315552,0.02217102,1.00000000,0.24023464,973.96900349,65536.00000000,1.00000000,0.00103760,14.41905308,0.97456055,0.99810791,64845.00000000,0.98945618,0.98945618,185.06883240,1.00000000,1.00000000,8484.16992188,BacktestSelection\run_20260617_163620\system_2_edge_texture_sharpness\selected_manifest.csv,0.46758714,0.52611557,58,0,1.61886576,0.99176747,12,1,0.00025186,0.96771962,14,1,score;blue_marker_ratio;border_foreground_ratio;center_foreground_ratio;contrast;dirty_mark_center_score;dirty_mark_found;dirty_mark_margin_score;dirty_mark_ratio;edge_density;entropy;estimated_background_ratio;exposure_score;flat_ratio;foreground_ratio;high_frequency_energy;laplacian_variance;largest_component_area;largest_component_ratio;largest_flat_background_ratio;local_std_mean;material_border_ratio;material_center_ratio;material_largest_component_area;material_largest_component_ratio;material_ratio;mean_brightness;quality_gate_pass;read_ok;tenengrad
system_2_edge_texture_sharpness,dirty_positive,1,12,0.81667052,1,dirty_positive/dirty_1_81.jpg,BacktestSelection\run_20260617_163620\system_2_edge_texture_sharpness\dirty_positive\dirty_1_81.jpg,490,0.59866754,1,1.jpg,system_2_edge_texture_sharpness,dirty_positive\dirty_1_81_mask.jpg,0,1048,centered_positive,0.00001526,0.99941406,0.99993896,24.12972782,0.93246514,1.00000000,0.00000000,0.05168152,0.10743713,0.75584078,0.02351379,0.99485016,0.06199646,0.99984741,0.11557253,151.57497945,65526.00000000,0.99984741,0.00180054,9.22707748,0.94877930,0.99243164,63990.00000000,0.97640991,0.97648621,167.51388550,1.00000000,1.00000000,3006.01196289,BacktestSelection\run_20260617_163620\system_2_edge_texture_sharpness\selected_manifest.csv,0.51548682,0.80230386,26,0,1.63787507,1.00000000,6,1,0.00017934,0.64770772,30,0,score;blue_marker_ratio;border_foreground_ratio;center_foreground_ratio;contrast;dirty_mark_center_score;dirty_mark_found;dirty_mark_margin_score;dirty_mark_ratio;edge_density;entropy;estimated_background_ratio;exposure_score;flat_ratio;foreground_ratio;high_frequency_energy;laplacian_variance;largest_component_area;largest_component_ratio;largest_flat_background_ratio;local_std_mean;material_border_ratio;material_center_ratio;material_largest_component_area;material_largest_component_ratio;material_ratio;mean_brightness;quality_gate_pass;read_ok;tenengrad
system_2_edge_texture_sharpness,dirty_positive,1,13,0.78996389,1,dirty_positive/dirty_1_93.jpg,BacktestSelection\run_20260617_163620\system_2_edge_texture_sharpness\dirty_positive\dirty_1_93.jpg,476,0.67023260,1,1.jpg,system_2_edge_texture_sharpness,dirty_positive\dirty_1_93_mask.jpg,682,1122,centered_positive,0.00000000,0.99868164,1.00000000,18.19430588,0.99780802,1.00000000,1.00000000,0.00885010,0.12648010,0.69156027,0.03503418,0.99954224,0.07400513,0.99975586,0.27162439,225.14631912,65520.00000000,0.99975586,0.01051331,10.26341724,0.93056641,0.96508789,63204.00000000,0.96441650,0.96496582,141.66767883,1.00000000,1.00000000,4178.75292969,BacktestSelection\run_20260617_163620\system_2_edge_texture_sharpness\selected_manifest.csv,0.58186977,1.00000000,7,1,1.51405259,0.82809734,17,0,0.00015534,0.54179432,40,0,score;blue_marker_ratio;border_foreground_ratio;center_foreground_ratio;contrast;dirty_mark_center_score;dirty_mark_found;dirty_mark_margin_score;dirty_mark_ratio;edge_density;entropy;estimated_background_ratio;exposure_score;flat_ratio;foreground_ratio;high_frequency_energy;laplacian_variance;largest_component_area;largest_component_ratio;largest_flat_background_ratio;local_std_mean;material_border_ratio;material_center_ratio;material_largest_component_area;material_largest_component_ratio;material_ratio;mean_brightness;quality_gate_pass;read_ok;tenengrad
system_2_edge_texture_sharpness,dirty_positive,1,14,0.78986531,1,dirty_positive/dirty_12_56.jpg,BacktestSelection\run_20260617_163620\system_2_edge_texture_sharpness\dirty_positive\dirty_12_56.jpg,391,0.95682112,12,12.jpg,system_2_edge_texture_sharpness,dirty_positive\dirty_12_56_mask.jpg,176,409,jittered_positive,0.00000000,0.99921875,1.00000000,20.81645332,0.79098281,1.00000000,0.00000000,0.06355286,0.19044495,0.71525693,0.08988953,0.98657227,0.11125183,0.99952698,0.30249676,692.36750082,65505.00000000,0.99952698,0.06370544,12.40586567,0.91005859,0.76281738,59640.00000000,0.91003418,0.91011047,172.09082031,1.00000000,1.00000000,6724.70068359,BacktestSelection\run_20260617_163620\system_2_edge_texture_sharpness\selected_manifest.csv,0.57270945,1.00000000,10,1,1.27598331,0.45634226,46,0,0.00023952,0.91325366,17,0,score;blue_marker_ratio;border_foreground_ratio;center_foreground_ratio;contrast;dirty_mark_center_score;dirty_mark_found;dirty_mark_margin_score;dirty_mark_ratio;edge_density;entropy;estimated_background_ratio;exposure_score;flat_ratio;foreground_ratio;high_frequency_energy;laplacian_variance;largest_component_area;largest_component_ratio;largest_flat_background_ratio;local_std_mean;material_border_ratio;material_center_ratio;material_largest_component_area;material_largest_component_ratio;material_ratio;mean_brightness;quality_gate_pass;read_ok;tenengrad
system_2_edge_texture_sharpness,dirty_positive,1,15,0.76684059,1,dirty_positive/dirty_15_46.jpg,BacktestSelection\run_20260617_163620\system_2_edge_texture_sharpness\dirty_positive\dirty_15_46.jpg,433,0.84210706,15,15.jpg,system_2_edge_texture_sharpness,dirty_positive\dirty_15_46_mask.jpg,334,553,jittered_positive,0.00000000,1.00000000,1.00000000,18.18423357,0.94151351,1.00000000,0.00000000,0.06277466,0.13772583,0.67083351,0.04440308,0.99519348,0.07229614,1.00000000,0.28388759,592.81143188,65536.00000000,1.00000000,0.03460693,10.35107422,0.99653320,0.87695312,62626.00000000,0.95559692,0.95559692,157.35331726,1.00000000,1.00000000,4994.46679688,BacktestSelection\run_20260617_163620\system_2_edge_texture_sharpness\selected_manifest.csv,0.48290498,0.61443782,51,0,1.59242601,0.95048070,13,1,0.00019926,0.73560324,26,0,score;blue_marker_ratio;border_foreground_ratio;center_foreground_ratio;contrast;dirty_mark_center_score;dirty_mark_found;dirty_mark_margin_score;dirty_mark_ratio;edge_density;entropy;estimated_background_ratio;exposure_score;flat_ratio;foreground_ratio;high_frequency_energy;laplacian_variance;largest_component_area;largest_component_ratio;largest_flat_background_ratio;local_std_mean;material_border_ratio;material_center_ratio;material_largest_component_area;material_largest_component_ratio;material_ratio;mean_brightness;quality_gate_pass;read_ok;tenengrad
system_2_edge_texture_sharpness,dirty_positive,1,16,0.76446191,1,dirty_positive/dirty_4_72.jpg,BacktestSelection\run_20260617_163620\system_2_edge_texture_sharpness\dirty_positive\dirty_4_72.jpg,495,0.57077176,4,4.jpg,system_2_edge_texture_sharpness,dirty_positive\dirty_4_72_mask.jpg,11,1054,jittered_positive,0.00000000,0.99887695,1.00000000,21.92829452,0.80086457,1.00000000,0.00000000,0.04182434,0.13125610,0.72891068,0.15573120,0.99275208,0.18847656,0.99893188,0.22367086,343.60611490,65466.00000000,0.99893188,0.09468079,10.57512665,0.62680664,0.99627686,55204.00000000,0.84234619,0.84426880,159.75981140,1.00000000,1.00000000,4918.56347656,BacktestSelection\run_20260617_163620\system_2_edge_texture_sharpness\selected_manifest.csv,0.65683088,1.00000000,3,1,1.36819792,0.60033921,31,0,0.00018962,0.69304651,27,0,score;blue_marker_ratio;border_foreground_ratio;center_foreground_ratio;contrast;dirty_mark_center_score;dirty_mark_found;dirty_mark_margin_score;dirty_mark_ratio;edge_density;entropy;estimated_background_ratio;exposure_score;flat_ratio;foreground_ratio;high_frequency_energy;laplacian_variance;largest_component_area;largest_component_ratio;largest_flat_background_ratio;local_std_mean;material_border_ratio;material_center_ratio;material_largest_component_area;material_largest_component_ratio;material_ratio;mean_brightness;quality_gate_pass;read_ok;tenengrad
system_2_edge_texture_sharpness,dirty_positive,1,19,0.75432320,2,dirty_positive/dirty_3_111.jpg,BacktestSelection\run_20260617_163620\system_2_edge_texture_sharpness\dirty_positive\dirty_3_111.jpg,349,1.06079268,3,3.jpg,system_2_edge_texture_sharpness,dirty_positive\dirty_3_111_mask.jpg,204,713,jittered_positive,0.00000000,0.99868164,1.00000000,23.96633206,0.62885809,1.00000000,0.00000000,0.02229309,0.23585510,0.76548807,0.01168823,0.94644165,0.01846313,0.99957275,0.24530716,775.66032648,65508.00000000,0.99957275,0.00389099,13.71625900,0.96528320,0.99414062,64752.00000000,0.98803711,0.98831177,192.69429016,1.00000000,1.00000000,7254.08984375,BacktestSelection\run_20260617_163620\system_2_edge_texture_sharpness\selected_manifest.csv,0.55877959,1.00000000,9,1,1.15214886,0.26296960,77,0,0.00033703,1.00000000,10,1,score;blue_marker_ratio;border_foreground_ratio;center_foreground_ratio;contrast;dirty_mark_center_score;dirty_mark_found;dirty_mark_margin_score;dirty_mark_ratio;edge_density;entropy;estimated_background_ratio;exposure_score;flat_ratio;foreground_ratio;high_frequency_energy;laplacian_variance;largest_component_area;largest_component_ratio;largest_flat_background_ratio;local_std_mean;material_border_ratio;material_center_ratio;material_largest_component_area;material_largest_component_ratio;material_ratio;mean_brightness;quality_gate_pass;read_ok;tenengrad
system_2_edge_texture_sharpness,dirty_positive,1,20,0.74522918,2,dirty_positive/dirty_4_78.jpg,BacktestSelection\run_20260617_163620\system_2_edge_texture_sharpness\dirty_positive\dirty_4_78.jpg,499,0.55005106,4,4.jpg,system_2_edge_texture_sharpness,dirty_positive\dirty_4_78_mask.jpg,62,1119,jittered_positive,0.00000000,1.00000000,1.00000000,22.06120857,0.81433322,1.00000000,0.00000000,0.03369141,0.11914062,0.73112535,0.11828613,0.99633789,0.16467285,0.99998474,0.19670771,281.93543201,65535.00000000,0.99998474,0.09478760,10.11360550,0.73149414,0.97058105,57765.00000000,0.88142395,0.88171387,152.88508606,1.00000000,1.00000000,4353.45214844,BacktestSelection\run_20260617_163620\system_2_edge_texture_sharpness\selected_manifest.csv,0.57950425,1.00000000,1,1,1.92363414,1.00000000,1,1,0.00008598,0.23568753,90,0,score;blue_marker_ratio;border_foreground_ratio;center_foreground_ratio;contrast;dirty_mark_center_score;dirty_mark_found;dirty_mark_margin_score;dirty_mark_ratio;edge_density;entropy;estimated_background_ratio;exposure_score;flat_ratio;foreground_ratio;high_frequency_energy;laplacian_variance;largest_component_area;largest_component_ratio;largest_flat_background_ratio;local_std_mean;material_border_ratio;material_center_ratio;material_largest_component_area;material_largest_component_ratio;material_ratio;mean_brightness;quality_gate_pass;read_ok;tenengrad
system_2_edge_texture_sharpness,dirty_positive,1,24,0.68739575,2,dirty_positive/dirty_15_42.jpg,BacktestSelection\run_20260617_163620\system_2_edge_texture_sharpness\dirty_positive\dirty_15_42.jpg,420,0.87221097,15,15.jpg,system_2_edge_texture_sharpness,dirty_positive\dirty_15_42_mask.jpg,139,465,jittered_positive,0.00000000,0.99941406,0.99035645,17.63357806,0.75803880,1.00000000,0.00000000,0.04179382,0.16873169,0.68596609,0.04458618,0.99042511,0.05326843,0.99000549,0.34981385,554.76786575,64881.00000000,0.99000549,0.01861572,11.39985085,0.99399414,0.91741943,62579.00000000,0.95487976,0.95541382,179.24034119,1.00000000,1.00000000,5456.17871094,BacktestSelection\run_20260617_163620\system_2_edge_texture_sharpness\selected_manifest.csv,0.53483668,0.91387465,15,1,1.07872335,0.14831261,94,0,0.00065007,1.00000000,7,1,score;blue_marker_ratio;border_foreground_ratio;center_foreground_ratio;contrast;dirty_mark_center_score;dirty_mark_found;dirty_mark_margin_score;dirty_mark_ratio;edge_density;entropy;estimated_background_ratio;exposure_score;flat_ratio;foreground_ratio;high_frequency_energy;laplacian_variance;largest_component_area;largest_component_ratio;largest_flat_background_ratio;local_std_mean;material_border_ratio;material_center_ratio;material_largest_component_area;material_largest_component_ratio;material_ratio;mean_brightness;quality_gate_pass;read_ok;tenengrad
system_2_edge_texture_sharpness,dirty_positive,1,25,0.67688816,2,dirty_positive/dirty_6_23.jpg,BacktestSelection\run_20260617_163620\system_2_edge_texture_sharpness\dirty_positive\dirty_6_23.jpg,467,0.74998841,6,6.jpg,system_2_edge_texture_sharpness,dirty_positive\dirty_6_23_mask.jpg,166,363,jittered_positive,0.00000000,0.99370117,1.00000000,23.33723256,0.69287439,1.00000000,0.00000000,0.01834106,0.16342163,0.75557605,0.04246521,0.96246338,0.07669067,0.99800110,0.21010002,384.87687357,65405.00000000,0.99800110,0.00714111,11.94236374,0.94814453,0.95825195,62707.00000000,0.95683289,0.95753479,184.53720093,1.00000000,1.00000000,5297.32714844,BacktestSelection\run_20260617_163620\system_2_edge_texture_sharpness\selected_manifest.csv,0.55345975,1.00000000,6,1,1.00425203,0.03202256,142,0,0.00025886,0.99864192,11,1,score;blue_marker_ratio;border_foreground_ratio;center_foreground_ratio;contrast;dirty_mark_center_score;dirty_mark_found;dirty_mark_margin_score;dirty_mark_ratio;edge_density;entropy;estimated_background_ratio;exposure_score;flat_ratio;foreground_ratio;high_frequency_energy;laplacian_variance;largest_component_area;largest_component_ratio;largest_flat_background_ratio;local_std_mean;material_border_ratio;material_center_ratio;material_largest_component_area;material_largest_component_ratio;material_ratio;mean_brightness;quality_gate_pass;read_ok;tenengrad
system_3_numpy_frequency_balance,clean_negative,1,1,1.00000000,3,clean_negative/clean_11_6.jpg,BacktestSelection\run_20260617_163620\system_3_numpy_frequency_balance\clean_negative\clean_11_6.jpg,297,0.50019560,11,11.jpg,system_3_numpy_frequency_balance,,544,0,sliding_window_clean,0.00000000,0.85083008,0.97558594,17.01413267,0.00000000,0.00000000,0.00000000,0.00000000,0.11625671,0.67596237,0.19853210,0.99103546,0.22865295,0.88565063,0.26229766,261.07147799,57771.00000000,0.88151550,0.11566162,8.90630531,0.73291016,0.89562988,52076.00000000,0.79461670,0.80146790,176.99844360,1.00000000,1.00000000,3496.36523438,BacktestSelection\run_20260617_163620\system_3_numpy_frequency_balance\selected_manifest.csv,0.67075881,1.00000000,5,1,1.72999997,1.00000000,2,1,0.00066475,1.00000000,12,1,score;blue_marker_ratio;border_foreground_ratio;center_foreground_ratio;contrast;dirty_mark_center_score;dirty_mark_found;dirty_mark_margin_score;dirty_mark_ratio;edge_density;entropy;estimated_background_ratio;exposure_score;flat_ratio;foreground_ratio;high_frequency_energy;laplacian_variance;largest_component_area;largest_component_ratio;largest_flat_background_ratio;local_std_mean;material_border_ratio;material_center_ratio;material_largest_component_area;material_largest_component_ratio;material_ratio;mean_brightness;quality_gate_pass;read_ok;tenengrad
system_3_numpy_frequency_balance,clean_negative,1,2,0.99988115,3,clean_negative/clean_7_18.jpg,BacktestSelection\run_20260617_163620\system_3_numpy_frequency_balance\clean_negative\clean_7_18.jpg,226,0.57671081,7,7.jpg,system_3_numpy_frequency_balance,,174,1031,sliding_window_clean,0.00000000,0.99970703,0.98632812,18.85433435,0.00000000,0.00000000,0.00000000,0.00000000,0.10049438,0.66123660,0.14570618,0.98497009,0.18844604,0.99568176,0.26300329,194.66944957,65253.00000000,0.99568176,0.09645081,9.83811569,0.76186523,0.92138672,55967.00000000,0.85398865,0.85429382,172.78684998,1.00000000,1.00000000,3995.18188477,BacktestSelection\run_20260617_163620\system_3_numpy_frequency_balance\selected_manifest.csv,0.58316369,0.99964346,16,1,1.44498450,1.00000000,5,1,0.00031574,1.00000000,11,1,score;blue_marker_ratio;border_foreground_ratio;center_foreground_ratio;contrast;dirty_mark_center_score;dirty_mark_found;dirty_mark_margin_score;dirty_mark_ratio;edge_density;entropy;estimated_background_ratio;exposure_score;flat_ratio;foreground_ratio;high_frequency_energy;laplacian_variance;largest_component_area;largest_component_ratio;largest_flat_background_ratio;local_std_mean;material_border_ratio;material_center_ratio;material_largest_component_area;material_largest_component_ratio;material_ratio;mean_brightness;quality_gate_pass;read_ok;tenengrad
system_3_numpy_frequency_balance,clean_negative,1,3,0.99944289,3,clean_negative/clean_4_189.jpg,BacktestSelection\run_20260617_163620\system_3_numpy_frequency_balance\clean_negative\clean_4_189.jpg,256,0.38263044,4,4.jpg,system_3_numpy_frequency_balance,,419,808,sliding_window_clean,0.00000000,1.00000000,1.00000000,14.74916028,0.00000000,0.00000000,0.00000000,0.00000000,0.06190491,0.64856005,0.18586731,0.99961853,0.25549316,1.00000000,0.20318548,129.82775855,65536.00000000,1.00000000,0.15556335,7.01956463,0.81889648,0.94470215,53103.00000000,0.81028748,0.81413269,154.55143738,1.00000000,1.00000000,1986.90124512,BacktestSelection\run_20260617_163620\system_3_numpy_frequency_balance\selected_manifest.csv,0.63749873,1.00000000,12,1,1.42540772,0.99832868,17,1,0.00012281,1.00000000,7,1,score;blue_marker_ratio;border_foreground_ratio;center_foreground_ratio;contrast;dirty_mark_center_score;dirty_mark_found;dirty_mark_margin_score;dirty_mark_ratio;edge_density;entropy;estimated_background_ratio;exposure_score;flat_ratio;foreground_ratio;high_frequency_energy;laplacian_variance;largest_component_area;largest_component_ratio;largest_flat_background_ratio;local_std_mean;material_border_ratio;material_center_ratio;material_largest_component_area;material_largest_component_ratio;material_ratio;mean_brightness;quality_gate_pass;read_ok;tenengrad
system_3_numpy_frequency_balance,clean_negative,1,4,0.97957761,3,clean_negative/clean_7_22.jpg,BacktestSelection\run_20260617_163620\system_3_numpy_frequency_balance\clean_negative\clean_7_22.jpg,222,0.59392851,7,7.jpg,system_3_numpy_frequency_balance,,174,1079,sliding_window_clean,0.00000000,0.99995117,0.98547363,19.76448258,0.00000000,0.00000000,0.00000000,0.00000000,0.10568237,0.68017594,0.12515259,0.98237610,0.16372681,0.99560547,0.24907795,205.63823790,65248.00000000,0.99560547,0.08372498,10.16889668,0.79121094,0.92333984,57319.00000000,0.87461853,0.87484741,173.73559570,1.00000000,1.00000000,4108.23535156,BacktestSelection\run_20260617_163620\system_3_numpy_frequency_balance\selected_manifest.csv,0.57029953,0.93873284,17,1,1.46668475,1.00000000,4,1,0.00037146,1.00000000,4,1,score;blue_marker_ratio;border_foreground_ratio;center_foreground_ratio;contrast;dirty_mark_center_score;dirty_mark_found;dirty_mark_margin_score;dirty_mark_ratio;edge_density;entropy;estimated_background_ratio;exposure_score;flat_ratio;foreground_ratio;high_frequency_energy;laplacian_variance;largest_component_area;largest_component_ratio;largest_flat_background_ratio;local_std_mean;material_border_ratio;material_center_ratio;material_largest_component_area;material_largest_component_ratio;material_ratio;mean_brightness;quality_gate_pass;read_ok;tenengrad
system_3_numpy_frequency_balance,clean_negative,1,5,0.97086435,3,clean_negative/clean_5_73.jpg,BacktestSelection\run_20260617_163620\system_3_numpy_frequency_balance\clean_negative\clean_5_73.jpg,248,0.50724793,5,5.jpg,system_3_numpy_frequency_balance,,638,761,sliding_window_clean,0.00000000,1.00000000,1.00000000,26.15198807,0.00000000,0.00000000,0.00000000,0.00000000,0.14533997,0.74541736,0.16253662,0.99362946,0.21739197,1.00000000,0.14089343,408.13615207,65536.00000000,1.00000000,0.01000977,9.92748070,0.62651367,0.99127197,54327.00000000,0.82896423,0.83746338,151.34759521,1.00000000,1.00000000,4875.18945312,BacktestSelection\run_20260617_163620\system_3_numpy_frequency_balance\selected_manifest.csv,0.56486578,0.91300455,20,1,1.42597185,0.99958849,16,1,0.00017663,1.00000000,9,1,score;blue_marker_ratio;border_foreground_ratio;center_foreground_ratio;contrast;dirty_mark_center_score;dirty_mark_found;dirty_mark_margin_score;dirty_mark_ratio;edge_density;entropy;estimated_background_ratio;exposure_score;flat_ratio;foreground_ratio;high_frequency_energy;laplacian_variance;largest_component_area;largest_component_ratio;largest_flat_background_ratio;local_std_mean;material_border_ratio;material_center_ratio;material_largest_component_area;material_largest_component_ratio;material_ratio;mean_brightness;quality_gate_pass;read_ok;tenengrad
system_3_numpy_frequency_balance,clean_negative,1,6,0.94571153,2,clean_negative/clean_9_131.jpg,BacktestSelection\run_20260617_163620\system_3_numpy_frequency_balance\clean_negative\clean_9_131.jpg,162,0.72650292,9,9.jpg,system_3_numpy_frequency_balance,,571,891,sliding_window_clean,0.00000000,0.98994141,1.00000000,22.79904593,0.00000000,0.00000000,0.00000000,0.00000000,0.18627930,0.73048878,0.15512085,0.99626160,0.16510010,0.99833679,0.27794588,754.27648294,65427.00000000,0.99833679,0.08018494,12.36130810,0.67968750,0.99224854,55336.00000000,0.84436035,0.84487915,138.79586792,1.00000000,1.00000000,7563.97265625,BacktestSelection\run_20260617_163620\system_3_numpy_frequency_balance\selected_manifest.csv,0.61740878,1.00000000,4,1,1.35322559,0.83713459,35,0,0.00007531,1.00000000,14,1,score;blue_marker_ratio;border_foreground_ratio;center_foreground_ratio;contrast;dirty_mark_center_score;dirty_mark_found;dirty_mark_margin_score;dirty_mark_ratio;edge_density;entropy;estimated_background_ratio;exposure_score;flat_ratio;foreground_ratio;high_frequency_energy;laplacian_variance;largest_component_area;largest_component_ratio;largest_flat_background_ratio;local_std_mean;material_border_ratio;material_center_ratio;material_largest_component_area;material_largest_component_ratio;material_ratio;mean_brightness;quality_gate_pass;read_ok;tenengrad
system_3_numpy_frequency_balance,clean_negative,1,7,0.94012236,2,clean_negative/clean_5_91.jpg,BacktestSelection\run_20260617_163620\system_3_numpy_frequency_balance\clean_negative\clean_5_91.jpg,244,0.51626614,5,5.jpg,system_3_numpy_frequency_balance,,637,820,sliding_window_clean,0.00000000,1.00000000,1.00000000,27.43040591,0.00000000,0.00000000,0.00000000,0.00000000,0.14465332,0.75513538,0.14984131,0.99362946,0.20040894,1.00000000,0.12960678,407.04900314,65536.00000000,1.00000000,0.00006104,10.08936596,0.68037109,0.97399902,55143.00000000,0.84141541,0.85015869,150.16842651,1.00000000,1.00000000,4983.05468750,BacktestSelection\run_20260617_163620\system_3_numpy_frequency_balance\selected_manifest.csv,0.54530097,0.82036707,32,0,1.44259314,1.00000000,14,1,0.00015815,1.00000000,8,1,score;blue_marker_ratio;border_foreground_ratio;center_foreground_ratio;contrast;dirty_mark_center_score;dirty_mark_found;dirty_mark_margin_score;dirty_mark_ratio;edge_density;entropy;estimated_background_ratio;exposure_score;flat_ratio;foreground_ratio;high_frequency_energy;laplacian_variance;largest_component_area;largest_component_ratio;largest_flat_background_ratio;local_std_mean;material_border_ratio;material_center_ratio;material_largest_component_area;material_largest_component_ratio;material_ratio;mean_brightness;quality_gate_pass;read_ok;tenengrad
system_3_numpy_frequency_balance,clean_negative,1,8,0.92767392,2,clean_negative/clean_5_86.jpg,BacktestSelection\run_20260617_163620\system_3_numpy_frequency_balance\clean_negative\clean_5_86.jpg,241,0.52632250,5,5.jpg,system_3_numpy_frequency_balance,,637,809,sliding_window_clean,0.00000000,1.00000000,1.00000000,27.30573904,0.00000000,0.00000000,0.00000000,0.00000000,0.14619446,0.75473062,0.14593506,0.99370575,0.19624329,1.00000000,0.13233307,413.14934011,65536.00000000,1.00000000,0.00001526,10.15917587,0.68710938,0.97869873,55908.00000000,0.85308838,0.85406494,150.51385498,1.00000000,1.00000000,5035.15380859,BacktestSelection\run_20260617_163620\system_3_numpy_frequency_balance\selected_manifest.csv,0.53741374,0.78302175,36,0,1.45045969,1.00000000,15,1,0.00014330,1.00000000,5,1,score;blue_marker_ratio;border_foreground_ratio;center_foreground_ratio;contrast;dirty_mark_center_score;dirty_mark_found;dirty_mark_margin_score;dirty_mark_ratio;edge_density;entropy;estimated_background_ratio;exposure_score;flat_ratio;foreground_ratio;high_frequency_energy;laplacian_variance;largest_component_area;largest_component_ratio;largest_flat_background_ratio;local_std_mean;material_border_ratio;material_center_ratio;material_largest_component_area;material_largest_component_ratio;material_ratio;mean_brightness;quality_gate_pass;read_ok;tenengrad
system_3_numpy_frequency_balance,clean_negative,1,9,0.92564346,2,clean_negative/clean_15_16.jpg,BacktestSelection\run_20260617_163620\system_3_numpy_frequency_balance\clean_negative\clean_15_16.jpg,121,0.79650710,15,15.jpg,system_3_numpy_frequency_balance,,68,848,sliding_window_clean,0.00000000,0.99926758,0.98999023,19.59920702,0.00000000,0.00000000,0.00000000,0.00000000,0.18394470,0.69672298,0.06381226,0.98092651,0.06242371,0.99566650,0.32813501,521.30817662,65252.00000000,0.99566650,0.03390503,12.09883976,0.93437500,0.96954346,61344.00000000,0.93603516,0.93618774,176.24014282,1.00000000,1.00000000,6260.87011719,BacktestSelection\run_20260617_163620\system_3_numpy_frequency_balance\selected_manifest.csv,0.53612726,0.77693038,37,0,1.43674520,1.00000000,12,1,0.00016116,1.00000000,3,1,score;blue_marker_ratio;border_foreground_ratio;center_foreground_ratio;contrast;dirty_mark_center_score;dirty_mark_found;dirty_mark_margin_score;dirty_mark_ratio;edge_density;entropy;estimated_background_ratio;exposure_score;flat_ratio;foreground_ratio;high_frequency_energy;laplacian_variance;largest_component_area;largest_component_ratio;largest_flat_background_ratio;local_std_mean;material_border_ratio;material_center_ratio;material_largest_component_area;material_largest_component_ratio;material_ratio;mean_brightness;quality_gate_pass;read_ok;tenengrad
system_3_numpy_frequency_balance,clean_negative,1,10,0.90015087,2,clean_negative/clean_15_15.jpg,BacktestSelection\run_20260617_163620\system_3_numpy_frequency_balance\clean_negative\clean_15_15.jpg,143,0.78160093,15,15.jpg,system_3_numpy_frequency_balance,,48,848,sliding_window_clean,0.00000000,0.99951172,0.99066162,19.58616659,0.00000000,0.00000000,0.00000000,0.00000000,0.17631531,0.69750730,0.07244873,0.98115540,0.07090759,0.99682617,0.31479210,512.58483247,65328.00000000,0.99682617,0.03399658,11.82220554,0.89501953,0.96014404,60769.00000000,0.92726135,0.92755127,176.02813721,1.00000000,1.00000000,6055.87695312,BacktestSelection\run_20260617_163620\system_3_numpy_frequency_balance\selected_manifest.csv,0.51997535,0.70045261,54,0,1.50218288,1.00000000,10,1,0.00014367,1.00000000,13,1,score;blue_marker_ratio;border_foreground_ratio;center_foreground_ratio;contrast;dirty_mark_center_score;dirty_mark_found;dirty_mark_margin_score;dirty_mark_ratio;edge_density;entropy;estimated_background_ratio;exposure_score;flat_ratio;foreground_ratio;high_frequency_energy;laplacian_variance;largest_component_area;largest_component_ratio;largest_flat_background_ratio;local_std_mean;material_border_ratio;material_center_ratio;material_largest_component_area;material_largest_component_ratio;material_ratio;mean_brightness;quality_gate_pass;read_ok;tenengrad
system_3_numpy_frequency_balance,clean_negative,1,11,0.89039906,2,clean_negative/clean_4_55.jpg,BacktestSelection\run_20260617_163620\system_3_numpy_frequency_balance\clean_negative\clean_4_55.jpg,259,0.32154020,4,4.jpg,system_3_numpy_frequency_balance,,144,192,sliding_window_clean,0.00000000,0.99985352,1.00000000,17.94664424,0.00000000,0.00000000,0.00000000,0.00000000,0.05975342,0.68721072,0.17672729,0.98519897,0.23733521,0.99989319,0.15212317,82.68749661,65529.00000000,0.99989319,0.13244629,7.49837065,0.66630859,0.97039795,53603.00000000,0.81791687,0.82327271,189.66477966,1.00000000,1.00000000,1970.34106445,BacktestSelection\run_20260617_163620\system_3_numpy_frequency_balance\selected_manifest.csv,0.60923619,1.00000000,8,1,1.27891942,0.67119718,61,0,0.00007248,1.00000000,6,1,score;blue_marker_ratio;border_foreground_ratio;center_foreground_ratio;contrast;dirty_mark_center_score;dirty_mark_found;dirty_mark_margin_score;dirty_mark_ratio;edge_density;entropy;estimated_background_ratio;exposure_score;flat_ratio;foreground_ratio;high_frequency_energy;laplacian_variance;largest_component_area;largest_component_ratio;largest_flat_background_ratio;local_std_mean;material_border_ratio;material_center_ratio;material_largest_component_area;material_largest_component_ratio;material_ratio;mean_brightness;quality_gate_pass;read_ok;tenengrad
system_3_numpy_frequency_balance,clean_negative,1,12,0.87630468,2,clean_negative/clean_10_107.jpg,BacktestSelection\run_20260617_163620\system_3_numpy_frequency_balance\clean_negative\clean_10_107.jpg,280,0.83675840,10,10.jpg,system_3_numpy_frequency_balance,,192,1197,sliding_window_clean,0.00000000,0.99946289,0.99981689,23.16049923,0.00000000,0.00000000,0.00000000,0.00000000,0.22128296,0.74792496,0.03836060,0.97856140,0.04444885,0.99940491,0.28620490,645.00008762,65497.00000000,0.99940491,0.03108215,14.22658062,0.98129883,0.92083740,63014.00000000,0.96151733,0.96163940,180.30824280,1.00000000,1.00000000,7608.87500000,BacktestSelection\run_20260617_163620\system_3_numpy_frequency_balance\selected_manifest.csv,0.50486658,0.62891405,68,0,1.77299190,1.00000000,9,1,0.00014040,1.00000000,2,1,score;blue_marker_ratio;border_foreground_ratio;center_foreground_ratio;contrast;dirty_mark_center_score;dirty_mark_found;dirty_mark_margin_score;dirty_mark_ratio;edge_density;entropy;estimated_background_ratio;exposure_score;flat_ratio;foreground_ratio;high_frequency_energy;laplacian_variance;largest_component_area;largest_component_ratio;largest_flat_background_ratio;local_std_mean;material_border_ratio;material_center_ratio;material_largest_component_area;material_largest_component_ratio;material_ratio;mean_brightness;quality_gate_pass;read_ok;tenengrad
system_3_numpy_frequency_balance,clean_negative,1,13,0.81638895,2,clean_negative/clean_9_138.jpg,BacktestSelection\run_20260617_163620\system_3_numpy_frequency_balance\clean_negative\clean_9_138.jpg,210,0.64081591,9,9.jpg,system_3_numpy_frequency_balance,,573,901,sliding_window_clean,0.00000000,0.93696289,1.00000000,22.58136682,0.00000000,0.00000000,0.00000000,0.00000000,0.17820740,0.72941645,0.19036865,0.99629974,0.19979858,0.98503113,0.27722976,728.33781363,64555.00000000,0.98503113,0.17770386,12.01779842,0.62709961,0.97290039,52905.00000000,0.80726624,0.80963135,139.16580200,1.00000000,1.00000000,7336.45556641,BacktestSelection\run_20260617_163620\system_3_numpy_frequency_balance\selected_manifest.csv,0.65539686,1.00000000,14,1,1.40282999,0.94790906,21,1,0.00003684,0.50125779,50,0,score;blue_marker_ratio;border_foreground_ratio;center_foreground_ratio;contrast;dirty_mark_center_score;dirty_mark_found;dirty_mark_margin_score;dirty_mark_ratio;edge_density;entropy;estimated_background_ratio;exposure_score;flat_ratio;foreground_ratio;high_frequency_energy;laplacian_variance;largest_component_area;largest_component_ratio;largest_flat_background_ratio;local_std_mean;material_border_ratio;material_center_ratio;material_largest_component_area;material_largest_component_ratio;material_ratio;mean_brightness;quality_gate_pass;read_ok;tenengrad
system_3_numpy_frequency_balance,clean_negative,1,14,0.80208131,2,clean_negative/clean_7_46.jpg,BacktestSelection\run_20260617_163620\system_3_numpy_frequency_balance\clean_negative\clean_7_46.jpg,279,0.39257499,7,7.jpg,system_3_numpy_frequency_balance,,144,1175,sliding_window_clean,0.00000000,0.99047852,1.00000000,22.01355476,0.00000000,0.00000000,0.00000000,0.00000000,0.10014343,0.72738949,0.18666077,0.98355865,0.22520447,0.99638367,0.16751483,181.39532469,65299.00000000,0.99638367,0.15800476,9.31752396,0.60239258,0.99133301,53303.00000000,0.81333923,0.81333923,171.46557617,1.00000000,1.00000000,3529.25537109,BacktestSelection\run_20260617_163620\system_3_numpy_frequency_balance\selected_manifest.csv,0.62394771,1.00000000,2,1,1.42965733,1.00000000,7,1,0.00003052,0.40624394,67,0,score;blue_marker_ratio;border_foreground_ratio;center_foreground_ratio;contrast;dirty_mark_center_score;dirty_mark_found;dirty_mark_margin_score;dirty_mark_ratio;edge_density;entropy;estimated_background_ratio;exposure_score;flat_ratio;foreground_ratio;high_frequency_energy;laplacian_variance;largest_component_area;largest_component_ratio;largest_flat_background_ratio;local_std_mean;material_border_ratio;material_center_ratio;material_largest_component_area;material_largest_component_ratio;material_ratio;mean_brightness;quality_gate_pass;read_ok;tenengrad
system_3_numpy_frequency_balance,clean_negative,1,15,0.79814314,2,clean_negative/clean_4_84.jpg,BacktestSelection\run_20260617_163620\system_3_numpy_frequency_balance\clean_negative\clean_4_84.jpg,258,0.34746718,4,4.jpg,system_3_numpy_frequency_balance,,202,278,sliding_window_clean,0.00000000,0.94448242,1.00000000,17.90888361,0.00000000,0.00000000,0.00000000,0.00000000,0.06391907,0.67491500,0.19448853,0.98718262,0.23707581,0.96769714,0.15708113,93.00251768,62465.00000000,0.95314026,0.06837463,7.67555904,0.68784180,0.94946289,51815.00000000,0.79063416,0.80551147,186.52484131,1.00000000,1.00000000,2111.75878906,BacktestSelection\run_20260617_163620\system_3_numpy_frequency_balance\selected_manifest.csv,0.63823481,1.00000000,7,1,1.16385264,0.41423489,120,0,0.00006870,0.98019453,17,1,score;blue_marker_ratio;border_foreground_ratio;center_foreground_ratio;contrast;dirty_mark_center_score;dirty_mark_found;dirty_mark_margin_score;dirty_mark_ratio;edge_density;entropy;estimated_background_ratio;exposure_score;flat_ratio;foreground_ratio;high_frequency_energy;laplacian_variance;largest_component_area;largest_component_ratio;largest_flat_background_ratio;local_std_mean;material_border_ratio;material_center_ratio;material_largest_component_area;material_largest_component_ratio;material_ratio;mean_brightness;quality_gate_pass;read_ok;tenengrad
system_3_numpy_frequency_balance,clean_negative,1,16,0.79539965,1,clean_negative/clean_11_43.jpg,BacktestSelection\run_20260617_163620\system_3_numpy_frequency_balance\clean_negative\clean_11_43.jpg,278,0.52450106,11,11.jpg,system_3_numpy_frequency_balance,,700,728,sliding_window_clean,0.00000000,1.00000000,1.00000000,23.74691092,0.00000000,0.00000000,0.00000000,0.00000000,0.08711243,0.72442611,0.10278320,0.99759674,0.20028687,1.00000000,0.12786932,173.16167372,65536.00000000,1.00000000,0.00007629,8.73596764,0.90986328,0.89672852,58739.00000000,0.89628601,0.89721680,136.15431213,1.00000000,1.00000000,3029.54785156,BacktestSelection\run_20260617_163620\system_3_numpy_frequency_balance\selected_manifest.csv,0.54226055,0.80597094,34,0,1.23818375,0.58022800,73,0,0.00009898,1.00000000,1,1,score;blue_marker_ratio;border_foreground_ratio;center_foreground_ratio;contrast;dirty_mark_center_score;dirty_mark_found;dirty_mark_margin_score;dirty_mark_ratio;edge_density;entropy;estimated_background_ratio;exposure_score;flat_ratio;foreground_ratio;high_frequency_energy;laplacian_variance;largest_component_area;largest_component_ratio;largest_flat_background_ratio;local_std_mean;material_border_ratio;material_center_ratio;material_largest_component_area;material_largest_component_ratio;material_ratio;mean_brightness;quality_gate_pass;read_ok;tenengrad
system_3_numpy_frequency_balance,clean_negative,1,17,0.77575486,2,clean_negative/clean_7_58.jpg,BacktestSelection\run_20260617_163620\system_3_numpy_frequency_balance\clean_negative\clean_7_58.jpg,269,0.41550688,7,7.jpg,system_3_numpy_frequency_balance,,144,1220,sliding_window_clean,0.00000000,1.00000000,1.00000000,23.70770196,0.00000000,0.00000000,0.00000000,0.00000000,0.10583496,0.75295568,0.16452026,0.98264313,0.20468140,0.99978638,0.14854223,183.50747618,65522.00000000,0.99978638,0.14469910,9.66798592,0.62709961,0.99328613,54727.00000000,0.83506775,0.83547974,171.27893066,1.00000000,1.00000000,3660.95898438,BacktestSelection\run_20260617_163620\system_3_numpy_frequency_balance\selected_manifest.csv,0.58665579,1.00000000,1,1,1.17226657,0.43302453,113,0,0.00006298,0.89424005,20,1,score;blue_marker_ratio;border_foreground_ratio;center_foreground_ratio;contrast;dirty_mark_center_score;dirty_mark_found;dirty_mark_margin_score;dirty_mark_ratio;edge_density;entropy;estimated_background_ratio;exposure_score;flat_ratio;foreground_ratio;high_frequency_energy;laplacian_variance;largest_component_area;largest_component_ratio;largest_flat_background_ratio;local_std_mean;material_border_ratio;material_center_ratio;material_largest_component_area;material_largest_component_ratio;material_ratio;mean_brightness;quality_gate_pass;read_ok;tenengrad
system_3_numpy_frequency_balance,clean_negative,1,18,0.76014500,1,clean_negative/clean_3_34.jpg,BacktestSelection\run_20260617_163620\system_3_numpy_frequency_balance\clean_negative\clean_3_34.jpg,283,0.77148989,3,3.jpg,system_3_numpy_frequency_balance,,288,862,sliding_window_clean,0.00000000,0.99995117,1.00000000,25.95189080,0.00000000,0.00000000,0.00000000,0.00000000,0.23600769,0.78374863,0.00973511,0.95304108,0.01066589,0.99998474,0.20804814,747.72292934,65535.00000000,0.99998474,0.00605774,13.52356911,0.96049805,0.99810791,64898.00000000,0.99026489,0.99026489,186.82424927,1.00000000,1.00000000,7323.00878906,BacktestSelection\run_20260617_163620\system_3_numpy_frequency_balance\selected_manifest.csv,0.48305448,0.52563579,93,0,1.77539108,1.00000000,11,1,0.00005371,0.75479922,25,0,score;blue_marker_ratio;border_foreground_ratio;center_foreground_ratio;contrast;dirty_mark_center_score;dirty_mark_found;dirty_mark_margin_score;dirty_mark_ratio;edge_density;entropy;estimated_background_ratio;exposure_score;flat_ratio;foreground_ratio;high_frequency_energy;laplacian_variance;largest_component_area;largest_component_ratio;largest_flat_background_ratio;local_std_mean;material_border_ratio;material_center_ratio;material_largest_component_area;material_largest_component_ratio;material_ratio;mean_brightness;quality_gate_pass;read_ok;tenengrad
system_3_numpy_frequency_balance,clean_negative,1,19,0.74062580,1,clean_negative/clean_9_137.jpg,BacktestSelection\run_20260617_163620\system_3_numpy_frequency_balance\clean_negative\clean_9_137.jpg,202,0.65124298,9,9.jpg,system_3_numpy_frequency_balance,,571,899,sliding_window_clean,0.00000000,0.95849609,1.00000000,22.61715061,0.00000000,0.00000000,0.00000000,0.00000000,0.18153381,0.72938752,0.18354797,0.99626160,0.19435120,0.99063110,0.27640650,734.41784638,64922.00000000,0.99063110,0.17095947,12.08991432,0.63994141,0.97753906,53347.00000000,0.81401062,0.81645203,138.96498108,1.00000000,1.00000000,7377.69628906,BacktestSelection\run_20260617_163620\system_3_numpy_frequency_balance\selected_manifest.csv,0.65348503,1.00000000,3,1,1.34402509,0.81658843,37,0,0.00003046,0.40528896,68,0,score;blue_marker_ratio;border_foreground_ratio;center_foreground_ratio;contrast;dirty_mark_center_score;dirty_mark_found;dirty_mark_margin_score;dirty_mark_ratio;edge_density;entropy;estimated_background_ratio;exposure_score;flat_ratio;foreground_ratio;high_frequency_energy;laplacian_variance;largest_component_area;largest_component_ratio;largest_flat_background_ratio;local_std_mean;material_border_ratio;material_center_ratio;material_largest_component_area;material_largest_component_ratio;material_ratio;mean_brightness;quality_gate_pass;read_ok;tenengrad
system_3_numpy_frequency_balance,clean_negative,1,20,0.73938712,0,clean_negative/clean_2_12.jpg,BacktestSelection\run_20260617_163620\system_3_numpy_frequency_balance\clean_negative\clean_2_12.jpg,246,0.51530307,2,2.jpg,system_3_numpy_frequency_balance,,48,144,sliding_window_clean,0.00000000,1.00000000,0.99896240,19.28693323,0.00000000,0.00000000,0.00000000,0.00000000,0.11447144,0.70748019,0.10957336,0.97642517,0.13450623,0.99916077,0.18960074,209.30476332,65481.00000000,0.99916077,0.03297424,9.22884178,0.81665039,0.91894531,58345.00000000,0.89027405,0.89042664,191.30441284,1.00000000,1.00000000,3207.12597656,BacktestSelection\run_20260617_163620\system_3_numpy_frequency_balance\selected_manifest.csv,0.54578224,0.82264582,31,0,1.28075054,0.67528637,60,0,0.00005141,0.72022915,28,0,score;blue_marker_ratio;border_foreground_ratio;center_foreground_ratio;contrast;dirty_mark_center_score;dirty_mark_found;dirty_mark_margin_score;dirty_mark_ratio;edge_density;entropy;estimated_background_ratio;exposure_score;flat_ratio;foreground_ratio;high_frequency_energy;laplacian_variance;largest_component_area;largest_component_ratio;largest_flat_background_ratio;local_std_mean;material_border_ratio;material_center_ratio;material_largest_component_area;material_largest_component_ratio;material_ratio;mean_brightness;quality_gate_pass;read_ok;tenengrad
system_3_numpy_frequency_balance,clean_negative,1,21,0.73512625,1,clean_negative/clean_1_57.jpg,BacktestSelection\run_20260617_163620\system_3_numpy_frequency_balance\clean_negative\clean_1_57.jpg,94,0.81020848,1,1.jpg,system_3_numpy_frequency_balance,,268,528,sliding_window_clean,0.00000000,1.00000000,1.00000000,16.57771045,0.00000000,0.00000000,0.00000000,0.00000000,0.12367249,0.64008880,0.04095459,0.99588013,0.09782410,1.00000000,0.40096763,609.99991392,65536.00000000,1.00000000,0.00038147,10.58472157,0.98779297,0.91369629,62847.00000000,0.95896912,0.95904541,151.44747925,1.00000000,1.00000000,5799.37207031,BacktestSelection\run_20260617_163620\system_3_numpy_frequency_balance\selected_manifest.csv,0.44704072,0.35511405,132,0,1.38642813,0.91128112,25,0,0.00006596,0.93898359,19,1,score;blue_marker_ratio;border_foreground_ratio;center_foreground_ratio;contrast;dirty_mark_center_score;dirty_mark_found;dirty_mark_margin_score;dirty_mark_ratio;edge_density;entropy;estimated_background_ratio;exposure_score;flat_ratio;foreground_ratio;high_frequency_energy;laplacian_variance;largest_component_area;largest_component_ratio;largest_flat_background_ratio;local_std_mean;material_border_ratio;material_center_ratio;material_largest_component_area;material_largest_component_ratio;material_ratio;mean_brightness;quality_gate_pass;read_ok;tenengrad
system_3_numpy_frequency_balance,clean_negative,1,22,0.72809765,0,clean_negative/clean_4_41.jpg,BacktestSelection\run_20260617_163620\system_3_numpy_frequency_balance\clean_negative\clean_4_41.jpg,254,0.42702401,4,4.jpg,system_3_numpy_frequency_balance,,144,144,sliding_window_clean,0.00000000,0.99975586,1.00000000,17.28246548,0.00000000,0.00000000,0.00000000,0.00000000,0.05619812,0.68506416,0.11708069,0.98767853,0.18669128,0.99984741,0.15866867,80.59963252,65526.00000000,0.99984741,0.06022644,7.48770332,0.77089844,0.95690918,57741.00000000,0.88105774,0.88291931,192.54292297,1.00000000,1.00000000,1862.78894043,BacktestSelection\run_20260617_163620\system_3_numpy_frequency_balance\selected_manifest.csv,0.55204173,0.85228390,26,0,1.31855430,0.75970813,42,0,0.00004157,0.57230093,41,0,score;blue_marker_ratio;border_foreground_ratio;center_foreground_ratio;contrast;dirty_mark_center_score;dirty_mark_found;dirty_mark_margin_score;dirty_mark_ratio;edge_density;entropy;estimated_background_ratio;exposure_score;flat_ratio;foreground_ratio;high_frequency_energy;laplacian_variance;largest_component_area;largest_component_ratio;largest_flat_background_ratio;local_std_mean;material_border_ratio;material_center_ratio;material_largest_component_area;material_largest_component_ratio;material_ratio;mean_brightness;quality_gate_pass;read_ok;tenengrad
system_3_numpy_frequency_balance,clean_negative,1,23,0.69401262,1,clean_negative/clean_11_37.jpg,BacktestSelection\run_20260617_163620\system_3_numpy_frequency_balance\clean_negative\clean_11_37.jpg,216,0.61540444,11,11.jpg,system_3_numpy_frequency_balance,,700,682,sliding_window_clean,0.00000000,1.00000000,1.00000000,25.07298948,0.00000000,0.00000000,0.00000000,0.00000000,0.10380554,0.75568263,0.06858826,0.99626160,0.14547729,1.00000000,0.13949502,203.22102641,65536.00000000,1.00000000,0.00006104,9.72403049,0.93740234,0.91143799,61026.00000000,0.93118286,0.93141174,141.71618652,1.00000000,1.00000000,3652.72192383,BacktestSelection\run_20260617_163620\system_3_numpy_frequency_balance\selected_manifest.csv,0.47533220,0.48907156,103,0,1.24388791,0.59296629,72,0,0.00007420,1.00000000,15,1,score;blue_marker_ratio;border_foreground_ratio;center_foreground_ratio;contrast;dirty_mark_center_score;dirty_mark_found;dirty_mark_margin_score;dirty_mark_ratio;edge_density;entropy;estimated_background_ratio;exposure_score;flat_ratio;foreground_ratio;high_frequency_energy;laplacian_variance;largest_component_area;largest_component_ratio;largest_flat_background_ratio;local_std_mean;material_border_ratio;material_center_ratio;material_largest_component_area;material_largest_component_ratio;material_ratio;mean_brightness;quality_gate_pass;read_ok;tenengrad
system_3_numpy_frequency_balance,clean_negative,1,24,0.69148062,0,clean_negative/clean_2_10.jpg,BacktestSelection\run_20260617_163620\system_3_numpy_frequency_balance\clean_negative\clean_2_10.jpg,250,0.48952868,2,2.jpg,system_3_numpy_frequency_balance,,48,96,sliding_window_clean,0.00000000,0.99902344,0.99908447,18.17630649,0.00000000,0.00000000,0.00000000,0.00000000,0.11413574,0.69415299,0.13500977,0.97543335,0.15686035,0.99887085,0.21154463,212.41129967,65462.00000000,0.99887085,0.05560303,8.98282051,0.74169922,0.98248291,56678.00000000,0.86483765,0.86499023,193.08546448,1.00000000,1.00000000,3125.01977539,BacktestSelection\run_20260617_163620\system_3_numpy_frequency_balance\selected_manifest.csv,0.55049933,0.84498078,28,0,1.23135002,0.56496720,78,0,0.00004770,0.66449388,34,0,score;blue_marker_ratio;border_foreground_ratio;center_foreground_ratio;contrast;dirty_mark_center_score;dirty_mark_found;dirty_mark_margin_score;dirty_mark_ratio;edge_density;entropy;estimated_background_ratio;exposure_score;flat_ratio;foreground_ratio;high_frequency_energy;laplacian_variance;largest_component_area;largest_component_ratio;largest_flat_background_ratio;local_std_mean;material_border_ratio;material_center_ratio;material_largest_component_area;material_largest_component_ratio;material_ratio;mean_brightness;quality_gate_pass;read_ok;tenengrad
system_3_numpy_frequency_balance,clean_negative,1,25,0.66759608,2,clean_negative/clean_14_72.jpg,BacktestSelection\run_20260617_163620\system_3_numpy_frequency_balance\clean_negative\clean_14_72.jpg,103,0.80365528,14,14.jpg,system_3_numpy_frequency_balance,,173,528,sliding_window_clean,0.00000000,0.95449219,1.00000000,18.65749176,0.00000000,0.00000000,0.00000000,0.00000000,0.19161987,0.69147666,0.02517700,0.95826721,0.02819824,0.98500061,0.33493191,488.97878743,64553.00000000,0.98500061,0.01629639,11.88743973,0.92192383,0.99572754,63840.00000000,0.97412109,0.97482300,192.47547913,1.00000000,1.00000000,5778.22949219,BacktestSelection\run_20260617_163620\system_3_numpy_frequency_balance\selected_manifest.csv,0.56786141,0.92718859,19,1,1.01308617,0.07754957,223,0,0.00006989,0.99805009,16,1,score;blue_marker_ratio;border_foreground_ratio;center_foreground_ratio;contrast;dirty_mark_center_score;dirty_mark_found;dirty_mark_margin_score;dirty_mark_ratio;edge_density;entropy;estimated_background_ratio;exposure_score;flat_ratio;foreground_ratio;high_frequency_energy;laplacian_variance;largest_component_area;largest_component_ratio;largest_flat_background_ratio;local_std_mean;material_border_ratio;material_center_ratio;material_largest_component_area;material_largest_component_ratio;material_ratio;mean_brightness;quality_gate_pass;read_ok;tenengrad
system_3_numpy_frequency_balance,clean_negative,1,44,0.56198108,2,clean_negative/clean_12_5.jpg,BacktestSelection\run_20260617_163620\system_3_numpy_frequency_balance\clean_negative\clean_12_5.jpg,252,0.47913156,12,12.jpg,system_3_numpy_frequency_balance,,0,96,sliding_window_clean,0.00000000,0.94687500,1.00000000,19.30937933,0.00000000,0.00000000,0.00000000,0.00000000,0.12651062,0.70483716,0.11708069,0.97806549,0.15852356,0.98533630,0.17712046,327.18113591,64575.00000000,0.98533630,0.05320740,9.11905289,0.74311523,0.99414062,57792.00000000,0.88183594,0.88291931,186.49649048,1.00000000,1.00000000,3475.10107422,BacktestSelection\run_20260617_163620\system_3_numpy_frequency_balance\selected_manifest.csv,0.56076740,0.89359914,21,1,0.99334757,0.03347016,258,0,0.00005398,0.75887395,24,1,score;blue_marker_ratio;border_foreground_ratio;center_foreground_ratio;contrast;dirty_mark_center_score;dirty_mark_found;dirty_mark_margin_score;dirty_mark_ratio;edge_density;entropy;estimated_background_ratio;exposure_score;flat_ratio;foreground_ratio;high_frequency_energy;laplacian_variance;largest_component_area;largest_component_ratio;largest_flat_background_ratio;local_std_mean;material_border_ratio;material_center_ratio;material_largest_component_area;material_largest_component_ratio;material_ratio;mean_brightness;quality_gate_pass;read_ok;tenengrad
system_3_numpy_frequency_balance,dirty_positive,1,1,0.96293445,2,dirty_positive/dirty_1_95.jpg,BacktestSelection\run_20260617_163620\system_3_numpy_frequency_balance\dirty_positive\dirty_1_95.jpg,475,0.77293584,1,1.jpg,system_3_numpy_frequency_balance,dirty_positive\dirty_1_95_mask.jpg,685,1166,jittered_positive,0.00000000,0.93750000,1.00000000,17.23096774,0.75395346,1.00000000,1.00000000,0.00892639,0.12127686,0.67353185,0.07241821,0.99946594,0.12300110,0.98408508,0.28385520,222.88619899,64493.00000000,0.98408508,0.02325439,9.77587891,0.86005859,0.97802734,60768.00000000,0.92724609,0.92758179,139.51748657,1.00000000,1.00000000,3992.35156250,BacktestSelection\run_20260617_163620\system_3_numpy_frequency_balance\selected_manifest.csv,0.65607525,1.00000000,7,1,1.35673664,0.88880334,18,0,0.00063655,1.00000000,3,1,score;blue_marker_ratio;border_foreground_ratio;center_foreground_ratio;contrast;dirty_mark_center_score;dirty_mark_found;dirty_mark_margin_score;dirty_mark_ratio;edge_density;entropy;estimated_background_ratio;exposure_score;flat_ratio;foreground_ratio;high_frequency_energy;laplacian_variance;largest_component_area;largest_component_ratio;largest_flat_background_ratio;local_std_mean;material_border_ratio;material_center_ratio;material_largest_component_area;material_largest_component_ratio;material_ratio;mean_brightness;quality_gate_pass;read_ok;tenengrad
system_3_numpy_frequency_balance,dirty_positive,1,2,0.90148474,2,dirty_positive/dirty_15_42.jpg,BacktestSelection\run_20260617_163620\system_3_numpy_frequency_balance\dirty_positive\dirty_15_42.jpg,371,0.92832198,15,15.jpg,system_3_numpy_frequency_balance,dirty_positive\dirty_15_42_mask.jpg,139,465,jittered_positive,0.00000000,0.99941406,0.99035645,17.63357806,0.75803880,1.00000000,0.00000000,0.04179382,0.16873169,0.68596609,0.04458618,0.99042511,0.05326843,0.99000549,0.34981385,554.76786575,64881.00000000,0.99000549,0.01861572,11.39985085,0.99399414,0.91741943,62579.00000000,0.95487976,0.95541382,179.24034119,1.00000000,1.00000000,5456.17871094,BacktestSelection\run_20260617_163620\system_3_numpy_frequency_balance\selected_manifest.csv,0.56954313,1.00000000,10,1,1.27997261,0.70445421,25,0,0.00075123,1.00000000,6,1,score;blue_marker_ratio;border_foreground_ratio;center_foreground_ratio;contrast;dirty_mark_center_score;dirty_mark_found;dirty_mark_margin_score;dirty_mark_ratio;edge_density;entropy;estimated_background_ratio;exposure_score;flat_ratio;foreground_ratio;high_frequency_energy;laplacian_variance;largest_component_area;largest_component_ratio;largest_flat_background_ratio;local_std_mean;material_border_ratio;material_center_ratio;material_largest_component_area;material_largest_component_ratio;material_ratio;mean_brightness;quality_gate_pass;read_ok;tenengrad
system_3_numpy_frequency_balance,dirty_positive,1,3,0.86218163,3,dirty_positive/dirty_4_80.jpg,BacktestSelection\run_20260617_163620\system_3_numpy_frequency_balance\dirty_positive\dirty_4_80.jpg,492,0.70930952,4,4.jpg,system_3_numpy_frequency_balance,dirty_positive\dirty_4_80_mask.jpg,46,1089,jittered_positive,0.00000000,0.99985352,1.00000000,22.47862292,0.81046343,1.00000000,0.00000000,0.04502869,0.13211060,0.74102966,0.07771301,0.99526978,0.11595154,0.99992371,0.19934043,314.84186976,65531.00000000,0.99992371,0.04792786,10.73506165,0.79941406,0.97644043,60438.00000000,0.92221069,0.92228699,157.20639038,1.00000000,1.00000000,4713.16406250,BacktestSelection\run_20260617_163620\system_3_numpy_frequency_balance\selected_manifest.csv,0.58999953,1.00000000,8,1,1.91422331,1.00000000,6,1,0.00017726,0.58654490,16,1,score;blue_marker_ratio;border_foreground_ratio;center_foreground_ratio;contrast;dirty_mark_center_score;dirty_mark_found;dirty_mark_margin_score;dirty_mark_ratio;edge_density;entropy;estimated_background_ratio;exposure_score;flat_ratio;foreground_ratio;high_frequency_energy;laplacian_variance;largest_component_area;largest_component_ratio;largest_flat_background_ratio;local_std_mean;material_border_ratio;material_center_ratio;material_largest_component_area;material_largest_component_ratio;material_ratio;mean_brightness;quality_gate_pass;read_ok;tenengrad
system_3_numpy_frequency_balance,dirty_positive,1,4,0.85909254,2,dirty_positive/dirty_14_46.jpg,BacktestSelection\run_20260617_163620\system_3_numpy_frequency_balance\dirty_positive\dirty_14_46.jpg,458,0.79894377,14,14.jpg,system_3_numpy_frequency_balance,dirty_positive\dirty_14_46_mask.jpg,114,870,jittered_positive,0.00000000,0.95595703,1.00000000,21.07330471,0.68160133,1.00000000,0.04687500,0.03477478,0.19261169,0.73318863,0.06230164,0.97318268,0.06492615,0.98551941,0.27771878,430.97883879,64587.00000000,0.98551941,0.04624939,12.11554909,0.85361328,0.99877930,61438.00000000,0.93746948,0.93769836,186.07711792,1.00000000,1.00000000,5997.44580078,BacktestSelection\run_20260617_163620\system_3_numpy_frequency_balance\selected_manifest.csv,0.60607832,1.00000000,9,1,1.22701555,0.57727762,29,0,0.00029971,1.00000000,1,1,score;blue_marker_ratio;border_foreground_ratio;center_foreground_ratio;contrast;dirty_mark_center_score;dirty_mark_found;dirty_mark_margin_score;dirty_mark_ratio;edge_density;entropy;estimated_background_ratio;exposure_score;flat_ratio;foreground_ratio;high_frequency_energy;laplacian_variance;largest_component_area;largest_component_ratio;largest_flat_background_ratio;local_std_mean;material_border_ratio;material_center_ratio;material_largest_component_area;material_largest_component_ratio;material_ratio;mean_brightness;quality_gate_pass;read_ok;tenengrad
system_3_numpy_frequency_balance,dirty_positive,1,5,0.85413979,2,dirty_positive/dirty_12_50.jpg,BacktestSelection\run_20260617_163620\system_3_numpy_frequency_balance\dirty_positive\dirty_12_50.jpg,404,0.89643540,12,12.jpg,system_3_numpy_frequency_balance,dirty_positive\dirty_12_50_mask.jpg,636,553,jittered_positive,0.00000000,1.00000000,1.00000000,20.10265183,0.88271508,1.00000000,0.00000000,0.06945801,0.16213989,0.70225525,0.06295776,0.99641418,0.09223938,1.00000000,0.29196709,509.12935805,65536.00000000,1.00000000,0.00549316,11.52210236,0.81254883,0.99151611,61410.00000000,0.93704224,0.93704224,150.46978760,1.00000000,1.00000000,5946.28222656,BacktestSelection\run_20260617_163620\system_3_numpy_frequency_balance\selected_manifest.csv,0.49156522,0.64266463,40,0,1.36962498,0.91975474,16,1,0.00035452,1.00000000,8,1,score;blue_marker_ratio;border_foreground_ratio;center_foreground_ratio;contrast;dirty_mark_center_score;dirty_mark_found;dirty_mark_margin_score;dirty_mark_ratio;edge_density;entropy;estimated_background_ratio;exposure_score;flat_ratio;foreground_ratio;high_frequency_energy;laplacian_variance;largest_component_area;largest_component_ratio;largest_flat_background_ratio;local_std_mean;material_border_ratio;material_center_ratio;material_largest_component_area;material_largest_component_ratio;material_ratio;mean_brightness;quality_gate_pass;read_ok;tenengrad
system_3_numpy_frequency_balance,dirty_positive,1,6,0.85389677,2,dirty_positive/dirty_9_41.jpg,BacktestSelection\run_20260617_163620\system_3_numpy_frequency_balance\dirty_positive\dirty_9_41.jpg,430,0.86859813,9,9.jpg,system_3_numpy_frequency_balance,dirty_positive\dirty_9_41_mask.jpg,763,755,centered_positive,0.00000000,1.00000000,1.00000000,24.34308679,0.85971703,1.00000000,0.00000000,0.02626038,0.16574097,0.75092292,0.04705811,0.99511719,0.08422852,1.00000000,0.22385871,682.58782910,65536.00000000,1.00000000,0.00000000,12.23011780,0.99296875,0.83947754,62440.00000000,0.95275879,0.95294189,138.87132263,1.00000000,1.00000000,7120.66601562,BacktestSelection\run_20260617_163620\system_3_numpy_frequency_balance\selected_manifest.csv,0.47999152,0.56169032,50,0,1.80026665,1.00000000,7,1,0.00042978,1.00000000,2,1,score;blue_marker_ratio;border_foreground_ratio;center_foreground_ratio;contrast;dirty_mark_center_score;dirty_mark_found;dirty_mark_margin_score;dirty_mark_ratio;edge_density;entropy;estimated_background_ratio;exposure_score;flat_ratio;foreground_ratio;high_frequency_energy;laplacian_variance;largest_component_area;largest_component_ratio;largest_flat_background_ratio;local_std_mean;material_border_ratio;material_center_ratio;material_largest_component_area;material_largest_component_ratio;material_ratio;mean_brightness;quality_gate_pass;read_ok;tenengrad
system_3_numpy_frequency_balance,dirty_positive,1,7,0.84448124,2,dirty_positive/dirty_3_112.jpg,BacktestSelection\run_20260617_163620\system_3_numpy_frequency_balance\dirty_positive\dirty_3_112.jpg,394,0.90684935,3,3.jpg,system_3_numpy_frequency_balance,dirty_positive\dirty_3_112_mask.jpg,254,701,jittered_positive,0.00000000,1.00000000,1.00000000,26.46723683,0.73842862,1.00000000,0.00000000,0.02523804,0.24313354,0.78711311,0.01054382,0.95315552,0.02217102,1.00000000,0.24023464,973.96900349,65536.00000000,1.00000000,0.00103760,14.41905308,0.97456055,0.99810791,64845.00000000,0.98945618,0.98945618,185.06883240,1.00000000,1.00000000,8484.16992188,BacktestSelection\run_20260617_163620\system_3_numpy_frequency_balance\selected_manifest.csv,0.47639216,0.53650774,51,0,1.68360776,1.00000000,9,1,0.00028380,0.99693599,11,1,score;blue_marker_ratio;border_foreground_ratio;center_foreground_ratio;contrast;dirty_mark_center_score;dirty_mark_found;dirty_mark_margin_score;dirty_mark_ratio;edge_density;entropy;estimated_background_ratio;exposure_score;flat_ratio;foreground_ratio;high_frequency_energy;laplacian_variance;largest_component_area;largest_component_ratio;largest_flat_background_ratio;local_std_mean;material_border_ratio;material_center_ratio;material_largest_component_area;material_largest_component_ratio;material_ratio;mean_brightness;quality_gate_pass;read_ok;tenengrad
system_3_numpy_frequency_balance,dirty_positive,1,8,0.83041856,2,dirty_positive/dirty_15_57.jpg,BacktestSelection\run_20260617_163620\system_3_numpy_frequency_balance\dirty_positive\dirty_15_57.jpg,347,0.96121815,15,15.jpg,system_3_numpy_frequency_balance,dirty_positive\dirty_15_57_mask.jpg,188,570,centered_positive,0.00000000,0.99990234,0.99145508,17.37856852,0.87031962,1.00000000,0.00000000,0.04568481,0.15718079,0.67372727,0.02345276,0.99099731,0.03623962,0.99784851,0.35968065,534.97080179,65395.00000000,0.99784851,0.01354980,11.16039753,0.97539062,0.94476318,63977.00000000,0.97621155,0.97654724,173.13883972,1.00000000,1.00000000,5341.81054688,BacktestSelection\run_20260617_163620\system_3_numpy_frequency_balance\selected_manifest.csv,0.53340056,0.93536159,15,1,1.21811132,0.55589408,30,0,0.00074900,1.00000000,10,1,score;blue_marker_ratio;border_foreground_ratio;center_foreground_ratio;contrast;dirty_mark_center_score;dirty_mark_found;dirty_mark_margin_score;dirty_mark_ratio;edge_density;entropy;estimated_background_ratio;exposure_score;flat_ratio;foreground_ratio;high_frequency_energy;laplacian_variance;largest_component_area;largest_component_ratio;largest_flat_background_ratio;local_std_mean;material_border_ratio;material_center_ratio;material_largest_component_area;material_largest_component_ratio;material_ratio;mean_brightness;quality_gate_pass;read_ok;tenengrad
system_3_numpy_frequency_balance,dirty_positive,1,9,0.81164239,2,dirty_positive/dirty_8_27.jpg,BacktestSelection\run_20260617_163620\system_3_numpy_frequency_balance\dirty_positive\dirty_8_27.jpg,497,0.66560241,8,8.jpg,system_3_numpy_frequency_balance,dirty_positive\dirty_8_27_mask.jpg,110,254,jittered_positive,0.00000000,0.99975586,1.00000000,19.76292705,0.75308108,1.00000000,0.04687500,0.07691956,0.11355591,0.71423777,0.07327271,0.99137878,0.11834717,0.99987793,0.20709310,202.02467339,65528.00000000,0.99987793,0.04394531,9.85518742,0.83144531,0.99114990,60709.00000000,0.92634583,0.92672729,176.70578003,1.00000000,1.00000000,3610.36523438,BacktestSelection\run_20260617_163620\system_3_numpy_frequency_balance\selected_manifest.csv,0.58723587,1.00000000,4,1,1.98372763,1.00000000,1,1,0.00013790,0.43492718,27,0,score;blue_marker_ratio;border_foreground_ratio;center_foreground_ratio;contrast;dirty_mark_center_score;dirty_mark_found;dirty_mark_margin_score;dirty_mark_ratio;edge_density;entropy;estimated_background_ratio;exposure_score;flat_ratio;foreground_ratio;high_frequency_energy;laplacian_variance;largest_component_area;largest_component_ratio;largest_flat_background_ratio;local_std_mean;material_border_ratio;material_center_ratio;material_largest_component_area;material_largest_component_ratio;material_ratio;mean_brightness;quality_gate_pass;read_ok;tenengrad
system_3_numpy_frequency_balance,dirty_positive,1,10,0.75233706,2,dirty_positive/dirty_15_45.jpg,BacktestSelection\run_20260617_163620\system_3_numpy_frequency_balance\dirty_positive\dirty_15_45.jpg,412,0.89030820,15,15.jpg,system_3_numpy_frequency_balance,dirty_positive\dirty_15_45_mask.jpg,344,496,centered_positive,0.00000000,1.00000000,1.00000000,21.08342313,0.79569850,1.00000000,0.00000000,0.05494690,0.16491699,0.69958591,0.03910828,0.99073029,0.05682373,1.00000000,0.27030766,663.92918253,65536.00000000,1.00000000,0.03483582,11.83903885,0.99497070,0.98291016,62973.00000000,0.96089172,0.96089172,159.64462280,1.00000000,1.00000000,6276.50244141,BacktestSelection\run_20260617_163620\system_3_numpy_frequency_balance\selected_manifest.csv,0.43644357,0.25701118,101,0,1.72387305,1.00000000,8,1,0.00030487,1.00000000,7,1,score;blue_marker_ratio;border_foreground_ratio;center_foreground_ratio;contrast;dirty_mark_center_score;dirty_mark_found;dirty_mark_margin_score;dirty_mark_ratio;edge_density;entropy;estimated_background_ratio;exposure_score;flat_ratio;foreground_ratio;high_frequency_energy;laplacian_variance;largest_component_area;largest_component_ratio;largest_flat_background_ratio;local_std_mean;material_border_ratio;material_center_ratio;material_largest_component_area;material_largest_component_ratio;material_ratio;mean_brightness;quality_gate_pass;read_ok;tenengrad
system_3_numpy_frequency_balance,dirty_positive,1,11,0.75213876,2,dirty_positive/dirty_8_75.jpg,BacktestSelection\run_20260617_163620\system_3_numpy_frequency_balance\dirty_positive\dirty_8_75.jpg,500,0.65282182,8,8.jpg,system_3_numpy_frequency_balance,dirty_positive\dirty_8_75_mask.jpg,1,1143,jittered_positive,0.00000000,0.99990234,1.00000000,19.03611978,0.63784376,1.00000000,0.00000000,0.05302429,0.09063721,0.68488550,0.06741333,0.99305725,0.14314270,0.99993896,0.21562357,191.41083625,65532.00000000,0.99993896,0.01594543,9.68419933,0.93383789,0.92395020,61090.00000000,0.93215942,0.93258667,165.30009460,1.00000000,1.00000000,3450.50390625,BacktestSelection\run_20260617_163620\system_3_numpy_frequency_balance\selected_manifest.csv,0.56310874,1.00000000,1,1,1.39595234,0.98298000,12,1,0.00009598,0.27343627,66,0,score;blue_marker_ratio;border_foreground_ratio;center_foreground_ratio;contrast;dirty_mark_center_score;dirty_mark_found;dirty_mark_margin_score;dirty_mark_ratio;edge_density;entropy;estimated_background_ratio;exposure_score;flat_ratio;foreground_ratio;high_frequency_energy;laplacian_variance;largest_component_area;largest_component_ratio;largest_flat_background_ratio;local_std_mean;material_border_ratio;material_center_ratio;material_largest_component_area;material_largest_component_ratio;material_ratio;mean_brightness;quality_gate_pass;read_ok;tenengrad
system_3_numpy_frequency_balance,dirty_positive,1,12,0.74327122,2,dirty_positive/dirty_1_93.jpg,BacktestSelection\run_20260617_163620\system_3_numpy_frequency_balance\dirty_positive\dirty_1_93.jpg,432,0.86562367,1,1.jpg,system_3_numpy_frequency_balance,dirty_positive\dirty_1_93_mask.jpg,682,1122,centered_positive,0.00000000,0.99868164,1.00000000,18.19430588,0.99780802,1.00000000,1.00000000,0.00885010,0.12648010,0.69156027,0.03503418,0.99954224,0.07400513,0.99975586,0.27162439,225.14631912,65520.00000000,0.99975586,0.01051331,10.26341724,0.93056641,0.96508789,63204.00000000,0.96441650,0.96496582,141.66767883,1.00000000,1.00000000,4178.75292969,BacktestSelection\run_20260617_163620\system_3_numpy_frequency_balance\selected_manifest.csv,0.54309279,1.00000000,6,1,1.37754762,0.93878099,14,1,0.00010054,0.29103268,63,0,score;blue_marker_ratio;border_foreground_ratio;center_foreground_ratio;contrast;dirty_mark_center_score;dirty_mark_found;dirty_mark_margin_score;dirty_mark_ratio;edge_density;entropy;estimated_background_ratio;exposure_score;flat_ratio;foreground_ratio;high_frequency_energy;laplacian_variance;largest_component_area;largest_component_ratio;largest_flat_background_ratio;local_std_mean;material_border_ratio;material_center_ratio;material_largest_component_area;material_largest_component_ratio;material_ratio;mean_brightness;quality_gate_pass;read_ok;tenengrad
system_3_numpy_frequency_balance,dirty_positive,1,13,0.70989268,1,dirty_positive/dirty_10_77.jpg,BacktestSelection\run_20260617_163620\system_3_numpy_frequency_balance\dirty_positive\dirty_10_77.jpg,302,1.10643253,10,10.jpg,system_3_numpy_frequency_balance,dirty_positive\dirty_10_77_mask.jpg,327,1005,centered_positive,0.00000000,1.00000000,1.00000000,25.58709580,0.99749733,1.00000000,1.00000000,0.02229309,0.24023438,0.76980742,0.00254822,0.98428345,0.00840759,1.00000000,0.31766793,986.44455099,65536.00000000,1.00000000,0.00036621,16.05605316,0.99384766,0.99938965,65369.00000000,0.99745178,0.99745178,164.71900940,1.00000000,1.00000000,10227.88476562,BacktestSelection\run_20260617_163620\system_3_numpy_frequency_balance\selected_manifest.csv,0.51149664,0.78211288,27,0,1.44438827,1.00000000,10,1,0.00011522,0.34756517,45,0,score;blue_marker_ratio;border_foreground_ratio;center_foreground_ratio;contrast;dirty_mark_center_score;dirty_mark_found;dirty_mark_margin_score;dirty_mark_ratio;edge_density;entropy;estimated_background_ratio;exposure_score;flat_ratio;foreground_ratio;high_frequency_energy;laplacian_variance;largest_component_area;largest_component_ratio;largest_flat_background_ratio;local_std_mean;material_border_ratio;material_center_ratio;material_largest_component_area;material_largest_component_ratio;material_ratio;mean_brightness;quality_gate_pass;read_ok;tenengrad
system_3_numpy_frequency_balance,dirty_positive,1,14,0.69896181,1,dirty_positive/dirty_15_59.jpg,BacktestSelection\run_20260617_163620\system_3_numpy_frequency_balance\dirty_positive\dirty_15_59.jpg,349,0.96092445,15,15.jpg,system_3_numpy_frequency_balance,dirty_positive\dirty_15_59_mask.jpg,159,526,jittered_positive,0.00000000,1.00000000,0.99298096,17.52251834,0.84971096,1.00000000,0.00000000,0.05004883,0.16148376,0.68082889,0.02508545,0.99027252,0.03834534,0.99824524,0.35327184,552.50173890,65421.00000000,0.99824524,0.01353455,11.24220657,0.98881836,0.94165039,63857.00000000,0.97438049,0.97491455,176.21101379,1.00000000,1.00000000,5374.37011719,BacktestSelection\run_20260617_163620\system_3_numpy_frequency_balance\selected_manifest.csv,0.52058879,0.84572529,20,0,1.09121836,0.25116013,67,0,0.00043066,1.00000000,5,1,score;blue_marker_ratio;border_foreground_ratio;center_foreground_ratio;contrast;dirty_mark_center_score;dirty_mark_found;dirty_mark_margin_score;dirty_mark_ratio;edge_density;entropy;estimated_background_ratio;exposure_score;flat_ratio;foreground_ratio;high_frequency_energy;laplacian_variance;largest_component_area;largest_component_ratio;largest_flat_background_ratio;local_std_mean;material_border_ratio;material_center_ratio;material_largest_component_area;material_largest_component_ratio;material_ratio;mean_brightness;quality_gate_pass;read_ok;tenengrad
system_3_numpy_frequency_balance,dirty_positive,1,15,0.64233378,0,dirty_positive/dirty_6_45.jpg,BacktestSelection\run_20260617_163620\system_3_numpy_frequency_balance\dirty_positive\dirty_6_45.jpg,474,0.77368602,6,6.jpg,system_3_numpy_frequency_balance,dirty_positive\dirty_6_45_mask.jpg,280,749,centered_positive,0.00000000,0.99995117,1.00000000,16.20967198,0.70586995,1.00000000,0.00000000,0.02391052,0.11434937,0.64910213,0.06494141,0.99740601,0.13018799,0.99998474,0.31642365,521.12430670,65535.00000000,0.99998474,0.00273132,9.50102043,0.90385742,0.92480469,60977.00000000,0.93043518,0.93505859,158.62734985,1.00000000,1.00000000,4342.47851562,BacktestSelection\run_20260617_163620\system_3_numpy_frequency_balance\selected_manifest.csv,0.52635546,0.88607125,18,0,1.19956864,0.51136376,35,0,0.00016247,0.52956632,20,0,score;blue_marker_ratio;border_foreground_ratio;center_foreground_ratio;contrast;dirty_mark_center_score;dirty_mark_found;dirty_mark_margin_score;dirty_mark_ratio;edge_density;entropy;estimated_background_ratio;exposure_score;flat_ratio;foreground_ratio;high_frequency_energy;laplacian_variance;largest_component_area;largest_component_ratio;largest_flat_background_ratio;local_std_mean;material_border_ratio;material_center_ratio;material_largest_component_area;material_largest_component_ratio;material_ratio;mean_brightness;quality_gate_pass;read_ok;tenengrad
system_3_numpy_frequency_balance,dirty_positive,1,16,0.62980341,0,dirty_positive/dirty_12_84.jpg,BacktestSelection\run_20260617_163620\system_3_numpy_frequency_balance\dirty_positive\dirty_12_84.jpg,397,0.90528706,12,12.jpg,system_3_numpy_frequency_balance,dirty_positive\dirty_12_84_mask.jpg,430,626,jittered_positive,0.00000000,1.00000000,1.00000000,18.05626588,0.85952878,1.00000000,0.00000000,0.04316711,0.15768433,0.67076826,0.07162476,0.99732971,0.10160828,1.00000000,0.34231153,780.81147295,65536.00000000,1.00000000,0.01379395,11.25877190,0.87548828,0.98950195,60837.00000000,0.92829895,0.92837524,148.33853149,1.00000000,1.00000000,6076.99951172,BacktestSelection\run_20260617_163620\system_3_numpy_frequency_balance\selected_manifest.csv,0.51517977,0.80788156,22,0,1.23371192,0.59335898,28,0,0.00015172,0.48816967,22,0,score;blue_marker_ratio;border_foreground_ratio;center_foreground_ratio;contrast;dirty_mark_center_score;dirty_mark_found;dirty_mark_margin_score;dirty_mark_ratio;edge_density;entropy;estimated_background_ratio;exposure_score;flat_ratio;foreground_ratio;high_frequency_energy;laplacian_variance;largest_component_area;largest_component_ratio;largest_flat_background_ratio;local_std_mean;material_border_ratio;material_center_ratio;material_largest_component_area;material_largest_component_ratio;material_ratio;mean_brightness;quality_gate_pass;read_ok;tenengrad
