system_key,label,is_anomaly,consensus_rank,consensus_score,method_vote_count,output_file,image_path,rank,score,source_id,source_image,system,paired_mask_file,x,y,generation_method,blue_marker_ratio,border_foreground_ratio,center_foreground_ratio,contrast,dirty_mark_center_score,dirty_mark_found,dirty_mark_margin_score,dirty_mark_ratio,edge_density,entropy,estimated_background_ratio,exposure_score,flat_ratio,foreground_ratio,high_frequency_energy,laplacian_variance,largest_component_area,largest_component_ratio,largest_flat_background_ratio,local_std_mean,material_border_ratio,material_center_ratio,material_largest_component_area,material_largest_component_ratio,material_ratio,mean_brightness,quality_gate_pass,read_ok,tenengrad,manifest_path,isolation_forest_score,isolation_forest_norm,isolation_forest_rank,isolation_forest_flag,lof_score,lof_norm,lof_rank,lof_flag,pca_score,pca_norm,pca_rank,pca_flag,feature_columns
system_1_opencv_content_contour,clean_negative,1,1,1.00000000,3,clean_negative/clean_7_18.jpg,BacktestSelection\run_20260617_231439\system_1_opencv_content_contour\clean_negative\clean_7_18.jpg,253,0.63869484,7,7.jpg,system_1_opencv_content_contour,,174,1031,sliding_window_clean,0.00000000,0.99970703,0.98632812,18.85433435,0.00000000,0.00000000,0.00000000,0.00000000,0.10049438,0.66123660,0.14569092,0.98497009,0.18844604,0.99568176,0.26300329,194.66944957,65253.00000000,0.99568176,0.09645081,9.83811569,0.76191406,0.92138672,55968.00000000,0.85400391,0.85430908,172.78684998,1.00000000,1.00000000,3995.18188477,BacktestSelection\run_20260617_231439\system_1_opencv_content_contour\selected_manifest.csv,0.60432076,1.00000000,7,1,1.60551554,1.00000000,8,1,0.00030704,1.00000000,5,1,score;blue_marker_ratio;border_foreground_ratio;center_foreground_ratio;contrast;dirty_mark_center_score;dirty_mark_found;dirty_mark_margin_score;dirty_mark_ratio;edge_density;entropy;estimated_background_ratio;exposure_score;flat_ratio;foreground_ratio;high_frequency_energy;laplacian_variance;largest_component_area;largest_component_ratio;largest_flat_background_ratio;local_std_mean;material_border_ratio;material_center_ratio;material_largest_component_area;material_largest_component_ratio;material_ratio;mean_brightness;quality_gate_pass;read_ok;tenengrad
system_1_opencv_content_contour,clean_negative,1,2,1.00000000,3,clean_negative/clean_7_22.jpg,BacktestSelection\run_20260617_231439\system_1_opencv_content_contour\clean_negative\clean_7_22.jpg,247,0.67534306,7,7.jpg,system_1_opencv_content_contour,,174,1079,sliding_window_clean,0.00000000,0.99995117,0.98547363,19.76448258,0.00000000,0.00000000,0.00000000,0.00000000,0.10568237,0.68017594,0.12515259,0.98237610,0.16372681,0.99560547,0.24907795,205.63823790,65248.00000000,0.99560547,0.08372498,10.16889668,0.79121094,0.92333984,57319.00000000,0.87461853,0.87484741,173.73559570,1.00000000,1.00000000,4108.23535156,BacktestSelection\run_20260617_231439\system_1_opencv_content_contour\selected_manifest.csv,0.56752364,1.00000000,8,1,1.64075857,1.00000000,7,1,0.00027739,1.00000000,9,1,score;blue_marker_ratio;border_foreground_ratio;center_foreground_ratio;contrast;dirty_mark_center_score;dirty_mark_found;dirty_mark_margin_score;dirty_mark_ratio;edge_density;entropy;estimated_background_ratio;exposure_score;flat_ratio;foreground_ratio;high_frequency_energy;laplacian_variance;largest_component_area;largest_component_ratio;largest_flat_background_ratio;local_std_mean;material_border_ratio;material_center_ratio;material_largest_component_area;material_largest_component_ratio;material_ratio;mean_brightness;quality_gate_pass;read_ok;tenengrad
system_1_opencv_content_contour,clean_negative,1,3,0.99989224,3,clean_negative/clean_15_15.jpg,BacktestSelection\run_20260617_231439\system_1_opencv_content_contour\clean_negative\clean_15_15.jpg,203,0.81177245,15,15.jpg,system_1_opencv_content_contour,,48,848,sliding_window_clean,0.00000000,0.99951172,0.99066162,19.58616659,0.00000000,0.00000000,0.00000000,0.00000000,0.17631531,0.69750730,0.07244873,0.98115540,0.07090759,0.99682617,0.31479210,512.58483247,65328.00000000,0.99682617,0.03399658,11.82220554,0.89501953,0.96014404,60769.00000000,0.92726135,0.92755127,176.02813721,1.00000000,1.00000000,6055.87695312,BacktestSelection\run_20260617_231439\system_1_opencv_content_contour\selected_manifest.csv,0.56631486,0.99967672,16,1,1.83401024,1.00000000,9,1,0.00019532,1.00000000,13,1,score;blue_marker_ratio;border_foreground_ratio;center_foreground_ratio;contrast;dirty_mark_center_score;dirty_mark_found;dirty_mark_margin_score;dirty_mark_ratio;edge_density;entropy;estimated_background_ratio;exposure_score;flat_ratio;foreground_ratio;high_frequency_energy;laplacian_variance;largest_component_area;largest_component_ratio;largest_flat_background_ratio;local_std_mean;material_border_ratio;material_center_ratio;material_largest_component_area;material_largest_component_ratio;material_ratio;mean_brightness;quality_gate_pass;read_ok;tenengrad
system_1_opencv_content_contour,clean_negative,1,4,0.99971075,3,clean_negative/clean_4_189.jpg,BacktestSelection\run_20260617_231439\system_1_opencv_content_contour\clean_negative\clean_4_189.jpg,255,0.59497226,4,4.jpg,system_1_opencv_content_contour,,419,808,sliding_window_clean,0.00000000,1.00000000,1.00000000,14.74916028,0.00000000,0.00000000,0.00000000,0.00000000,0.06190491,0.64856005,0.18576050,0.99961853,0.25549316,1.00000000,0.20318548,129.82775855,65536.00000000,1.00000000,0.15556335,7.01956463,0.81928711,0.94470215,53110.00000000,0.81039429,0.81423950,154.55143738,1.00000000,1.00000000,1986.90124512,BacktestSelection\run_20260617_231439\system_1_opencv_content_contour\selected_manifest.csv,0.62870940,1.00000000,6,1,1.51442323,0.99913225,16,1,0.00008720,1.00000000,7,1,score;blue_marker_ratio;border_foreground_ratio;center_foreground_ratio;contrast;dirty_mark_center_score;dirty_mark_found;dirty_mark_margin_score;dirty_mark_ratio;edge_density;entropy;estimated_background_ratio;exposure_score;flat_ratio;foreground_ratio;high_frequency_energy;laplacian_variance;largest_component_area;largest_component_ratio;largest_flat_background_ratio;local_std_mean;material_border_ratio;material_center_ratio;material_largest_component_area;material_largest_component_ratio;material_ratio;mean_brightness;quality_gate_pass;read_ok;tenengrad
system_1_opencv_content_contour,clean_negative,1,5,0.99456292,3,clean_negative/clean_15_16.jpg,BacktestSelection\run_20260617_231439\system_1_opencv_content_contour\clean_negative\clean_15_16.jpg,195,0.83224170,15,15.jpg,system_1_opencv_content_contour,,68,848,sliding_window_clean,0.00000000,0.99926758,0.98999023,19.59920702,0.00000000,0.00000000,0.00000000,0.00000000,0.18394470,0.69672298,0.06381226,0.98092651,0.06242371,0.99566650,0.32813501,521.30817662,65252.00000000,0.99566650,0.03390503,12.09883976,0.93437500,0.96954346,61344.00000000,0.93603516,0.93618774,176.24014282,1.00000000,1.00000000,6260.87011719,BacktestSelection\run_20260617_231439\system_1_opencv_content_contour\selected_manifest.csv,0.56332578,0.98368875,17,1,1.61878139,1.00000000,14,1,0.00021283,1.00000000,12,1,score;blue_marker_ratio;border_foreground_ratio;center_foreground_ratio;contrast;dirty_mark_center_score;dirty_mark_found;dirty_mark_margin_score;dirty_mark_ratio;edge_density;entropy;estimated_background_ratio;exposure_score;flat_ratio;foreground_ratio;high_frequency_energy;laplacian_variance;largest_component_area;largest_component_ratio;largest_flat_background_ratio;local_std_mean;material_border_ratio;material_center_ratio;material_largest_component_area;material_largest_component_ratio;material_ratio;mean_brightness;quality_gate_pass;read_ok;tenengrad
system_1_opencv_content_contour,clean_negative,1,6,0.96041370,2,clean_negative/clean_5_73.jpg,BacktestSelection\run_20260617_231439\system_1_opencv_content_contour\clean_negative\clean_5_73.jpg,251,0.65222030,5,5.jpg,system_1_opencv_content_contour,,638,761,sliding_window_clean,0.00000000,1.00000000,1.00000000,26.15198807,0.00000000,0.00000000,0.00000000,0.00000000,0.14533997,0.74541736,0.16253662,0.99362946,0.21739197,1.00000000,0.14089343,408.13615207,65536.00000000,1.00000000,0.01000977,9.92748070,0.62651367,0.99127197,54327.00000000,0.82896423,0.83746338,151.34759521,1.00000000,1.00000000,4875.18945312,BacktestSelection\run_20260617_231439\system_1_opencv_content_contour\selected_manifest.csv,0.54417238,0.88124109,25,0,1.52752409,1.00000000,1,1,0.00018572,1.00000000,4,1,score;blue_marker_ratio;border_foreground_ratio;center_foreground_ratio;contrast;dirty_mark_center_score;dirty_mark_found;dirty_mark_margin_score;dirty_mark_ratio;edge_density;entropy;estimated_background_ratio;exposure_score;flat_ratio;foreground_ratio;high_frequency_energy;laplacian_variance;largest_component_area;largest_component_ratio;largest_flat_background_ratio;local_std_mean;material_border_ratio;material_center_ratio;material_largest_component_area;material_largest_component_ratio;material_ratio;mean_brightness;quality_gate_pass;read_ok;tenengrad
system_1_opencv_content_contour,clean_negative,1,7,0.93806844,2,clean_negative/clean_5_91.jpg,BacktestSelection\run_20260617_231439\system_1_opencv_content_contour\clean_negative\clean_5_91.jpg,246,0.68280437,5,5.jpg,system_1_opencv_content_contour,,637,820,sliding_window_clean,0.00000000,1.00000000,1.00000000,27.43040591,0.00000000,0.00000000,0.00000000,0.00000000,0.14465332,0.75513538,0.14984131,0.99362946,0.20040894,1.00000000,0.12960678,407.04900314,65536.00000000,1.00000000,0.00006104,10.08936596,0.68037109,0.97399902,55143.00000000,0.84141541,0.85015869,150.16842651,1.00000000,1.00000000,4983.05468750,BacktestSelection\run_20260617_231439\system_1_opencv_content_contour\selected_manifest.csv,0.53163951,0.81420531,34,0,1.52770304,1.00000000,6,1,0.00014377,1.00000000,10,1,score;blue_marker_ratio;border_foreground_ratio;center_foreground_ratio;contrast;dirty_mark_center_score;dirty_mark_found;dirty_mark_margin_score;dirty_mark_ratio;edge_density;entropy;estimated_background_ratio;exposure_score;flat_ratio;foreground_ratio;high_frequency_energy;laplacian_variance;largest_component_area;largest_component_ratio;largest_flat_background_ratio;local_std_mean;material_border_ratio;material_center_ratio;material_largest_component_area;material_largest_component_ratio;material_ratio;mean_brightness;quality_gate_pass;read_ok;tenengrad
system_1_opencv_content_contour,clean_negative,1,8,0.92727056,2,clean_negative/clean_9_131.jpg,BacktestSelection\run_20260617_231439\system_1_opencv_content_contour\clean_negative\clean_9_131.jpg,288,0.67469329,9,9.jpg,system_1_opencv_content_contour,,571,891,sliding_window_clean,0.00000000,0.98994141,1.00000000,22.79904593,0.00000000,0.00000000,0.00000000,0.00000000,0.18627930,0.73048878,0.15512085,0.99626160,0.16510010,0.99833679,0.27794588,754.27648294,65427.00000000,0.99833679,0.08018494,12.36130810,0.67968750,0.99224854,55336.00000000,0.84436035,0.84487915,138.79586792,1.00000000,1.00000000,7563.97265625,BacktestSelection\run_20260617_231439\system_1_opencv_content_contour\selected_manifest.csv,0.62501152,1.00000000,10,1,1.39685848,0.78181168,26,0,0.00018386,1.00000000,15,1,score;blue_marker_ratio;border_foreground_ratio;center_foreground_ratio;contrast;dirty_mark_center_score;dirty_mark_found;dirty_mark_margin_score;dirty_mark_ratio;edge_density;entropy;estimated_background_ratio;exposure_score;flat_ratio;foreground_ratio;high_frequency_energy;laplacian_variance;largest_component_area;largest_component_ratio;largest_flat_background_ratio;local_std_mean;material_border_ratio;material_center_ratio;material_largest_component_area;material_largest_component_ratio;material_ratio;mean_brightness;quality_gate_pass;read_ok;tenengrad
system_1_opencv_content_contour,clean_negative,1,9,0.91943148,2,clean_negative/clean_5_86.jpg,BacktestSelection\run_20260617_231439\system_1_opencv_content_contour\clean_negative\clean_5_86.jpg,243,0.69321528,5,5.jpg,system_1_opencv_content_contour,,637,809,sliding_window_clean,0.00000000,1.00000000,1.00000000,27.30573904,0.00000000,0.00000000,0.00000000,0.00000000,0.14619446,0.75473062,0.14593506,0.99370575,0.19624329,1.00000000,0.13233307,413.14934011,65536.00000000,1.00000000,0.00001526,10.15917587,0.68710938,0.97869873,55908.00000000,0.85308838,0.85406494,150.51385498,1.00000000,1.00000000,5035.15380859,BacktestSelection\run_20260617_231439\system_1_opencv_content_contour\selected_manifest.csv,0.52118652,0.75829443,42,0,1.53509885,1.00000000,5,1,0.00013386,1.00000000,3,1,score;blue_marker_ratio;border_foreground_ratio;center_foreground_ratio;contrast;dirty_mark_center_score;dirty_mark_found;dirty_mark_margin_score;dirty_mark_ratio;edge_density;entropy;estimated_background_ratio;exposure_score;flat_ratio;foreground_ratio;high_frequency_energy;laplacian_variance;largest_component_area;largest_component_ratio;largest_flat_background_ratio;local_std_mean;material_border_ratio;material_center_ratio;material_largest_component_area;material_largest_component_ratio;material_ratio;mean_brightness;quality_gate_pass;read_ok;tenengrad
system_1_opencv_content_contour,clean_negative,1,10,0.89237329,2,clean_negative/clean_7_46.jpg,BacktestSelection\run_20260617_231439\system_1_opencv_content_contour\clean_negative\clean_7_46.jpg,279,0.53692483,7,7.jpg,system_1_opencv_content_contour,,144,1175,sliding_window_clean,0.00000000,0.99047852,1.00000000,22.01355476,0.00000000,0.00000000,0.00000000,0.00000000,0.10014343,0.72738949,0.18661499,0.98355865,0.22520447,0.99638367,0.16751483,181.39532469,65299.00000000,0.99638367,0.15800476,9.31752396,0.60249023,0.99133301,53306.00000000,0.81338501,0.81338501,171.46557617,1.00000000,1.00000000,3529.25537109,BacktestSelection\run_20260617_231439\system_1_opencv_content_contour\selected_manifest.csv,0.61942915,1.00000000,3,1,1.56537236,1.00000000,12,1,0.00004159,0.67711986,38,0,score;blue_marker_ratio;border_foreground_ratio;center_foreground_ratio;contrast;dirty_mark_center_score;dirty_mark_found;dirty_mark_margin_score;dirty_mark_ratio;edge_density;entropy;estimated_background_ratio;exposure_score;flat_ratio;foreground_ratio;high_frequency_energy;laplacian_variance;largest_component_area;largest_component_ratio;largest_flat_background_ratio;local_std_mean;material_border_ratio;material_center_ratio;material_largest_component_area;material_largest_component_ratio;material_ratio;mean_brightness;quality_gate_pass;read_ok;tenengrad
system_1_opencv_content_contour,clean_negative,1,11,0.83650440,2,clean_negative/clean_7_58.jpg,BacktestSelection\run_20260617_231439\system_1_opencv_content_contour\clean_negative\clean_7_58.jpg,256,0.57818452,7,7.jpg,system_1_opencv_content_contour,,144,1220,sliding_window_clean,0.00000000,1.00000000,1.00000000,23.70770196,0.00000000,0.00000000,0.00000000,0.00000000,0.10583496,0.75295568,0.16450500,0.98264313,0.20468140,0.99978638,0.14854223,183.50747618,65522.00000000,0.99978638,0.14469910,9.66798592,0.62709961,0.99328613,54728.00000000,0.83508301,0.83549500,171.27893066,1.00000000,1.00000000,3660.95898438,BacktestSelection\run_20260617_231439\system_1_opencv_content_contour\selected_manifest.csv,0.58489317,1.00000000,13,1,1.24955212,0.50951319,84,0,0.00006692,1.00000000,6,1,score;blue_marker_ratio;border_foreground_ratio;center_foreground_ratio;contrast;dirty_mark_center_score;dirty_mark_found;dirty_mark_margin_score;dirty_mark_ratio;edge_density;entropy;estimated_background_ratio;exposure_score;flat_ratio;foreground_ratio;high_frequency_energy;laplacian_variance;largest_component_area;largest_component_ratio;largest_flat_background_ratio;local_std_mean;material_border_ratio;material_center_ratio;material_largest_component_area;material_largest_component_ratio;material_ratio;mean_brightness;quality_gate_pass;read_ok;tenengrad
system_1_opencv_content_contour,clean_negative,1,12,0.83260550,2,clean_negative/clean_4_55.jpg,BacktestSelection\run_20260617_231439\system_1_opencv_content_contour\clean_negative\clean_4_55.jpg,258,0.56224425,4,4.jpg,system_1_opencv_content_contour,,144,192,sliding_window_clean,0.00000000,0.99985352,1.00000000,17.94664424,0.00000000,0.00000000,0.00000000,0.00000000,0.05975342,0.68721072,0.17672729,0.98519897,0.23733521,0.99989319,0.15212317,82.68749661,65529.00000000,0.99989319,0.13244629,7.49837065,0.66630859,0.97039795,53603.00000000,0.81791687,0.82327271,189.66477966,1.00000000,1.00000000,1970.34106445,BacktestSelection\run_20260617_231439\system_1_opencv_content_contour\selected_manifest.csv,0.58196575,1.00000000,12,1,1.32037552,0.64043153,51,0,0.00005149,0.85738498,19,1,score;blue_marker_ratio;border_foreground_ratio;center_foreground_ratio;contrast;dirty_mark_center_score;dirty_mark_found;dirty_mark_margin_score;dirty_mark_ratio;edge_density;entropy;estimated_background_ratio;exposure_score;flat_ratio;foreground_ratio;high_frequency_energy;laplacian_variance;largest_component_area;largest_component_ratio;largest_flat_background_ratio;local_std_mean;material_border_ratio;material_center_ratio;material_largest_component_area;material_largest_component_ratio;material_ratio;mean_brightness;quality_gate_pass;read_ok;tenengrad
system_1_opencv_content_contour,clean_negative,1,13,0.82237516,2,clean_negative/clean_4_84.jpg,BacktestSelection\run_20260617_231439\system_1_opencv_content_contour\clean_negative\clean_4_84.jpg,257,0.56556507,4,4.jpg,system_1_opencv_content_contour,,202,278,sliding_window_clean,0.00000000,0.94448242,1.00000000,17.90888361,0.00000000,0.00000000,0.00000000,0.00000000,0.06391907,0.67491500,0.19448853,0.98718262,0.23707581,0.96769714,0.15708113,93.00251768,62465.00000000,0.95314026,0.06837463,7.67555904,0.68784180,0.94946289,51815.00000000,0.79063416,0.80551147,186.52484131,1.00000000,1.00000000,2111.75878906,BacktestSelection\run_20260617_231439\system_1_opencv_content_contour\selected_manifest.csv,0.63610264,1.00000000,14,1,1.22662148,0.46712548,100,0,0.00006509,1.00000000,8,1,score;blue_marker_ratio;border_foreground_ratio;center_foreground_ratio;contrast;dirty_mark_center_score;dirty_mark_found;dirty_mark_margin_score;dirty_mark_ratio;edge_density;entropy;estimated_background_ratio;exposure_score;flat_ratio;foreground_ratio;high_frequency_energy;laplacian_variance;largest_component_area;largest_component_ratio;largest_flat_background_ratio;local_std_mean;material_border_ratio;material_center_ratio;material_largest_component_area;material_largest_component_ratio;material_ratio;mean_brightness;quality_gate_pass;read_ok;tenengrad
system_1_opencv_content_contour,clean_negative,1,14,0.78814947,2,clean_negative/clean_11_38.jpg,BacktestSelection\run_20260617_231439\system_1_opencv_content_contour\clean_negative\clean_11_38.jpg,286,0.71600080,11,11.jpg,system_1_opencv_content_contour,,748,682,sliding_window_clean,0.00000000,1.00000000,1.00000000,21.16356755,0.00000000,0.00000000,0.00000000,0.00000000,0.07009888,0.71747088,0.13198853,0.99855042,0.21871948,1.00000000,0.13098317,139.17110273,65536.00000000,1.00000000,0.01684570,7.93954086,0.83046875,0.89263916,56876.00000000,0.86785889,0.86801147,136.76679993,1.00000000,1.00000000,2473.33544922,BacktestSelection\run_20260617_231439\system_1_opencv_content_contour\selected_manifest.csv,0.55584171,0.94365797,21,1,1.20155544,0.42079045,110,0,0.00006402,1.00000000,14,1,score;blue_marker_ratio;border_foreground_ratio;center_foreground_ratio;contrast;dirty_mark_center_score;dirty_mark_found;dirty_mark_margin_score;dirty_mark_ratio;edge_density;entropy;estimated_background_ratio;exposure_score;flat_ratio;foreground_ratio;high_frequency_energy;laplacian_variance;largest_component_area;largest_component_ratio;largest_flat_background_ratio;local_std_mean;material_border_ratio;material_center_ratio;material_largest_component_area;material_largest_component_ratio;material_ratio;mean_brightness;quality_gate_pass;read_ok;tenengrad
system_1_opencv_content_contour,clean_negative,1,15,0.78551008,0,clean_negative/clean_7_16.jpg,BacktestSelection\run_20260617_231439\system_1_opencv_content_contour\clean_negative\clean_7_16.jpg,241,0.70268559,7,7.jpg,system_1_opencv_content_contour,,192,986,sliding_window_clean,0.00000000,0.99970703,0.99737549,19.16030909,0.00000000,0.00000000,0.00000000,0.00000000,0.11103821,0.66608826,0.11662292,0.98317719,0.15776062,0.99571228,0.26998109,200.73462326,65255.00000000,0.99571228,0.04090881,10.47766781,0.77060547,0.92279053,57873.00000000,0.88307190,0.88337708,174.01570129,1.00000000,1.00000000,4317.01367188,BacktestSelection\run_20260617_231439\system_1_opencv_content_contour\selected_manifest.csv,0.54259167,0.87278619,27,0,1.36133006,0.71613675,36,0,0.00004656,0.76760729,28,0,score;blue_marker_ratio;border_foreground_ratio;center_foreground_ratio;contrast;dirty_mark_center_score;dirty_mark_found;dirty_mark_margin_score;dirty_mark_ratio;edge_density;entropy;estimated_background_ratio;exposure_score;flat_ratio;foreground_ratio;high_frequency_energy;laplacian_variance;largest_component_area;largest_component_ratio;largest_flat_background_ratio;local_std_mean;material_border_ratio;material_center_ratio;material_largest_component_area;material_largest_component_ratio;material_ratio;mean_brightness;quality_gate_pass;read_ok;tenengrad
system_1_opencv_content_contour,clean_negative,1,16,0.78256836,1,clean_negative/clean_11_43.jpg,BacktestSelection\run_20260617_231439\system_1_opencv_content_contour\clean_negative\clean_11_43.jpg,266,0.77399555,11,11.jpg,system_1_opencv_content_contour,,700,728,sliding_window_clean,0.00000000,1.00000000,1.00000000,23.74691092,0.00000000,0.00000000,0.00000000,0.00000000,0.08711243,0.72442611,0.10290527,0.99759674,0.20028687,1.00000000,0.12786932,173.16167372,65536.00000000,1.00000000,0.00007629,8.73596764,0.90947266,0.89672852,58731.00000000,0.89616394,0.89709473,136.15431213,1.00000000,1.00000000,3029.54785156,BacktestSelection\run_20260617_231439\system_1_opencv_content_contour\selected_manifest.csv,0.52965826,0.80360804,35,0,1.26826108,0.54409703,71,0,0.00006659,1.00000000,1,1,score;blue_marker_ratio;border_foreground_ratio;center_foreground_ratio;contrast;dirty_mark_center_score;dirty_mark_found;dirty_mark_margin_score;dirty_mark_ratio;edge_density;entropy;estimated_background_ratio;exposure_score;flat_ratio;foreground_ratio;high_frequency_energy;laplacian_variance;largest_component_area;largest_component_ratio;largest_flat_background_ratio;local_std_mean;material_border_ratio;material_center_ratio;material_largest_component_area;material_largest_component_ratio;material_ratio;mean_brightness;quality_gate_pass;read_ok;tenengrad
system_1_opencv_content_contour,clean_negative,1,17,0.77487761,2,clean_negative/clean_7_31.jpg,BacktestSelection\run_20260617_231439\system_1_opencv_content_contour\clean_negative\clean_7_31.jpg,236,0.72146320,7,7.jpg,system_1_opencv_content_contour,,174,1127,sliding_window_clean,0.00000000,0.99990234,0.99896240,20.63934415,0.00000000,0.00000000,0.00000000,0.00000000,0.10852051,0.70246077,0.10336304,0.98096466,0.14620972,0.99577332,0.22751947,201.27262538,65259.00000000,0.99577332,0.06063843,10.30896664,0.78847656,0.97589111,58733.00000000,0.89619446,0.89663696,174.35748291,1.00000000,1.00000000,4014.04492188,BacktestSelection\run_20260617_231439\system_1_opencv_content_contour\selected_manifest.csv,0.49607655,0.62398628,70,0,1.46189376,0.90203056,21,1,0.00004827,0.79861599,23,1,score;blue_marker_ratio;border_foreground_ratio;center_foreground_ratio;contrast;dirty_mark_center_score;dirty_mark_found;dirty_mark_margin_score;dirty_mark_ratio;edge_density;entropy;estimated_background_ratio;exposure_score;flat_ratio;foreground_ratio;high_frequency_energy;laplacian_variance;largest_component_area;largest_component_ratio;largest_flat_background_ratio;local_std_mean;material_border_ratio;material_center_ratio;material_largest_component_area;material_largest_component_ratio;material_ratio;mean_brightness;quality_gate_pass;read_ok;tenengrad
system_1_opencv_content_contour,clean_negative,1,18,0.77262627,2,clean_negative/clean_4_190.jpg,BacktestSelection\run_20260617_231439\system_1_opencv_content_contour\clean_negative\clean_4_190.jpg,238,0.70736221,4,4.jpg,system_1_opencv_content_contour,,384,1001,sliding_window_clean,0.00000000,0.99409180,1.00000000,17.08411901,0.00000000,0.00000000,0.00000000,0.00000000,0.05569458,0.67800919,0.13198853,0.99904633,0.21025085,0.99815369,0.17295694,125.93477667,65415.00000000,0.99815369,0.06468201,7.31816483,0.78789062,0.94995117,56858.00000000,0.86758423,0.86801147,138.87553406,1.00000000,1.00000000,2159.34619141,BacktestSelection\run_20260617_231439\system_1_opencv_content_contour\selected_manifest.csv,0.55756087,0.95285342,19,1,1.27932215,0.56454362,66,0,0.00004837,0.80048179,22,1,score;blue_marker_ratio;border_foreground_ratio;center_foreground_ratio;contrast;dirty_mark_center_score;dirty_mark_found;dirty_mark_margin_score;dirty_mark_ratio;edge_density;entropy;estimated_background_ratio;exposure_score;flat_ratio;foreground_ratio;high_frequency_energy;laplacian_variance;largest_component_area;largest_component_ratio;largest_flat_background_ratio;local_std_mean;material_border_ratio;material_center_ratio;material_largest_component_area;material_largest_component_ratio;material_ratio;mean_brightness;quality_gate_pass;read_ok;tenengrad
system_1_opencv_content_contour,clean_negative,1,19,0.75928762,1,clean_negative/clean_9_132.jpg,BacktestSelection\run_20260617_231439\system_1_opencv_content_contour\clean_negative\clean_9_132.jpg,267,0.74308177,9,9.jpg,system_1_opencv_content_contour,,0,899,sliding_window_clean,0.00000000,1.00000000,1.00000000,25.37470615,0.00000000,0.00000000,0.00000000,0.00000000,0.19416809,0.77219510,0.08293152,0.96917725,0.08714294,1.00000000,0.16848278,535.43731418,65536.00000000,1.00000000,0.07850647,11.70985222,0.79096680,0.99914551,60096.00000000,0.91699219,0.91706848,184.54804993,1.00000000,1.00000000,5530.11328125,BacktestSelection\run_20260617_231439\system_1_opencv_content_contour\selected_manifest.csv,0.49851809,0.63704558,68,0,1.43286513,0.84837062,22,1,0.00004793,0.79244666,25,0,score;blue_marker_ratio;border_foreground_ratio;center_foreground_ratio;contrast;dirty_mark_center_score;dirty_mark_found;dirty_mark_margin_score;dirty_mark_ratio;edge_density;entropy;estimated_background_ratio;exposure_score;flat_ratio;foreground_ratio;high_frequency_energy;laplacian_variance;largest_component_area;largest_component_ratio;largest_flat_background_ratio;local_std_mean;material_border_ratio;material_center_ratio;material_largest_component_area;material_largest_component_ratio;material_ratio;mean_brightness;quality_gate_pass;read_ok;tenengrad
system_1_opencv_content_contour,clean_negative,1,20,0.75616721,1,clean_negative/clean_2_10.jpg,BacktestSelection\run_20260617_231439\system_1_opencv_content_contour\clean_negative\clean_2_10.jpg,250,0.65816680,2,2.jpg,system_1_opencv_content_contour,,48,96,sliding_window_clean,0.00000000,0.99902344,0.99908447,18.17630649,0.00000000,0.00000000,0.00000000,0.00000000,0.11413574,0.69415299,0.13502502,0.97543335,0.15686035,0.99887085,0.21154463,212.41129967,65462.00000000,0.99887085,0.05560303,8.98282051,0.74165039,0.98248291,56677.00000000,0.86482239,0.86497498,193.08546448,1.00000000,1.00000000,3125.01977539,BacktestSelection\run_20260617_231439\system_1_opencv_content_contour\selected_manifest.csv,0.54261153,0.87289243,26,0,1.25289049,0.51568421,82,0,0.00005273,0.87992500,18,1,score;blue_marker_ratio;border_foreground_ratio;center_foreground_ratio;contrast;dirty_mark_center_score;dirty_mark_found;dirty_mark_margin_score;dirty_mark_ratio;edge_density;entropy;estimated_background_ratio;exposure_score;flat_ratio;foreground_ratio;high_frequency_energy;laplacian_variance;largest_component_area;largest_component_ratio;largest_flat_background_ratio;local_std_mean;material_border_ratio;material_center_ratio;material_largest_component_area;material_largest_component_ratio;material_ratio;mean_brightness;quality_gate_pass;read_ok;tenengrad
system_1_opencv_content_contour,clean_negative,1,21,0.74098886,0,clean_negative/clean_4_41.jpg,BacktestSelection\run_20260617_231439\system_1_opencv_content_contour\clean_negative\clean_4_41.jpg,242,0.70218881,4,4.jpg,system_1_opencv_content_contour,,144,144,sliding_window_clean,0.00000000,0.99975586,1.00000000,17.28246548,0.00000000,0.00000000,0.00000000,0.00000000,0.05619812,0.68506416,0.11708069,0.98767853,0.18669128,0.99984741,0.15866867,80.59963252,65526.00000000,0.99984741,0.06022644,7.48770332,0.77089844,0.95690918,57741.00000000,0.88105774,0.88291931,192.54292297,1.00000000,1.00000000,1862.78894043,BacktestSelection\run_20260617_231439\system_1_opencv_content_contour\selected_manifest.csv,0.53417355,0.82775941,32,0,1.34854330,0.69250018,42,0,0.00004300,0.70270698,34,0,score;blue_marker_ratio;border_foreground_ratio;center_foreground_ratio;contrast;dirty_mark_center_score;dirty_mark_found;dirty_mark_margin_score;dirty_mark_ratio;edge_density;entropy;estimated_background_ratio;exposure_score;flat_ratio;foreground_ratio;high_frequency_energy;laplacian_variance;largest_component_area;largest_component_ratio;largest_flat_background_ratio;local_std_mean;material_border_ratio;material_center_ratio;material_largest_component_area;material_largest_component_ratio;material_ratio;mean_brightness;quality_gate_pass;read_ok;tenengrad
system_1_opencv_content_contour,clean_negative,1,22,0.71752843,1,clean_negative/clean_12_8.jpg,BacktestSelection\run_20260617_231439\system_1_opencv_content_contour\clean_negative\clean_12_8.jpg,214,0.80062264,12,12.jpg,system_1_opencv_content_contour,,669,919,sliding_window_clean,0.00000000,1.00000000,1.00000000,24.10975076,0.00000000,0.00000000,0.00000000,0.00000000,0.14665222,0.70760028,0.08605957,0.99530792,0.13812256,1.00000000,0.19349666,569.77163734,65536.00000000,1.00000000,0.02754211,11.23961258,0.77207031,0.99713135,59876.00000000,0.91363525,0.91394043,135.84367371,1.00000000,1.00000000,6078.50634766,BacktestSelection\run_20260617_231439\system_1_opencv_content_contour\selected_manifest.csv,0.46178345,0.44055946,120,0,1.55797966,1.00000000,4,1,0.00004351,0.71202585,32,0,score;blue_marker_ratio;border_foreground_ratio;center_foreground_ratio;contrast;dirty_mark_center_score;dirty_mark_found;dirty_mark_margin_score;dirty_mark_ratio;edge_density;entropy;estimated_background_ratio;exposure_score;flat_ratio;foreground_ratio;high_frequency_energy;laplacian_variance;largest_component_area;largest_component_ratio;largest_flat_background_ratio;local_std_mean;material_border_ratio;material_center_ratio;material_largest_component_area;material_largest_component_ratio;material_ratio;mean_brightness;quality_gate_pass;read_ok;tenengrad
system_1_opencv_content_contour,clean_negative,1,23,0.70158874,1,clean_negative/clean_9_141.jpg,BacktestSelection\run_20260617_231439\system_1_opencv_content_contour\clean_negative\clean_9_141.jpg,180,0.85806183,9,9.jpg,system_1_opencv_content_contour,,48,947,sliding_window_clean,0.00000000,1.00000000,1.00000000,27.35141627,0.00000000,0.00000000,0.00000000,0.00000000,0.20071411,0.78189238,0.03010559,0.96829987,0.05021667,1.00000000,0.16941948,641.76128395,65536.00000000,1.00000000,0.02012634,12.62422562,0.89321289,0.99707031,63563.00000000,0.96989441,0.96989441,180.38253784,1.00000000,1.00000000,6461.58886719,BacktestSelection\run_20260617_231439\system_1_opencv_content_contour\selected_manifest.csv,0.48823612,0.58204939,78,0,1.59590813,1.00000000,10,1,0.00003311,0.52271683,52,0,score;blue_marker_ratio;border_foreground_ratio;center_foreground_ratio;contrast;dirty_mark_center_score;dirty_mark_found;dirty_mark_margin_score;dirty_mark_ratio;edge_density;entropy;estimated_background_ratio;exposure_score;flat_ratio;foreground_ratio;high_frequency_energy;laplacian_variance;largest_component_area;largest_component_ratio;largest_flat_background_ratio;local_std_mean;material_border_ratio;material_center_ratio;material_largest_component_area;material_largest_component_ratio;material_ratio;mean_brightness;quality_gate_pass;read_ok;tenengrad
system_1_opencv_content_contour,clean_negative,1,24,0.69989811,1,clean_negative/clean_15_70.jpg,BacktestSelection\run_20260617_231439\system_1_opencv_content_contour\clean_negative\clean_15_70.jpg,295,0.69471933,15,15.jpg,system_1_opencv_content_contour,,240,1184,sliding_window_clean,0.00000000,0.99946289,0.99664307,24.34512160,0.00000000,0.00000000,0.00000000,0.00000000,0.18688965,0.75236940,0.10481262,0.96986389,0.11047363,0.99859619,0.22947484,512.20670605,65444.00000000,0.99859619,0.07974243,12.93836212,0.70952148,0.99554443,58662.00000000,0.89511108,0.89518738,175.01968384,1.00000000,1.00000000,6931.48925781,BacktestSelection\run_20260617_231439\system_1_opencv_content_contour\selected_manifest.csv,0.57698885,1.00000000,9,1,1.34372193,0.68358780,46,0,0.00002726,0.41610654,74,0,score;blue_marker_ratio;border_foreground_ratio;center_foreground_ratio;contrast;dirty_mark_center_score;dirty_mark_found;dirty_mark_margin_score;dirty_mark_ratio;edge_density;entropy;estimated_background_ratio;exposure_score;flat_ratio;foreground_ratio;high_frequency_energy;laplacian_variance;largest_component_area;largest_component_ratio;largest_flat_background_ratio;local_std_mean;material_border_ratio;material_center_ratio;material_largest_component_area;material_largest_component_ratio;material_ratio;mean_brightness;quality_gate_pass;read_ok;tenengrad
system_1_opencv_content_contour,dirty_positive,1,1,0.97626989,3,dirty_positive/dirty_15_59.jpg,BacktestSelection\run_20260617_231439\system_1_opencv_content_contour\dirty_positive\dirty_15_59.jpg,453,1.06769247,15,15.jpg,system_1_opencv_content_contour,dirty_positive\dirty_15_59_mask.jpg,159,526,jittered_positive,0.00000000,1.00000000,0.99298096,17.52251834,0.84971096,1.00000000,0.00000000,0.05004883,0.16148376,0.68082889,0.02508545,0.99027252,0.03834534,0.99824524,0.35327184,552.50173890,65421.00000000,0.99824524,0.01353455,11.24220657,0.98881836,0.94165039,63857.00000000,0.97438049,0.97491455,176.21101379,1.00000000,1.00000000,5374.37011719,BacktestSelection\run_20260617_231439\system_1_opencv_content_contour\selected_manifest.csv,0.56908783,1.00000000,1,1,1.40125118,0.92880966,15,1,0.00084537,1.00000000,3,1,score;blue_marker_ratio;border_foreground_ratio;center_foreground_ratio;contrast;dirty_mark_center_score;dirty_mark_found;dirty_mark_margin_score;dirty_mark_ratio;edge_density;entropy;estimated_background_ratio;exposure_score;flat_ratio;foreground_ratio;high_frequency_energy;laplacian_variance;largest_component_area;largest_component_ratio;largest_flat_background_ratio;local_std_mean;material_border_ratio;material_center_ratio;material_largest_component_area;material_largest_component_ratio;material_ratio;mean_brightness;quality_gate_pass;read_ok;tenengrad
system_1_opencv_content_contour,dirty_positive,1,2,0.93393853,2,dirty_positive/dirty_9_43.jpg,BacktestSelection\run_20260617_231439\system_1_opencv_content_contour\dirty_positive\dirty_9_43.jpg,492,0.98756127,9,9.jpg,system_1_opencv_content_contour,dirty_positive\dirty_9_43_mask.jpg,745,733,jittered_positive,0.00000000,1.00000000,1.00000000,24.45754026,0.92575124,1.00000000,0.00000000,0.02957153,0.17063904,0.75276717,0.04734802,0.99519348,0.08309937,1.00000000,0.21746603,678.65165121,65536.00000000,1.00000000,0.00000000,12.31975174,0.99160156,0.90289307,62423.00000000,0.95249939,0.95265198,139.33003235,1.00000000,1.00000000,7147.55517578,BacktestSelection\run_20260617_231439\system_1_opencv_content_contour\selected_manifest.csv,0.50308394,0.80195221,29,0,1.45753234,1.00000000,3,1,0.00020056,0.99986338,11,1,score;blue_marker_ratio;border_foreground_ratio;center_foreground_ratio;contrast;dirty_mark_center_score;dirty_mark_found;dirty_mark_margin_score;dirty_mark_ratio;edge_density;entropy;estimated_background_ratio;exposure_score;flat_ratio;foreground_ratio;high_frequency_energy;laplacian_variance;largest_component_area;largest_component_ratio;largest_flat_background_ratio;local_std_mean;material_border_ratio;material_center_ratio;material_largest_component_area;material_largest_component_ratio;material_ratio;mean_brightness;quality_gate_pass;read_ok;tenengrad
system_1_opencv_content_contour,dirty_positive,1,3,0.92694352,2,dirty_positive/dirty_4_33.jpg,BacktestSelection\run_20260617_231439\system_1_opencv_content_contour\dirty_positive\dirty_4_33.jpg,489,0.98888685,4,4.jpg,system_1_opencv_content_contour,dirty_positive\dirty_4_33_mask.jpg,1,776,centered_positive,0.00000000,1.00000000,1.00000000,19.78023251,0.84270492,1.00000000,0.00000000,0.04304504,0.12287903,0.69826976,0.04696655,0.99111176,0.08091736,0.99948120,0.23653242,210.73240660,65502.00000000,0.99948120,0.03302002,10.36627197,0.89741211,0.98614502,62443.00000000,0.95280457,0.95303345,167.43823242,1.00000000,1.00000000,4111.22949219,BacktestSelection\run_20260617_231439\system_1_opencv_content_contour\selected_manifest.csv,0.58676722,1.00000000,8,1,1.33432619,0.78083056,22,0,0.00041161,1.00000000,6,1,score;blue_marker_ratio;border_foreground_ratio;center_foreground_ratio;contrast;dirty_mark_center_score;dirty_mark_found;dirty_mark_margin_score;dirty_mark_ratio;edge_density;entropy;estimated_background_ratio;exposure_score;flat_ratio;foreground_ratio;high_frequency_energy;laplacian_variance;largest_component_area;largest_component_ratio;largest_flat_background_ratio;local_std_mean;material_border_ratio;material_center_ratio;material_largest_component_area;material_largest_component_ratio;material_ratio;mean_brightness;quality_gate_pass;read_ok;tenengrad
system_1_opencv_content_contour,dirty_positive,1,4,0.92106178,2,dirty_positive/dirty_1_67.jpg,BacktestSelection\run_20260617_231439\system_1_opencv_content_contour\dirty_positive\dirty_1_67.jpg,354,1.11425465,1,1.jpg,system_1_opencv_content_contour,dirty_positive\dirty_1_67_mask.jpg,0,1018,jittered_positive,0.00007629,0.99995117,0.99993896,23.31181806,0.95585945,1.00000000,0.00000000,0.05111694,0.11688232,0.75261513,0.02064514,0.99450684,0.05068970,0.99986267,0.13032548,172.45076240,65527.00000000,0.99986267,0.00138855,9.62142754,0.95825195,0.99255371,64183.00000000,0.97935486,0.97935486,170.93420410,1.00000000,1.00000000,3267.67822266,BacktestSelection\run_20260617_231439\system_1_opencv_content_contour\selected_manifest.csv,0.49681969,0.76318535,35,0,3.05450076,1.00000000,5,1,0.00128424,1.00000000,10,1,score;blue_marker_ratio;border_foreground_ratio;center_foreground_ratio;contrast;dirty_mark_center_score;dirty_mark_found;dirty_mark_margin_score;dirty_mark_ratio;edge_density;entropy;estimated_background_ratio;exposure_score;flat_ratio;foreground_ratio;high_frequency_energy;laplacian_variance;largest_component_area;largest_component_ratio;largest_flat_background_ratio;local_std_mean;material_border_ratio;material_center_ratio;material_largest_component_area;material_largest_component_ratio;material_ratio;mean_brightness;quality_gate_pass;read_ok;tenengrad
system_1_opencv_content_contour,dirty_positive,1,5,0.90543743,2,dirty_positive/dirty_15_57.jpg,BacktestSelection\run_20260617_231439\system_1_opencv_content_contour\dirty_positive\dirty_15_57.jpg,447,1.07198524,15,15.jpg,system_1_opencv_content_contour,dirty_positive\dirty_15_57_mask.jpg,188,570,centered_positive,0.00000000,0.99990234,0.99145508,17.37856852,0.87031962,1.00000000,0.00000000,0.04568481,0.15718079,0.67372727,0.02345276,0.99099731,0.03623962,0.99784851,0.35968065,534.97080179,65395.00000000,0.99784851,0.01354980,11.16039753,0.97539062,0.94476318,63977.00000000,0.97621155,0.97654724,173.13883972,1.00000000,1.00000000,5341.81054688,BacktestSelection\run_20260617_231439\system_1_opencv_content_contour\selected_manifest.csv,0.55278272,1.00000000,9,1,1.30514718,0.71631229,26,0,0.00090639,1.00000000,4,1,score;blue_marker_ratio;border_foreground_ratio;center_foreground_ratio;contrast;dirty_mark_center_score;dirty_mark_found;dirty_mark_margin_score;dirty_mark_ratio;edge_density;entropy;estimated_background_ratio;exposure_score;flat_ratio;foreground_ratio;high_frequency_energy;laplacian_variance;largest_component_area;largest_component_ratio;largest_flat_background_ratio;local_std_mean;material_border_ratio;material_center_ratio;material_largest_component_area;material_largest_component_ratio;material_ratio;mean_brightness;quality_gate_pass;read_ok;tenengrad
system_1_opencv_content_contour,dirty_positive,1,6,0.89843348,2,dirty_positive/dirty_9_19.jpg,BacktestSelection\run_20260617_231439\system_1_opencv_content_contour\dirty_positive\dirty_9_19.jpg,488,0.99006767,9,9.jpg,system_1_opencv_content_contour,dirty_positive\dirty_9_19_mask.jpg,637,499,jittered_positive,0.00000000,1.00000000,1.00000000,22.88390495,0.80505366,1.00000000,0.00000000,0.05825806,0.16378784,0.72158933,0.04380798,0.99401093,0.07980347,1.00000000,0.20881915,587.67544321,65536.00000000,1.00000000,0.00000000,11.24179554,0.97744141,0.88598633,62660.00000000,0.95611572,0.95619202,147.42846680,1.00000000,1.00000000,5843.22558594,BacktestSelection\run_20260617_231439\system_1_opencv_content_contour\selected_manifest.csv,0.48585032,0.69530045,39,0,1.59951006,1.00000000,1,1,0.00025232,1.00000000,5,1,score;blue_marker_ratio;border_foreground_ratio;center_foreground_ratio;contrast;dirty_mark_center_score;dirty_mark_found;dirty_mark_margin_score;dirty_mark_ratio;edge_density;entropy;estimated_background_ratio;exposure_score;flat_ratio;foreground_ratio;high_frequency_energy;laplacian_variance;largest_component_area;largest_component_ratio;largest_flat_background_ratio;local_std_mean;material_border_ratio;material_center_ratio;material_largest_component_area;material_largest_component_ratio;material_ratio;mean_brightness;quality_gate_pass;read_ok;tenengrad
system_1_opencv_content_contour,dirty_positive,1,7,0.89749150,2,dirty_positive/dirty_9_42.jpg,BacktestSelection\run_20260617_231439\system_1_opencv_content_contour\dirty_positive\dirty_9_42.jpg,487,0.99015246,9,9.jpg,system_1_opencv_content_contour,dirty_positive\dirty_9_42_mask.jpg,738,732,jittered_positive,0.00000000,1.00000000,1.00000000,24.47410905,0.94144232,1.00000000,0.00000000,0.02952576,0.16986084,0.75250896,0.04754639,0.99492645,0.08262634,1.00000000,0.21487828,673.94692767,65536.00000000,1.00000000,0.00000000,12.25838852,0.99169922,0.90808105,62410.00000000,0.95230103,0.95245361,139.31968689,1.00000000,1.00000000,7102.53710938,BacktestSelection\run_20260617_231439\system_1_opencv_content_contour\selected_manifest.csv,0.50263477,0.79917247,31,0,1.41565324,0.96065433,13,1,0.00018891,0.93264770,14,1,score;blue_marker_ratio;border_foreground_ratio;center_foreground_ratio;contrast;dirty_mark_center_score;dirty_mark_found;dirty_mark_margin_score;dirty_mark_ratio;edge_density;entropy;estimated_background_ratio;exposure_score;flat_ratio;foreground_ratio;high_frequency_energy;laplacian_variance;largest_component_area;largest_component_ratio;largest_flat_background_ratio;local_std_mean;material_border_ratio;material_center_ratio;material_largest_component_area;material_largest_component_ratio;material_ratio;mean_brightness;quality_gate_pass;read_ok;tenengrad
system_1_opencv_content_contour,dirty_positive,1,8,0.83559109,2,dirty_positive/dirty_1_76.jpg,BacktestSelection\run_20260617_231439\system_1_opencv_content_contour\dirty_positive\dirty_1_76.jpg,370,1.10693576,1,1.jpg,system_1_opencv_content_contour,dirty_positive\dirty_1_76_mask.jpg,0,1025,jittered_positive,0.00003052,0.99980469,0.99993896,23.47513168,0.95128847,1.00000000,0.00000000,0.05187988,0.11393738,0.75334764,0.02217102,0.99465942,0.05458069,0.99984741,0.12622614,166.77508968,65526.00000000,0.99984741,0.00148010,9.50695992,0.94936523,0.99176025,64083.00000000,0.97782898,0.97782898,170.19404602,1.00000000,1.00000000,3200.34277344,BacktestSelection\run_20260617_231439\system_1_opencv_content_contour\selected_manifest.csv,0.45538662,0.50677328,70,0,1.51219995,1.00000000,7,1,0.00038674,1.00000000,8,1,score;blue_marker_ratio;border_foreground_ratio;center_foreground_ratio;contrast;dirty_mark_center_score;dirty_mark_found;dirty_mark_margin_score;dirty_mark_ratio;edge_density;entropy;estimated_background_ratio;exposure_score;flat_ratio;foreground_ratio;high_frequency_energy;laplacian_variance;largest_component_area;largest_component_ratio;largest_flat_background_ratio;local_std_mean;material_border_ratio;material_center_ratio;material_largest_component_area;material_largest_component_ratio;material_ratio;mean_brightness;quality_gate_pass;read_ok;tenengrad
system_1_opencv_content_contour,dirty_positive,1,9,0.82860069,2,dirty_positive/dirty_7_89.jpg,BacktestSelection\run_20260617_231439\system_1_opencv_content_contour\dirty_positive\dirty_7_89.jpg,465,1.05561172,7,7.jpg,system_1_opencv_content_contour,dirty_positive\dirty_7_89_mask.jpg,277,720,centered_positive,0.00000000,1.00000000,1.00000000,19.38449798,0.84998820,1.00000000,0.00000000,0.06166077,0.14044189,0.69031684,0.03939819,0.99137878,0.06834412,0.99461365,0.32169190,334.69653007,65183.00000000,0.99461365,0.02760315,11.53149319,0.98955078,0.99682617,62954.00000000,0.96060181,0.96060181,164.88308716,1.00000000,1.00000000,5396.06347656,BacktestSelection\run_20260617_231439\system_1_opencv_content_contour\selected_manifest.csv,0.54064022,1.00000000,2,1,1.20089669,0.48580206,46,0,0.00031028,1.00000000,2,1,score;blue_marker_ratio;border_foreground_ratio;center_foreground_ratio;contrast;dirty_mark_center_score;dirty_mark_found;dirty_mark_margin_score;dirty_mark_ratio;edge_density;entropy;estimated_background_ratio;exposure_score;flat_ratio;foreground_ratio;high_frequency_energy;laplacian_variance;largest_component_area;largest_component_ratio;largest_flat_background_ratio;local_std_mean;material_border_ratio;material_center_ratio;material_largest_component_area;material_largest_component_ratio;material_ratio;mean_brightness;quality_gate_pass;read_ok;tenengrad
system_1_opencv_content_contour,dirty_positive,1,10,0.81153741,1,dirty_positive/dirty_9_30.jpg,BacktestSelection\run_20260617_231439\system_1_opencv_content_contour\dirty_positive\dirty_9_30.jpg,470,1.03681769,9,9.jpg,system_1_opencv_content_contour,dirty_positive\dirty_9_30_mask.jpg,570,657,jittered_positive,0.00000000,1.00000000,1.00000000,27.23481483,0.53146476,1.00000000,0.00000000,0.02424622,0.22270203,0.77505080,0.03039551,0.98916626,0.04713440,1.00000000,0.21568269,945.17148583,65536.00000000,1.00000000,0.00000000,14.20793533,0.92075195,0.99969482,63530.00000000,0.96939087,0.96960449,152.43190002,1.00000000,1.00000000,8920.76855469,BacktestSelection\run_20260617_231439\system_1_opencv_content_contour\selected_manifest.csv,0.53504551,0.99974909,11,1,1.24545419,0.58432400,32,0,0.00017468,0.85053912,17,0,score;blue_marker_ratio;border_foreground_ratio;center_foreground_ratio;contrast;dirty_mark_center_score;dirty_mark_found;dirty_mark_margin_score;dirty_mark_ratio;edge_density;entropy;estimated_background_ratio;exposure_score;flat_ratio;foreground_ratio;high_frequency_energy;laplacian_variance;largest_component_area;largest_component_ratio;largest_flat_background_ratio;local_std_mean;material_border_ratio;material_center_ratio;material_largest_component_area;material_largest_component_ratio;material_ratio;mean_brightness;quality_gate_pass;read_ok;tenengrad
system_1_opencv_content_contour,dirty_positive,1,11,0.80304096,1,dirty_positive/dirty_1_66.jpg,BacktestSelection\run_20260617_231439\system_1_opencv_content_contour\dirty_positive\dirty_1_66.jpg,363,1.10951352,1,1.jpg,system_1_opencv_content_contour,dirty_positive\dirty_1_66_mask.jpg,0,1028,jittered_positive,0.00004578,0.99965820,0.99993896,23.52024911,0.95030993,1.00000000,0.00000000,0.05104065,0.11372375,0.75317113,0.02139282,0.99462128,0.05438232,0.99984741,0.12382153,163.87585450,65526.00000000,0.99984741,0.00141907,9.44973183,0.95297852,0.99237061,64134.00000000,0.97860718,0.97860718,169.88372803,1.00000000,1.00000000,3158.03125000,BacktestSelection\run_20260617_231439\system_1_opencv_content_contour\selected_manifest.csv,0.48753401,0.70572016,38,0,1.29930870,0.70340271,27,0,0.00086961,1.00000000,9,1,score;blue_marker_ratio;border_foreground_ratio;center_foreground_ratio;contrast;dirty_mark_center_score;dirty_mark_found;dirty_mark_margin_score;dirty_mark_ratio;edge_density;entropy;estimated_background_ratio;exposure_score;flat_ratio;foreground_ratio;high_frequency_energy;laplacian_variance;largest_component_area;largest_component_ratio;largest_flat_background_ratio;local_std_mean;material_border_ratio;material_center_ratio;material_largest_component_area;material_largest_component_ratio;material_ratio;mean_brightness;quality_gate_pass;read_ok;tenengrad
system_1_opencv_content_contour,dirty_positive,1,12,0.79153412,1,dirty_positive/dirty_1_96.jpg,BacktestSelection\run_20260617_231439\system_1_opencv_content_contour\dirty_positive\dirty_1_96.jpg,419,1.08778176,1,1.jpg,system_1_opencv_content_contour,dirty_positive\dirty_1_96_mask.jpg,672,1109,jittered_positive,0.00000000,0.99980469,1.00000000,18.76115337,0.91158186,1.00000000,1.00000000,0.00900269,0.12956238,0.69908245,0.02976990,0.99946594,0.06686401,0.99996948,0.26353621,228.45301658,65534.00000000,0.99996948,0.00712585,10.42568016,0.93115234,0.97137451,63484.00000000,0.96868896,0.97023010,142.23422241,1.00000000,1.00000000,4306.93115234,BacktestSelection\run_20260617_231439\system_1_opencv_content_contour\selected_manifest.csv,0.50906250,0.83895105,24,0,1.43035904,0.99317058,12,1,0.00012128,0.54248074,36,0,score;blue_marker_ratio;border_foreground_ratio;center_foreground_ratio;contrast;dirty_mark_center_score;dirty_mark_found;dirty_mark_margin_score;dirty_mark_ratio;edge_density;entropy;estimated_background_ratio;exposure_score;flat_ratio;foreground_ratio;high_frequency_energy;laplacian_variance;largest_component_area;largest_component_ratio;largest_flat_background_ratio;local_std_mean;material_border_ratio;material_center_ratio;material_largest_component_area;material_largest_component_ratio;material_ratio;mean_brightness;quality_gate_pass;read_ok;tenengrad
system_1_opencv_content_contour,dirty_positive,1,13,0.77183269,2,dirty_positive/dirty_10_53.jpg,BacktestSelection\run_20260617_231439\system_1_opencv_content_contour\dirty_positive\dirty_10_53.jpg,304,1.15868916,10,10.jpg,system_1_opencv_content_contour,dirty_positive\dirty_10_53_mask.jpg,313,812,centered_positive,0.00000000,1.00000000,1.00000000,22.46435880,0.99672081,1.00000000,1.00000000,0.02069092,0.21865845,0.73505060,0.00584412,0.99141693,0.02508545,1.00000000,0.34068263,1051.13855594,65536.00000000,1.00000000,0.00006104,14.31306934,0.99624023,0.98394775,65153.00000000,0.99415588,0.99415588,162.10589600,1.00000000,1.00000000,9056.90722656,BacktestSelection\run_20260617_231439\system_1_opencv_content_contour\selected_manifest.csv,0.53132433,0.97672025,12,1,1.43289313,0.99877378,11,1,0.00008619,0.34000404,69,0,score;blue_marker_ratio;border_foreground_ratio;center_foreground_ratio;contrast;dirty_mark_center_score;dirty_mark_found;dirty_mark_margin_score;dirty_mark_ratio;edge_density;entropy;estimated_background_ratio;exposure_score;flat_ratio;foreground_ratio;high_frequency_energy;laplacian_variance;largest_component_area;largest_component_ratio;largest_flat_background_ratio;local_std_mean;material_border_ratio;material_center_ratio;material_largest_component_area;material_largest_component_ratio;material_ratio;mean_brightness;quality_gate_pass;read_ok;tenengrad
system_1_opencv_content_contour,dirty_positive,1,14,0.74907372,0,dirty_positive/dirty_8_57.jpg,BacktestSelection\run_20260617_231439\system_1_opencv_content_contour\dirty_positive\dirty_8_57.jpg,464,1.05582578,8,8.jpg,system_1_opencv_content_contour,dirty_positive\dirty_8_57_mask.jpg,19,533,centered_positive,0.00000000,0.99990234,1.00000000,22.62333979,0.99758812,1.00000000,1.00000000,0.02235413,0.16267395,0.73722204,0.02790833,0.98107910,0.07806396,0.99996948,0.18691260,373.30697065,65534.00000000,0.99996948,0.00871277,10.61038589,0.95141602,0.98541260,63633.00000000,0.97096252,0.97209167,179.80581665,1.00000000,1.00000000,4733.17871094,BacktestSelection\run_20260617_231439\system_1_opencv_content_contour\selected_manifest.csv,0.48450451,0.68697183,40,0,1.38454705,0.89187483,19,0,0.00014310,0.66837450,22,0,score;blue_marker_ratio;border_foreground_ratio;center_foreground_ratio;contrast;dirty_mark_center_score;dirty_mark_found;dirty_mark_margin_score;dirty_mark_ratio;edge_density;entropy;estimated_background_ratio;exposure_score;flat_ratio;foreground_ratio;high_frequency_energy;laplacian_variance;largest_component_area;largest_component_ratio;largest_flat_background_ratio;local_std_mean;material_border_ratio;material_center_ratio;material_largest_component_area;material_largest_component_ratio;material_ratio;mean_brightness;quality_gate_pass;read_ok;tenengrad
system_1_opencv_content_contour,dirty_positive,1,15,0.74556221,1,dirty_positive/dirty_7_78.jpg,BacktestSelection\run_20260617_231439\system_1_opencv_content_contour\dirty_positive\dirty_7_78.jpg,434,1.07896102,7,7.jpg,system_1_opencv_content_contour,dirty_positive\dirty_7_78_mask.jpg,52,547,jittered_positive,0.00000000,1.00000000,0.99768066,19.85894233,0.65289823,1.00000000,0.00000000,0.02084351,0.18774414,0.70271873,0.01121521,0.98329163,0.03173828,0.99926758,0.30416873,437.19990205,65488.00000000,0.99926758,0.00447083,12.17059326,0.99062500,0.98004150,64801.00000000,0.98878479,0.98878479,182.20945740,1.00000000,1.00000000,5816.37792969,BacktestSelection\run_20260617_231439\system_1_opencv_content_contour\selected_manifest.csv,0.51381095,0.86833720,19,0,1.16905933,0.41540588,57,0,0.00019243,0.95294353,13,1,score;blue_marker_ratio;border_foreground_ratio;center_foreground_ratio;contrast;dirty_mark_center_score;dirty_mark_found;dirty_mark_margin_score;dirty_mark_ratio;edge_density;entropy;estimated_background_ratio;exposure_score;flat_ratio;foreground_ratio;high_frequency_energy;laplacian_variance;largest_component_area;largest_component_ratio;largest_flat_background_ratio;local_std_mean;material_border_ratio;material_center_ratio;material_largest_component_area;material_largest_component_ratio;material_ratio;mean_brightness;quality_gate_pass;read_ok;tenengrad
system_1_opencv_content_contour,dirty_positive,1,16,0.72718701,1,dirty_positive/dirty_8_60.jpg,BacktestSelection\run_20260617_231439\system_1_opencv_content_contour\dirty_positive\dirty_8_60.jpg,474,1.01797850,8,8.jpg,system_1_opencv_content_contour,dirty_positive\dirty_8_60_mask.jpg,81,587,jittered_positive,0.00000000,1.00000000,1.00000000,22.99087026,0.54729350,1.00000000,0.32812500,0.02224731,0.16339111,0.73633822,0.02998352,0.98863220,0.07995605,1.00000000,0.20864563,410.58430431,65536.00000000,1.00000000,0.00617981,10.99259090,0.98344727,0.94555664,63566.00000000,0.96994019,0.97001648,171.51327515,1.00000000,1.00000000,5213.25830078,BacktestSelection\run_20260617_231439\system_1_opencv_content_contour\selected_manifest.csv,0.44828450,0.46282117,79,0,1.32257098,0.75483838,23,0,0.00019433,0.96390149,12,1,score;blue_marker_ratio;border_foreground_ratio;center_foreground_ratio;contrast;dirty_mark_center_score;dirty_mark_found;dirty_mark_margin_score;dirty_mark_ratio;edge_density;entropy;estimated_background_ratio;exposure_score;flat_ratio;foreground_ratio;high_frequency_energy;laplacian_variance;largest_component_area;largest_component_ratio;largest_flat_background_ratio;local_std_mean;material_border_ratio;material_center_ratio;material_largest_component_area;material_largest_component_ratio;material_ratio;mean_brightness;quality_gate_pass;read_ok;tenengrad
system_1_opencv_content_contour,dirty_positive,1,17,0.72295320,2,dirty_positive/dirty_10_77.jpg,BacktestSelection\run_20260617_231439\system_1_opencv_content_contour\dirty_positive\dirty_10_77.jpg,305,1.15446554,10,10.jpg,system_1_opencv_content_contour,dirty_positive\dirty_10_77_mask.jpg,327,1005,centered_positive,0.00000000,1.00000000,1.00000000,25.58709580,0.99749733,1.00000000,1.00000000,0.02229309,0.24023438,0.76980742,0.00254822,0.98428345,0.00840759,1.00000000,0.31766793,986.44455099,65536.00000000,1.00000000,0.00036621,16.05605316,0.99384766,0.99938965,65369.00000000,0.99745178,0.99745178,164.71900940,1.00000000,1.00000000,10227.88476562,BacktestSelection\run_20260617_231439\system_1_opencv_content_contour\selected_manifest.csv,0.54314481,1.00000000,10,1,1.49715371,1.00000000,10,1,0.00005653,0.16885960,116,0,score;blue_marker_ratio;border_foreground_ratio;center_foreground_ratio;contrast;dirty_mark_center_score;dirty_mark_found;dirty_mark_margin_score;dirty_mark_ratio;edge_density;entropy;estimated_background_ratio;exposure_score;flat_ratio;foreground_ratio;high_frequency_energy;laplacian_variance;largest_component_area;largest_component_ratio;largest_flat_background_ratio;local_std_mean;material_border_ratio;material_center_ratio;material_largest_component_area;material_largest_component_ratio;material_ratio;mean_brightness;quality_gate_pass;read_ok;tenengrad
system_1_opencv_content_contour,dirty_positive,1,23,0.63562889,2,dirty_positive/dirty_10_80.jpg,BacktestSelection\run_20260617_231439\system_1_opencv_content_contour\dirty_positive\dirty_10_80.jpg,309,1.14688123,10,10.jpg,system_1_opencv_content_contour,dirty_positive\dirty_10_80_mask.jpg,311,1014,jittered_positive,0.00000000,1.00000000,1.00000000,25.21987257,0.89993268,1.00000000,0.95312500,0.02210999,0.23519897,0.76720977,0.00254822,0.98390198,0.00852966,1.00000000,0.30241755,933.03286830,65536.00000000,1.00000000,0.00056458,15.70679665,0.99418945,0.99908447,65363.00000000,0.99736023,0.99745178,166.07795715,1.00000000,1.00000000,9740.51953125,BacktestSelection\run_20260617_231439\system_1_opencv_content_contour\selected_manifest.csv,0.52832480,0.95815739,14,1,1.41014911,0.94848404,14,1,0.00002730,0.00024524,190,0,score;blue_marker_ratio;border_foreground_ratio;center_foreground_ratio;contrast;dirty_mark_center_score;dirty_mark_found;dirty_mark_margin_score;dirty_mark_ratio;edge_density;entropy;estimated_background_ratio;exposure_score;flat_ratio;foreground_ratio;high_frequency_energy;laplacian_variance;largest_component_area;largest_component_ratio;largest_flat_background_ratio;local_std_mean;material_border_ratio;material_center_ratio;material_largest_component_area;material_largest_component_ratio;material_ratio;mean_brightness;quality_gate_pass;read_ok;tenengrad
system_2_edge_texture_sharpness,clean_negative,1,1,1.00000000,3,clean_negative/clean_7_18.jpg,BacktestSelection\run_20260617_231439\system_2_edge_texture_sharpness\clean_negative\clean_7_18.jpg,241,0.34629715,7,7.jpg,system_2_edge_texture_sharpness,,174,1031,sliding_window_clean,0.00000000,0.99970703,0.98632812,18.85433435,0.00000000,0.00000000,0.00000000,0.00000000,0.10049438,0.66123660,0.14569092,0.98497009,0.18844604,0.99568176,0.26300329,194.66944957,65253.00000000,0.99568176,0.09645081,9.83811569,0.76191406,0.92138672,55968.00000000,0.85400391,0.85430908,172.78684998,1.00000000,1.00000000,3995.18188477,BacktestSelection\run_20260617_231439\system_2_edge_texture_sharpness\selected_manifest.csv,0.57794010,1.00000000,7,1,1.58615633,1.00000000,3,1,0.00039358,1.00000000,4,1,score;blue_marker_ratio;border_foreground_ratio;center_foreground_ratio;contrast;dirty_mark_center_score;dirty_mark_found;dirty_mark_margin_score;dirty_mark_ratio;edge_density;entropy;estimated_background_ratio;exposure_score;flat_ratio;foreground_ratio;high_frequency_energy;laplacian_variance;largest_component_area;largest_component_ratio;largest_flat_background_ratio;local_std_mean;material_border_ratio;material_center_ratio;material_largest_component_area;material_largest_component_ratio;material_ratio;mean_brightness;quality_gate_pass;read_ok;tenengrad
system_2_edge_texture_sharpness,clean_negative,1,2,0.99996381,3,clean_negative/clean_4_189.jpg,BacktestSelection\run_20260617_231439\system_2_edge_texture_sharpness\clean_negative\clean_4_189.jpg,256,0.16867196,4,4.jpg,system_2_edge_texture_sharpness,,419,808,sliding_window_clean,0.00000000,1.00000000,1.00000000,14.74916028,0.00000000,0.00000000,0.00000000,0.00000000,0.06190491,0.64856005,0.18576050,0.99961853,0.25549316,1.00000000,0.20318548,129.82775855,65536.00000000,1.00000000,0.15556335,7.01956463,0.81928711,0.94470215,53110.00000000,0.81039429,0.81423950,154.55143738,1.00000000,1.00000000,1986.90124512,BacktestSelection\run_20260617_231439\system_2_edge_texture_sharpness\selected_manifest.csv,0.64366784,1.00000000,14,1,1.44672925,0.99989142,16,1,0.00008972,1.00000000,6,1,score;blue_marker_ratio;border_foreground_ratio;center_foreground_ratio;contrast;dirty_mark_center_score;dirty_mark_found;dirty_mark_margin_score;dirty_mark_ratio;edge_density;entropy;estimated_background_ratio;exposure_score;flat_ratio;foreground_ratio;high_frequency_energy;laplacian_variance;largest_component_area;largest_component_ratio;largest_flat_background_ratio;local_std_mean;material_border_ratio;material_center_ratio;material_largest_component_area;material_largest_component_ratio;material_ratio;mean_brightness;quality_gate_pass;read_ok;tenengrad
system_2_edge_texture_sharpness,clean_negative,1,3,0.98700981,3,clean_negative/clean_7_22.jpg,BacktestSelection\run_20260617_231439\system_2_edge_texture_sharpness\clean_negative\clean_7_22.jpg,230,0.38733207,7,7.jpg,system_2_edge_texture_sharpness,,174,1079,sliding_window_clean,0.00000000,0.99995117,0.98547363,19.76448258,0.00000000,0.00000000,0.00000000,0.00000000,0.10568237,0.68017594,0.12515259,0.98237610,0.16372681,0.99560547,0.24907795,205.63823790,65248.00000000,0.99560547,0.08372498,10.16889668,0.79121094,0.92333984,57319.00000000,0.87461853,0.87484741,173.73559570,1.00000000,1.00000000,4108.23535156,BacktestSelection\run_20260617_231439\system_2_edge_texture_sharpness\selected_manifest.csv,0.55109803,0.96102943,22,1,1.60997601,1.00000000,12,1,0.00039239,1.00000000,5,1,score;blue_marker_ratio;border_foreground_ratio;center_foreground_ratio;contrast;dirty_mark_center_score;dirty_mark_found;dirty_mark_margin_score;dirty_mark_ratio;edge_density;entropy;estimated_background_ratio;exposure_score;flat_ratio;foreground_ratio;high_frequency_energy;laplacian_variance;largest_component_area;largest_component_ratio;largest_flat_background_ratio;local_std_mean;material_border_ratio;material_center_ratio;material_largest_component_area;material_largest_component_ratio;material_ratio;mean_brightness;quality_gate_pass;read_ok;tenengrad
system_2_edge_texture_sharpness,clean_negative,1,4,0.97479570,3,clean_negative/clean_5_73.jpg,BacktestSelection\run_20260617_231439\system_2_edge_texture_sharpness\clean_negative\clean_5_73.jpg,200,0.58945826,5,5.jpg,system_2_edge_texture_sharpness,,638,761,sliding_window_clean,0.00000000,1.00000000,1.00000000,26.15198807,0.00000000,0.00000000,0.00000000,0.00000000,0.14533997,0.74541736,0.16253662,0.99362946,0.21739197,1.00000000,0.14089343,408.13615207,65536.00000000,1.00000000,0.01000977,9.92748070,0.62651367,0.99127197,54327.00000000,0.82896423,0.83746338,151.34759521,1.00000000,1.00000000,4875.18945312,BacktestSelection\run_20260617_231439\system_2_edge_texture_sharpness\selected_manifest.csv,0.54420574,0.92438710,24,1,1.48275145,1.00000000,11,1,0.00014869,1.00000000,3,1,score;blue_marker_ratio;border_foreground_ratio;center_foreground_ratio;contrast;dirty_mark_center_score;dirty_mark_found;dirty_mark_margin_score;dirty_mark_ratio;edge_density;entropy;estimated_background_ratio;exposure_score;flat_ratio;foreground_ratio;high_frequency_energy;laplacian_variance;largest_component_area;largest_component_ratio;largest_flat_background_ratio;local_std_mean;material_border_ratio;material_center_ratio;material_largest_component_area;material_largest_component_ratio;material_ratio;mean_brightness;quality_gate_pass;read_ok;tenengrad
system_2_edge_texture_sharpness,clean_negative,1,5,0.96991107,2,clean_negative/clean_15_16.jpg,BacktestSelection\run_20260617_231439\system_2_edge_texture_sharpness\clean_negative\clean_15_16.jpg,110,0.80471672,15,15.jpg,system_2_edge_texture_sharpness,,68,848,sliding_window_clean,0.00000000,0.99926758,0.98999023,19.59920702,0.00000000,0.00000000,0.00000000,0.00000000,0.18394470,0.69672298,0.06381226,0.98092651,0.06242371,0.99566650,0.32813501,521.30817662,65252.00000000,0.99566650,0.03390503,12.09883976,0.93437500,0.96954346,61344.00000000,0.93603516,0.93618774,176.24014282,1.00000000,1.00000000,6260.87011719,BacktestSelection\run_20260617_231439\system_2_edge_texture_sharpness\selected_manifest.csv,0.54144939,0.90973321,25,0,1.51750954,1.00000000,2,1,0.00025043,1.00000000,15,1,score;blue_marker_ratio;border_foreground_ratio;center_foreground_ratio;contrast;dirty_mark_center_score;dirty_mark_found;dirty_mark_margin_score;dirty_mark_ratio;edge_density;entropy;estimated_background_ratio;exposure_score;flat_ratio;foreground_ratio;high_frequency_energy;laplacian_variance;largest_component_area;largest_component_ratio;largest_flat_background_ratio;local_std_mean;material_border_ratio;material_center_ratio;material_largest_component_area;material_largest_component_ratio;material_ratio;mean_brightness;quality_gate_pass;read_ok;tenengrad
system_2_edge_texture_sharpness,clean_negative,1,6,0.93969134,2,clean_negative/clean_15_34.jpg,BacktestSelection\run_20260617_231439\system_2_edge_texture_sharpness\clean_negative\clean_15_34.jpg,296,0.52722580,15,15.jpg,system_2_edge_texture_sharpness,,192,1040,sliding_window_clean,0.00000000,1.00000000,1.00000000,23.53936527,0.00000000,0.00000000,0.00000000,0.00000000,0.16143799,0.73732742,0.18750000,0.97070312,0.19325256,0.99986267,0.20337518,445.99551216,65527.00000000,0.99986267,0.18070984,11.27755928,0.78339844,0.88287354,52579.00000000,0.80229187,0.81250000,176.58750916,1.00000000,1.00000000,5740.10986328,BacktestSelection\run_20260617_231439\system_2_edge_texture_sharpness\selected_manifest.csv,0.61295253,1.00000000,15,1,1.36146323,0.81907403,31,0,0.00030814,1.00000000,2,1,score;blue_marker_ratio;border_foreground_ratio;center_foreground_ratio;contrast;dirty_mark_center_score;dirty_mark_found;dirty_mark_margin_score;dirty_mark_ratio;edge_density;entropy;estimated_background_ratio;exposure_score;flat_ratio;foreground_ratio;high_frequency_energy;laplacian_variance;largest_component_area;largest_component_ratio;largest_flat_background_ratio;local_std_mean;material_border_ratio;material_center_ratio;material_largest_component_area;material_largest_component_ratio;material_ratio;mean_brightness;quality_gate_pass;read_ok;tenengrad
system_2_edge_texture_sharpness,clean_negative,1,7,0.93553440,2,clean_negative/clean_15_15.jpg,BacktestSelection\run_20260617_231439\system_2_edge_texture_sharpness\clean_negative\clean_15_15.jpg,134,0.77744776,15,15.jpg,system_2_edge_texture_sharpness,,48,848,sliding_window_clean,0.00000000,0.99951172,0.99066162,19.58616659,0.00000000,0.00000000,0.00000000,0.00000000,0.17631531,0.69750730,0.07244873,0.98115540,0.07090759,0.99682617,0.31479210,512.58483247,65328.00000000,0.99682617,0.03399658,11.82220554,0.89501953,0.96014404,60769.00000000,0.92726135,0.92755127,176.02813721,1.00000000,1.00000000,6055.87695312,BacktestSelection\run_20260617_231439\system_2_edge_texture_sharpness\selected_manifest.csv,0.52205101,0.80660320,35,0,1.58125066,1.00000000,15,1,0.00023576,1.00000000,10,1,score;blue_marker_ratio;border_foreground_ratio;center_foreground_ratio;contrast;dirty_mark_center_score;dirty_mark_found;dirty_mark_margin_score;dirty_mark_ratio;edge_density;entropy;estimated_background_ratio;exposure_score;flat_ratio;foreground_ratio;high_frequency_energy;laplacian_variance;largest_component_area;largest_component_ratio;largest_flat_background_ratio;local_std_mean;material_border_ratio;material_center_ratio;material_largest_component_area;material_largest_component_ratio;material_ratio;mean_brightness;quality_gate_pass;read_ok;tenengrad
system_2_edge_texture_sharpness,clean_negative,1,8,0.89920616,2,clean_negative/clean_9_131.jpg,BacktestSelection\run_20260617_231439\system_2_edge_texture_sharpness\clean_negative\clean_9_131.jpg,122,0.78720502,9,9.jpg,system_2_edge_texture_sharpness,,571,891,sliding_window_clean,0.00000000,0.98994141,1.00000000,22.79904593,0.00000000,0.00000000,0.00000000,0.00000000,0.18627930,0.73048878,0.15512085,0.99626160,0.16510010,0.99833679,0.27794588,754.27648294,65427.00000000,0.99833679,0.08018494,12.36130810,0.67968750,0.99224854,55336.00000000,0.84436035,0.84487915,138.79586792,1.00000000,1.00000000,7563.97265625,BacktestSelection\run_20260617_231439\system_2_edge_texture_sharpness\selected_manifest.csv,0.57074620,1.00000000,6,1,1.30418980,0.69761848,48,0,0.00008304,1.00000000,9,1,score;blue_marker_ratio;border_foreground_ratio;center_foreground_ratio;contrast;dirty_mark_center_score;dirty_mark_found;dirty_mark_margin_score;dirty_mark_ratio;edge_density;entropy;estimated_background_ratio;exposure_score;flat_ratio;foreground_ratio;high_frequency_energy;laplacian_variance;largest_component_area;largest_component_ratio;largest_flat_background_ratio;local_std_mean;material_border_ratio;material_center_ratio;material_largest_component_area;material_largest_component_ratio;material_ratio;mean_brightness;quality_gate_pass;read_ok;tenengrad
system_2_edge_texture_sharpness,clean_negative,1,9,0.89868341,2,clean_negative/clean_5_91.jpg,BacktestSelection\run_20260617_231439\system_2_edge_texture_sharpness\clean_negative\clean_5_91.jpg,191,0.61380250,5,5.jpg,system_2_edge_texture_sharpness,,637,820,sliding_window_clean,0.00000000,1.00000000,1.00000000,27.43040591,0.00000000,0.00000000,0.00000000,0.00000000,0.14465332,0.75513538,0.14984131,0.99362946,0.20040894,1.00000000,0.12960678,407.04900314,65536.00000000,1.00000000,0.00006104,10.08936596,0.68037109,0.97399902,55143.00000000,0.84141541,0.85015869,150.16842651,1.00000000,1.00000000,4983.05468750,BacktestSelection\run_20260617_231439\system_2_edge_texture_sharpness\selected_manifest.csv,0.50125638,0.69605023,62,0,1.50038782,1.00000000,10,1,0.00012971,1.00000000,13,1,score;blue_marker_ratio;border_foreground_ratio;center_foreground_ratio;contrast;dirty_mark_center_score;dirty_mark_found;dirty_mark_margin_score;dirty_mark_ratio;edge_density;entropy;estimated_background_ratio;exposure_score;flat_ratio;foreground_ratio;high_frequency_energy;laplacian_variance;largest_component_area;largest_component_ratio;largest_flat_background_ratio;local_std_mean;material_border_ratio;material_center_ratio;material_largest_component_area;material_largest_component_ratio;material_ratio;mean_brightness;quality_gate_pass;read_ok;tenengrad
system_2_edge_texture_sharpness,clean_negative,1,10,0.89609949,2,clean_negative/clean_1_57.jpg,BacktestSelection\run_20260617_231439\system_2_edge_texture_sharpness\clean_negative\clean_1_57.jpg,114,0.80002927,1,1.jpg,system_2_edge_texture_sharpness,,268,528,sliding_window_clean,0.00000000,1.00000000,1.00000000,16.57771045,0.00000000,0.00000000,0.00000000,0.00000000,0.12367249,0.64008880,0.04095459,0.99588013,0.09782410,1.00000000,0.40096763,609.99991392,65536.00000000,1.00000000,0.00038147,10.58472157,0.98779297,0.91369629,62847.00000000,0.95896912,0.95904541,151.44747925,1.00000000,1.00000000,5799.37207031,BacktestSelection\run_20260617_231439\system_2_edge_texture_sharpness\selected_manifest.csv,0.50138282,0.69672240,61,0,1.70788951,1.00000000,4,1,0.00006951,0.99157607,17,1,score;blue_marker_ratio;border_foreground_ratio;center_foreground_ratio;contrast;dirty_mark_center_score;dirty_mark_found;dirty_mark_margin_score;dirty_mark_ratio;edge_density;entropy;estimated_background_ratio;exposure_score;flat_ratio;foreground_ratio;high_frequency_energy;laplacian_variance;largest_component_area;largest_component_ratio;largest_flat_background_ratio;local_std_mean;material_border_ratio;material_center_ratio;material_largest_component_area;material_largest_component_ratio;material_ratio;mean_brightness;quality_gate_pass;read_ok;tenengrad
system_2_edge_texture_sharpness,clean_negative,1,11,0.87752340,2,clean_negative/clean_5_86.jpg,BacktestSelection\run_20260617_231439\system_2_edge_texture_sharpness\clean_negative\clean_5_86.jpg,186,0.62467160,5,5.jpg,system_2_edge_texture_sharpness,,637,809,sliding_window_clean,0.00000000,1.00000000,1.00000000,27.30573904,0.00000000,0.00000000,0.00000000,0.00000000,0.14619446,0.75473062,0.14593506,0.99370575,0.19624329,1.00000000,0.13233307,413.14934011,65536.00000000,1.00000000,0.00001526,10.15917587,0.68710938,0.97869873,55908.00000000,0.85308838,0.85406494,150.51385498,1.00000000,1.00000000,5035.15380859,BacktestSelection\run_20260617_231439\system_2_edge_texture_sharpness\selected_manifest.csv,0.48931602,0.63257020,78,0,1.56563984,1.00000000,14,1,0.00011782,1.00000000,14,1,score;blue_marker_ratio;border_foreground_ratio;center_foreground_ratio;contrast;dirty_mark_center_score;dirty_mark_found;dirty_mark_margin_score;dirty_mark_ratio;edge_density;entropy;estimated_background_ratio;exposure_score;flat_ratio;foreground_ratio;high_frequency_energy;laplacian_variance;largest_component_area;largest_component_ratio;largest_flat_background_ratio;local_std_mean;material_border_ratio;material_center_ratio;material_largest_component_area;material_largest_component_ratio;material_ratio;mean_brightness;quality_gate_pass;read_ok;tenengrad
system_2_edge_texture_sharpness,clean_negative,1,12,0.78776103,1,clean_negative/clean_11_43.jpg,BacktestSelection\run_20260617_231439\system_2_edge_texture_sharpness\clean_negative\clean_11_43.jpg,297,0.39842698,11,11.jpg,system_2_edge_texture_sharpness,,700,728,sliding_window_clean,0.00000000,1.00000000,1.00000000,23.74691092,0.00000000,0.00000000,0.00000000,0.00000000,0.08711243,0.72442611,0.10290527,0.99759674,0.20028687,1.00000000,0.12786932,173.16167372,65536.00000000,1.00000000,0.00007629,8.73596764,0.90947266,0.89672852,58731.00000000,0.89616394,0.89709473,136.15431213,1.00000000,1.00000000,3029.54785156,BacktestSelection\run_20260617_231439\system_2_edge_texture_sharpness\selected_manifest.csv,0.51951099,0.79309939,40,0,1.24409681,0.57018370,72,0,0.00011043,1.00000000,1,1,score;blue_marker_ratio;border_foreground_ratio;center_foreground_ratio;contrast;dirty_mark_center_score;dirty_mark_found;dirty_mark_margin_score;dirty_mark_ratio;edge_density;entropy;estimated_background_ratio;exposure_score;flat_ratio;foreground_ratio;high_frequency_energy;laplacian_variance;largest_component_area;largest_component_ratio;largest_flat_background_ratio;local_std_mean;material_border_ratio;material_center_ratio;material_largest_component_area;material_largest_component_ratio;material_ratio;mean_brightness;quality_gate_pass;read_ok;tenengrad
system_2_edge_texture_sharpness,clean_negative,1,13,0.76817120,1,clean_negative/clean_4_55.jpg,BacktestSelection\run_20260617_231439\system_2_edge_texture_sharpness\clean_negative\clean_4_55.jpg,259,0.13296670,4,4.jpg,system_2_edge_texture_sharpness,,144,192,sliding_window_clean,0.00000000,0.99985352,1.00000000,17.94664424,0.00000000,0.00000000,0.00000000,0.00000000,0.05975342,0.68721072,0.17672729,0.98519897,0.23733521,0.99989319,0.15212317,82.68749661,65529.00000000,0.99989319,0.13244629,7.49837065,0.66630859,0.97039795,53603.00000000,0.81791687,0.82327271,189.66477966,1.00000000,1.00000000,1970.34106445,BacktestSelection\run_20260617_231439\system_2_edge_texture_sharpness\selected_manifest.csv,0.60035532,1.00000000,11,1,1.26794460,0.62075595,61,0,0.00004918,0.68375765,30,0,score;blue_marker_ratio;border_foreground_ratio;center_foreground_ratio;contrast;dirty_mark_center_score;dirty_mark_found;dirty_mark_margin_score;dirty_mark_ratio;edge_density;entropy;estimated_background_ratio;exposure_score;flat_ratio;foreground_ratio;high_frequency_energy;laplacian_variance;largest_component_area;largest_component_ratio;largest_flat_background_ratio;local_std_mean;material_border_ratio;material_center_ratio;material_largest_component_area;material_largest_component_ratio;material_ratio;mean_brightness;quality_gate_pass;read_ok;tenengrad
system_2_edge_texture_sharpness,clean_negative,1,14,0.75507170,1,clean_negative/clean_3_34.jpg,BacktestSelection\run_20260617_231439\system_2_edge_texture_sharpness\clean_negative\clean_3_34.jpg,45,0.90830566,3,3.jpg,system_2_edge_texture_sharpness,,288,862,sliding_window_clean,0.00000000,0.99995117,1.00000000,25.95189080,0.00000000,0.00000000,0.00000000,0.00000000,0.23600769,0.78374863,0.00973511,0.95304108,0.01066589,0.99998474,0.20804814,747.72292934,65535.00000000,0.99998474,0.00605774,13.52356911,0.96049805,0.99810791,64898.00000000,0.99026489,0.99026489,186.82424927,1.00000000,1.00000000,7323.00878906,BacktestSelection\run_20260617_231439\system_2_edge_texture_sharpness\selected_manifest.csv,0.49984521,0.68854783,65,0,1.57532792,1.00000000,8,1,0.00004210,0.57666727,49,0,score;blue_marker_ratio;border_foreground_ratio;center_foreground_ratio;contrast;dirty_mark_center_score;dirty_mark_found;dirty_mark_margin_score;dirty_mark_ratio;edge_density;entropy;estimated_background_ratio;exposure_score;flat_ratio;foreground_ratio;high_frequency_energy;laplacian_variance;largest_component_area;largest_component_ratio;largest_flat_background_ratio;local_std_mean;material_border_ratio;material_center_ratio;material_largest_component_area;material_largest_component_ratio;material_ratio;mean_brightness;quality_gate_pass;read_ok;tenengrad
system_2_edge_texture_sharpness,clean_negative,1,15,0.74065667,0,clean_negative/clean_2_12.jpg,BacktestSelection\run_20260617_231439\system_2_edge_texture_sharpness\clean_negative\clean_2_12.jpg,228,0.39821347,2,2.jpg,system_2_edge_texture_sharpness,,48,144,sliding_window_clean,0.00000000,1.00000000,0.99896240,19.28693323,0.00000000,0.00000000,0.00000000,0.00000000,0.11447144,0.70748019,0.10958862,0.97642517,0.13450623,0.99916077,0.18960074,209.30476332,65481.00000000,0.99916077,0.03297424,9.22884178,0.81660156,0.91894531,58344.00000000,0.89025879,0.89041138,191.30441284,1.00000000,1.00000000,3207.12597656,BacktestSelection\run_20260617_231439\system_2_edge_texture_sharpness\selected_manifest.csv,0.52149887,0.80366783,38,0,1.25297621,0.58901360,68,0,0.00005879,0.82928858,25,0,score;blue_marker_ratio;border_foreground_ratio;center_foreground_ratio;contrast;dirty_mark_center_score;dirty_mark_found;dirty_mark_margin_score;dirty_mark_ratio;edge_density;entropy;estimated_background_ratio;exposure_score;flat_ratio;foreground_ratio;high_frequency_energy;laplacian_variance;largest_component_area;largest_component_ratio;largest_flat_background_ratio;local_std_mean;material_border_ratio;material_center_ratio;material_largest_component_area;material_largest_component_ratio;material_ratio;mean_brightness;quality_gate_pass;read_ok;tenengrad
system_2_edge_texture_sharpness,clean_negative,1,16,0.73990442,1,clean_negative/clean_7_46.jpg,BacktestSelection\run_20260617_231439\system_2_edge_texture_sharpness\clean_negative\clean_7_46.jpg,269,0.27576597,7,7.jpg,system_2_edge_texture_sharpness,,144,1175,sliding_window_clean,0.00000000,0.99047852,1.00000000,22.01355476,0.00000000,0.00000000,0.00000000,0.00000000,0.10014343,0.72738949,0.18661499,0.98355865,0.22520447,0.99638367,0.16751483,181.39532469,65299.00000000,0.99638367,0.15800476,9.31752396,0.60249023,0.99133301,53306.00000000,0.81338501,0.81338501,171.46557617,1.00000000,1.00000000,3529.25537109,BacktestSelection\run_20260617_231439\system_2_edge_texture_sharpness\selected_manifest.csv,0.61721622,1.00000000,1,1,1.31533374,0.72125062,41,0,0.00003693,0.49846265,61,0,score;blue_marker_ratio;border_foreground_ratio;center_foreground_ratio;contrast;dirty_mark_center_score;dirty_mark_found;dirty_mark_margin_score;dirty_mark_ratio;edge_density;entropy;estimated_background_ratio;exposure_score;flat_ratio;foreground_ratio;high_frequency_energy;laplacian_variance;largest_component_area;largest_component_ratio;largest_flat_background_ratio;local_std_mean;material_border_ratio;material_center_ratio;material_largest_component_area;material_largest_component_ratio;material_ratio;mean_brightness;quality_gate_pass;read_ok;tenengrad
system_2_edge_texture_sharpness,clean_negative,1,17,0.73415165,1,clean_negative/clean_7_58.jpg,BacktestSelection\run_20260617_231439\system_2_edge_texture_sharpness\clean_negative\clean_7_58.jpg,246,0.31937936,7,7.jpg,system_2_edge_texture_sharpness,,144,1220,sliding_window_clean,0.00000000,1.00000000,1.00000000,23.70770196,0.00000000,0.00000000,0.00000000,0.00000000,0.10583496,0.75295568,0.16450500,0.98264313,0.20468140,0.99978638,0.14854223,183.50747618,65522.00000000,0.99978638,0.14469910,9.66798592,0.62709961,0.99328613,54728.00000000,0.83508301,0.83549500,171.27893066,1.00000000,1.00000000,3660.95898438,BacktestSelection\run_20260617_231439\system_2_edge_texture_sharpness\selected_manifest.csv,0.56030635,1.00000000,10,1,1.22253277,0.52445444,83,0,0.00004880,0.67800051,32,0,score;blue_marker_ratio;border_foreground_ratio;center_foreground_ratio;contrast;dirty_mark_center_score;dirty_mark_found;dirty_mark_margin_score;dirty_mark_ratio;edge_density;entropy;estimated_background_ratio;exposure_score;flat_ratio;foreground_ratio;high_frequency_energy;laplacian_variance;largest_component_area;largest_component_ratio;largest_flat_background_ratio;local_std_mean;material_border_ratio;material_center_ratio;material_largest_component_area;material_largest_component_ratio;material_ratio;mean_brightness;quality_gate_pass;read_ok;tenengrad
system_2_edge_texture_sharpness,clean_negative,1,18,0.71768612,1,clean_negative/clean_15_71.jpg,BacktestSelection\run_20260617_231439\system_2_edge_texture_sharpness\clean_negative\clean_15_71.jpg,82,0.85132382,15,15.jpg,system_2_edge_texture_sharpness,,288,1184,sliding_window_clean,0.00000000,0.99707031,0.99798584,23.80361497,0.00000000,0.00000000,0.00000000,0.00000000,0.18905640,0.75045141,0.01341248,0.97379303,0.02322388,0.99794006,0.24600767,487.49690028,65401.00000000,0.99794006,0.00334167,13.22267914,0.97753906,0.99407959,64652.00000000,0.98651123,0.98658752,174.36534119,1.00000000,1.00000000,6833.03027344,BacktestSelection\run_20260617_231439\system_2_edge_texture_sharpness\selected_manifest.csv,0.49649011,0.67071071,68,0,1.41211686,0.92649146,23,1,0.00004073,0.55585620,51,0,score;blue_marker_ratio;border_foreground_ratio;center_foreground_ratio;contrast;dirty_mark_center_score;dirty_mark_found;dirty_mark_margin_score;dirty_mark_ratio;edge_density;entropy;estimated_background_ratio;exposure_score;flat_ratio;foreground_ratio;high_frequency_energy;laplacian_variance;largest_component_area;largest_component_ratio;largest_flat_background_ratio;local_std_mean;material_border_ratio;material_center_ratio;material_largest_component_area;material_largest_component_ratio;material_ratio;mean_brightness;quality_gate_pass;read_ok;tenengrad
system_2_edge_texture_sharpness,clean_negative,1,19,0.70999342,1,clean_negative/clean_4_41.jpg,BacktestSelection\run_20260617_231439\system_2_edge_texture_sharpness\clean_negative\clean_4_41.jpg,255,0.21566373,4,4.jpg,system_2_edge_texture_sharpness,,144,144,sliding_window_clean,0.00000000,0.99975586,1.00000000,17.28246548,0.00000000,0.00000000,0.00000000,0.00000000,0.05619812,0.68506416,0.11708069,0.98767853,0.18669128,0.99984741,0.15866867,80.59963252,65526.00000000,0.99984741,0.06022644,7.48770332,0.77089844,0.95690918,57741.00000000,0.88105774,0.88291931,192.54292297,1.00000000,1.00000000,1862.78894043,BacktestSelection\run_20260617_231439\system_2_edge_texture_sharpness\selected_manifest.csv,0.55352250,0.97391893,20,1,1.34877649,0.79217019,36,0,0.00002804,0.36389113,82,0,score;blue_marker_ratio;border_foreground_ratio;center_foreground_ratio;contrast;dirty_mark_center_score;dirty_mark_found;dirty_mark_margin_score;dirty_mark_ratio;edge_density;entropy;estimated_background_ratio;exposure_score;flat_ratio;foreground_ratio;high_frequency_energy;laplacian_variance;largest_component_area;largest_component_ratio;largest_flat_background_ratio;local_std_mean;material_border_ratio;material_center_ratio;material_largest_component_area;material_largest_component_ratio;material_ratio;mean_brightness;quality_gate_pass;read_ok;tenengrad
system_2_edge_texture_sharpness,clean_negative,1,20,0.69830012,1,clean_negative/clean_4_84.jpg,BacktestSelection\run_20260617_231439\system_2_edge_texture_sharpness\clean_negative\clean_4_84.jpg,258,0.16123136,4,4.jpg,system_2_edge_texture_sharpness,,202,278,sliding_window_clean,0.00000000,0.94448242,1.00000000,17.90888361,0.00000000,0.00000000,0.00000000,0.00000000,0.06391907,0.67491500,0.19448853,0.98718262,0.23707581,0.96769714,0.15708113,93.00251768,62465.00000000,0.95314026,0.06837463,7.67555904,0.68784180,0.94946289,51815.00000000,0.79063416,0.80551147,186.52484131,1.00000000,1.00000000,2111.75878906,BacktestSelection\run_20260617_231439\system_2_edge_texture_sharpness\selected_manifest.csv,0.63048559,1.00000000,12,1,1.12252098,0.31236680,145,0,0.00005570,0.78253358,26,0,score;blue_marker_ratio;border_foreground_ratio;center_foreground_ratio;contrast;dirty_mark_center_score;dirty_mark_found;dirty_mark_margin_score;dirty_mark_ratio;edge_density;entropy;estimated_background_ratio;exposure_score;flat_ratio;foreground_ratio;high_frequency_energy;laplacian_variance;largest_component_area;largest_component_ratio;largest_flat_background_ratio;local_std_mean;material_border_ratio;material_center_ratio;material_largest_component_area;material_largest_component_ratio;material_ratio;mean_brightness;quality_gate_pass;read_ok;tenengrad
system_2_edge_texture_sharpness,clean_negative,1,21,0.69358009,0,clean_negative/clean_15_56.jpg,BacktestSelection\run_20260617_231439\system_2_edge_texture_sharpness\clean_negative\clean_15_56.jpg,170,0.71636008,15,15.jpg,system_2_edge_texture_sharpness,,240,1136,sliding_window_clean,0.00000000,1.00000000,0.99566650,24.25486102,0.00000000,0.00000000,0.00000000,0.00000000,0.18991089,0.75515676,0.11209106,0.96719360,0.11604309,0.99873352,0.22559531,492.92848411,65453.00000000,0.99873352,0.10433960,12.76639843,0.73032227,0.99127197,58185.00000000,0.88783264,0.88790894,177.73663330,1.00000000,1.00000000,6762.00878906,BacktestSelection\run_20260617_231439\system_2_edge_texture_sharpness\selected_manifest.csv,0.51472323,0.76764566,46,0,1.31345269,0.71726163,43,0,0.00004337,0.59583298,43,0,score;blue_marker_ratio;border_foreground_ratio;center_foreground_ratio;contrast;dirty_mark_center_score;dirty_mark_found;dirty_mark_margin_score;dirty_mark_ratio;edge_density;entropy;estimated_background_ratio;exposure_score;flat_ratio;foreground_ratio;high_frequency_energy;laplacian_variance;largest_component_area;largest_component_ratio;largest_flat_background_ratio;local_std_mean;material_border_ratio;material_center_ratio;material_largest_component_area;material_largest_component_ratio;material_ratio;mean_brightness;quality_gate_pass;read_ok;tenengrad
system_2_edge_texture_sharpness,clean_negative,1,22,0.68854807,1,clean_negative/clean_6_205.jpg,BacktestSelection\run_20260617_231439\system_2_edge_texture_sharpness\clean_negative\clean_6_205.jpg,300,0.81132126,6,6.jpg,system_2_edge_texture_sharpness,,480,1165,sliding_window_clean,0.00000000,0.99531250,1.00000000,21.85166974,0.00000000,0.00000000,0.00000000,0.00000000,0.15550232,0.72928127,0.01721191,0.99286652,0.04847717,0.99926758,0.25803635,437.20709968,65488.00000000,0.99926758,0.00152588,11.74821472,0.96362305,0.99847412,64400.00000000,0.98266602,0.98278809,156.85653687,1.00000000,1.00000000,5914.65283203,BacktestSelection\run_20260617_231439\system_2_edge_texture_sharpness\selected_manifest.csv,0.44219414,0.38205046,145,0,1.41800126,0.93897008,21,1,0.00005320,0.74462365,28,0,score;blue_marker_ratio;border_foreground_ratio;center_foreground_ratio;contrast;dirty_mark_center_score;dirty_mark_found;dirty_mark_margin_score;dirty_mark_ratio;edge_density;entropy;estimated_background_ratio;exposure_score;flat_ratio;foreground_ratio;high_frequency_energy;laplacian_variance;largest_component_area;largest_component_ratio;largest_flat_background_ratio;local_std_mean;material_border_ratio;material_center_ratio;material_largest_component_area;material_largest_component_ratio;material_ratio;mean_brightness;quality_gate_pass;read_ok;tenengrad
system_2_edge_texture_sharpness,clean_negative,1,23,0.68276537,1,clean_negative/clean_15_29.jpg,BacktestSelection\run_20260617_231439\system_2_edge_texture_sharpness\clean_negative\clean_15_29.jpg,199,0.58960825,15,15.jpg,system_2_edge_texture_sharpness,,191,992,sliding_window_clean,0.00000000,0.99975586,1.00000000,22.47641747,0.00000000,0.00000000,0.00000000,0.00000000,0.16407776,0.72531875,0.14283752,0.97474670,0.15203857,0.99977112,0.22852851,436.33738604,65521.00000000,0.99977112,0.13603210,11.44902802,0.81552734,0.93365479,55423.00000000,0.84568787,0.85716248,176.72781372,1.00000000,1.00000000,5752.85351562,BacktestSelection\run_20260617_231439\system_2_edge_texture_sharpness\selected_manifest.csv,0.50438566,0.71268679,58,0,1.13348120,0.33560932,135,0,0.00009095,1.00000000,7,1,score;blue_marker_ratio;border_foreground_ratio;center_foreground_ratio;contrast;dirty_mark_center_score;dirty_mark_found;dirty_mark_margin_score;dirty_mark_ratio;edge_density;entropy;estimated_background_ratio;exposure_score;flat_ratio;foreground_ratio;high_frequency_energy;laplacian_variance;largest_component_area;largest_component_ratio;largest_flat_background_ratio;local_std_mean;material_border_ratio;material_center_ratio;material_largest_component_area;material_largest_component_ratio;material_ratio;mean_brightness;quality_gate_pass;read_ok;tenengrad
system_2_edge_texture_sharpness,clean_negative,1,24,0.67939080,1,clean_negative/clean_11_37.jpg,BacktestSelection\run_20260617_231439\system_2_edge_texture_sharpness\clean_negative\clean_11_37.jpg,208,0.50339169,11,11.jpg,system_2_edge_texture_sharpness,,700,682,sliding_window_clean,0.00000000,1.00000000,1.00000000,25.07298948,0.00000000,0.00000000,0.00000000,0.00000000,0.10380554,0.75568263,0.06842041,0.99626160,0.14547729,1.00000000,0.13949502,203.22102641,65536.00000000,1.00000000,0.00006104,9.72403049,0.93740234,0.91210938,61037.00000000,0.93135071,0.93157959,141.71618652,1.00000000,1.00000000,3652.72192383,BacktestSelection\run_20260617_231439\system_2_edge_texture_sharpness\selected_manifest.csv,0.45041455,0.42575359,132,0,1.26401314,0.61241880,62,0,0.00008806,1.00000000,8,1,score;blue_marker_ratio;border_foreground_ratio;center_foreground_ratio;contrast;dirty_mark_center_score;dirty_mark_found;dirty_mark_margin_score;dirty_mark_ratio;edge_density;entropy;estimated_background_ratio;exposure_score;flat_ratio;foreground_ratio;high_frequency_energy;laplacian_variance;largest_component_area;largest_component_ratio;largest_flat_background_ratio;local_std_mean;material_border_ratio;material_center_ratio;material_largest_component_area;material_largest_component_ratio;material_ratio;mean_brightness;quality_gate_pass;read_ok;tenengrad
system_2_edge_texture_sharpness,clean_negative,1,25,0.67548602,2,clean_negative/clean_14_67.jpg,BacktestSelection\run_20260617_231439\system_2_edge_texture_sharpness\clean_negative\clean_14_67.jpg,136,0.77549189,14,14.jpg,system_2_edge_texture_sharpness,,173,480,sliding_window_clean,0.00000000,0.94555664,1.00000000,18.64183137,0.00000000,0.00000000,0.00000000,0.00000000,0.18630981,0.69270134,0.02996826,0.95773315,0.03588867,0.98222351,0.34003097,468.32585378,64371.00000000,0.98222351,0.01954651,11.92296982,0.91650391,0.99768066,63521.00000000,0.96925354,0.97003174,192.95748901,1.00000000,1.00000000,5839.46386719,BacktestSelection\run_20260617_231439\system_2_edge_texture_sharpness\selected_manifest.csv,0.55623992,0.98836587,18,1,1.03136973,0.11906906,198,0,0.00006472,0.91902314,19,1,score;blue_marker_ratio;border_foreground_ratio;center_foreground_ratio;contrast;dirty_mark_center_score;dirty_mark_found;dirty_mark_margin_score;dirty_mark_ratio;edge_density;entropy;estimated_background_ratio;exposure_score;flat_ratio;foreground_ratio;high_frequency_energy;laplacian_variance;largest_component_area;largest_component_ratio;largest_flat_background_ratio;local_std_mean;material_border_ratio;material_center_ratio;material_largest_component_area;material_largest_component_ratio;material_ratio;mean_brightness;quality_gate_pass;read_ok;tenengrad
system_2_edge_texture_sharpness,clean_negative,1,26,0.66636423,2,clean_negative/clean_14_72.jpg,BacktestSelection\run_20260617_231439\system_2_edge_texture_sharpness\clean_negative\clean_14_72.jpg,119,0.79058562,14,14.jpg,system_2_edge_texture_sharpness,,173,528,sliding_window_clean,0.00000000,0.95449219,1.00000000,18.65749176,0.00000000,0.00000000,0.00000000,0.00000000,0.19161987,0.69147666,0.02510071,0.95826721,0.02819824,0.98500061,0.33493191,488.97878743,64553.00000000,0.98500061,0.01629639,11.88743973,0.92216797,0.99572754,63840.00000000,0.97412109,0.97489929,192.47547913,1.00000000,1.00000000,5778.22949219,BacktestSelection\run_20260617_231439\system_2_edge_texture_sharpness\selected_manifest.csv,0.55832941,0.99947449,16,1,1.03593112,0.12874205,195,0,0.00006154,0.87087616,23,1,score;blue_marker_ratio;border_foreground_ratio;center_foreground_ratio;contrast;dirty_mark_center_score;dirty_mark_found;dirty_mark_margin_score;dirty_mark_ratio;edge_density;entropy;estimated_background_ratio;exposure_score;flat_ratio;foreground_ratio;high_frequency_energy;laplacian_variance;largest_component_area;largest_component_ratio;largest_flat_background_ratio;local_std_mean;material_border_ratio;material_center_ratio;material_largest_component_area;material_largest_component_ratio;material_ratio;mean_brightness;quality_gate_pass;read_ok;tenengrad
system_2_edge_texture_sharpness,dirty_positive,1,1,0.96484303,3,dirty_positive/dirty_13_40.jpg,BacktestSelection\run_20260617_231439\system_2_edge_texture_sharpness\dirty_positive\dirty_13_40.jpg,394,0.95370711,13,13.jpg,system_2_edge_texture_sharpness,dirty_positive\dirty_13_40_mask.jpg,274,518,jittered_positive,0.00000000,1.00000000,1.00000000,26.09115346,0.59359522,1.00000000,0.00000000,0.04132080,0.18266296,0.77606726,0.09114075,0.98680115,0.10638428,1.00000000,0.19707505,602.58990452,65536.00000000,1.00000000,0.00009155,12.83511925,0.99287109,0.83612061,59533.00000000,0.90840149,0.90885925,168.79043579,1.00000000,1.00000000,7034.28515625,BacktestSelection\run_20260617_231439\system_2_edge_texture_sharpness\selected_manifest.csv,0.54238199,0.96135697,13,1,1.94231909,1.00000000,8,1,0.00024415,0.93317212,16,1,score;blue_marker_ratio;border_foreground_ratio;center_foreground_ratio;contrast;dirty_mark_center_score;dirty_mark_found;dirty_mark_margin_score;dirty_mark_ratio;edge_density;entropy;estimated_background_ratio;exposure_score;flat_ratio;foreground_ratio;high_frequency_energy;laplacian_variance;largest_component_area;largest_component_ratio;largest_flat_background_ratio;local_std_mean;material_border_ratio;material_center_ratio;material_largest_component_area;material_largest_component_ratio;material_ratio;mean_brightness;quality_gate_pass;read_ok;tenengrad
system_2_edge_texture_sharpness,dirty_positive,1,2,0.95389283,2,dirty_positive/dirty_11_106.jpg,BacktestSelection\run_20260617_231439\system_2_edge_texture_sharpness\dirty_positive\dirty_11_106.jpg,445,0.81259678,11,11.jpg,system_2_edge_texture_sharpness,dirty_positive\dirty_11_106_mask.jpg,87,1050,jittered_positive,0.00000000,0.99995117,1.00000000,22.72245083,0.76401974,1.00000000,0.12500000,0.04922485,0.20347595,0.74284148,0.10493469,0.95990753,0.10850525,0.99981689,0.24571268,512.84553528,65524.00000000,0.99981689,0.10147095,12.52768421,0.84511719,0.94110107,58659.00000000,0.89506531,0.89506531,188.84283447,1.00000000,1.00000000,6383.88574219,BacktestSelection\run_20260617_231439\system_2_edge_texture_sharpness\selected_manifest.csv,0.54184497,0.95811148,14,1,1.82138353,1.00000000,3,1,0.00023744,0.90356701,18,0,score;blue_marker_ratio;border_foreground_ratio;center_foreground_ratio;contrast;dirty_mark_center_score;dirty_mark_found;dirty_mark_margin_score;dirty_mark_ratio;edge_density;entropy;estimated_background_ratio;exposure_score;flat_ratio;foreground_ratio;high_frequency_energy;laplacian_variance;largest_component_area;largest_component_ratio;largest_flat_background_ratio;local_std_mean;material_border_ratio;material_center_ratio;material_largest_component_area;material_largest_component_ratio;material_ratio;mean_brightness;quality_gate_pass;read_ok;tenengrad
system_2_edge_texture_sharpness,dirty_positive,1,3,0.92586538,2,dirty_positive/dirty_1_67.jpg,BacktestSelection\run_20260617_231439\system_2_edge_texture_sharpness\dirty_positive\dirty_1_67.jpg,478,0.63584680,1,1.jpg,system_2_edge_texture_sharpness,dirty_positive\dirty_1_67_mask.jpg,0,1018,jittered_positive,0.00007629,0.99995117,0.99993896,23.31181806,0.95585945,1.00000000,0.00000000,0.05111694,0.11688232,0.75261513,0.02064514,0.99450684,0.05068970,0.99986267,0.13032548,172.45076240,65527.00000000,0.99986267,0.00138855,9.62142754,0.95825195,0.99255371,64183.00000000,0.97935486,0.97935486,170.93420410,1.00000000,1.00000000,3267.67822266,BacktestSelection\run_20260617_231439\system_2_edge_texture_sharpness\selected_manifest.csv,0.51197589,0.77759614,24,0,2.61898123,1.00000000,7,1,0.00112402,1.00000000,1,1,score;blue_marker_ratio;border_foreground_ratio;center_foreground_ratio;contrast;dirty_mark_center_score;dirty_mark_found;dirty_mark_margin_score;dirty_mark_ratio;edge_density;entropy;estimated_background_ratio;exposure_score;flat_ratio;foreground_ratio;high_frequency_energy;laplacian_variance;largest_component_area;largest_component_ratio;largest_flat_background_ratio;local_std_mean;material_border_ratio;material_center_ratio;material_largest_component_area;material_largest_component_ratio;material_ratio;mean_brightness;quality_gate_pass;read_ok;tenengrad
system_2_edge_texture_sharpness,dirty_positive,1,4,0.91570505,2,dirty_positive/dirty_11_108.jpg,BacktestSelection\run_20260617_231439\system_2_edge_texture_sharpness\dirty_positive\dirty_11_108.jpg,446,0.81224330,11,11.jpg,system_2_edge_texture_sharpness,dirty_positive\dirty_11_108_mask.jpg,86,1043,jittered_positive,0.00000000,0.99965820,1.00000000,22.56922989,0.76037043,1.00000000,0.00000000,0.04991150,0.20223999,0.74027562,0.10292053,0.95967865,0.10629272,0.99969482,0.24908639,513.57025814,65516.00000000,0.99969482,0.09864807,12.55532074,0.85688477,0.93750000,58791.00000000,0.89707947,0.89707947,189.00842285,1.00000000,1.00000000,6411.38916016,BacktestSelection\run_20260617_231439\system_2_edge_texture_sharpness\selected_manifest.csv,0.55583880,1.00000000,6,1,1.65560686,1.00000000,4,1,0.00020197,0.74711514,23,0,score;blue_marker_ratio;border_foreground_ratio;center_foreground_ratio;contrast;dirty_mark_center_score;dirty_mark_found;dirty_mark_margin_score;dirty_mark_ratio;edge_density;entropy;estimated_background_ratio;exposure_score;flat_ratio;foreground_ratio;high_frequency_energy;laplacian_variance;largest_component_area;largest_component_ratio;largest_flat_background_ratio;local_std_mean;material_border_ratio;material_center_ratio;material_largest_component_area;material_largest_component_ratio;material_ratio;mean_brightness;quality_gate_pass;read_ok;tenengrad
system_2_edge_texture_sharpness,dirty_positive,1,5,0.91256625,2,dirty_positive/dirty_10_78.jpg,BacktestSelection\run_20260617_231439\system_2_edge_texture_sharpness\dirty_positive\dirty_10_78.jpg,324,1.09552345,10,10.jpg,system_2_edge_texture_sharpness,dirty_positive\dirty_10_78_mask.jpg,364,1062,jittered_positive,0.00000000,0.99951172,1.00000000,27.39157313,0.62573969,1.00000000,0.46875000,0.02185059,0.22035217,0.78935909,0.02575684,0.98718262,0.03666687,0.99992371,0.25524336,880.79892103,65531.00000000,0.99992371,0.02360535,15.18846798,0.90830078,0.99908447,63848.00000000,0.97424316,0.97424316,158.95738220,1.00000000,1.00000000,9571.93847656,BacktestSelection\run_20260617_231439\system_2_edge_texture_sharpness\selected_manifest.csv,0.55371559,1.00000000,10,1,1.86214295,1.00000000,10,1,0.00019983,0.73769875,25,0,score;blue_marker_ratio;border_foreground_ratio;center_foreground_ratio;contrast;dirty_mark_center_score;dirty_mark_found;dirty_mark_margin_score;dirty_mark_ratio;edge_density;entropy;estimated_background_ratio;exposure_score;flat_ratio;foreground_ratio;high_frequency_energy;laplacian_variance;largest_component_area;largest_component_ratio;largest_flat_background_ratio;local_std_mean;material_border_ratio;material_center_ratio;material_largest_component_area;material_largest_component_ratio;material_ratio;mean_brightness;quality_gate_pass;read_ok;tenengrad
system_2_edge_texture_sharpness,dirty_positive,1,6,0.90804896,2,dirty_positive/dirty_4_77.jpg,BacktestSelection\run_20260617_231439\system_2_edge_texture_sharpness\dirty_positive\dirty_4_77.jpg,496,0.56589523,4,4.jpg,system_2_edge_texture_sharpness,dirty_positive\dirty_4_77_mask.jpg,1,1071,centered_positive,0.00000000,0.99565430,1.00000000,22.76785838,0.70181968,1.00000000,0.00000000,0.04029846,0.13240051,0.73843384,0.17262268,0.99469757,0.19995117,0.99873352,0.19959193,345.81375119,65453.00000000,0.99873352,0.08251953,10.51576614,0.59687500,0.99639893,54060.00000000,0.82489014,0.82737732,157.95193481,1.00000000,1.00000000,4898.57177734,BacktestSelection\run_20260617_231439\system_2_edge_texture_sharpness\selected_manifest.csv,0.65987561,1.00000000,2,1,1.46692165,0.75440136,24,0,0.00025244,0.96974553,13,1,score;blue_marker_ratio;border_foreground_ratio;center_foreground_ratio;contrast;dirty_mark_center_score;dirty_mark_found;dirty_mark_margin_score;dirty_mark_ratio;edge_density;entropy;estimated_background_ratio;exposure_score;flat_ratio;foreground_ratio;high_frequency_energy;laplacian_variance;largest_component_area;largest_component_ratio;largest_flat_background_ratio;local_std_mean;material_border_ratio;material_center_ratio;material_largest_component_area;material_largest_component_ratio;material_ratio;mean_brightness;quality_gate_pass;read_ok;tenengrad
system_2_edge_texture_sharpness,dirty_positive,1,7,0.90616268,2,dirty_positive/dirty_1_66.jpg,BacktestSelection\run_20260617_231439\system_2_edge_texture_sharpness\dirty_positive\dirty_1_66.jpg,481,0.62169272,1,1.jpg,system_2_edge_texture_sharpness,dirty_positive\dirty_1_66_mask.jpg,0,1028,jittered_positive,0.00004578,0.99965820,0.99993896,23.52024911,0.95030993,1.00000000,0.00000000,0.05104065,0.11372375,0.75317113,0.02139282,0.99462128,0.05438232,0.99984741,0.12382153,163.87585450,65526.00000000,0.99984741,0.00141907,9.44973183,0.95297852,0.99237061,64134.00000000,0.97860718,0.97860718,169.88372803,1.00000000,1.00000000,3158.03125000,BacktestSelection\run_20260617_231439\system_2_edge_texture_sharpness\selected_manifest.csv,0.50219554,0.71848803,32,0,2.05368666,1.00000000,5,1,0.00079385,1.00000000,2,1,score;blue_marker_ratio;border_foreground_ratio;center_foreground_ratio;contrast;dirty_mark_center_score;dirty_mark_found;dirty_mark_margin_score;dirty_mark_ratio;edge_density;entropy;estimated_background_ratio;exposure_score;flat_ratio;foreground_ratio;high_frequency_energy;laplacian_variance;largest_component_area;largest_component_ratio;largest_flat_background_ratio;local_std_mean;material_border_ratio;material_center_ratio;material_largest_component_area;material_largest_component_ratio;material_ratio;mean_brightness;quality_gate_pass;read_ok;tenengrad
system_2_edge_texture_sharpness,dirty_positive,1,8,0.86869596,2,dirty_positive/dirty_1_76.jpg,BacktestSelection\run_20260617_231439\system_2_edge_texture_sharpness\dirty_positive\dirty_1_76.jpg,480,0.62522363,1,1.jpg,system_2_edge_texture_sharpness,dirty_positive\dirty_1_76_mask.jpg,0,1025,jittered_positive,0.00003052,0.99980469,0.99993896,23.47513168,0.95128847,1.00000000,0.00000000,0.05187988,0.11393738,0.75334764,0.02217102,0.99465942,0.05458069,0.99984741,0.12622614,166.77508968,65526.00000000,0.99984741,0.00148010,9.50695992,0.94936523,0.99176025,64083.00000000,0.97782898,0.97782898,170.19404602,1.00000000,1.00000000,3200.34277344,BacktestSelection\run_20260617_231439\system_2_edge_texture_sharpness\selected_manifest.csv,0.48359718,0.60608787,46,0,1.96665959,1.00000000,2,1,0.00033068,1.00000000,3,1,score;blue_marker_ratio;border_foreground_ratio;center_foreground_ratio;contrast;dirty_mark_center_score;dirty_mark_found;dirty_mark_margin_score;dirty_mark_ratio;edge_density;entropy;estimated_background_ratio;exposure_score;flat_ratio;foreground_ratio;high_frequency_energy;laplacian_variance;largest_component_area;largest_component_ratio;largest_flat_background_ratio;local_std_mean;material_border_ratio;material_center_ratio;material_largest_component_area;material_largest_component_ratio;material_ratio;mean_brightness;quality_gate_pass;read_ok;tenengrad
system_2_edge_texture_sharpness,dirty_positive,1,9,0.86081513,1,dirty_positive/dirty_10_77.jpg,BacktestSelection\run_20260617_231439\system_2_edge_texture_sharpness\dirty_positive\dirty_10_77.jpg,301,1.15446554,10,10.jpg,system_2_edge_texture_sharpness,dirty_positive\dirty_10_77_mask.jpg,327,1005,centered_positive,0.00000000,1.00000000,1.00000000,25.58709580,0.99749733,1.00000000,1.00000000,0.02229309,0.24023438,0.76980742,0.00254822,0.98428345,0.00840759,1.00000000,0.31766793,986.44455099,65536.00000000,1.00000000,0.00036621,16.05605316,0.99384766,0.99938965,65369.00000000,0.99745178,0.99745178,164.71900940,1.00000000,1.00000000,10227.88476562,BacktestSelection\run_20260617_231439\system_2_edge_texture_sharpness\selected_manifest.csv,0.52459702,0.85387259,18,0,1.45037853,0.72857280,26,0,0.00033308,1.00000000,9,1,score;blue_marker_ratio;border_foreground_ratio;center_foreground_ratio;contrast;dirty_mark_center_score;dirty_mark_found;dirty_mark_margin_score;dirty_mark_ratio;edge_density;entropy;estimated_background_ratio;exposure_score;flat_ratio;foreground_ratio;high_frequency_energy;laplacian_variance;largest_component_area;largest_component_ratio;largest_flat_background_ratio;local_std_mean;material_border_ratio;material_center_ratio;material_largest_component_area;material_largest_component_ratio;material_ratio;mean_brightness;quality_gate_pass;read_ok;tenengrad
system_2_edge_texture_sharpness,dirty_positive,1,10,0.84668077,2,dirty_positive/dirty_5_85.jpg,BacktestSelection\run_20260617_231439\system_2_edge_texture_sharpness\dirty_positive\dirty_5_85.jpg,359,1.04130472,5,5.jpg,system_2_edge_texture_sharpness,dirty_positive\dirty_5_85_mask.jpg,288,940,centered_positive,0.00000000,0.99975586,1.00000000,25.41573169,0.99858737,1.00000000,1.00000000,0.00898743,0.19290161,0.78090405,0.04447937,0.98210907,0.05830383,0.99990845,0.19486703,641.61087164,65530.00000000,0.99990845,0.00848389,12.46318436,0.89467773,0.99835205,62621.00000000,0.95552063,0.95552063,177.74116516,1.00000000,1.00000000,6531.11718750,BacktestSelection\run_20260617_231439\system_2_edge_texture_sharpness\selected_manifest.csv,0.49611907,0.68176457,36,0,1.53345415,0.85827775,15,1,0.00032167,1.00000000,5,1,score;blue_marker_ratio;border_foreground_ratio;center_foreground_ratio;contrast;dirty_mark_center_score;dirty_mark_found;dirty_mark_margin_score;dirty_mark_ratio;edge_density;entropy;estimated_background_ratio;exposure_score;flat_ratio;foreground_ratio;high_frequency_energy;laplacian_variance;largest_component_area;largest_component_ratio;largest_flat_background_ratio;local_std_mean;material_border_ratio;material_center_ratio;material_largest_component_area;material_largest_component_ratio;material_ratio;mean_brightness;quality_gate_pass;read_ok;tenengrad
system_2_edge_texture_sharpness,dirty_positive,1,11,0.80302428,1,dirty_positive/dirty_1_81.jpg,BacktestSelection\run_20260617_231439\system_2_edge_texture_sharpness\dirty_positive\dirty_1_81.jpg,490,0.59864007,1,1.jpg,system_2_edge_texture_sharpness,dirty_positive\dirty_1_81_mask.jpg,0,1048,centered_positive,0.00001526,0.99941406,0.99993896,24.12972782,0.93246514,1.00000000,0.00000000,0.05168152,0.10743713,0.75584078,0.02355957,0.99485016,0.06199646,0.99984741,0.11557253,151.57497945,65526.00000000,0.99984741,0.00180054,9.22707748,0.94863281,0.99243164,63987.00000000,0.97636414,0.97644043,167.51388550,1.00000000,1.00000000,3006.01196289,BacktestSelection\run_20260617_231439\system_2_edge_texture_sharpness\selected_manifest.csv,0.50946055,0.76239455,26,0,1.63796033,1.00000000,6,1,0.00017919,0.64667830,30,0,score;blue_marker_ratio;border_foreground_ratio;center_foreground_ratio;contrast;dirty_mark_center_score;dirty_mark_found;dirty_mark_margin_score;dirty_mark_ratio;edge_density;entropy;estimated_background_ratio;exposure_score;flat_ratio;foreground_ratio;high_frequency_energy;laplacian_variance;largest_component_area;largest_component_ratio;largest_flat_background_ratio;local_std_mean;material_border_ratio;material_center_ratio;material_largest_component_area;material_largest_component_ratio;material_ratio;mean_brightness;quality_gate_pass;read_ok;tenengrad
system_2_edge_texture_sharpness,dirty_positive,1,12,0.80209684,2,dirty_positive/dirty_3_112.jpg,BacktestSelection\run_20260617_231439\system_2_edge_texture_sharpness\dirty_positive\dirty_3_112.jpg,339,1.06810945,3,3.jpg,system_2_edge_texture_sharpness,dirty_positive\dirty_3_112_mask.jpg,254,701,jittered_positive,0.00000000,1.00000000,1.00000000,26.46723683,0.73842862,1.00000000,0.00000000,0.02523804,0.24313354,0.78711311,0.01054382,0.95315552,0.02217102,1.00000000,0.24023464,973.96900349,65536.00000000,1.00000000,0.00103760,14.41905308,0.97456055,0.99810791,64845.00000000,0.98945618,0.98945618,185.06883240,1.00000000,1.00000000,8484.16992188,BacktestSelection\run_20260617_231439\system_2_edge_texture_sharpness\selected_manifest.csv,0.45734976,0.44746025,67,0,1.61896519,0.99178507,12,1,0.00025183,0.96704518,14,1,score;blue_marker_ratio;border_foreground_ratio;center_foreground_ratio;contrast;dirty_mark_center_score;dirty_mark_found;dirty_mark_margin_score;dirty_mark_ratio;edge_density;entropy;estimated_background_ratio;exposure_score;flat_ratio;foreground_ratio;high_frequency_energy;laplacian_variance;largest_component_area;largest_component_ratio;largest_flat_background_ratio;local_std_mean;material_border_ratio;material_center_ratio;material_largest_component_area;material_largest_component_ratio;material_ratio;mean_brightness;quality_gate_pass;read_ok;tenengrad
system_2_edge_texture_sharpness,dirty_positive,1,13,0.79166407,1,dirty_positive/dirty_12_56.jpg,BacktestSelection\run_20260617_231439\system_2_edge_texture_sharpness\dirty_positive\dirty_12_56.jpg,391,0.95681197,12,12.jpg,system_2_edge_texture_sharpness,dirty_positive\dirty_12_56_mask.jpg,176,409,jittered_positive,0.00000000,0.99921875,1.00000000,20.81645332,0.79098281,1.00000000,0.00000000,0.06355286,0.19044495,0.71525693,0.08990479,0.98657227,0.11125183,0.99952698,0.30249676,692.36750082,65505.00000000,0.99952698,0.06370544,12.40586567,0.91000977,0.76281738,59639.00000000,0.91001892,0.91009521,172.09082031,1.00000000,1.00000000,6724.70068359,BacktestSelection\run_20260617_231439\system_2_edge_texture_sharpness\selected_manifest.csv,0.57151719,1.00000000,7,1,1.27613367,0.45652644,46,0,0.00024082,0.91846576,17,0,score;blue_marker_ratio;border_foreground_ratio;center_foreground_ratio;contrast;dirty_mark_center_score;dirty_mark_found;dirty_mark_margin_score;dirty_mark_ratio;edge_density;entropy;estimated_background_ratio;exposure_score;flat_ratio;foreground_ratio;high_frequency_energy;laplacian_variance;largest_component_area;largest_component_ratio;largest_flat_background_ratio;local_std_mean;material_border_ratio;material_center_ratio;material_largest_component_area;material_largest_component_ratio;material_ratio;mean_brightness;quality_gate_pass;read_ok;tenengrad
system_2_edge_texture_sharpness,dirty_positive,1,14,0.78988620,1,dirty_positive/dirty_1_93.jpg,BacktestSelection\run_20260617_231439\system_2_edge_texture_sharpness\dirty_positive\dirty_1_93.jpg,476,0.67015020,1,1.jpg,system_2_edge_texture_sharpness,dirty_positive\dirty_1_93_mask.jpg,682,1122,centered_positive,0.00000000,0.99868164,1.00000000,18.19430588,0.99780802,1.00000000,1.00000000,0.00885010,0.12648010,0.69156027,0.03517151,0.99954224,0.07400513,0.99975586,0.27162439,225.14631912,65520.00000000,0.99975586,0.01051331,10.26341724,0.92993164,0.96508789,63200.00000000,0.96435547,0.96482849,141.66767883,1.00000000,1.00000000,4178.75292969,BacktestSelection\run_20260617_231439\system_2_edge_texture_sharpness\selected_manifest.csv,0.55162279,1.00000000,5,1,1.51425733,0.82830598,17,0,0.00015531,0.54135263,39,0,score;blue_marker_ratio;border_foreground_ratio;center_foreground_ratio;contrast;dirty_mark_center_score;dirty_mark_found;dirty_mark_margin_score;dirty_mark_ratio;edge_density;entropy;estimated_background_ratio;exposure_score;flat_ratio;foreground_ratio;high_frequency_energy;laplacian_variance;largest_component_area;largest_component_ratio;largest_flat_background_ratio;local_std_mean;material_border_ratio;material_center_ratio;material_largest_component_area;material_largest_component_ratio;material_ratio;mean_brightness;quality_gate_pass;read_ok;tenengrad
system_2_edge_texture_sharpness,dirty_positive,1,15,0.78508062,2,dirty_positive/dirty_15_57.jpg,BacktestSelection\run_20260617_231439\system_2_edge_texture_sharpness\dirty_positive\dirty_15_57.jpg,421,0.87052234,15,15.jpg,system_2_edge_texture_sharpness,dirty_positive\dirty_15_57_mask.jpg,188,570,centered_positive,0.00000000,0.99990234,0.99145508,17.37856852,0.87031962,1.00000000,0.00000000,0.04568481,0.15718079,0.67372727,0.02345276,0.99099731,0.03623962,0.99784851,0.35968065,534.97080179,65395.00000000,0.99784851,0.01354980,11.16039753,0.97539062,0.94476318,63977.00000000,0.97621155,0.97654724,173.13883972,1.00000000,1.00000000,5341.81054688,BacktestSelection\run_20260617_231439\system_2_edge_texture_sharpness\selected_manifest.csv,0.54862625,0.99909452,11,1,1.21184117,0.35614734,59,0,0.00035343,1.00000000,8,1,score;blue_marker_ratio;border_foreground_ratio;center_foreground_ratio;contrast;dirty_mark_center_score;dirty_mark_found;dirty_mark_margin_score;dirty_mark_ratio;edge_density;entropy;estimated_background_ratio;exposure_score;flat_ratio;foreground_ratio;high_frequency_energy;laplacian_variance;largest_component_area;largest_component_ratio;largest_flat_background_ratio;local_std_mean;material_border_ratio;material_center_ratio;material_largest_component_area;material_largest_component_ratio;material_ratio;mean_brightness;quality_gate_pass;read_ok;tenengrad
system_2_edge_texture_sharpness,dirty_positive,1,16,0.76860190,1,dirty_positive/dirty_10_53.jpg,BacktestSelection\run_20260617_231439\system_2_edge_texture_sharpness\dirty_positive\dirty_10_53.jpg,302,1.14770372,10,10.jpg,system_2_edge_texture_sharpness,dirty_positive\dirty_10_53_mask.jpg,313,812,centered_positive,0.00000000,1.00000000,1.00000000,22.46435880,0.99672081,1.00000000,1.00000000,0.02069092,0.21865845,0.73505060,0.00584412,0.99141693,0.02508545,1.00000000,0.34068263,1051.13855594,65536.00000000,1.00000000,0.00006104,14.31306934,0.99624023,0.98394775,65153.00000000,0.99415588,0.99415588,162.10589600,1.00000000,1.00000000,9056.90722656,BacktestSelection\run_20260617_231439\system_2_edge_texture_sharpness\selected_manifest.csv,0.50130905,0.71313048,34,0,1.36333654,0.59267521,32,0,0.00027616,1.00000000,4,1,score;blue_marker_ratio;border_foreground_ratio;center_foreground_ratio;contrast;dirty_mark_center_score;dirty_mark_found;dirty_mark_margin_score;dirty_mark_ratio;edge_density;entropy;estimated_background_ratio;exposure_score;flat_ratio;foreground_ratio;high_frequency_energy;laplacian_variance;largest_component_area;largest_component_ratio;largest_flat_background_ratio;local_std_mean;material_border_ratio;material_center_ratio;material_largest_component_area;material_largest_component_ratio;material_ratio;mean_brightness;quality_gate_pass;read_ok;tenengrad
system_2_edge_texture_sharpness,dirty_positive,1,20,0.75431694,2,dirty_positive/dirty_3_111.jpg,BacktestSelection\run_20260617_231439\system_2_edge_texture_sharpness\dirty_positive\dirty_3_111.jpg,349,1.06079268,3,3.jpg,system_2_edge_texture_sharpness,dirty_positive\dirty_3_111_mask.jpg,204,713,jittered_positive,0.00000000,0.99868164,1.00000000,23.96633206,0.62885809,1.00000000,0.00000000,0.02229309,0.23585510,0.76548807,0.01168823,0.94644165,0.01846313,0.99957275,0.24530716,775.66032648,65508.00000000,0.99957275,0.00389099,13.71625900,0.96528320,0.99414062,64752.00000000,0.98803711,0.98831177,192.69429016,1.00000000,1.00000000,7254.08984375,BacktestSelection\run_20260617_231439\system_2_edge_texture_sharpness\selected_manifest.csv,0.56615192,1.00000000,9,1,1.15214908,0.26295081,76,0,0.00033708,1.00000000,10,1,score;blue_marker_ratio;border_foreground_ratio;center_foreground_ratio;contrast;dirty_mark_center_score;dirty_mark_found;dirty_mark_margin_score;dirty_mark_ratio;edge_density;entropy;estimated_background_ratio;exposure_score;flat_ratio;foreground_ratio;high_frequency_energy;laplacian_variance;largest_component_area;largest_component_ratio;largest_flat_background_ratio;local_std_mean;material_border_ratio;material_center_ratio;material_largest_component_area;material_largest_component_ratio;material_ratio;mean_brightness;quality_gate_pass;read_ok;tenengrad
system_2_edge_texture_sharpness,dirty_positive,1,21,0.74524510,2,dirty_positive/dirty_4_78.jpg,BacktestSelection\run_20260617_231439\system_2_edge_texture_sharpness\dirty_positive\dirty_4_78.jpg,499,0.55005106,4,4.jpg,system_2_edge_texture_sharpness,dirty_positive\dirty_4_78_mask.jpg,62,1119,jittered_positive,0.00000000,1.00000000,1.00000000,22.06120857,0.81433322,1.00000000,0.00000000,0.03369141,0.11914062,0.73112535,0.11828613,0.99633789,0.16467285,0.99998474,0.19670771,281.93543201,65535.00000000,0.99998474,0.09478760,10.11360550,0.73149414,0.97058105,57765.00000000,0.88142395,0.88171387,152.88508606,1.00000000,1.00000000,4353.45214844,BacktestSelection\run_20260617_231439\system_2_edge_texture_sharpness\selected_manifest.csv,0.57781573,1.00000000,1,1,1.92367944,1.00000000,1,1,0.00008602,0.23573529,90,0,score;blue_marker_ratio;border_foreground_ratio;center_foreground_ratio;contrast;dirty_mark_center_score;dirty_mark_found;dirty_mark_margin_score;dirty_mark_ratio;edge_density;entropy;estimated_background_ratio;exposure_score;flat_ratio;foreground_ratio;high_frequency_energy;laplacian_variance;largest_component_area;largest_component_ratio;largest_flat_background_ratio;local_std_mean;material_border_ratio;material_center_ratio;material_largest_component_area;material_largest_component_ratio;material_ratio;mean_brightness;quality_gate_pass;read_ok;tenengrad
system_2_edge_texture_sharpness,dirty_positive,1,23,0.71604090,2,dirty_positive/dirty_15_42.jpg,BacktestSelection\run_20260617_231439\system_2_edge_texture_sharpness\dirty_positive\dirty_15_42.jpg,420,0.87221097,15,15.jpg,system_2_edge_texture_sharpness,dirty_positive\dirty_15_42_mask.jpg,139,465,jittered_positive,0.00000000,0.99941406,0.99035645,17.63357806,0.75803880,1.00000000,0.00000000,0.04179382,0.16873169,0.68596609,0.04458618,0.99042511,0.05326843,0.99000549,0.34981385,554.76786575,64881.00000000,0.99000549,0.01861572,11.39985085,0.99399414,0.91741943,62579.00000000,0.95487976,0.95541382,179.24034119,1.00000000,1.00000000,5456.17871094,BacktestSelection\run_20260617_231439\system_2_edge_texture_sharpness\selected_manifest.csv,0.56020759,1.00000000,8,1,1.07860203,0.14812271,94,0,0.00065017,1.00000000,7,1,score;blue_marker_ratio;border_foreground_ratio;center_foreground_ratio;contrast;dirty_mark_center_score;dirty_mark_found;dirty_mark_margin_score;dirty_mark_ratio;edge_density;entropy;estimated_background_ratio;exposure_score;flat_ratio;foreground_ratio;high_frequency_energy;laplacian_variance;largest_component_area;largest_component_ratio;largest_flat_background_ratio;local_std_mean;material_border_ratio;material_center_ratio;material_largest_component_area;material_largest_component_ratio;material_ratio;mean_brightness;quality_gate_pass;read_ok;tenengrad
system_2_edge_texture_sharpness,dirty_positive,1,25,0.66149809,2,dirty_positive/dirty_6_23.jpg,BacktestSelection\run_20260617_231439\system_2_edge_texture_sharpness\dirty_positive\dirty_6_23.jpg,467,0.75002503,6,6.jpg,system_2_edge_texture_sharpness,dirty_positive\dirty_6_23_mask.jpg,166,363,jittered_positive,0.00000000,0.99370117,1.00000000,23.33723256,0.69287439,1.00000000,0.00000000,0.01834106,0.16342163,0.75557605,0.04240417,0.96246338,0.07669067,0.99800110,0.21010002,384.87687357,65405.00000000,0.99800110,0.00714111,11.94236374,0.94833984,0.95825195,62707.00000000,0.95683289,0.95759583,184.53720093,1.00000000,1.00000000,5297.32714844,BacktestSelection\run_20260617_231439\system_2_edge_texture_sharpness\selected_manifest.csv,0.54112769,0.95377652,15,1,1.00425515,0.03204585,142,0,0.00025900,0.99867191,11,1,score;blue_marker_ratio;border_foreground_ratio;center_foreground_ratio;contrast;dirty_mark_center_score;dirty_mark_found;dirty_mark_margin_score;dirty_mark_ratio;edge_density;entropy;estimated_background_ratio;exposure_score;flat_ratio;foreground_ratio;high_frequency_energy;laplacian_variance;largest_component_area;largest_component_ratio;largest_flat_background_ratio;local_std_mean;material_border_ratio;material_center_ratio;material_largest_component_area;material_largest_component_ratio;material_ratio;mean_brightness;quality_gate_pass;read_ok;tenengrad
system_3_numpy_frequency_balance,clean_negative,1,1,1.00000000,3,clean_negative/clean_7_18.jpg,BacktestSelection\run_20260617_231439\system_3_numpy_frequency_balance\clean_negative\clean_7_18.jpg,226,0.57672230,7,7.jpg,system_3_numpy_frequency_balance,,174,1031,sliding_window_clean,0.00000000,0.99970703,0.98632812,18.85433435,0.00000000,0.00000000,0.00000000,0.00000000,0.10049438,0.66123660,0.14569092,0.98497009,0.18844604,0.99568176,0.26300329,194.66944957,65253.00000000,0.99568176,0.09645081,9.83811569,0.76191406,0.92138672,55968.00000000,0.85400391,0.85430908,172.78684998,1.00000000,1.00000000,3995.18188477,BacktestSelection\run_20260617_231439\system_3_numpy_frequency_balance\selected_manifest.csv,0.57349405,1.00000000,10,1,1.44489583,1.00000000,5,1,0.00031579,1.00000000,10,1,score;blue_marker_ratio;border_foreground_ratio;center_foreground_ratio;contrast;dirty_mark_center_score;dirty_mark_found;dirty_mark_margin_score;dirty_mark_ratio;edge_density;entropy;estimated_background_ratio;exposure_score;flat_ratio;foreground_ratio;high_frequency_energy;laplacian_variance;largest_component_area;largest_component_ratio;largest_flat_background_ratio;local_std_mean;material_border_ratio;material_center_ratio;material_largest_component_area;material_largest_component_ratio;material_ratio;mean_brightness;quality_gate_pass;read_ok;tenengrad
system_3_numpy_frequency_balance,clean_negative,1,2,1.00000000,3,clean_negative/clean_11_6.jpg,BacktestSelection\run_20260617_231439\system_3_numpy_frequency_balance\clean_negative\clean_11_6.jpg,297,0.50019560,11,11.jpg,system_3_numpy_frequency_balance,,544,0,sliding_window_clean,0.00000000,0.85083008,0.97558594,17.01413267,0.00000000,0.00000000,0.00000000,0.00000000,0.11625671,0.67596237,0.19853210,0.99103546,0.22865295,0.88565063,0.26229766,261.07147799,57771.00000000,0.88151550,0.11566162,8.90630531,0.73291016,0.89562988,52076.00000000,0.79461670,0.80146790,176.99844360,1.00000000,1.00000000,3496.36523438,BacktestSelection\run_20260617_231439\system_3_numpy_frequency_balance\selected_manifest.csv,0.68950790,1.00000000,9,1,1.72981933,1.00000000,2,1,0.00066476,1.00000000,11,1,score;blue_marker_ratio;border_foreground_ratio;center_foreground_ratio;contrast;dirty_mark_center_score;dirty_mark_found;dirty_mark_margin_score;dirty_mark_ratio;edge_density;entropy;estimated_background_ratio;exposure_score;flat_ratio;foreground_ratio;high_frequency_energy;laplacian_variance;largest_component_area;largest_component_ratio;largest_flat_background_ratio;local_std_mean;material_border_ratio;material_center_ratio;material_largest_component_area;material_largest_component_ratio;material_ratio;mean_brightness;quality_gate_pass;read_ok;tenengrad
system_3_numpy_frequency_balance,clean_negative,1,3,0.99910974,3,clean_negative/clean_4_189.jpg,BacktestSelection\run_20260617_231439\system_3_numpy_frequency_balance\clean_negative\clean_4_189.jpg,256,0.38271084,4,4.jpg,system_3_numpy_frequency_balance,,419,808,sliding_window_clean,0.00000000,1.00000000,1.00000000,14.74916028,0.00000000,0.00000000,0.00000000,0.00000000,0.06190491,0.64856005,0.18576050,0.99961853,0.25549316,1.00000000,0.20318548,129.82775855,65536.00000000,1.00000000,0.15556335,7.01956463,0.81928711,0.94470215,53110.00000000,0.81039429,0.81423950,154.55143738,1.00000000,1.00000000,1986.90124512,BacktestSelection\run_20260617_231439\system_3_numpy_frequency_balance\selected_manifest.csv,0.65247698,1.00000000,2,1,1.42520559,0.99732923,17,1,0.00012309,1.00000000,5,1,score;blue_marker_ratio;border_foreground_ratio;center_foreground_ratio;contrast;dirty_mark_center_score;dirty_mark_found;dirty_mark_margin_score;dirty_mark_ratio;edge_density;entropy;estimated_background_ratio;exposure_score;flat_ratio;foreground_ratio;high_frequency_energy;laplacian_variance;largest_component_area;largest_component_ratio;largest_flat_background_ratio;local_std_mean;material_border_ratio;material_center_ratio;material_largest_component_area;material_largest_component_ratio;material_ratio;mean_brightness;quality_gate_pass;read_ok;tenengrad
system_3_numpy_frequency_balance,clean_negative,1,4,0.98707410,3,clean_negative/clean_7_22.jpg,BacktestSelection\run_20260617_231439\system_3_numpy_frequency_balance\clean_negative\clean_7_22.jpg,222,0.59392851,7,7.jpg,system_3_numpy_frequency_balance,,174,1079,sliding_window_clean,0.00000000,0.99995117,0.98547363,19.76448258,0.00000000,0.00000000,0.00000000,0.00000000,0.10568237,0.68017594,0.12515259,0.98237610,0.16372681,0.99560547,0.24907795,205.63823790,65248.00000000,0.99560547,0.08372498,10.16889668,0.79121094,0.92333984,57319.00000000,0.87461853,0.87484741,173.73559570,1.00000000,1.00000000,4108.23535156,BacktestSelection\run_20260617_231439\system_3_numpy_frequency_balance\selected_manifest.csv,0.55977555,0.96122231,20,1,1.46657506,1.00000000,4,1,0.00037154,1.00000000,3,1,score;blue_marker_ratio;border_foreground_ratio;center_foreground_ratio;contrast;dirty_mark_center_score;dirty_mark_found;dirty_mark_margin_score;dirty_mark_ratio;edge_density;entropy;estimated_background_ratio;exposure_score;flat_ratio;foreground_ratio;high_frequency_energy;laplacian_variance;largest_component_area;largest_component_ratio;largest_flat_background_ratio;local_std_mean;material_border_ratio;material_center_ratio;material_largest_component_area;material_largest_component_ratio;material_ratio;mean_brightness;quality_gate_pass;read_ok;tenengrad
system_3_numpy_frequency_balance,clean_negative,1,5,0.97715988,3,clean_negative/clean_5_73.jpg,BacktestSelection\run_20260617_231439\system_3_numpy_frequency_balance\clean_negative\clean_5_73.jpg,248,0.50724793,5,5.jpg,system_3_numpy_frequency_balance,,638,761,sliding_window_clean,0.00000000,1.00000000,1.00000000,26.15198807,0.00000000,0.00000000,0.00000000,0.00000000,0.14533997,0.74541736,0.16253662,0.99362946,0.21739197,1.00000000,0.14089343,408.13615207,65536.00000000,1.00000000,0.01000977,9.92748070,0.62651367,0.99127197,54327.00000000,0.82896423,0.83746338,151.34759521,1.00000000,1.00000000,4875.18945312,BacktestSelection\run_20260617_231439\system_3_numpy_frequency_balance\selected_manifest.csv,0.55401956,0.93186120,23,1,1.42623108,0.99961845,16,1,0.00017662,1.00000000,8,1,score;blue_marker_ratio;border_foreground_ratio;center_foreground_ratio;contrast;dirty_mark_center_score;dirty_mark_found;dirty_mark_margin_score;dirty_mark_ratio;edge_density;entropy;estimated_background_ratio;exposure_score;flat_ratio;foreground_ratio;high_frequency_energy;laplacian_variance;largest_component_area;largest_component_ratio;largest_flat_background_ratio;local_std_mean;material_border_ratio;material_center_ratio;material_largest_component_area;material_largest_component_ratio;material_ratio;mean_brightness;quality_gate_pass;read_ok;tenengrad
system_3_numpy_frequency_balance,clean_negative,1,6,0.94578515,2,clean_negative/clean_9_131.jpg,BacktestSelection\run_20260617_231439\system_3_numpy_frequency_balance\clean_negative\clean_9_131.jpg,162,0.72650292,9,9.jpg,system_3_numpy_frequency_balance,,571,891,sliding_window_clean,0.00000000,0.98994141,1.00000000,22.79904593,0.00000000,0.00000000,0.00000000,0.00000000,0.18627930,0.73048878,0.15512085,0.99626160,0.16510010,0.99833679,0.27794588,754.27648294,65427.00000000,0.99833679,0.08018494,12.36130810,0.67968750,0.99224854,55336.00000000,0.84436035,0.84487915,138.79586792,1.00000000,1.00000000,7563.97265625,BacktestSelection\run_20260617_231439\system_3_numpy_frequency_balance\selected_manifest.csv,0.58895313,1.00000000,5,1,1.35354325,0.83735546,35,0,0.00007520,1.00000000,13,1,score;blue_marker_ratio;border_foreground_ratio;center_foreground_ratio;contrast;dirty_mark_center_score;dirty_mark_found;dirty_mark_margin_score;dirty_mark_ratio;edge_density;entropy;estimated_background_ratio;exposure_score;flat_ratio;foreground_ratio;high_frequency_energy;laplacian_variance;largest_component_area;largest_component_ratio;largest_flat_background_ratio;local_std_mean;material_border_ratio;material_center_ratio;material_largest_component_area;material_largest_component_ratio;material_ratio;mean_brightness;quality_gate_pass;read_ok;tenengrad
system_3_numpy_frequency_balance,clean_negative,1,7,0.91388372,2,clean_negative/clean_15_16.jpg,BacktestSelection\run_20260617_231439\system_3_numpy_frequency_balance\clean_negative\clean_15_16.jpg,121,0.79650710,15,15.jpg,system_3_numpy_frequency_balance,,68,848,sliding_window_clean,0.00000000,0.99926758,0.98999023,19.59920702,0.00000000,0.00000000,0.00000000,0.00000000,0.18394470,0.69672298,0.06381226,0.98092651,0.06242371,0.99566650,0.32813501,521.30817662,65252.00000000,0.99566650,0.03390503,12.09883976,0.93437500,0.96954346,61344.00000000,0.93603516,0.93618774,176.24014282,1.00000000,1.00000000,6260.87011719,BacktestSelection\run_20260617_231439\system_3_numpy_frequency_balance\selected_manifest.csv,0.51673051,0.74165117,42,0,1.43671812,1.00000000,12,1,0.00016118,1.00000000,15,1,score;blue_marker_ratio;border_foreground_ratio;center_foreground_ratio;contrast;dirty_mark_center_score;dirty_mark_found;dirty_mark_margin_score;dirty_mark_ratio;edge_density;entropy;estimated_background_ratio;exposure_score;flat_ratio;foreground_ratio;high_frequency_energy;laplacian_variance;largest_component_area;largest_component_ratio;largest_flat_background_ratio;local_std_mean;material_border_ratio;material_center_ratio;material_largest_component_area;material_largest_component_ratio;material_ratio;mean_brightness;quality_gate_pass;read_ok;tenengrad
system_3_numpy_frequency_balance,clean_negative,1,8,0.91145775,2,clean_negative/clean_5_91.jpg,BacktestSelection\run_20260617_231439\system_3_numpy_frequency_balance\clean_negative\clean_5_91.jpg,244,0.51626614,5,5.jpg,system_3_numpy_frequency_balance,,637,820,sliding_window_clean,0.00000000,1.00000000,1.00000000,27.43040591,0.00000000,0.00000000,0.00000000,0.00000000,0.14465332,0.75513538,0.14984131,0.99362946,0.20040894,1.00000000,0.12960678,407.04900314,65536.00000000,1.00000000,0.00006104,10.08936596,0.68037109,0.97399902,55143.00000000,0.84141541,0.85015869,150.16842651,1.00000000,1.00000000,4983.05468750,BacktestSelection\run_20260617_231439\system_3_numpy_frequency_balance\selected_manifest.csv,0.51530374,0.73437326,45,0,1.44286817,1.00000000,14,1,0.00015818,1.00000000,7,1,score;blue_marker_ratio;border_foreground_ratio;center_foreground_ratio;contrast;dirty_mark_center_score;dirty_mark_found;dirty_mark_margin_score;dirty_mark_ratio;edge_density;entropy;estimated_background_ratio;exposure_score;flat_ratio;foreground_ratio;high_frequency_energy;laplacian_variance;largest_component_area;largest_component_ratio;largest_flat_background_ratio;local_std_mean;material_border_ratio;material_center_ratio;material_largest_component_area;material_largest_component_ratio;material_ratio;mean_brightness;quality_gate_pass;read_ok;tenengrad
system_3_numpy_frequency_balance,clean_negative,1,9,0.89027816,2,clean_negative/clean_4_55.jpg,BacktestSelection\run_20260617_231439\system_3_numpy_frequency_balance\clean_negative\clean_4_55.jpg,259,0.32154020,4,4.jpg,system_3_numpy_frequency_balance,,144,192,sliding_window_clean,0.00000000,0.99985352,1.00000000,17.94664424,0.00000000,0.00000000,0.00000000,0.00000000,0.05975342,0.68721072,0.17672729,0.98519897,0.23733521,0.99989319,0.15212317,82.68749661,65529.00000000,0.99989319,0.13244629,7.49837065,0.66630859,0.97039795,53603.00000000,0.81791687,0.82327271,189.66477966,1.00000000,1.00000000,1970.34106445,BacktestSelection\run_20260617_231439\system_3_numpy_frequency_balance\selected_manifest.csv,0.62777183,1.00000000,4,1,1.27894801,0.67083447,61,0,0.00007246,1.00000000,6,1,score;blue_marker_ratio;border_foreground_ratio;center_foreground_ratio;contrast;dirty_mark_center_score;dirty_mark_found;dirty_mark_margin_score;dirty_mark_ratio;edge_density;entropy;estimated_background_ratio;exposure_score;flat_ratio;foreground_ratio;high_frequency_energy;laplacian_variance;largest_component_area;largest_component_ratio;largest_flat_background_ratio;local_std_mean;material_border_ratio;material_center_ratio;material_largest_component_area;material_largest_component_ratio;material_ratio;mean_brightness;quality_gate_pass;read_ok;tenengrad
system_3_numpy_frequency_balance,clean_negative,1,10,0.88909689,2,clean_negative/clean_15_15.jpg,BacktestSelection\run_20260617_231439\system_3_numpy_frequency_balance\clean_negative\clean_15_15.jpg,143,0.78160093,15,15.jpg,system_3_numpy_frequency_balance,,48,848,sliding_window_clean,0.00000000,0.99951172,0.99066162,19.58616659,0.00000000,0.00000000,0.00000000,0.00000000,0.17631531,0.69750730,0.07244873,0.98115540,0.07090759,0.99682617,0.31479210,512.58483247,65328.00000000,0.99682617,0.03399658,11.82220554,0.89501953,0.96014404,60769.00000000,0.92726135,0.92755127,176.02813721,1.00000000,1.00000000,6055.87695312,BacktestSelection\run_20260617_231439\system_3_numpy_frequency_balance\selected_manifest.csv,0.50215277,0.66729068,57,0,1.50211076,1.00000000,10,1,0.00014370,1.00000000,12,1,score;blue_marker_ratio;border_foreground_ratio;center_foreground_ratio;contrast;dirty_mark_center_score;dirty_mark_found;dirty_mark_margin_score;dirty_mark_ratio;edge_density;entropy;estimated_background_ratio;exposure_score;flat_ratio;foreground_ratio;high_frequency_energy;laplacian_variance;largest_component_area;largest_component_ratio;largest_flat_background_ratio;local_std_mean;material_border_ratio;material_center_ratio;material_largest_component_area;material_largest_component_ratio;material_ratio;mean_brightness;quality_gate_pass;read_ok;tenengrad
system_3_numpy_frequency_balance,clean_negative,1,11,0.88686078,2,clean_negative/clean_5_86.jpg,BacktestSelection\run_20260617_231439\system_3_numpy_frequency_balance\clean_negative\clean_5_86.jpg,241,0.52632250,5,5.jpg,system_3_numpy_frequency_balance,,637,809,sliding_window_clean,0.00000000,1.00000000,1.00000000,27.30573904,0.00000000,0.00000000,0.00000000,0.00000000,0.14619446,0.75473062,0.14593506,0.99370575,0.19624329,1.00000000,0.13233307,413.14934011,65536.00000000,1.00000000,0.00001526,10.15917587,0.68710938,0.97869873,55908.00000000,0.85308838,0.85406494,150.51385498,1.00000000,1.00000000,5035.15380859,BacktestSelection\run_20260617_231439\system_3_numpy_frequency_balance\selected_manifest.csv,0.50083766,0.66058235,59,0,1.45079257,1.00000000,15,1,0.00014333,1.00000000,4,1,score;blue_marker_ratio;border_foreground_ratio;center_foreground_ratio;contrast;dirty_mark_center_score;dirty_mark_found;dirty_mark_margin_score;dirty_mark_ratio;edge_density;entropy;estimated_background_ratio;exposure_score;flat_ratio;foreground_ratio;high_frequency_energy;laplacian_variance;largest_component_area;largest_component_ratio;largest_flat_background_ratio;local_std_mean;material_border_ratio;material_center_ratio;material_largest_component_area;material_largest_component_ratio;material_ratio;mean_brightness;quality_gate_pass;read_ok;tenengrad
system_3_numpy_frequency_balance,clean_negative,1,12,0.85020307,2,clean_negative/clean_10_107.jpg,BacktestSelection\run_20260617_231439\system_3_numpy_frequency_balance\clean_negative\clean_10_107.jpg,280,0.83675840,10,10.jpg,system_3_numpy_frequency_balance,,192,1197,sliding_window_clean,0.00000000,0.99946289,0.99981689,23.16049923,0.00000000,0.00000000,0.00000000,0.00000000,0.22128296,0.74792496,0.03836060,0.97856140,0.04444885,0.99940491,0.28620490,645.00008762,65497.00000000,0.99940491,0.03108215,14.22658062,0.98129883,0.92083740,63014.00000000,0.96151733,0.96163940,180.30824280,1.00000000,1.00000000,7608.87500000,BacktestSelection\run_20260617_231439\system_3_numpy_frequency_balance\selected_manifest.csv,0.47927837,0.55060922,84,0,1.77291913,1.00000000,9,1,0.00014036,1.00000000,1,1,score;blue_marker_ratio;border_foreground_ratio;center_foreground_ratio;contrast;dirty_mark_center_score;dirty_mark_found;dirty_mark_margin_score;dirty_mark_ratio;edge_density;entropy;estimated_background_ratio;exposure_score;flat_ratio;foreground_ratio;high_frequency_energy;laplacian_variance;largest_component_area;largest_component_ratio;largest_flat_background_ratio;local_std_mean;material_border_ratio;material_center_ratio;material_largest_component_area;material_largest_component_ratio;material_ratio;mean_brightness;quality_gate_pass;read_ok;tenengrad
system_3_numpy_frequency_balance,clean_negative,1,13,0.81626141,2,clean_negative/clean_9_138.jpg,BacktestSelection\run_20260617_231439\system_3_numpy_frequency_balance\clean_negative\clean_9_138.jpg,210,0.64081591,9,9.jpg,system_3_numpy_frequency_balance,,573,901,sliding_window_clean,0.00000000,0.93696289,1.00000000,22.58136682,0.00000000,0.00000000,0.00000000,0.00000000,0.17820740,0.72941645,0.19036865,0.99629974,0.19979858,0.98503113,0.27722976,728.33781363,64555.00000000,0.98503113,0.17770386,12.01779842,0.62709961,0.97290039,52905.00000000,0.80726624,0.80963135,139.16580200,1.00000000,1.00000000,7336.45556641,BacktestSelection\run_20260617_231439\system_3_numpy_frequency_balance\selected_manifest.csv,0.66673470,1.00000000,12,1,1.40285887,0.94744403,21,1,0.00003682,0.50134020,50,0,score;blue_marker_ratio;border_foreground_ratio;center_foreground_ratio;contrast;dirty_mark_center_score;dirty_mark_found;dirty_mark_margin_score;dirty_mark_ratio;edge_density;entropy;estimated_background_ratio;exposure_score;flat_ratio;foreground_ratio;high_frequency_energy;laplacian_variance;largest_component_area;largest_component_ratio;largest_flat_background_ratio;local_std_mean;material_border_ratio;material_center_ratio;material_largest_component_area;material_largest_component_ratio;material_ratio;mean_brightness;quality_gate_pass;read_ok;tenengrad
system_3_numpy_frequency_balance,clean_negative,1,14,0.80247905,2,clean_negative/clean_7_46.jpg,BacktestSelection\run_20260617_231439\system_3_numpy_frequency_balance\clean_negative\clean_7_46.jpg,279,0.39260945,7,7.jpg,system_3_numpy_frequency_balance,,144,1175,sliding_window_clean,0.00000000,0.99047852,1.00000000,22.01355476,0.00000000,0.00000000,0.00000000,0.00000000,0.10014343,0.72738949,0.18661499,0.98355865,0.22520447,0.99638367,0.16751483,181.39532469,65299.00000000,0.99638367,0.15800476,9.31752396,0.60249023,0.99133301,53306.00000000,0.81338501,0.81338501,171.46557617,1.00000000,1.00000000,3529.25537109,BacktestSelection\run_20260617_231439\system_3_numpy_frequency_balance\selected_manifest.csv,0.65220324,1.00000000,8,1,1.42964946,1.00000000,7,1,0.00003058,0.40743714,67,0,score;blue_marker_ratio;border_foreground_ratio;center_foreground_ratio;contrast;dirty_mark_center_score;dirty_mark_found;dirty_mark_margin_score;dirty_mark_ratio;edge_density;entropy;estimated_background_ratio;exposure_score;flat_ratio;foreground_ratio;high_frequency_energy;laplacian_variance;largest_component_area;largest_component_ratio;largest_flat_background_ratio;local_std_mean;material_border_ratio;material_center_ratio;material_largest_component_area;material_largest_component_ratio;material_ratio;mean_brightness;quality_gate_pass;read_ok;tenengrad
system_3_numpy_frequency_balance,clean_negative,1,15,0.79850427,2,clean_negative/clean_4_84.jpg,BacktestSelection\run_20260617_231439\system_3_numpy_frequency_balance\clean_negative\clean_4_84.jpg,258,0.34746718,4,4.jpg,system_3_numpy_frequency_balance,,202,278,sliding_window_clean,0.00000000,0.94448242,1.00000000,17.90888361,0.00000000,0.00000000,0.00000000,0.00000000,0.06391907,0.67491500,0.19448853,0.98718262,0.23707581,0.96769714,0.15708113,93.00251768,62465.00000000,0.95314026,0.06837463,7.67555904,0.68784180,0.94946289,51815.00000000,0.79063416,0.80551147,186.52484131,1.00000000,1.00000000,2111.75878906,BacktestSelection\run_20260617_231439\system_3_numpy_frequency_balance\selected_manifest.csv,0.64115019,1.00000000,3,1,1.16404271,0.41432828,119,0,0.00006872,0.98118452,17,1,score;blue_marker_ratio;border_foreground_ratio;center_foreground_ratio;contrast;dirty_mark_center_score;dirty_mark_found;dirty_mark_margin_score;dirty_mark_ratio;edge_density;entropy;estimated_background_ratio;exposure_score;flat_ratio;foreground_ratio;high_frequency_energy;laplacian_variance;largest_component_area;largest_component_ratio;largest_flat_background_ratio;local_std_mean;material_border_ratio;material_center_ratio;material_largest_component_area;material_largest_component_ratio;material_ratio;mean_brightness;quality_gate_pass;read_ok;tenengrad
system_3_numpy_frequency_balance,clean_negative,1,16,0.77777297,1,clean_negative/clean_3_34.jpg,BacktestSelection\run_20260617_231439\system_3_numpy_frequency_balance\clean_negative\clean_3_34.jpg,283,0.77148989,3,3.jpg,system_3_numpy_frequency_balance,,288,862,sliding_window_clean,0.00000000,0.99995117,1.00000000,25.95189080,0.00000000,0.00000000,0.00000000,0.00000000,0.23600769,0.78374863,0.00973511,0.95304108,0.01066589,0.99998474,0.20804814,747.72292934,65535.00000000,0.99998474,0.00605774,13.52356911,0.96049805,0.99810791,64898.00000000,0.99026489,0.99026489,186.82424927,1.00000000,1.00000000,7323.00878906,BacktestSelection\run_20260617_231439\system_3_numpy_frequency_balance\selected_manifest.csv,0.48467896,0.57815743,77,0,1.77531366,1.00000000,11,1,0.00005370,0.75516149,25,0,score;blue_marker_ratio;border_foreground_ratio;center_foreground_ratio;contrast;dirty_mark_center_score;dirty_mark_found;dirty_mark_margin_score;dirty_mark_ratio;edge_density;entropy;estimated_background_ratio;exposure_score;flat_ratio;foreground_ratio;high_frequency_energy;laplacian_variance;largest_component_area;largest_component_ratio;largest_flat_background_ratio;local_std_mean;material_border_ratio;material_center_ratio;material_largest_component_area;material_largest_component_ratio;material_ratio;mean_brightness;quality_gate_pass;read_ok;tenengrad
system_3_numpy_frequency_balance,clean_negative,1,17,0.77598371,2,clean_negative/clean_7_58.jpg,BacktestSelection\run_20260617_231439\system_3_numpy_frequency_balance\clean_negative\clean_7_58.jpg,269,0.41551837,7,7.jpg,system_3_numpy_frequency_balance,,144,1220,sliding_window_clean,0.00000000,1.00000000,1.00000000,23.70770196,0.00000000,0.00000000,0.00000000,0.00000000,0.10583496,0.75295568,0.16450500,0.98264313,0.20468140,0.99978638,0.14854223,183.50747618,65522.00000000,0.99978638,0.14469910,9.66798592,0.62709961,0.99328613,54728.00000000,0.83508301,0.83549500,171.27893066,1.00000000,1.00000000,3660.95898438,BacktestSelection\run_20260617_231439\system_3_numpy_frequency_balance\selected_manifest.csv,0.60242217,1.00000000,1,1,1.17224031,0.43262800,112,0,0.00006301,0.89532313,20,1,score;blue_marker_ratio;border_foreground_ratio;center_foreground_ratio;contrast;dirty_mark_center_score;dirty_mark_found;dirty_mark_margin_score;dirty_mark_ratio;edge_density;entropy;estimated_background_ratio;exposure_score;flat_ratio;foreground_ratio;high_frequency_energy;laplacian_variance;largest_component_area;largest_component_ratio;largest_flat_background_ratio;local_std_mean;material_border_ratio;material_center_ratio;material_largest_component_area;material_largest_component_ratio;material_ratio;mean_brightness;quality_gate_pass;read_ok;tenengrad
system_3_numpy_frequency_balance,clean_negative,1,18,0.74048886,1,clean_negative/clean_9_137.jpg,BacktestSelection\run_20260617_231439\system_3_numpy_frequency_balance\clean_negative\clean_9_137.jpg,202,0.65124298,9,9.jpg,system_3_numpy_frequency_balance,,571,899,sliding_window_clean,0.00000000,0.95849609,1.00000000,22.61715061,0.00000000,0.00000000,0.00000000,0.00000000,0.18153381,0.72938752,0.18354797,0.99626160,0.19435120,0.99063110,0.27640650,734.41784638,64922.00000000,0.99063110,0.17095947,12.08991432,0.63994141,0.97753906,53347.00000000,0.81401062,0.81645203,138.96498108,1.00000000,1.00000000,7377.69628906,BacktestSelection\run_20260617_231439\system_3_numpy_frequency_balance\selected_manifest.csv,0.65552467,1.00000000,13,1,1.34405699,0.81617901,37,0,0.00003044,0.40528759,68,0,score;blue_marker_ratio;border_foreground_ratio;center_foreground_ratio;contrast;dirty_mark_center_score;dirty_mark_found;dirty_mark_margin_score;dirty_mark_ratio;edge_density;entropy;estimated_background_ratio;exposure_score;flat_ratio;foreground_ratio;high_frequency_energy;laplacian_variance;largest_component_area;largest_component_ratio;largest_flat_background_ratio;local_std_mean;material_border_ratio;material_center_ratio;material_largest_component_area;material_largest_component_ratio;material_ratio;mean_brightness;quality_gate_pass;read_ok;tenengrad
system_3_numpy_frequency_balance,clean_negative,1,19,0.73986965,1,clean_negative/clean_1_57.jpg,BacktestSelection\run_20260617_231439\system_3_numpy_frequency_balance\clean_negative\clean_1_57.jpg,94,0.81020848,1,1.jpg,system_3_numpy_frequency_balance,,268,528,sliding_window_clean,0.00000000,1.00000000,1.00000000,16.57771045,0.00000000,0.00000000,0.00000000,0.00000000,0.12367249,0.64008880,0.04095459,0.99588013,0.09782410,1.00000000,0.40096763,609.99991392,65536.00000000,1.00000000,0.00038147,10.58472157,0.98779297,0.91369629,62847.00000000,0.95896912,0.95904541,151.44747925,1.00000000,1.00000000,5799.37207031,BacktestSelection\run_20260617_231439\system_3_numpy_frequency_balance\selected_manifest.csv,0.44381833,0.36972891,135,0,1.38645434,0.91082376,25,0,0.00006592,0.93905628,19,1,score;blue_marker_ratio;border_foreground_ratio;center_foreground_ratio;contrast;dirty_mark_center_score;dirty_mark_found;dirty_mark_margin_score;dirty_mark_ratio;edge_density;entropy;estimated_background_ratio;exposure_score;flat_ratio;foreground_ratio;high_frequency_energy;laplacian_variance;largest_component_area;largest_component_ratio;largest_flat_background_ratio;local_std_mean;material_border_ratio;material_center_ratio;material_largest_component_area;material_largest_component_ratio;material_ratio;mean_brightness;quality_gate_pass;read_ok;tenengrad
system_3_numpy_frequency_balance,clean_negative,1,20,0.73730099,0,clean_negative/clean_4_41.jpg,BacktestSelection\run_20260617_231439\system_3_numpy_frequency_balance\clean_negative\clean_4_41.jpg,254,0.42702401,4,4.jpg,system_3_numpy_frequency_balance,,144,144,sliding_window_clean,0.00000000,0.99975586,1.00000000,17.28246548,0.00000000,0.00000000,0.00000000,0.00000000,0.05619812,0.68506416,0.11708069,0.98767853,0.18669128,0.99984741,0.15866867,80.59963252,65526.00000000,0.99984741,0.06022644,7.48770332,0.77089844,0.95690918,57741.00000000,0.88105774,0.88291931,192.54292297,1.00000000,1.00000000,1862.78894043,BacktestSelection\run_20260617_231439\system_3_numpy_frequency_balance\selected_manifest.csv,0.54393730,0.88043201,27,0,1.31869737,0.75956804,42,0,0.00004151,0.57190293,41,0,score;blue_marker_ratio;border_foreground_ratio;center_foreground_ratio;contrast;dirty_mark_center_score;dirty_mark_found;dirty_mark_margin_score;dirty_mark_ratio;edge_density;entropy;estimated_background_ratio;exposure_score;flat_ratio;foreground_ratio;high_frequency_energy;laplacian_variance;largest_component_area;largest_component_ratio;largest_flat_background_ratio;local_std_mean;material_border_ratio;material_center_ratio;material_largest_component_area;material_largest_component_ratio;material_ratio;mean_brightness;quality_gate_pass;read_ok;tenengrad
system_3_numpy_frequency_balance,clean_negative,1,21,0.73150295,1,clean_negative/clean_11_43.jpg,BacktestSelection\run_20260617_231439\system_3_numpy_frequency_balance\clean_negative\clean_11_43.jpg,278,0.52440918,11,11.jpg,system_3_numpy_frequency_balance,,700,728,sliding_window_clean,0.00000000,1.00000000,1.00000000,23.74691092,0.00000000,0.00000000,0.00000000,0.00000000,0.08711243,0.72442611,0.10290527,0.99759674,0.20028687,1.00000000,0.12786932,173.16167372,65536.00000000,1.00000000,0.00007629,8.73596764,0.90947266,0.89672852,58731.00000000,0.89616394,0.89709473,136.15431213,1.00000000,1.00000000,3029.54785156,BacktestSelection\run_20260617_231439\system_3_numpy_frequency_balance\selected_manifest.csv,0.49209963,0.61600998,71,0,1.23758506,0.57849886,73,0,0.00009911,1.00000000,2,1,score;blue_marker_ratio;border_foreground_ratio;center_foreground_ratio;contrast;dirty_mark_center_score;dirty_mark_found;dirty_mark_margin_score;dirty_mark_ratio;edge_density;entropy;estimated_background_ratio;exposure_score;flat_ratio;foreground_ratio;high_frequency_energy;laplacian_variance;largest_component_area;largest_component_ratio;largest_flat_background_ratio;local_std_mean;material_border_ratio;material_center_ratio;material_largest_component_area;material_largest_component_ratio;material_ratio;mean_brightness;quality_gate_pass;read_ok;tenengrad
system_3_numpy_frequency_balance,clean_negative,1,22,0.71431191,0,clean_negative/clean_2_12.jpg,BacktestSelection\run_20260617_231439\system_3_numpy_frequency_balance\clean_negative\clean_2_12.jpg,246,0.51529158,2,2.jpg,system_3_numpy_frequency_balance,,48,144,sliding_window_clean,0.00000000,1.00000000,0.99896240,19.28693323,0.00000000,0.00000000,0.00000000,0.00000000,0.11447144,0.70748019,0.10958862,0.97642517,0.13450623,0.99916077,0.18960074,209.30476332,65481.00000000,0.99916077,0.03297424,9.22884178,0.81660156,0.91894531,58344.00000000,0.89025879,0.89041138,191.30441284,1.00000000,1.00000000,3207.12597656,BacktestSelection\run_20260617_231439\system_3_numpy_frequency_balance\selected_manifest.csv,0.51744078,0.74527426,41,0,1.28131620,0.67612107,59,0,0.00005146,0.72154041,28,0,score;blue_marker_ratio;border_foreground_ratio;center_foreground_ratio;contrast;dirty_mark_center_score;dirty_mark_found;dirty_mark_margin_score;dirty_mark_ratio;edge_density;entropy;estimated_background_ratio;exposure_score;flat_ratio;foreground_ratio;high_frequency_energy;laplacian_variance;largest_component_area;largest_component_ratio;largest_flat_background_ratio;local_std_mean;material_border_ratio;material_center_ratio;material_largest_component_area;material_largest_component_ratio;material_ratio;mean_brightness;quality_gate_pass;read_ok;tenengrad
system_3_numpy_frequency_balance,clean_negative,1,23,0.69671869,0,clean_negative/clean_2_10.jpg,BacktestSelection\run_20260617_231439\system_3_numpy_frequency_balance\clean_negative\clean_2_10.jpg,250,0.48951720,2,2.jpg,system_3_numpy_frequency_balance,,48,96,sliding_window_clean,0.00000000,0.99902344,0.99908447,18.17630649,0.00000000,0.00000000,0.00000000,0.00000000,0.11413574,0.69415299,0.13502502,0.97543335,0.15686035,0.99887085,0.21154463,212.41129967,65462.00000000,0.99887085,0.05560303,8.98282051,0.74165039,0.98248291,56677.00000000,0.86482239,0.86497498,193.08546448,1.00000000,1.00000000,3125.01977539,BacktestSelection\run_20260617_231439\system_3_numpy_frequency_balance\selected_manifest.csv,0.54001510,0.86042498,28,0,1.23149450,0.56490274,78,0,0.00004769,0.66482836,34,0,score;blue_marker_ratio;border_foreground_ratio;center_foreground_ratio;contrast;dirty_mark_center_score;dirty_mark_found;dirty_mark_margin_score;dirty_mark_ratio;edge_density;entropy;estimated_background_ratio;exposure_score;flat_ratio;foreground_ratio;high_frequency_energy;laplacian_variance;largest_component_area;largest_component_ratio;largest_flat_background_ratio;local_std_mean;material_border_ratio;material_center_ratio;material_largest_component_area;material_largest_component_ratio;material_ratio;mean_brightness;quality_gate_pass;read_ok;tenengrad
system_3_numpy_frequency_balance,clean_negative,1,24,0.68367818,2,clean_negative/clean_14_72.jpg,BacktestSelection\run_20260617_231439\system_3_numpy_frequency_balance\clean_negative\clean_14_72.jpg,103,0.80371271,14,14.jpg,system_3_numpy_frequency_balance,,173,528,sliding_window_clean,0.00000000,0.95449219,1.00000000,18.65749176,0.00000000,0.00000000,0.00000000,0.00000000,0.19161987,0.69147666,0.02510071,0.95826721,0.02819824,0.98500061,0.33493191,488.97878743,64553.00000000,0.98500061,0.01629639,11.88743973,0.92216797,0.99572754,63840.00000000,0.97412109,0.97489929,192.47547913,1.00000000,1.00000000,5778.22949219,BacktestSelection\run_20260617_231439\system_3_numpy_frequency_balance\selected_manifest.csv,0.56258121,0.97553388,18,1,1.01314131,0.07746701,223,0,0.00006984,0.99803364,16,1,score;blue_marker_ratio;border_foreground_ratio;center_foreground_ratio;contrast;dirty_mark_center_score;dirty_mark_found;dirty_mark_margin_score;dirty_mark_ratio;edge_density;entropy;estimated_background_ratio;exposure_score;flat_ratio;foreground_ratio;high_frequency_energy;laplacian_variance;largest_component_area;largest_component_ratio;largest_flat_background_ratio;local_std_mean;material_border_ratio;material_center_ratio;material_largest_component_area;material_largest_component_ratio;material_ratio;mean_brightness;quality_gate_pass;read_ok;tenengrad
system_3_numpy_frequency_balance,clean_negative,1,26,0.66276862,2,clean_negative/clean_14_67.jpg,BacktestSelection\run_20260617_231439\system_3_numpy_frequency_balance\clean_negative\clean_14_67.jpg,119,0.79675724,14,14.jpg,system_3_numpy_frequency_balance,,173,480,sliding_window_clean,0.00000000,0.94555664,1.00000000,18.64183137,0.00000000,0.00000000,0.00000000,0.00000000,0.18630981,0.69270134,0.02996826,0.95773315,0.03588867,0.98222351,0.34003097,468.32585378,64371.00000000,0.98222351,0.01954651,11.92296982,0.91650391,0.99768066,63521.00000000,0.96925354,0.97003174,192.95748901,1.00000000,1.00000000,5839.46386719,BacktestSelection\run_20260617_231439\system_3_numpy_frequency_balance\selected_manifest.csv,0.55288577,0.92607780,24,1,1.00631482,0.06222806,234,0,0.00007446,1.00000000,9,1,score;blue_marker_ratio;border_foreground_ratio;center_foreground_ratio;contrast;dirty_mark_center_score;dirty_mark_found;dirty_mark_margin_score;dirty_mark_ratio;edge_density;entropy;estimated_background_ratio;exposure_score;flat_ratio;foreground_ratio;high_frequency_energy;laplacian_variance;largest_component_area;largest_component_ratio;largest_flat_background_ratio;local_std_mean;material_border_ratio;material_center_ratio;material_largest_component_area;material_largest_component_ratio;material_ratio;mean_brightness;quality_gate_pass;read_ok;tenengrad
system_3_numpy_frequency_balance,clean_negative,1,28,0.64906316,2,clean_negative/clean_14_62.jpg,BacktestSelection\run_20260617_231439\system_3_numpy_frequency_balance\clean_negative\clean_14_62.jpg,145,0.77974115,14,14.jpg,system_3_numpy_frequency_balance,,173,434,sliding_window_clean,0.00000000,0.91113281,1.00000000,18.36036014,0.00000000,0.00000000,0.00000000,0.00000000,0.18380737,0.69207827,0.03833008,0.96189117,0.04547119,0.97595215,0.33789670,431.85581462,63960.00000000,0.97595215,0.01953125,11.67961884,0.87509766,0.99395752,62965.00000000,0.96076965,0.96166992,193.19001770,1.00000000,1.00000000,5583.66162109,BacktestSelection\run_20260617_231439\system_3_numpy_frequency_balance\selected_manifest.csv,0.56047366,0.96478335,19,1,0.98775571,0.02079807,268,0,0.00006742,0.96160806,18,1,score;blue_marker_ratio;border_foreground_ratio;center_foreground_ratio;contrast;dirty_mark_center_score;dirty_mark_found;dirty_mark_margin_score;dirty_mark_ratio;edge_density;entropy;estimated_background_ratio;exposure_score;flat_ratio;foreground_ratio;high_frequency_energy;laplacian_variance;largest_component_area;largest_component_ratio;largest_flat_background_ratio;local_std_mean;material_border_ratio;material_center_ratio;material_largest_component_area;material_largest_component_ratio;material_ratio;mean_brightness;quality_gate_pass;read_ok;tenengrad
system_3_numpy_frequency_balance,clean_negative,1,35,0.59203608,2,clean_negative/clean_12_5.jpg,BacktestSelection\run_20260617_231439\system_3_numpy_frequency_balance\clean_negative\clean_12_5.jpg,252,0.47913156,12,12.jpg,system_3_numpy_frequency_balance,,0,96,sliding_window_clean,0.00000000,0.94687500,1.00000000,19.30937933,0.00000000,0.00000000,0.00000000,0.00000000,0.12651062,0.70483716,0.11708069,0.97806549,0.15852356,0.98533630,0.17712046,327.18113591,64575.00000000,0.98533630,0.05320740,9.11905289,0.74311523,0.99414062,57792.00000000,0.88183594,0.88291931,186.49649048,1.00000000,1.00000000,3475.10107422,BacktestSelection\run_20260617_231439\system_3_numpy_frequency_balance\selected_manifest.csv,0.56418396,0.98370944,17,1,0.99337485,0.03334182,258,0,0.00005396,0.75905697,24,1,score;blue_marker_ratio;border_foreground_ratio;center_foreground_ratio;contrast;dirty_mark_center_score;dirty_mark_found;dirty_mark_margin_score;dirty_mark_ratio;edge_density;entropy;estimated_background_ratio;exposure_score;flat_ratio;foreground_ratio;high_frequency_energy;laplacian_variance;largest_component_area;largest_component_ratio;largest_flat_background_ratio;local_std_mean;material_border_ratio;material_center_ratio;material_largest_component_area;material_largest_component_ratio;material_ratio;mean_brightness;quality_gate_pass;read_ok;tenengrad
system_3_numpy_frequency_balance,dirty_positive,1,1,0.96273245,2,dirty_positive/dirty_1_95.jpg,BacktestSelection\run_20260617_231439\system_3_numpy_frequency_balance\dirty_positive\dirty_1_95.jpg,476,0.77286210,1,1.jpg,system_3_numpy_frequency_balance,dirty_positive\dirty_1_95_mask.jpg,685,1166,jittered_positive,0.00000000,0.93750000,1.00000000,17.23096774,0.75395346,1.00000000,1.00000000,0.00892639,0.12127686,0.67353185,0.07249451,0.99946594,0.12300110,0.98408508,0.28385520,222.88619899,64493.00000000,0.98408508,0.02325439,9.77587891,0.85981445,0.97802734,60763.00000000,0.92716980,0.92750549,139.51748657,1.00000000,1.00000000,3992.35156250,BacktestSelection\run_20260617_231439\system_3_numpy_frequency_balance\selected_manifest.csv,0.66741449,1.00000000,7,1,1.35647157,0.88819735,18,0,0.00061386,1.00000000,3,1,score;blue_marker_ratio;border_foreground_ratio;center_foreground_ratio;contrast;dirty_mark_center_score;dirty_mark_found;dirty_mark_margin_score;dirty_mark_ratio;edge_density;entropy;estimated_background_ratio;exposure_score;flat_ratio;foreground_ratio;high_frequency_energy;laplacian_variance;largest_component_area;largest_component_ratio;largest_flat_background_ratio;local_std_mean;material_border_ratio;material_center_ratio;material_largest_component_area;material_largest_component_ratio;material_ratio;mean_brightness;quality_gate_pass;read_ok;tenengrad
system_3_numpy_frequency_balance,dirty_positive,1,2,0.90199752,2,dirty_positive/dirty_15_42.jpg,BacktestSelection\run_20260617_231439\system_3_numpy_frequency_balance\dirty_positive\dirty_15_42.jpg,371,0.92832572,15,15.jpg,system_3_numpy_frequency_balance,dirty_positive\dirty_15_42_mask.jpg,139,465,jittered_positive,0.00000000,0.99941406,0.99035645,17.63357806,0.75803880,1.00000000,0.00000000,0.04179382,0.16873169,0.68596609,0.04458618,0.99042511,0.05326843,0.99000549,0.34981385,554.76786575,64881.00000000,0.99000549,0.01861572,11.39985085,0.99399414,0.91741943,62579.00000000,0.95487976,0.95541382,179.24034119,1.00000000,1.00000000,5456.17871094,BacktestSelection\run_20260617_231439\system_3_numpy_frequency_balance\selected_manifest.csv,0.56471516,1.00000000,9,1,1.28031303,0.70599255,25,0,0.00073348,1.00000000,6,1,score;blue_marker_ratio;border_foreground_ratio;center_foreground_ratio;contrast;dirty_mark_center_score;dirty_mark_found;dirty_mark_margin_score;dirty_mark_ratio;edge_density;entropy;estimated_background_ratio;exposure_score;flat_ratio;foreground_ratio;high_frequency_energy;laplacian_variance;largest_component_area;largest_component_ratio;largest_flat_background_ratio;local_std_mean;material_border_ratio;material_center_ratio;material_largest_component_area;material_largest_component_ratio;material_ratio;mean_brightness;quality_gate_pass;read_ok;tenengrad
system_3_numpy_frequency_balance,dirty_positive,1,3,0.87044239,2,dirty_positive/dirty_3_112.jpg,BacktestSelection\run_20260617_231439\system_3_numpy_frequency_balance\dirty_positive\dirty_3_112.jpg,394,0.90684935,3,3.jpg,system_3_numpy_frequency_balance,dirty_positive\dirty_3_112_mask.jpg,254,701,jittered_positive,0.00000000,1.00000000,1.00000000,26.46723683,0.73842862,1.00000000,0.00000000,0.02523804,0.24313354,0.78711311,0.01054382,0.95315552,0.02217102,1.00000000,0.24023464,973.96900349,65536.00000000,1.00000000,0.00103760,14.41905308,0.97456055,0.99810791,64845.00000000,0.98945618,0.98945618,185.06883240,1.00000000,1.00000000,8484.16992188,BacktestSelection\run_20260617_231439\system_3_numpy_frequency_balance\selected_manifest.csv,0.48606892,0.61467176,40,0,1.68661705,1.00000000,9,1,0.00028211,0.99665542,11,1,score;blue_marker_ratio;border_foreground_ratio;center_foreground_ratio;contrast;dirty_mark_center_score;dirty_mark_found;dirty_mark_margin_score;dirty_mark_ratio;edge_density;entropy;estimated_background_ratio;exposure_score;flat_ratio;foreground_ratio;high_frequency_energy;laplacian_variance;largest_component_area;largest_component_ratio;largest_flat_background_ratio;local_std_mean;material_border_ratio;material_center_ratio;material_largest_component_area;material_largest_component_ratio;material_ratio;mean_brightness;quality_gate_pass;read_ok;tenengrad
system_3_numpy_frequency_balance,dirty_positive,1,4,0.85911780,2,dirty_positive/dirty_14_46.jpg,BacktestSelection\run_20260617_231439\system_3_numpy_frequency_balance\dirty_positive\dirty_14_46.jpg,458,0.79894715,14,14.jpg,system_3_numpy_frequency_balance,dirty_positive\dirty_14_46_mask.jpg,114,870,jittered_positive,0.00000000,0.95595703,1.00000000,21.07330471,0.68160133,1.00000000,0.04687500,0.03477478,0.19261169,0.73318863,0.06230164,0.97318268,0.06492615,0.98551941,0.27771878,430.97883879,64587.00000000,0.98551941,0.04624939,12.11554909,0.85361328,0.99877930,61438.00000000,0.93746948,0.93769836,186.07711792,1.00000000,1.00000000,5997.44580078,BacktestSelection\run_20260617_231439\system_3_numpy_frequency_balance\selected_manifest.csv,0.61863153,1.00000000,5,1,1.22654403,0.57735341,28,0,0.00029933,1.00000000,1,1,score;blue_marker_ratio;border_foreground_ratio;center_foreground_ratio;contrast;dirty_mark_center_score;dirty_mark_found;dirty_mark_margin_score;dirty_mark_ratio;edge_density;entropy;estimated_background_ratio;exposure_score;flat_ratio;foreground_ratio;high_frequency_energy;laplacian_variance;largest_component_area;largest_component_ratio;largest_flat_background_ratio;local_std_mean;material_border_ratio;material_center_ratio;material_largest_component_area;material_largest_component_ratio;material_ratio;mean_brightness;quality_gate_pass;read_ok;tenengrad
system_3_numpy_frequency_balance,dirty_positive,1,5,0.85875645,2,dirty_positive/dirty_9_41.jpg,BacktestSelection\run_20260617_231439\system_3_numpy_frequency_balance\dirty_positive\dirty_9_41.jpg,430,0.86860182,9,9.jpg,system_3_numpy_frequency_balance,dirty_positive\dirty_9_41_mask.jpg,763,755,centered_positive,0.00000000,1.00000000,1.00000000,24.34308679,0.85971703,1.00000000,0.00000000,0.02626038,0.16574097,0.75092292,0.04705811,0.99511719,0.08422852,1.00000000,0.22385871,682.58782910,65536.00000000,1.00000000,0.00000000,12.23011780,0.99296875,0.83947754,62440.00000000,0.95275879,0.95294189,138.87132263,1.00000000,1.00000000,7120.66601562,BacktestSelection\run_20260617_231439\system_3_numpy_frequency_balance\selected_manifest.csv,0.48015552,0.57626935,44,0,1.79398714,1.00000000,7,1,0.00042642,1.00000000,2,1,score;blue_marker_ratio;border_foreground_ratio;center_foreground_ratio;contrast;dirty_mark_center_score;dirty_mark_found;dirty_mark_margin_score;dirty_mark_ratio;edge_density;entropy;estimated_background_ratio;exposure_score;flat_ratio;foreground_ratio;high_frequency_energy;laplacian_variance;largest_component_area;largest_component_ratio;largest_flat_background_ratio;local_std_mean;material_border_ratio;material_center_ratio;material_largest_component_area;material_largest_component_ratio;material_ratio;mean_brightness;quality_gate_pass;read_ok;tenengrad
system_3_numpy_frequency_balance,dirty_positive,1,6,0.85737451,3,dirty_positive/dirty_4_80.jpg,BacktestSelection\run_20260617_231439\system_3_numpy_frequency_balance\dirty_positive\dirty_4_80.jpg,492,0.70931260,4,4.jpg,system_3_numpy_frequency_balance,dirty_positive\dirty_4_80_mask.jpg,46,1089,jittered_positive,0.00000000,0.99985352,1.00000000,22.47862292,0.81046343,1.00000000,0.00000000,0.04502869,0.13211060,0.74102966,0.07771301,0.99526978,0.11595154,0.99992371,0.19934043,314.84186976,65531.00000000,0.99992371,0.04792786,10.73506165,0.79941406,0.97644043,60438.00000000,0.92221069,0.92228699,157.20639038,1.00000000,1.00000000,4713.16406250,BacktestSelection\run_20260617_231439\system_3_numpy_frequency_balance\selected_manifest.csv,0.58203698,1.00000000,8,1,1.90854388,1.00000000,6,1,0.00017285,0.57212354,16,1,score;blue_marker_ratio;border_foreground_ratio;center_foreground_ratio;contrast;dirty_mark_center_score;dirty_mark_found;dirty_mark_margin_score;dirty_mark_ratio;edge_density;entropy;estimated_background_ratio;exposure_score;flat_ratio;foreground_ratio;high_frequency_energy;laplacian_variance;largest_component_area;largest_component_ratio;largest_flat_background_ratio;local_std_mean;material_border_ratio;material_center_ratio;material_largest_component_area;material_largest_component_ratio;material_ratio;mean_brightness;quality_gate_pass;read_ok;tenengrad
system_3_numpy_frequency_balance,dirty_positive,1,7,0.84527949,2,dirty_positive/dirty_12_50.jpg,BacktestSelection\run_20260617_231439\system_3_numpy_frequency_balance\dirty_positive\dirty_12_50.jpg,404,0.89643878,12,12.jpg,system_3_numpy_frequency_balance,dirty_positive\dirty_12_50_mask.jpg,636,553,jittered_positive,0.00000000,1.00000000,1.00000000,20.10265183,0.88271508,1.00000000,0.00000000,0.06945801,0.16213989,0.70225525,0.06295776,0.99641418,0.09223938,1.00000000,0.29196709,509.12935805,65536.00000000,1.00000000,0.00549316,11.52210236,0.81254883,0.99151611,61410.00000000,0.93704224,0.93704224,150.46978760,1.00000000,1.00000000,5946.28222656,BacktestSelection\run_20260617_231439\system_3_numpy_frequency_balance\selected_manifest.csv,0.47980901,0.57401906,45,0,1.38724435,0.96181941,13,1,0.00035756,1.00000000,8,1,score;blue_marker_ratio;border_foreground_ratio;center_foreground_ratio;contrast;dirty_mark_center_score;dirty_mark_found;dirty_mark_margin_score;dirty_mark_ratio;edge_density;entropy;estimated_background_ratio;exposure_score;flat_ratio;foreground_ratio;high_frequency_energy;laplacian_variance;largest_component_area;largest_component_ratio;largest_flat_background_ratio;local_std_mean;material_border_ratio;material_center_ratio;material_largest_component_area;material_largest_component_ratio;material_ratio;mean_brightness;quality_gate_pass;read_ok;tenengrad
system_3_numpy_frequency_balance,dirty_positive,1,8,0.81869261,1,dirty_positive/dirty_15_57.jpg,BacktestSelection\run_20260617_231439\system_3_numpy_frequency_balance\dirty_positive\dirty_15_57.jpg,347,0.96122231,15,15.jpg,system_3_numpy_frequency_balance,dirty_positive\dirty_15_57_mask.jpg,188,570,centered_positive,0.00000000,0.99990234,0.99145508,17.37856852,0.87031962,1.00000000,0.00000000,0.04568481,0.15718079,0.67372727,0.02345276,0.99099731,0.03623962,0.99784851,0.35968065,534.97080179,65395.00000000,0.99784851,0.01354980,11.16039753,0.97539062,0.94476318,63977.00000000,0.97621155,0.97654724,173.13883972,1.00000000,1.00000000,5341.81054688,BacktestSelection\run_20260617_231439\system_3_numpy_frequency_balance\selected_manifest.csv,0.52969203,0.89796580,17,0,1.21850146,0.55811202,29,0,0.00073708,1.00000000,10,1,score;blue_marker_ratio;border_foreground_ratio;center_foreground_ratio;contrast;dirty_mark_center_score;dirty_mark_found;dirty_mark_margin_score;dirty_mark_ratio;edge_density;entropy;estimated_background_ratio;exposure_score;flat_ratio;foreground_ratio;high_frequency_energy;laplacian_variance;largest_component_area;largest_component_ratio;largest_flat_background_ratio;local_std_mean;material_border_ratio;material_center_ratio;material_largest_component_area;material_largest_component_ratio;material_ratio;mean_brightness;quality_gate_pass;read_ok;tenengrad
system_3_numpy_frequency_balance,dirty_positive,1,9,0.80632937,2,dirty_positive/dirty_8_27.jpg,BacktestSelection\run_20260617_231439\system_3_numpy_frequency_balance\dirty_positive\dirty_8_27.jpg,497,0.66560557,8,8.jpg,system_3_numpy_frequency_balance,dirty_positive\dirty_8_27_mask.jpg,110,254,jittered_positive,0.00000000,0.99975586,1.00000000,19.76292705,0.75308108,1.00000000,0.04687500,0.07691956,0.11355591,0.71423777,0.07327271,0.99137878,0.11834717,0.99987793,0.20709310,202.02467339,65528.00000000,0.99987793,0.04394531,9.85518742,0.83144531,0.99114990,60709.00000000,0.92634583,0.92672729,176.70578003,1.00000000,1.00000000,3610.36523438,BacktestSelection\run_20260617_231439\system_3_numpy_frequency_balance\selected_manifest.csv,0.59959806,1.00000000,3,1,1.98076662,1.00000000,1,1,0.00013343,0.41898810,30,0,score;blue_marker_ratio;border_foreground_ratio;center_foreground_ratio;contrast;dirty_mark_center_score;dirty_mark_found;dirty_mark_margin_score;dirty_mark_ratio;edge_density;entropy;estimated_background_ratio;exposure_score;flat_ratio;foreground_ratio;high_frequency_energy;laplacian_variance;largest_component_area;largest_component_ratio;largest_flat_background_ratio;local_std_mean;material_border_ratio;material_center_ratio;material_largest_component_area;material_largest_component_ratio;material_ratio;mean_brightness;quality_gate_pass;read_ok;tenengrad
system_3_numpy_frequency_balance,dirty_positive,1,10,0.79020648,2,dirty_positive/dirty_10_77.jpg,BacktestSelection\run_20260617_231439\system_3_numpy_frequency_balance\dirty_positive\dirty_10_77.jpg,302,1.10643253,10,10.jpg,system_3_numpy_frequency_balance,dirty_positive\dirty_10_77_mask.jpg,327,1005,centered_positive,0.00000000,1.00000000,1.00000000,25.58709580,0.99749733,1.00000000,1.00000000,0.02229309,0.24023438,0.76980742,0.00254822,0.98428345,0.00840759,1.00000000,0.31766793,986.44455099,65536.00000000,1.00000000,0.00036621,16.05605316,0.99384766,0.99938965,65369.00000000,0.99745178,0.99745178,164.71900940,1.00000000,1.00000000,10227.88476562,BacktestSelection\run_20260617_231439\system_3_numpy_frequency_balance\selected_manifest.csv,0.54390076,0.99023911,12,1,1.44430976,1.00000000,10,1,0.00012350,0.38038033,41,0,score;blue_marker_ratio;border_foreground_ratio;center_foreground_ratio;contrast;dirty_mark_center_score;dirty_mark_found;dirty_mark_margin_score;dirty_mark_ratio;edge_density;entropy;estimated_background_ratio;exposure_score;flat_ratio;foreground_ratio;high_frequency_energy;laplacian_variance;largest_component_area;largest_component_ratio;largest_flat_background_ratio;local_std_mean;material_border_ratio;material_center_ratio;material_largest_component_area;material_largest_component_ratio;material_ratio;mean_brightness;quality_gate_pass;read_ok;tenengrad
system_3_numpy_frequency_balance,dirty_positive,1,11,0.73008094,2,dirty_positive/dirty_1_93.jpg,BacktestSelection\run_20260617_231439\system_3_numpy_frequency_balance\dirty_positive\dirty_1_93.jpg,432,0.86548913,1,1.jpg,system_3_numpy_frequency_balance,dirty_positive\dirty_1_93_mask.jpg,682,1122,centered_positive,0.00000000,0.99868164,1.00000000,18.19430588,0.99780802,1.00000000,1.00000000,0.00885010,0.12648010,0.69156027,0.03517151,0.99954224,0.07400513,0.99975586,0.27162439,225.14631912,65520.00000000,0.99975586,0.01051331,10.26341724,0.92993164,0.96508789,63200.00000000,0.96435547,0.96482849,141.66767883,1.00000000,1.00000000,4178.75292969,BacktestSelection\run_20260617_231439\system_3_numpy_frequency_balance\selected_manifest.csv,0.53676083,0.94387148,14,1,1.37809952,0.93994094,14,1,0.00010446,0.30643038,62,0,score;blue_marker_ratio;border_foreground_ratio;center_foreground_ratio;contrast;dirty_mark_center_score;dirty_mark_found;dirty_mark_margin_score;dirty_mark_ratio;edge_density;entropy;estimated_background_ratio;exposure_score;flat_ratio;foreground_ratio;high_frequency_energy;laplacian_variance;largest_component_area;largest_component_ratio;largest_flat_background_ratio;local_std_mean;material_border_ratio;material_center_ratio;material_largest_component_area;material_largest_component_ratio;material_ratio;mean_brightness;quality_gate_pass;read_ok;tenengrad
system_3_numpy_frequency_balance,dirty_positive,1,12,0.72943141,2,dirty_positive/dirty_15_45.jpg,BacktestSelection\run_20260617_231439\system_3_numpy_frequency_balance\dirty_positive\dirty_15_45.jpg,412,0.89031205,15,15.jpg,system_3_numpy_frequency_balance,dirty_positive\dirty_15_45_mask.jpg,344,496,centered_positive,0.00000000,1.00000000,1.00000000,21.08342313,0.79569850,1.00000000,0.00000000,0.05494690,0.16491699,0.69958591,0.03910828,0.99073029,0.05682373,1.00000000,0.27030766,663.92918253,65536.00000000,1.00000000,0.03483582,11.83903885,0.99497070,0.98291016,62973.00000000,0.96089172,0.96089172,159.64462280,1.00000000,1.00000000,6276.50244141,BacktestSelection\run_20260617_231439\system_3_numpy_frequency_balance\selected_manifest.csv,0.42041306,0.18829423,130,0,1.72410999,1.00000000,8,1,0.00030463,1.00000000,7,1,score;blue_marker_ratio;border_foreground_ratio;center_foreground_ratio;contrast;dirty_mark_center_score;dirty_mark_found;dirty_mark_margin_score;dirty_mark_ratio;edge_density;entropy;estimated_background_ratio;exposure_score;flat_ratio;foreground_ratio;high_frequency_energy;laplacian_variance;largest_component_area;largest_component_ratio;largest_flat_background_ratio;local_std_mean;material_border_ratio;material_center_ratio;material_largest_component_area;material_largest_component_ratio;material_ratio;mean_brightness;quality_gate_pass;read_ok;tenengrad
system_3_numpy_frequency_balance,dirty_positive,1,13,0.72040994,1,dirty_positive/dirty_8_75.jpg,BacktestSelection\run_20260617_231439\system_3_numpy_frequency_balance\dirty_positive\dirty_8_75.jpg,500,0.65282511,8,8.jpg,system_3_numpy_frequency_balance,dirty_positive\dirty_8_75_mask.jpg,1,1143,jittered_positive,0.00000000,0.99990234,1.00000000,19.03611978,0.63784376,1.00000000,0.00000000,0.05302429,0.09063721,0.68488550,0.06741333,0.99305725,0.14314270,0.99993896,0.21562357,191.41083625,65532.00000000,0.99993896,0.01594543,9.68419933,0.93383789,0.92395020,61090.00000000,0.93215942,0.93258667,165.30009460,1.00000000,1.00000000,3450.50390625,BacktestSelection\run_20260617_231439\system_3_numpy_frequency_balance\selected_manifest.csv,0.56061372,1.00000000,1,1,1.35993168,0.89647545,17,0,0.00009374,0.26475436,70,0,score;blue_marker_ratio;border_foreground_ratio;center_foreground_ratio;contrast;dirty_mark_center_score;dirty_mark_found;dirty_mark_margin_score;dirty_mark_ratio;edge_density;entropy;estimated_background_ratio;exposure_score;flat_ratio;foreground_ratio;high_frequency_energy;laplacian_variance;largest_component_area;largest_component_ratio;largest_flat_background_ratio;local_std_mean;material_border_ratio;material_center_ratio;material_largest_component_area;material_largest_component_ratio;material_ratio;mean_brightness;quality_gate_pass;read_ok;tenengrad
system_3_numpy_frequency_balance,dirty_positive,1,14,0.70997993,1,dirty_positive/dirty_15_59.jpg,BacktestSelection\run_20260617_231439\system_3_numpy_frequency_balance\dirty_positive\dirty_15_59.jpg,349,0.96092858,15,15.jpg,system_3_numpy_frequency_balance,dirty_positive\dirty_15_59_mask.jpg,159,526,jittered_positive,0.00000000,1.00000000,0.99298096,17.52251834,0.84971096,1.00000000,0.00000000,0.05004883,0.16148376,0.68082889,0.02508545,0.99027252,0.03834534,0.99824524,0.35327184,552.50173890,65421.00000000,0.99824524,0.01353455,11.24220657,0.98881836,0.94165039,63857.00000000,0.97438049,0.97491455,176.21101379,1.00000000,1.00000000,5374.37011719,BacktestSelection\run_20260617_231439\system_3_numpy_frequency_balance\selected_manifest.csv,0.52623755,0.87553196,20,0,1.09155822,0.25440784,67,0,0.00042135,1.00000000,5,1,score;blue_marker_ratio;border_foreground_ratio;center_foreground_ratio;contrast;dirty_mark_center_score;dirty_mark_found;dirty_mark_margin_score;dirty_mark_ratio;edge_density;entropy;estimated_background_ratio;exposure_score;flat_ratio;foreground_ratio;high_frequency_energy;laplacian_variance;largest_component_area;largest_component_ratio;largest_flat_background_ratio;local_std_mean;material_border_ratio;material_center_ratio;material_largest_component_area;material_largest_component_ratio;material_ratio;mean_brightness;quality_gate_pass;read_ok;tenengrad
system_3_numpy_frequency_balance,dirty_positive,1,15,0.68000716,1,dirty_positive/dirty_12_18.jpg,BacktestSelection\run_20260617_231439\system_3_numpy_frequency_balance\dirty_positive\dirty_12_18.jpg,328,0.98498213,12,12.jpg,system_3_numpy_frequency_balance,dirty_positive\dirty_12_18_mask.jpg,566,118,jittered_positive,0.00000000,0.95063477,1.00000000,22.56037663,0.94191541,1.00000000,0.00000000,0.03985596,0.20738220,0.74886870,0.02413940,0.98550415,0.03182983,0.98684692,0.29106197,661.08121956,64674.00000000,0.98684692,0.00823975,13.68257523,0.92631836,0.99249268,63946.00000000,0.97573853,0.97586060,175.79025269,1.00000000,1.00000000,7464.99414062,BacktestSelection\run_20260617_231439\system_3_numpy_frequency_balance\selected_manifest.csv,0.52702029,0.88061517,19,0,1.05184918,0.15940632,91,0,0.00054303,1.00000000,4,1,score;blue_marker_ratio;border_foreground_ratio;center_foreground_ratio;contrast;dirty_mark_center_score;dirty_mark_found;dirty_mark_margin_score;dirty_mark_ratio;edge_density;entropy;estimated_background_ratio;exposure_score;flat_ratio;foreground_ratio;high_frequency_energy;laplacian_variance;largest_component_area;largest_component_ratio;largest_flat_background_ratio;local_std_mean;material_border_ratio;material_center_ratio;material_largest_component_area;material_largest_component_ratio;material_ratio;mean_brightness;quality_gate_pass;read_ok;tenengrad
system_3_numpy_frequency_balance,dirty_positive,1,16,0.66974494,0,dirty_positive/dirty_10_80.jpg,BacktestSelection\run_20260617_231439\system_3_numpy_frequency_balance\dirty_positive\dirty_10_80.jpg,305,1.07290458,10,10.jpg,system_3_numpy_frequency_balance,dirty_positive\dirty_10_80_mask.jpg,311,1014,jittered_positive,0.00000000,1.00000000,1.00000000,25.21987257,0.89993268,1.00000000,0.95312500,0.02210999,0.23519897,0.76720977,0.00254822,0.98390198,0.00852966,1.00000000,0.30241755,933.03286830,65536.00000000,1.00000000,0.00056458,15.70679665,0.99418945,0.99908447,65363.00000000,0.99736023,0.99745178,166.07795715,1.00000000,1.00000000,9740.51953125,BacktestSelection\run_20260617_231439\system_3_numpy_frequency_balance\selected_manifest.csv,0.51535104,0.80483359,27,0,1.35148472,0.87626660,19,0,0.00011005,0.32813463,53,0,score;blue_marker_ratio;border_foreground_ratio;center_foreground_ratio;contrast;dirty_mark_center_score;dirty_mark_found;dirty_mark_margin_score;dirty_mark_ratio;edge_density;entropy;estimated_background_ratio;exposure_score;flat_ratio;foreground_ratio;high_frequency_energy;laplacian_variance;largest_component_area;largest_component_ratio;largest_flat_background_ratio;local_std_mean;material_border_ratio;material_center_ratio;material_largest_component_area;material_largest_component_ratio;material_ratio;mean_brightness;quality_gate_pass;read_ok;tenengrad
