crop_path,dataset_split,crop_label,y_true,dummy_prediction,logistic_probability_dirty_positive,logistic_prediction,selected_threshold
clean_negative/clean_1_1.jpg,train,clean_negative,0,clean_negative,0.18644593,clean_negative,0.35
clean_negative/clean_1_2.jpg,train,clean_negative,0,clean_negative,0.22548502,clean_negative,0.35
clean_negative/clean_1_3.jpg,train,clean_negative,0,clean_negative,0.12867864,clean_negative,0.35
clean_negative/clean_1_4.jpg,train,clean_negative,0,clean_negative,0.09974714,clean_negative,0.35
clean_negative/clean_1_5.jpg,train,clean_negative,0,clean_negative,0.16085582,clean_negative,0.35
clean_negative/clean_1_6.jpg,train,clean_negative,0,clean_negative,0.09440252,clean_negative,0.35
clean_negative/clean_1_7.jpg,train,clean_negative,0,clean_negative,0.26229885,clean_negative,0.35
clean_negative/clean_1_8.jpg,train,clean_negative,0,clean_negative,0.55613223,dirty_positive,0.35
clean_negative/clean_1_9.jpg,train,clean_negative,0,clean_negative,0.28508953,clean_negative,0.35
clean_negative/clean_1_10.jpg,train,clean_negative,0,clean_negative,0.28100051,clean_negative,0.35
clean_negative/clean_1_11.jpg,train,clean_negative,0,clean_negative,0.14171874,clean_negative,0.35
clean_negative/clean_1_12.jpg,train,clean_negative,0,clean_negative,0.09231198,clean_negative,0.35
clean_negative/clean_1_13.jpg,train,clean_negative,0,clean_negative,0.14698388,clean_negative,0.35
clean_negative/clean_1_14.jpg,train,clean_negative,0,clean_negative,0.27436668,clean_negative,0.35
clean_negative/clean_1_15.jpg,train,clean_negative,0,clean_negative,0.43695389,dirty_positive,0.35
clean_negative/clean_1_16.jpg,train,clean_negative,0,clean_negative,0.16434354,clean_negative,0.35
clean_negative/clean_1_17.jpg,train,clean_negative,0,clean_negative,0.29356837,clean_negative,0.35
clean_negative/clean_1_18.jpg,train,clean_negative,0,clean_negative,0.19725351,clean_negative,0.35
clean_negative/clean_1_19.jpg,train,clean_negative,0,clean_negative,0.24703920,clean_negative,0.35
clean_negative/clean_1_20.jpg,train,clean_negative,0,clean_negative,0.35810518,dirty_positive,0.35
clean_negative/clean_1_21.jpg,train,clean_negative,0,clean_negative,0.12806016,clean_negative,0.35
clean_negative/clean_1_22.jpg,train,clean_negative,0,clean_negative,0.12397729,clean_negative,0.35
clean_negative/clean_1_23.jpg,train,clean_negative,0,clean_negative,0.28919154,clean_negative,0.35
clean_negative/clean_1_24.jpg,train,clean_negative,0,clean_negative,0.21589614,clean_negative,0.35
clean_negative/clean_1_25.jpg,train,clean_negative,0,clean_negative,0.41554245,dirty_positive,0.35
clean_negative/clean_1_26.jpg,train,clean_negative,0,clean_negative,0.36561547,dirty_positive,0.35
clean_negative/clean_1_27.jpg,train,clean_negative,0,clean_negative,0.13742889,clean_negative,0.35
clean_negative/clean_1_28.jpg,train,clean_negative,0,clean_negative,0.13457831,clean_negative,0.35
clean_negative/clean_1_29.jpg,train,clean_negative,0,clean_negative,0.28070813,clean_negative,0.35
clean_negative/clean_1_30.jpg,train,clean_negative,0,clean_negative,0.93983107,dirty_positive,0.35
clean_negative/clean_1_31.jpg,train,clean_negative,0,clean_negative,0.41573566,dirty_positive,0.35
clean_negative/clean_1_32.jpg,train,clean_negative,0,clean_negative,0.17156794,clean_negative,0.35
clean_negative/clean_1_33.jpg,train,clean_negative,0,clean_negative,0.17078478,clean_negative,0.35
clean_negative/clean_1_34.jpg,train,clean_negative,0,clean_negative,0.89841076,dirty_positive,0.35
clean_negative/clean_1_35.jpg,train,clean_negative,0,clean_negative,0.29585400,clean_negative,0.35
clean_negative/clean_1_36.jpg,train,clean_negative,0,clean_negative,0.25236648,clean_negative,0.35
clean_negative/clean_1_37.jpg,train,clean_negative,0,clean_negative,0.29957525,clean_negative,0.35
clean_negative/clean_1_38.jpg,train,clean_negative,0,clean_negative,0.26953752,clean_negative,0.35
clean_negative/clean_1_39.jpg,train,clean_negative,0,clean_negative,0.51214592,dirty_positive,0.35
clean_negative/clean_1_40.jpg,train,clean_negative,0,clean_negative,0.25754107,clean_negative,0.35
clean_negative/clean_1_41.jpg,train,clean_negative,0,clean_negative,0.24088351,clean_negative,0.35
clean_negative/clean_1_42.jpg,train,clean_negative,0,clean_negative,0.26775153,clean_negative,0.35
clean_negative/clean_1_43.jpg,train,clean_negative,0,clean_negative,0.22117837,clean_negative,0.35
clean_negative/clean_1_44.jpg,train,clean_negative,0,clean_negative,0.31830804,clean_negative,0.35
clean_negative/clean_1_45.jpg,train,clean_negative,0,clean_negative,0.96610654,dirty_positive,0.35
clean_negative/clean_1_46.jpg,train,clean_negative,0,clean_negative,0.93626728,dirty_positive,0.35
clean_negative/clean_1_47.jpg,train,clean_negative,0,clean_negative,0.96985992,dirty_positive,0.35
clean_negative/clean_1_48.jpg,train,clean_negative,0,clean_negative,0.97000877,dirty_positive,0.35
clean_negative/clean_1_49.jpg,train,clean_negative,0,clean_negative,0.50597010,dirty_positive,0.35
clean_negative/clean_1_50.jpg,train,clean_negative,0,clean_negative,0.19403820,clean_negative,0.35
clean_negative/clean_1_51.jpg,train,clean_negative,0,clean_negative,0.22117125,clean_negative,0.35
clean_negative/clean_1_52.jpg,train,clean_negative,0,clean_negative,0.07401771,clean_negative,0.35
clean_negative/clean_1_53.jpg,train,clean_negative,0,clean_negative,0.05102101,clean_negative,0.35
clean_negative/clean_1_54.jpg,train,clean_negative,0,clean_negative,0.04327438,clean_negative,0.35
clean_negative/clean_1_55.jpg,train,clean_negative,0,clean_negative,0.05368243,clean_negative,0.35
clean_negative/clean_1_56.jpg,train,clean_negative,0,clean_negative,0.12137152,clean_negative,0.35
clean_negative/clean_1_57.jpg,train,clean_negative,0,clean_negative,0.09444615,clean_negative,0.35
clean_negative/clean_1_58.jpg,train,clean_negative,0,clean_negative,0.14604149,clean_negative,0.35
clean_negative/clean_1_59.jpg,train,clean_negative,0,clean_negative,0.12128333,clean_negative,0.35
clean_negative/clean_1_60.jpg,train,clean_negative,0,clean_negative,0.65393461,dirty_positive,0.35
clean_negative/clean_1_61.jpg,train,clean_negative,0,clean_negative,0.76524669,dirty_positive,0.35
clean_negative/clean_1_62.jpg,train,clean_negative,0,clean_negative,0.95408280,dirty_positive,0.35
clean_negative/clean_1_63.jpg,train,clean_negative,0,clean_negative,0.94177936,dirty_positive,0.35
clean_negative/clean_1_64.jpg,train,clean_negative,0,clean_negative,0.98726011,dirty_positive,0.35
clean_negative/clean_1_65.jpg,train,clean_negative,0,clean_negative,0.06496471,clean_negative,0.35
clean_negative/clean_1_66.jpg,train,clean_negative,0,clean_negative,0.02782210,clean_negative,0.35
clean_negative/clean_1_67.jpg,train,clean_negative,0,clean_negative,0.02960452,clean_negative,0.35
clean_negative/clean_1_68.jpg,train,clean_negative,0,clean_negative,0.71445876,dirty_positive,0.35
clean_negative/clean_1_69.jpg,train,clean_negative,0,clean_negative,0.61289930,dirty_positive,0.35
clean_negative/clean_1_70.jpg,train,clean_negative,0,clean_negative,0.02352368,clean_negative,0.35
clean_negative/clean_1_71.jpg,train,clean_negative,0,clean_negative,0.06099516,clean_negative,0.35
clean_negative/clean_1_72.jpg,train,clean_negative,0,clean_negative,0.17616536,clean_negative,0.35
clean_negative/clean_1_73.jpg,train,clean_negative,0,clean_negative,0.23736363,clean_negative,0.35
clean_negative/clean_1_74.jpg,train,clean_negative,0,clean_negative,0.65520102,dirty_positive,0.35
clean_negative/clean_1_75.jpg,train,clean_negative,0,clean_negative,0.10508317,clean_negative,0.35
clean_negative/clean_1_76.jpg,train,clean_negative,0,clean_negative,0.03483808,clean_negative,0.35
clean_negative/clean_1_77.jpg,train,clean_negative,0,clean_negative,0.02325816,clean_negative,0.35
clean_negative/clean_1_78.jpg,train,clean_negative,0,clean_negative,0.01893161,clean_negative,0.35
clean_negative/clean_1_79.jpg,train,clean_negative,0,clean_negative,0.04894622,clean_negative,0.35
clean_negative/clean_1_80.jpg,train,clean_negative,0,clean_negative,0.16871198,clean_negative,0.35
clean_negative/clean_1_81.jpg,train,clean_negative,0,clean_negative,0.33663796,clean_negative,0.35
clean_negative/clean_1_82.jpg,train,clean_negative,0,clean_negative,0.72063231,dirty_positive,0.35
clean_negative/clean_1_83.jpg,train,clean_negative,0,clean_negative,0.72471591,dirty_positive,0.35
clean_negative/clean_1_84.jpg,train,clean_negative,0,clean_negative,0.70386610,dirty_positive,0.35
clean_negative/clean_1_85.jpg,train,clean_negative,0,clean_negative,0.25639998,clean_negative,0.35
clean_negative/clean_1_86.jpg,train,clean_negative,0,clean_negative,0.65777013,dirty_positive,0.35
clean_negative/clean_1_87.jpg,train,clean_negative,0,clean_negative,0.65357483,dirty_positive,0.35
clean_negative/clean_1_88.jpg,train,clean_negative,0,clean_negative,0.65910736,dirty_positive,0.35
clean_negative/clean_1_89.jpg,train,clean_negative,0,clean_negative,0.43378888,dirty_positive,0.35
clean_negative/clean_1_90.jpg,train,clean_negative,0,clean_negative,0.65728499,dirty_positive,0.35
clean_negative/clean_1_91.jpg,train,clean_negative,0,clean_negative,0.34792640,clean_negative,0.35
clean_negative/clean_1_92.jpg,train,clean_negative,0,clean_negative,0.19011588,clean_negative,0.35
clean_negative/clean_1_93.jpg,train,clean_negative,0,clean_negative,0.15536917,clean_negative,0.35
clean_negative/clean_1_94.jpg,train,clean_negative,0,clean_negative,0.25187417,clean_negative,0.35
clean_negative/clean_1_95.jpg,train,clean_negative,0,clean_negative,0.67010787,dirty_positive,0.35
clean_negative/clean_1_96.jpg,train,clean_negative,0,clean_negative,0.36576178,dirty_positive,0.35
clean_negative/clean_1_97.jpg,train,clean_negative,0,clean_negative,0.20067086,clean_negative,0.35
clean_negative/clean_1_98.jpg,train,clean_negative,0,clean_negative,0.17952796,clean_negative,0.35
clean_negative/clean_1_99.jpg,train,clean_negative,0,clean_negative,0.23227736,clean_negative,0.35
clean_negative/clean_1_100.jpg,train,clean_negative,0,clean_negative,0.24454298,clean_negative,0.35
clean_negative/clean_1_101.jpg,train,clean_negative,0,clean_negative,0.28329361,clean_negative,0.35
clean_negative/clean_1_102.jpg,train,clean_negative,0,clean_negative,0.25908209,clean_negative,0.35
clean_negative/clean_1_103.jpg,train,clean_negative,0,clean_negative,0.29503449,clean_negative,0.35
clean_negative/clean_1_104.jpg,train,clean_negative,0,clean_negative,0.25006832,clean_negative,0.35
clean_negative/clean_1_105.jpg,train,clean_negative,0,clean_negative,0.32756694,clean_negative,0.35
clean_negative/clean_1_106.jpg,train,clean_negative,0,clean_negative,0.31317811,clean_negative,0.35
clean_negative/clean_1_107.jpg,train,clean_negative,0,clean_negative,0.30596635,clean_negative,0.35
clean_negative/clean_1_108.jpg,train,clean_negative,0,clean_negative,0.24005196,clean_negative,0.35
clean_negative/clean_1_109.jpg,train,clean_negative,0,clean_negative,0.14580379,clean_negative,0.35
clean_negative/clean_1_110.jpg,train,clean_negative,0,clean_negative,0.06612261,clean_negative,0.35
clean_negative/clean_1_111.jpg,train,clean_negative,0,clean_negative,0.04609124,clean_negative,0.35
dirty_positive/dirty_1_1.jpg,train,dirty_positive,1,clean_negative,0.44675322,dirty_positive,0.35
dirty_positive/dirty_1_2.jpg,train,dirty_positive,1,clean_negative,0.26182754,clean_negative,0.35
dirty_positive/dirty_1_3.jpg,train,dirty_positive,1,clean_negative,0.48023011,dirty_positive,0.35
dirty_positive/dirty_1_4.jpg,train,dirty_positive,1,clean_negative,0.51698783,dirty_positive,0.35
dirty_positive/dirty_1_5.jpg,train,dirty_positive,1,clean_negative,0.59215605,dirty_positive,0.35
dirty_positive/dirty_1_6.jpg,train,dirty_positive,1,clean_negative,0.69427033,dirty_positive,0.35
dirty_positive/dirty_1_7.jpg,train,dirty_positive,1,clean_negative,0.71646487,dirty_positive,0.35
dirty_positive/dirty_1_8.jpg,train,dirty_positive,1,clean_negative,0.71427367,dirty_positive,0.35
dirty_positive/dirty_1_9.jpg,train,dirty_positive,1,clean_negative,0.57069713,dirty_positive,0.35
dirty_positive/dirty_1_10.jpg,train,dirty_positive,1,clean_negative,0.59317641,dirty_positive,0.35
dirty_positive/dirty_1_11.jpg,train,dirty_positive,1,clean_negative,0.46072666,dirty_positive,0.35
dirty_positive/dirty_1_12.jpg,train,dirty_positive,1,clean_negative,0.31948670,clean_negative,0.35
dirty_positive/dirty_1_13.jpg,train,dirty_positive,1,clean_negative,0.09760676,clean_negative,0.35
dirty_positive/dirty_1_14.jpg,train,dirty_positive,1,clean_negative,0.35073731,dirty_positive,0.35
dirty_positive/dirty_1_15.jpg,train,dirty_positive,1,clean_negative,0.14320696,clean_negative,0.35
dirty_positive/dirty_1_16.jpg,train,dirty_positive,1,clean_negative,0.30561431,clean_negative,0.35
dirty_positive/dirty_1_17.jpg,train,dirty_positive,1,clean_negative,0.51103209,dirty_positive,0.35
dirty_positive/dirty_1_18.jpg,train,dirty_positive,1,clean_negative,0.53531297,dirty_positive,0.35
dirty_positive/dirty_1_19.jpg,train,dirty_positive,1,clean_negative,0.32950430,clean_negative,0.35
dirty_positive/dirty_1_20.jpg,train,dirty_positive,1,clean_negative,0.90681080,dirty_positive,0.35
dirty_positive/dirty_1_21.jpg,train,dirty_positive,1,clean_negative,0.57258741,dirty_positive,0.35
dirty_positive/dirty_1_22.jpg,train,dirty_positive,1,clean_negative,0.52403656,dirty_positive,0.35
dirty_positive/dirty_1_23.jpg,train,dirty_positive,1,clean_negative,0.68839636,dirty_positive,0.35
dirty_positive/dirty_1_24.jpg,train,dirty_positive,1,clean_negative,0.23144185,clean_negative,0.35
dirty_positive/dirty_1_25.jpg,train,dirty_positive,1,clean_negative,0.14378564,clean_negative,0.35
dirty_positive/dirty_1_26.jpg,train,dirty_positive,1,clean_negative,0.39550469,dirty_positive,0.35
dirty_positive/dirty_1_27.jpg,train,dirty_positive,1,clean_negative,0.21913437,clean_negative,0.35
dirty_positive/dirty_1_28.jpg,train,dirty_positive,1,clean_negative,0.36432319,dirty_positive,0.35
dirty_positive/dirty_1_29.jpg,train,dirty_positive,1,clean_negative,0.83062418,dirty_positive,0.35
dirty_positive/dirty_1_30.jpg,train,dirty_positive,1,clean_negative,0.68004779,dirty_positive,0.35
dirty_positive/dirty_1_31.jpg,train,dirty_positive,1,clean_negative,0.69756977,dirty_positive,0.35
dirty_positive/dirty_1_32.jpg,train,dirty_positive,1,clean_negative,0.80338061,dirty_positive,0.35
dirty_positive/dirty_1_33.jpg,train,dirty_positive,1,clean_negative,0.67576428,dirty_positive,0.35
dirty_positive/dirty_1_34.jpg,train,dirty_positive,1,clean_negative,0.34188408,clean_negative,0.35
dirty_positive/dirty_1_35.jpg,train,dirty_positive,1,clean_negative,0.27979055,clean_negative,0.35
dirty_positive/dirty_1_36.jpg,train,dirty_positive,1,clean_negative,0.17732452,clean_negative,0.35
dirty_positive/dirty_1_37.jpg,train,dirty_positive,1,clean_negative,0.95890993,dirty_positive,0.35
dirty_positive/dirty_1_38.jpg,train,dirty_positive,1,clean_negative,0.97679533,dirty_positive,0.35
dirty_positive/dirty_1_39.jpg,train,dirty_positive,1,clean_negative,0.95864026,dirty_positive,0.35
dirty_positive/dirty_1_40.jpg,train,dirty_positive,1,clean_negative,0.96436521,dirty_positive,0.35
dirty_positive/dirty_1_41.jpg,train,dirty_positive,1,clean_negative,0.12004703,clean_negative,0.35
dirty_positive/dirty_1_42.jpg,train,dirty_positive,1,clean_negative,0.49297176,dirty_positive,0.35
dirty_positive/dirty_1_43.jpg,train,dirty_positive,1,clean_negative,0.42518563,dirty_positive,0.35
dirty_positive/dirty_1_44.jpg,train,dirty_positive,1,clean_negative,0.38924603,dirty_positive,0.35
dirty_positive/dirty_1_45.jpg,train,dirty_positive,1,clean_negative,0.99999877,dirty_positive,0.35
dirty_positive/dirty_1_46.jpg,train,dirty_positive,1,clean_negative,0.99999890,dirty_positive,0.35
dirty_positive/dirty_1_47.jpg,train,dirty_positive,1,clean_negative,0.99999903,dirty_positive,0.35
dirty_positive/dirty_1_48.jpg,train,dirty_positive,1,clean_negative,0.99999878,dirty_positive,0.35
dirty_positive/dirty_1_49.jpg,train,dirty_positive,1,clean_negative,0.86342576,dirty_positive,0.35
dirty_positive/dirty_1_50.jpg,train,dirty_positive,1,clean_negative,0.84633414,dirty_positive,0.35
dirty_positive/dirty_1_51.jpg,train,dirty_positive,1,clean_negative,0.92044068,dirty_positive,0.35
dirty_positive/dirty_1_52.jpg,train,dirty_positive,1,clean_negative,0.85895101,dirty_positive,0.35
dirty_positive/dirty_1_53.jpg,train,dirty_positive,1,clean_negative,0.86301635,dirty_positive,0.35
dirty_positive/dirty_1_54.jpg,train,dirty_positive,1,clean_negative,0.99530588,dirty_positive,0.35
dirty_positive/dirty_1_55.jpg,train,dirty_positive,1,clean_negative,0.83916222,dirty_positive,0.35
dirty_positive/dirty_1_56.jpg,train,dirty_positive,1,clean_negative,0.92403572,dirty_positive,0.35
dirty_positive/dirty_1_57.jpg,train,dirty_positive,1,clean_negative,0.96169456,dirty_positive,0.35
dirty_positive/dirty_1_58.jpg,train,dirty_positive,1,clean_negative,0.96206019,dirty_positive,0.35
dirty_positive/dirty_1_59.jpg,train,dirty_positive,1,clean_negative,0.95873215,dirty_positive,0.35
dirty_positive/dirty_1_60.jpg,train,dirty_positive,1,clean_negative,0.93302261,dirty_positive,0.35
dirty_positive/dirty_1_61.jpg,train,dirty_positive,1,clean_negative,0.67699648,dirty_positive,0.35
dirty_positive/dirty_1_62.jpg,train,dirty_positive,1,clean_negative,0.68691580,dirty_positive,0.35
dirty_positive/dirty_1_63.jpg,train,dirty_positive,1,clean_negative,0.74791589,dirty_positive,0.35
dirty_positive/dirty_1_64.jpg,train,dirty_positive,1,clean_negative,0.74819232,dirty_positive,0.35
dirty_positive/dirty_1_65.jpg,train,dirty_positive,1,clean_negative,0.92723289,dirty_positive,0.35
dirty_positive/dirty_1_66.jpg,train,dirty_positive,1,clean_negative,0.91987927,dirty_positive,0.35
dirty_positive/dirty_1_67.jpg,train,dirty_positive,1,clean_negative,0.90083270,dirty_positive,0.35
dirty_positive/dirty_1_68.jpg,train,dirty_positive,1,clean_negative,0.95186475,dirty_positive,0.35
dirty_positive/dirty_1_69.jpg,train,dirty_positive,1,clean_negative,0.96607737,dirty_positive,0.35
dirty_positive/dirty_1_70.jpg,train,dirty_positive,1,clean_negative,0.98194922,dirty_positive,0.35
dirty_positive/dirty_1_71.jpg,train,dirty_positive,1,clean_negative,0.92514592,dirty_positive,0.35
dirty_positive/dirty_1_72.jpg,train,dirty_positive,1,clean_negative,0.93926003,dirty_positive,0.35
dirty_positive/dirty_1_73.jpg,train,dirty_positive,1,clean_negative,0.96175704,dirty_positive,0.35
dirty_positive/dirty_1_74.jpg,train,dirty_positive,1,clean_negative,0.79085778,dirty_positive,0.35
dirty_positive/dirty_1_75.jpg,train,dirty_positive,1,clean_negative,0.95117972,dirty_positive,0.35
dirty_positive/dirty_1_76.jpg,train,dirty_positive,1,clean_negative,0.97071275,dirty_positive,0.35
dirty_positive/dirty_1_77.jpg,train,dirty_positive,1,clean_negative,0.71664229,dirty_positive,0.35
dirty_positive/dirty_1_78.jpg,train,dirty_positive,1,clean_negative,0.78698661,dirty_positive,0.35
dirty_positive/dirty_1_79.jpg,train,dirty_positive,1,clean_negative,0.95114365,dirty_positive,0.35
dirty_positive/dirty_1_80.jpg,train,dirty_positive,1,clean_negative,0.83413266,dirty_positive,0.35
dirty_positive/dirty_1_81.jpg,train,dirty_positive,1,clean_negative,0.90323057,dirty_positive,0.35
dirty_positive/dirty_1_82.jpg,train,dirty_positive,1,clean_negative,0.96020186,dirty_positive,0.35
dirty_positive/dirty_1_83.jpg,train,dirty_positive,1,clean_negative,0.88426100,dirty_positive,0.35
dirty_positive/dirty_1_84.jpg,train,dirty_positive,1,clean_negative,0.86627763,dirty_positive,0.35
dirty_positive/dirty_1_85.jpg,train,dirty_positive,1,clean_negative,0.93646106,dirty_positive,0.35
dirty_positive/dirty_1_86.jpg,train,dirty_positive,1,clean_negative,0.44155310,dirty_positive,0.35
dirty_positive/dirty_1_87.jpg,train,dirty_positive,1,clean_negative,0.99765896,dirty_positive,0.35
dirty_positive/dirty_1_88.jpg,train,dirty_positive,1,clean_negative,0.58261879,dirty_positive,0.35
dirty_positive/dirty_1_89.jpg,train,dirty_positive,1,clean_negative,0.99593220,dirty_positive,0.35
dirty_positive/dirty_1_90.jpg,train,dirty_positive,1,clean_negative,0.92983830,dirty_positive,0.35
dirty_positive/dirty_1_91.jpg,train,dirty_positive,1,clean_negative,0.91383581,dirty_positive,0.35
dirty_positive/dirty_1_92.jpg,train,dirty_positive,1,clean_negative,0.99756946,dirty_positive,0.35
dirty_positive/dirty_1_93.jpg,train,dirty_positive,1,clean_negative,0.43517152,dirty_positive,0.35
dirty_positive/dirty_1_94.jpg,train,dirty_positive,1,clean_negative,0.73913686,dirty_positive,0.35
dirty_positive/dirty_1_95.jpg,train,dirty_positive,1,clean_negative,0.65735340,dirty_positive,0.35
dirty_positive/dirty_1_96.jpg,train,dirty_positive,1,clean_negative,0.27415924,clean_negative,0.35
dirty_positive/dirty_1_97.jpg,train,dirty_positive,1,clean_negative,0.88531917,dirty_positive,0.35
dirty_positive/dirty_1_98.jpg,train,dirty_positive,1,clean_negative,0.33726429,clean_negative,0.35
dirty_positive/dirty_1_99.jpg,train,dirty_positive,1,clean_negative,0.58424967,dirty_positive,0.35
dirty_positive/dirty_1_100.jpg,train,dirty_positive,1,clean_negative,0.64991337,dirty_positive,0.35
dirty_positive/dirty_1_101.jpg,train,dirty_positive,1,clean_negative,0.85207738,dirty_positive,0.35
dirty_positive/dirty_1_102.jpg,train,dirty_positive,1,clean_negative,0.49054499,dirty_positive,0.35
dirty_positive/dirty_1_103.jpg,train,dirty_positive,1,clean_negative,0.78625193,dirty_positive,0.35
dirty_positive/dirty_1_104.jpg,train,dirty_positive,1,clean_negative,0.36622422,dirty_positive,0.35
clean_negative/clean_2_1.jpg,train,clean_negative,0,clean_negative,0.00002662,clean_negative,0.35
clean_negative/clean_2_2.jpg,train,clean_negative,0,clean_negative,0.00139047,clean_negative,0.35
clean_negative/clean_2_3.jpg,train,clean_negative,0,clean_negative,0.00102977,clean_negative,0.35
clean_negative/clean_2_4.jpg,train,clean_negative,0,clean_negative,0.00109326,clean_negative,0.35
clean_negative/clean_2_5.jpg,train,clean_negative,0,clean_negative,0.06187456,clean_negative,0.35
clean_negative/clean_2_6.jpg,train,clean_negative,0,clean_negative,0.02347892,clean_negative,0.35
clean_negative/clean_2_7.jpg,train,clean_negative,0,clean_negative,0.00098096,clean_negative,0.35
clean_negative/clean_2_8.jpg,train,clean_negative,0,clean_negative,0.01863061,clean_negative,0.35
clean_negative/clean_2_9.jpg,train,clean_negative,0,clean_negative,0.00284417,clean_negative,0.35
clean_negative/clean_2_10.jpg,train,clean_negative,0,clean_negative,0.05154283,clean_negative,0.35
clean_negative/clean_2_11.jpg,train,clean_negative,0,clean_negative,0.00763084,clean_negative,0.35
clean_negative/clean_2_12.jpg,train,clean_negative,0,clean_negative,0.08451446,clean_negative,0.35
clean_negative/clean_2_13.jpg,train,clean_negative,0,clean_negative,0.06532384,clean_negative,0.35
clean_negative/clean_2_14.jpg,train,clean_negative,0,clean_negative,0.13891948,clean_negative,0.35
clean_negative/clean_2_15.jpg,train,clean_negative,0,clean_negative,0.14298199,clean_negative,0.35
clean_negative/clean_2_16.jpg,train,clean_negative,0,clean_negative,0.24017860,clean_negative,0.35
clean_negative/clean_2_17.jpg,train,clean_negative,0,clean_negative,0.10576411,clean_negative,0.35
clean_negative/clean_2_18.jpg,train,clean_negative,0,clean_negative,0.03046576,clean_negative,0.35
clean_negative/clean_2_19.jpg,train,clean_negative,0,clean_negative,0.01812183,clean_negative,0.35
clean_negative/clean_2_20.jpg,train,clean_negative,0,clean_negative,0.04551835,clean_negative,0.35
clean_negative/clean_2_21.jpg,train,clean_negative,0,clean_negative,0.10679370,clean_negative,0.35
clean_negative/clean_2_22.jpg,train,clean_negative,0,clean_negative,0.42402028,dirty_positive,0.35
clean_negative/clean_2_23.jpg,train,clean_negative,0,clean_negative,0.35268375,dirty_positive,0.35
clean_negative/clean_2_24.jpg,train,clean_negative,0,clean_negative,0.44715161,dirty_positive,0.35
clean_negative/clean_2_25.jpg,train,clean_negative,0,clean_negative,0.18355771,clean_negative,0.35
clean_negative/clean_2_26.jpg,train,clean_negative,0,clean_negative,0.34433497,clean_negative,0.35
clean_negative/clean_2_27.jpg,train,clean_negative,0,clean_negative,0.26539692,clean_negative,0.35
clean_negative/clean_2_28.jpg,train,clean_negative,0,clean_negative,0.31183324,clean_negative,0.35
clean_negative/clean_2_29.jpg,train,clean_negative,0,clean_negative,0.11014281,clean_negative,0.35
clean_negative/clean_2_30.jpg,train,clean_negative,0,clean_negative,0.05766026,clean_negative,0.35
clean_negative/clean_2_31.jpg,train,clean_negative,0,clean_negative,0.00992778,clean_negative,0.35
clean_negative/clean_2_32.jpg,train,clean_negative,0,clean_negative,0.00541035,clean_negative,0.35
clean_negative/clean_2_33.jpg,train,clean_negative,0,clean_negative,0.01522025,clean_negative,0.35
clean_negative/clean_2_34.jpg,train,clean_negative,0,clean_negative,0.02684706,clean_negative,0.35
clean_negative/clean_2_35.jpg,train,clean_negative,0,clean_negative,0.00009653,clean_negative,0.35
clean_negative/clean_2_36.jpg,train,clean_negative,0,clean_negative,0.00342964,clean_negative,0.35
clean_negative/clean_2_37.jpg,train,clean_negative,0,clean_negative,0.00505813,clean_negative,0.35
clean_negative/clean_2_38.jpg,train,clean_negative,0,clean_negative,0.22244896,clean_negative,0.35
clean_negative/clean_2_39.jpg,train,clean_negative,0,clean_negative,0.09634571,clean_negative,0.35
clean_negative/clean_2_40.jpg,train,clean_negative,0,clean_negative,0.07499713,clean_negative,0.35
clean_negative/clean_2_41.jpg,train,clean_negative,0,clean_negative,0.01905975,clean_negative,0.35
clean_negative/clean_2_42.jpg,train,clean_negative,0,clean_negative,0.01062611,clean_negative,0.35
clean_negative/clean_2_43.jpg,train,clean_negative,0,clean_negative,0.00002722,clean_negative,0.35
clean_negative/clean_2_44.jpg,train,clean_negative,0,clean_negative,0.00128843,clean_negative,0.35
clean_negative/clean_2_45.jpg,train,clean_negative,0,clean_negative,0.00214053,clean_negative,0.35
clean_negative/clean_2_46.jpg,train,clean_negative,0,clean_negative,0.00212207,clean_negative,0.35
clean_negative/clean_2_47.jpg,train,clean_negative,0,clean_negative,0.00156941,clean_negative,0.35
clean_negative/clean_2_48.jpg,train,clean_negative,0,clean_negative,0.00716756,clean_negative,0.35
clean_negative/clean_2_49.jpg,train,clean_negative,0,clean_negative,0.01044160,clean_negative,0.35
dirty_positive/dirty_2_1.jpg,train,dirty_positive,1,clean_negative,0.62274390,dirty_positive,0.35
dirty_positive/dirty_2_2.jpg,train,dirty_positive,1,clean_negative,0.88174704,dirty_positive,0.35
dirty_positive/dirty_2_3.jpg,train,dirty_positive,1,clean_negative,0.95677318,dirty_positive,0.35
dirty_positive/dirty_2_4.jpg,train,dirty_positive,1,clean_negative,0.87218153,dirty_positive,0.35
dirty_positive/dirty_2_5.jpg,train,dirty_positive,1,clean_negative,0.55352633,dirty_positive,0.35
dirty_positive/dirty_2_6.jpg,train,dirty_positive,1,clean_negative,0.15920762,clean_negative,0.35
dirty_positive/dirty_2_7.jpg,train,dirty_positive,1,clean_negative,0.70375328,dirty_positive,0.35
dirty_positive/dirty_2_8.jpg,train,dirty_positive,1,clean_negative,0.84141390,dirty_positive,0.35
dirty_positive/dirty_2_9.jpg,train,dirty_positive,1,clean_negative,0.91912547,dirty_positive,0.35
dirty_positive/dirty_2_10.jpg,train,dirty_positive,1,clean_negative,0.98658383,dirty_positive,0.35
dirty_positive/dirty_2_11.jpg,train,dirty_positive,1,clean_negative,0.95740932,dirty_positive,0.35
dirty_positive/dirty_2_12.jpg,train,dirty_positive,1,clean_negative,0.95915777,dirty_positive,0.35
dirty_positive/dirty_2_13.jpg,train,dirty_positive,1,clean_negative,0.91905942,dirty_positive,0.35
dirty_positive/dirty_2_14.jpg,train,dirty_positive,1,clean_negative,0.53106591,dirty_positive,0.35
dirty_positive/dirty_2_15.jpg,train,dirty_positive,1,clean_negative,0.87152194,dirty_positive,0.35
dirty_positive/dirty_2_16.jpg,train,dirty_positive,1,clean_negative,0.98949879,dirty_positive,0.35
dirty_positive/dirty_2_17.jpg,train,dirty_positive,1,clean_negative,0.91957800,dirty_positive,0.35
dirty_positive/dirty_2_18.jpg,train,dirty_positive,1,clean_negative,0.97678283,dirty_positive,0.35
dirty_positive/dirty_2_19.jpg,train,dirty_positive,1,clean_negative,0.90088317,dirty_positive,0.35
dirty_positive/dirty_2_20.jpg,train,dirty_positive,1,clean_negative,0.94188498,dirty_positive,0.35
dirty_positive/dirty_2_21.jpg,train,dirty_positive,1,clean_negative,0.53312895,dirty_positive,0.35
dirty_positive/dirty_2_22.jpg,train,dirty_positive,1,clean_negative,0.51986105,dirty_positive,0.35
dirty_positive/dirty_2_23.jpg,train,dirty_positive,1,clean_negative,0.57145848,dirty_positive,0.35
dirty_positive/dirty_2_24.jpg,train,dirty_positive,1,clean_negative,0.98719189,dirty_positive,0.35
dirty_positive/dirty_2_25.jpg,train,dirty_positive,1,clean_negative,0.99304650,dirty_positive,0.35
dirty_positive/dirty_2_26.jpg,train,dirty_positive,1,clean_negative,0.80831611,dirty_positive,0.35
dirty_positive/dirty_2_27.jpg,train,dirty_positive,1,clean_negative,0.98358444,dirty_positive,0.35
dirty_positive/dirty_2_28.jpg,train,dirty_positive,1,clean_negative,0.99419259,dirty_positive,0.35
dirty_positive/dirty_2_29.jpg,train,dirty_positive,1,clean_negative,0.77804581,dirty_positive,0.35
dirty_positive/dirty_2_30.jpg,train,dirty_positive,1,clean_negative,0.72903109,dirty_positive,0.35
dirty_positive/dirty_2_31.jpg,train,dirty_positive,1,clean_negative,0.82658146,dirty_positive,0.35
dirty_positive/dirty_2_32.jpg,train,dirty_positive,1,clean_negative,0.79317174,dirty_positive,0.35
dirty_positive/dirty_2_33.jpg,train,dirty_positive,1,clean_negative,0.39660329,dirty_positive,0.35
dirty_positive/dirty_2_34.jpg,train,dirty_positive,1,clean_negative,0.49643654,dirty_positive,0.35
dirty_positive/dirty_2_35.jpg,train,dirty_positive,1,clean_negative,0.26354238,clean_negative,0.35
dirty_positive/dirty_2_36.jpg,train,dirty_positive,1,clean_negative,0.50491284,dirty_positive,0.35
dirty_positive/dirty_2_37.jpg,train,dirty_positive,1,clean_negative,0.99963127,dirty_positive,0.35
dirty_positive/dirty_2_38.jpg,train,dirty_positive,1,clean_negative,0.99863089,dirty_positive,0.35
dirty_positive/dirty_2_39.jpg,train,dirty_positive,1,clean_negative,0.99711004,dirty_positive,0.35
dirty_positive/dirty_2_40.jpg,train,dirty_positive,1,clean_negative,0.99711771,dirty_positive,0.35
dirty_positive/dirty_2_41.jpg,train,dirty_positive,1,clean_negative,0.92746396,dirty_positive,0.35
dirty_positive/dirty_2_42.jpg,train,dirty_positive,1,clean_negative,0.54744905,dirty_positive,0.35
dirty_positive/dirty_2_43.jpg,train,dirty_positive,1,clean_negative,0.64147216,dirty_positive,0.35
dirty_positive/dirty_2_44.jpg,train,dirty_positive,1,clean_negative,0.98568347,dirty_positive,0.35
dirty_positive/dirty_2_45.jpg,train,dirty_positive,1,clean_negative,0.87483837,dirty_positive,0.35
dirty_positive/dirty_2_46.jpg,train,dirty_positive,1,clean_negative,0.64609191,dirty_positive,0.35
dirty_positive/dirty_2_47.jpg,train,dirty_positive,1,clean_negative,0.96612058,dirty_positive,0.35
dirty_positive/dirty_2_48.jpg,train,dirty_positive,1,clean_negative,0.63237571,dirty_positive,0.35
dirty_positive/dirty_2_49.jpg,train,dirty_positive,1,clean_negative,0.53299845,dirty_positive,0.35
dirty_positive/dirty_2_50.jpg,train,dirty_positive,1,clean_negative,0.88079792,dirty_positive,0.35
dirty_positive/dirty_2_51.jpg,train,dirty_positive,1,clean_negative,0.10119808,clean_negative,0.35
dirty_positive/dirty_2_52.jpg,train,dirty_positive,1,clean_negative,0.89869380,dirty_positive,0.35
dirty_positive/dirty_2_53.jpg,train,dirty_positive,1,clean_negative,0.99920154,dirty_positive,0.35
dirty_positive/dirty_2_54.jpg,train,dirty_positive,1,clean_negative,0.99933562,dirty_positive,0.35
dirty_positive/dirty_2_55.jpg,train,dirty_positive,1,clean_negative,0.99938213,dirty_positive,0.35
dirty_positive/dirty_2_56.jpg,train,dirty_positive,1,clean_negative,0.99765385,dirty_positive,0.35
dirty_positive/dirty_2_57.jpg,train,dirty_positive,1,clean_negative,0.83322188,dirty_positive,0.35
dirty_positive/dirty_2_58.jpg,train,dirty_positive,1,clean_negative,0.98260185,dirty_positive,0.35
dirty_positive/dirty_2_59.jpg,train,dirty_positive,1,clean_negative,0.94938791,dirty_positive,0.35
dirty_positive/dirty_2_60.jpg,train,dirty_positive,1,clean_negative,0.91423949,dirty_positive,0.35
dirty_positive/dirty_2_61.jpg,train,dirty_positive,1,clean_negative,0.93370833,dirty_positive,0.35
dirty_positive/dirty_2_62.jpg,train,dirty_positive,1,clean_negative,0.89802670,dirty_positive,0.35
dirty_positive/dirty_2_63.jpg,train,dirty_positive,1,clean_negative,0.90513488,dirty_positive,0.35
dirty_positive/dirty_2_64.jpg,train,dirty_positive,1,clean_negative,0.75045068,dirty_positive,0.35
dirty_positive/dirty_2_65.jpg,train,dirty_positive,1,clean_negative,0.94322622,dirty_positive,0.35
dirty_positive/dirty_2_66.jpg,train,dirty_positive,1,clean_negative,0.97649022,dirty_positive,0.35
dirty_positive/dirty_2_67.jpg,train,dirty_positive,1,clean_negative,0.98657572,dirty_positive,0.35
dirty_positive/dirty_2_68.jpg,train,dirty_positive,1,clean_negative,0.91028659,dirty_positive,0.35
dirty_positive/dirty_2_69.jpg,train,dirty_positive,1,clean_negative,0.90378993,dirty_positive,0.35
dirty_positive/dirty_2_70.jpg,train,dirty_positive,1,clean_negative,0.87807020,dirty_positive,0.35
dirty_positive/dirty_2_71.jpg,train,dirty_positive,1,clean_negative,0.97162596,dirty_positive,0.35
dirty_positive/dirty_2_72.jpg,train,dirty_positive,1,clean_negative,0.97411904,dirty_positive,0.35
dirty_positive/dirty_2_73.jpg,train,dirty_positive,1,clean_negative,0.95594075,dirty_positive,0.35
dirty_positive/dirty_2_74.jpg,train,dirty_positive,1,clean_negative,0.94101397,dirty_positive,0.35
dirty_positive/dirty_2_75.jpg,train,dirty_positive,1,clean_negative,0.98669215,dirty_positive,0.35
dirty_positive/dirty_2_76.jpg,train,dirty_positive,1,clean_negative,0.87705961,dirty_positive,0.35
dirty_positive/dirty_2_77.jpg,train,dirty_positive,1,clean_negative,0.98077899,dirty_positive,0.35
dirty_positive/dirty_2_78.jpg,train,dirty_positive,1,clean_negative,0.82767626,dirty_positive,0.35
dirty_positive/dirty_2_79.jpg,train,dirty_positive,1,clean_negative,0.97939055,dirty_positive,0.35
dirty_positive/dirty_2_80.jpg,train,dirty_positive,1,clean_negative,0.98054389,dirty_positive,0.35
dirty_positive/dirty_2_81.jpg,train,dirty_positive,1,clean_negative,0.86560221,dirty_positive,0.35
dirty_positive/dirty_2_82.jpg,train,dirty_positive,1,clean_negative,0.93420538,dirty_positive,0.35
dirty_positive/dirty_2_83.jpg,train,dirty_positive,1,clean_negative,0.97560541,dirty_positive,0.35
dirty_positive/dirty_2_84.jpg,train,dirty_positive,1,clean_negative,0.96707904,dirty_positive,0.35
dirty_positive/dirty_2_85.jpg,train,dirty_positive,1,clean_negative,0.97892082,dirty_positive,0.35
dirty_positive/dirty_2_86.jpg,train,dirty_positive,1,clean_negative,0.97600175,dirty_positive,0.35
dirty_positive/dirty_2_87.jpg,train,dirty_positive,1,clean_negative,0.91080270,dirty_positive,0.35
dirty_positive/dirty_2_88.jpg,train,dirty_positive,1,clean_negative,0.99203056,dirty_positive,0.35
dirty_positive/dirty_2_89.jpg,train,dirty_positive,1,clean_negative,0.99228406,dirty_positive,0.35
dirty_positive/dirty_2_90.jpg,train,dirty_positive,1,clean_negative,0.98421536,dirty_positive,0.35
dirty_positive/dirty_2_91.jpg,train,dirty_positive,1,clean_negative,0.98896527,dirty_positive,0.35
dirty_positive/dirty_2_92.jpg,train,dirty_positive,1,clean_negative,0.91669314,dirty_positive,0.35
dirty_positive/dirty_2_93.jpg,train,dirty_positive,1,clean_negative,0.97960971,dirty_positive,0.35
dirty_positive/dirty_2_94.jpg,train,dirty_positive,1,clean_negative,0.66378926,dirty_positive,0.35
dirty_positive/dirty_2_95.jpg,train,dirty_positive,1,clean_negative,0.87598577,dirty_positive,0.35
dirty_positive/dirty_2_96.jpg,train,dirty_positive,1,clean_negative,0.79064963,dirty_positive,0.35
dirty_positive/dirty_2_97.jpg,train,dirty_positive,1,clean_negative,0.98396443,dirty_positive,0.35
dirty_positive/dirty_2_98.jpg,train,dirty_positive,1,clean_negative,0.97086945,dirty_positive,0.35
dirty_positive/dirty_2_99.jpg,train,dirty_positive,1,clean_negative,0.96954374,dirty_positive,0.35
dirty_positive/dirty_2_100.jpg,train,dirty_positive,1,clean_negative,0.98598778,dirty_positive,0.35
dirty_positive/dirty_2_101.jpg,train,dirty_positive,1,clean_negative,0.98512697,dirty_positive,0.35
dirty_positive/dirty_2_102.jpg,train,dirty_positive,1,clean_negative,0.99555635,dirty_positive,0.35
dirty_positive/dirty_2_103.jpg,train,dirty_positive,1,clean_negative,0.95327938,dirty_positive,0.35
dirty_positive/dirty_2_104.jpg,train,dirty_positive,1,clean_negative,0.99277597,dirty_positive,0.35
dirty_positive/dirty_2_105.jpg,train,dirty_positive,1,clean_negative,0.88344109,dirty_positive,0.35
dirty_positive/dirty_2_106.jpg,train,dirty_positive,1,clean_negative,0.83918907,dirty_positive,0.35
dirty_positive/dirty_2_107.jpg,train,dirty_positive,1,clean_negative,0.79355357,dirty_positive,0.35
dirty_positive/dirty_2_108.jpg,train,dirty_positive,1,clean_negative,0.87119842,dirty_positive,0.35
dirty_positive/dirty_2_109.jpg,train,dirty_positive,1,clean_negative,0.95610094,dirty_positive,0.35
dirty_positive/dirty_2_110.jpg,train,dirty_positive,1,clean_negative,0.91889523,dirty_positive,0.35
dirty_positive/dirty_2_111.jpg,train,dirty_positive,1,clean_negative,0.99256157,dirty_positive,0.35
dirty_positive/dirty_2_112.jpg,train,dirty_positive,1,clean_negative,0.99707285,dirty_positive,0.35
dirty_positive/dirty_2_113.jpg,train,dirty_positive,1,clean_negative,0.96430386,dirty_positive,0.35
dirty_positive/dirty_2_114.jpg,train,dirty_positive,1,clean_negative,0.80569771,dirty_positive,0.35
dirty_positive/dirty_2_115.jpg,train,dirty_positive,1,clean_negative,0.98012156,dirty_positive,0.35
dirty_positive/dirty_2_116.jpg,train,dirty_positive,1,clean_negative,0.97423051,dirty_positive,0.35
dirty_positive/dirty_2_117.jpg,train,dirty_positive,1,clean_negative,0.98600621,dirty_positive,0.35
dirty_positive/dirty_2_118.jpg,train,dirty_positive,1,clean_negative,0.98854501,dirty_positive,0.35
dirty_positive/dirty_2_119.jpg,train,dirty_positive,1,clean_negative,0.99998569,dirty_positive,0.35
dirty_positive/dirty_2_120.jpg,train,dirty_positive,1,clean_negative,0.99084840,dirty_positive,0.35
dirty_positive/dirty_2_121.jpg,train,dirty_positive,1,clean_negative,0.90662941,dirty_positive,0.35
dirty_positive/dirty_2_122.jpg,train,dirty_positive,1,clean_negative,0.93109842,dirty_positive,0.35
dirty_positive/dirty_2_123.jpg,train,dirty_positive,1,clean_negative,0.91842779,dirty_positive,0.35
dirty_positive/dirty_2_124.jpg,train,dirty_positive,1,clean_negative,0.84576733,dirty_positive,0.35
dirty_positive/dirty_2_125.jpg,train,dirty_positive,1,clean_negative,0.96063564,dirty_positive,0.35
dirty_positive/dirty_2_126.jpg,train,dirty_positive,1,clean_negative,0.96193352,dirty_positive,0.35
dirty_positive/dirty_2_127.jpg,train,dirty_positive,1,clean_negative,0.96018390,dirty_positive,0.35
dirty_positive/dirty_2_128.jpg,train,dirty_positive,1,clean_negative,0.95529511,dirty_positive,0.35
dirty_positive/dirty_2_129.jpg,train,dirty_positive,1,clean_negative,0.72827499,dirty_positive,0.35
dirty_positive/dirty_2_130.jpg,train,dirty_positive,1,clean_negative,0.98113697,dirty_positive,0.35
dirty_positive/dirty_2_131.jpg,train,dirty_positive,1,clean_negative,0.90727988,dirty_positive,0.35
dirty_positive/dirty_2_132.jpg,train,dirty_positive,1,clean_negative,0.57478683,dirty_positive,0.35
dirty_positive/dirty_2_133.jpg,train,dirty_positive,1,clean_negative,0.90901917,dirty_positive,0.35
dirty_positive/dirty_2_134.jpg,train,dirty_positive,1,clean_negative,0.91148121,dirty_positive,0.35
dirty_positive/dirty_2_135.jpg,train,dirty_positive,1,clean_negative,0.94373942,dirty_positive,0.35
dirty_positive/dirty_2_136.jpg,train,dirty_positive,1,clean_negative,0.92018439,dirty_positive,0.35
dirty_positive/dirty_2_137.jpg,train,dirty_positive,1,clean_negative,0.90212137,dirty_positive,0.35
dirty_positive/dirty_2_138.jpg,train,dirty_positive,1,clean_negative,0.90140128,dirty_positive,0.35
dirty_positive/dirty_2_139.jpg,train,dirty_positive,1,clean_negative,0.92700956,dirty_positive,0.35
dirty_positive/dirty_2_140.jpg,train,dirty_positive,1,clean_negative,0.91099835,dirty_positive,0.35
dirty_positive/dirty_2_141.jpg,train,dirty_positive,1,clean_negative,0.99598509,dirty_positive,0.35
dirty_positive/dirty_2_142.jpg,train,dirty_positive,1,clean_negative,0.98173175,dirty_positive,0.35
dirty_positive/dirty_2_143.jpg,train,dirty_positive,1,clean_negative,0.99253680,dirty_positive,0.35
dirty_positive/dirty_2_144.jpg,train,dirty_positive,1,clean_negative,0.99998575,dirty_positive,0.35
dirty_positive/dirty_2_145.jpg,train,dirty_positive,1,clean_negative,0.95263415,dirty_positive,0.35
dirty_positive/dirty_2_146.jpg,train,dirty_positive,1,clean_negative,0.98410737,dirty_positive,0.35
dirty_positive/dirty_2_147.jpg,train,dirty_positive,1,clean_negative,0.96073863,dirty_positive,0.35
dirty_positive/dirty_2_148.jpg,train,dirty_positive,1,clean_negative,0.96852299,dirty_positive,0.35
dirty_positive/dirty_2_149.jpg,train,dirty_positive,1,clean_negative,0.46108708,dirty_positive,0.35
dirty_positive/dirty_2_150.jpg,train,dirty_positive,1,clean_negative,0.97075198,dirty_positive,0.35
dirty_positive/dirty_2_151.jpg,train,dirty_positive,1,clean_negative,0.92257888,dirty_positive,0.35
dirty_positive/dirty_2_152.jpg,train,dirty_positive,1,clean_negative,0.68358575,dirty_positive,0.35
dirty_positive/dirty_2_153.jpg,train,dirty_positive,1,clean_negative,0.95511901,dirty_positive,0.35
dirty_positive/dirty_2_154.jpg,train,dirty_positive,1,clean_negative,0.94935087,dirty_positive,0.35
dirty_positive/dirty_2_155.jpg,train,dirty_positive,1,clean_negative,0.96076381,dirty_positive,0.35
dirty_positive/dirty_2_156.jpg,train,dirty_positive,1,clean_negative,0.97272768,dirty_positive,0.35
dirty_positive/dirty_2_157.jpg,train,dirty_positive,1,clean_negative,0.83491918,dirty_positive,0.35
dirty_positive/dirty_2_158.jpg,train,dirty_positive,1,clean_negative,0.97101828,dirty_positive,0.35
dirty_positive/dirty_2_159.jpg,train,dirty_positive,1,clean_negative,0.85585150,dirty_positive,0.35
dirty_positive/dirty_2_160.jpg,train,dirty_positive,1,clean_negative,0.94806347,dirty_positive,0.35
dirty_positive/dirty_2_161.jpg,train,dirty_positive,1,clean_negative,0.32872872,clean_negative,0.35
dirty_positive/dirty_2_162.jpg,train,dirty_positive,1,clean_negative,0.20420478,clean_negative,0.35
dirty_positive/dirty_2_163.jpg,train,dirty_positive,1,clean_negative,0.75899902,dirty_positive,0.35
dirty_positive/dirty_2_164.jpg,train,dirty_positive,1,clean_negative,0.72924959,dirty_positive,0.35
clean_negative/clean_3_1.jpg,train,clean_negative,0,clean_negative,0.48783678,dirty_positive,0.35
clean_negative/clean_3_2.jpg,train,clean_negative,0,clean_negative,0.08207693,clean_negative,0.35
clean_negative/clean_3_3.jpg,train,clean_negative,0,clean_negative,0.08955164,clean_negative,0.35
clean_negative/clean_3_4.jpg,train,clean_negative,0,clean_negative,0.13882523,clean_negative,0.35
clean_negative/clean_3_5.jpg,train,clean_negative,0,clean_negative,0.37853018,dirty_positive,0.35
clean_negative/clean_3_6.jpg,train,clean_negative,0,clean_negative,0.52024745,dirty_positive,0.35
clean_negative/clean_3_7.jpg,train,clean_negative,0,clean_negative,0.50732636,dirty_positive,0.35
clean_negative/clean_3_8.jpg,train,clean_negative,0,clean_negative,0.10511570,clean_negative,0.35
clean_negative/clean_3_9.jpg,train,clean_negative,0,clean_negative,0.10154146,clean_negative,0.35
clean_negative/clean_3_10.jpg,train,clean_negative,0,clean_negative,0.16840405,clean_negative,0.35
clean_negative/clean_3_11.jpg,train,clean_negative,0,clean_negative,0.35189176,dirty_positive,0.35
clean_negative/clean_3_12.jpg,train,clean_negative,0,clean_negative,0.36753014,dirty_positive,0.35
clean_negative/clean_3_13.jpg,train,clean_negative,0,clean_negative,0.34676305,clean_negative,0.35
clean_negative/clean_3_14.jpg,train,clean_negative,0,clean_negative,0.07785652,clean_negative,0.35
clean_negative/clean_3_15.jpg,train,clean_negative,0,clean_negative,0.20164443,clean_negative,0.35
clean_negative/clean_3_16.jpg,train,clean_negative,0,clean_negative,0.42318982,dirty_positive,0.35
clean_negative/clean_3_17.jpg,train,clean_negative,0,clean_negative,0.01581295,clean_negative,0.35
clean_negative/clean_3_18.jpg,train,clean_negative,0,clean_negative,0.03086241,clean_negative,0.35
clean_negative/clean_3_19.jpg,train,clean_negative,0,clean_negative,0.00406018,clean_negative,0.35
clean_negative/clean_3_20.jpg,train,clean_negative,0,clean_negative,0.01039087,clean_negative,0.35
clean_negative/clean_3_21.jpg,train,clean_negative,0,clean_negative,0.02456054,clean_negative,0.35
clean_negative/clean_3_22.jpg,train,clean_negative,0,clean_negative,0.18574869,clean_negative,0.35
clean_negative/clean_3_23.jpg,train,clean_negative,0,clean_negative,0.00087335,clean_negative,0.35
clean_negative/clean_3_24.jpg,train,clean_negative,0,clean_negative,0.00997954,clean_negative,0.35
clean_negative/clean_3_25.jpg,train,clean_negative,0,clean_negative,0.02000335,clean_negative,0.35
clean_negative/clean_3_26.jpg,train,clean_negative,0,clean_negative,0.14403516,clean_negative,0.35
clean_negative/clean_3_27.jpg,train,clean_negative,0,clean_negative,0.38120342,dirty_positive,0.35
clean_negative/clean_3_28.jpg,train,clean_negative,0,clean_negative,0.42376667,dirty_positive,0.35
clean_negative/clean_3_29.jpg,train,clean_negative,0,clean_negative,0.56722595,dirty_positive,0.35
clean_negative/clean_3_30.jpg,train,clean_negative,0,clean_negative,0.56129921,dirty_positive,0.35
clean_negative/clean_3_31.jpg,train,clean_negative,0,clean_negative,0.56576190,dirty_positive,0.35
clean_negative/clean_3_32.jpg,train,clean_negative,0,clean_negative,0.14511598,clean_negative,0.35
clean_negative/clean_3_33.jpg,train,clean_negative,0,clean_negative,0.73480990,dirty_positive,0.35
clean_negative/clean_3_34.jpg,train,clean_negative,0,clean_negative,0.62706372,dirty_positive,0.35
clean_negative/clean_3_35.jpg,train,clean_negative,0,clean_negative,0.53577435,dirty_positive,0.35
clean_negative/clean_3_36.jpg,train,clean_negative,0,clean_negative,0.45471014,dirty_positive,0.35
clean_negative/clean_3_37.jpg,train,clean_negative,0,clean_negative,0.45050695,dirty_positive,0.35
clean_negative/clean_3_38.jpg,train,clean_negative,0,clean_negative,0.00014127,clean_negative,0.35
clean_negative/clean_3_39.jpg,train,clean_negative,0,clean_negative,0.00106616,clean_negative,0.35
clean_negative/clean_3_40.jpg,train,clean_negative,0,clean_negative,0.01815069,clean_negative,0.35
clean_negative/clean_3_41.jpg,train,clean_negative,0,clean_negative,0.05525981,clean_negative,0.35
clean_negative/clean_3_42.jpg,train,clean_negative,0,clean_negative,0.09309581,clean_negative,0.35
clean_negative/clean_3_43.jpg,train,clean_negative,0,clean_negative,0.45694384,dirty_positive,0.35
clean_negative/clean_3_44.jpg,train,clean_negative,0,clean_negative,0.43425930,dirty_positive,0.35
clean_negative/clean_3_45.jpg,train,clean_negative,0,clean_negative,0.36582515,dirty_positive,0.35
clean_negative/clean_3_46.jpg,train,clean_negative,0,clean_negative,0.35576402,dirty_positive,0.35
clean_negative/clean_3_47.jpg,train,clean_negative,0,clean_negative,0.46511323,dirty_positive,0.35
clean_negative/clean_3_48.jpg,train,clean_negative,0,clean_negative,0.50363272,dirty_positive,0.35
clean_negative/clean_3_49.jpg,train,clean_negative,0,clean_negative,0.38475863,dirty_positive,0.35
clean_negative/clean_3_50.jpg,train,clean_negative,0,clean_negative,0.41227131,dirty_positive,0.35
clean_negative/clean_3_51.jpg,train,clean_negative,0,clean_negative,0.43671379,dirty_positive,0.35
clean_negative/clean_3_52.jpg,train,clean_negative,0,clean_negative,0.00009224,clean_negative,0.35
clean_negative/clean_3_53.jpg,train,clean_negative,0,clean_negative,0.00044629,clean_negative,0.35
clean_negative/clean_3_54.jpg,train,clean_negative,0,clean_negative,0.00138017,clean_negative,0.35
clean_negative/clean_3_55.jpg,train,clean_negative,0,clean_negative,0.00766892,clean_negative,0.35
clean_negative/clean_3_56.jpg,train,clean_negative,0,clean_negative,0.01524801,clean_negative,0.35
clean_negative/clean_3_57.jpg,train,clean_negative,0,clean_negative,0.26476722,clean_negative,0.35
clean_negative/clean_3_58.jpg,train,clean_negative,0,clean_negative,0.34671098,clean_negative,0.35
clean_negative/clean_3_59.jpg,train,clean_negative,0,clean_negative,0.43282512,dirty_positive,0.35
clean_negative/clean_3_60.jpg,train,clean_negative,0,clean_negative,0.49246186,dirty_positive,0.35
clean_negative/clean_3_61.jpg,train,clean_negative,0,clean_negative,0.47105636,dirty_positive,0.35
clean_negative/clean_3_62.jpg,train,clean_negative,0,clean_negative,0.51492284,dirty_positive,0.35
clean_negative/clean_3_63.jpg,train,clean_negative,0,clean_negative,0.41591256,dirty_positive,0.35
clean_negative/clean_3_64.jpg,train,clean_negative,0,clean_negative,0.46365589,dirty_positive,0.35
clean_negative/clean_3_65.jpg,train,clean_negative,0,clean_negative,0.92483216,dirty_positive,0.35
clean_negative/clean_3_66.jpg,train,clean_negative,0,clean_negative,0.00008105,clean_negative,0.35
clean_negative/clean_3_67.jpg,train,clean_negative,0,clean_negative,0.00037751,clean_negative,0.35
clean_negative/clean_3_68.jpg,train,clean_negative,0,clean_negative,0.00139558,clean_negative,0.35
clean_negative/clean_3_69.jpg,train,clean_negative,0,clean_negative,0.00618745,clean_negative,0.35
clean_negative/clean_3_70.jpg,train,clean_negative,0,clean_negative,0.01540932,clean_negative,0.35
clean_negative/clean_3_71.jpg,train,clean_negative,0,clean_negative,0.18653097,clean_negative,0.35
clean_negative/clean_3_72.jpg,train,clean_negative,0,clean_negative,0.21806399,clean_negative,0.35
clean_negative/clean_3_73.jpg,train,clean_negative,0,clean_negative,0.83002094,dirty_positive,0.35
clean_negative/clean_3_74.jpg,train,clean_negative,0,clean_negative,0.67823848,dirty_positive,0.35
clean_negative/clean_3_75.jpg,train,clean_negative,0,clean_negative,0.67359252,dirty_positive,0.35
clean_negative/clean_3_76.jpg,train,clean_negative,0,clean_negative,0.55019040,dirty_positive,0.35
clean_negative/clean_3_77.jpg,train,clean_negative,0,clean_negative,0.57218168,dirty_positive,0.35
clean_negative/clean_3_78.jpg,train,clean_negative,0,clean_negative,0.24728511,clean_negative,0.35
clean_negative/clean_3_79.jpg,train,clean_negative,0,clean_negative,0.33340260,clean_negative,0.35
clean_negative/clean_3_80.jpg,train,clean_negative,0,clean_negative,0.50368438,dirty_positive,0.35
clean_negative/clean_3_81.jpg,train,clean_negative,0,clean_negative,0.40922509,dirty_positive,0.35
clean_negative/clean_3_82.jpg,train,clean_negative,0,clean_negative,0.61161683,dirty_positive,0.35
clean_negative/clean_3_83.jpg,train,clean_negative,0,clean_negative,0.53050415,dirty_positive,0.35
clean_negative/clean_3_84.jpg,train,clean_negative,0,clean_negative,0.55971959,dirty_positive,0.35
clean_negative/clean_3_85.jpg,train,clean_negative,0,clean_negative,0.76310613,dirty_positive,0.35
clean_negative/clean_3_86.jpg,train,clean_negative,0,clean_negative,0.63099771,dirty_positive,0.35
clean_negative/clean_3_87.jpg,train,clean_negative,0,clean_negative,0.88517827,dirty_positive,0.35
clean_negative/clean_3_88.jpg,train,clean_negative,0,clean_negative,0.87339258,dirty_positive,0.35
clean_negative/clean_3_89.jpg,train,clean_negative,0,clean_negative,0.79840762,dirty_positive,0.35
clean_negative/clean_3_90.jpg,train,clean_negative,0,clean_negative,0.80626104,dirty_positive,0.35
clean_negative/clean_3_91.jpg,train,clean_negative,0,clean_negative,0.75429761,dirty_positive,0.35
clean_negative/clean_3_92.jpg,train,clean_negative,0,clean_negative,0.07691521,clean_negative,0.35
clean_negative/clean_3_93.jpg,train,clean_negative,0,clean_negative,0.14595230,clean_negative,0.35
clean_negative/clean_3_94.jpg,train,clean_negative,0,clean_negative,0.61330701,dirty_positive,0.35
clean_negative/clean_3_95.jpg,train,clean_negative,0,clean_negative,0.88718240,dirty_positive,0.35
clean_negative/clean_3_96.jpg,train,clean_negative,0,clean_negative,0.86483427,dirty_positive,0.35
clean_negative/clean_3_97.jpg,train,clean_negative,0,clean_negative,0.80507121,dirty_positive,0.35
clean_negative/clean_3_98.jpg,train,clean_negative,0,clean_negative,0.78086001,dirty_positive,0.35
clean_negative/clean_3_99.jpg,train,clean_negative,0,clean_negative,0.04630962,clean_negative,0.35
clean_negative/clean_3_100.jpg,train,clean_negative,0,clean_negative,0.05152352,clean_negative,0.35
clean_negative/clean_3_101.jpg,train,clean_negative,0,clean_negative,0.60235535,dirty_positive,0.35
clean_negative/clean_3_102.jpg,train,clean_negative,0,clean_negative,0.52400565,dirty_positive,0.35
clean_negative/clean_3_103.jpg,train,clean_negative,0,clean_negative,0.47856572,dirty_positive,0.35
clean_negative/clean_3_104.jpg,train,clean_negative,0,clean_negative,0.33466699,clean_negative,0.35
clean_negative/clean_3_105.jpg,train,clean_negative,0,clean_negative,0.21358763,clean_negative,0.35
clean_negative/clean_3_106.jpg,train,clean_negative,0,clean_negative,0.01339864,clean_negative,0.35
clean_negative/clean_3_107.jpg,train,clean_negative,0,clean_negative,0.02417678,clean_negative,0.35
clean_negative/clean_3_108.jpg,train,clean_negative,0,clean_negative,0.60249185,dirty_positive,0.35
clean_negative/clean_3_109.jpg,train,clean_negative,0,clean_negative,0.51179056,dirty_positive,0.35
clean_negative/clean_3_110.jpg,train,clean_negative,0,clean_negative,0.49735180,dirty_positive,0.35
clean_negative/clean_3_111.jpg,train,clean_negative,0,clean_negative,0.30429615,clean_negative,0.35
clean_negative/clean_3_112.jpg,train,clean_negative,0,clean_negative,0.15033714,clean_negative,0.35
clean_negative/clean_3_113.jpg,train,clean_negative,0,clean_negative,0.00349161,clean_negative,0.35
clean_negative/clean_3_114.jpg,train,clean_negative,0,clean_negative,0.00847021,clean_negative,0.35
clean_negative/clean_3_115.jpg,train,clean_negative,0,clean_negative,0.32693919,clean_negative,0.35
clean_negative/clean_3_116.jpg,train,clean_negative,0,clean_negative,0.30946880,clean_negative,0.35
clean_negative/clean_3_117.jpg,train,clean_negative,0,clean_negative,0.39447210,dirty_positive,0.35
clean_negative/clean_3_118.jpg,train,clean_negative,0,clean_negative,0.07290137,clean_negative,0.35
clean_negative/clean_3_119.jpg,train,clean_negative,0,clean_negative,0.02343982,clean_negative,0.35
clean_negative/clean_3_120.jpg,train,clean_negative,0,clean_negative,0.00130448,clean_negative,0.35
clean_negative/clean_3_121.jpg,train,clean_negative,0,clean_negative,0.00285064,clean_negative,0.35
clean_negative/clean_3_122.jpg,train,clean_negative,0,clean_negative,0.47445552,dirty_positive,0.35
clean_negative/clean_3_123.jpg,train,clean_negative,0,clean_negative,0.45873410,dirty_positive,0.35
clean_negative/clean_3_124.jpg,train,clean_negative,0,clean_negative,0.50315153,dirty_positive,0.35
clean_negative/clean_3_125.jpg,train,clean_negative,0,clean_negative,0.04065738,clean_negative,0.35
clean_negative/clean_3_126.jpg,train,clean_negative,0,clean_negative,0.00062040,clean_negative,0.35
dirty_positive/dirty_3_1.jpg,train,dirty_positive,1,clean_negative,0.99099889,dirty_positive,0.35
dirty_positive/dirty_3_2.jpg,train,dirty_positive,1,clean_negative,0.93517178,dirty_positive,0.35
dirty_positive/dirty_3_3.jpg,train,dirty_positive,1,clean_negative,0.90166760,dirty_positive,0.35
dirty_positive/dirty_3_4.jpg,train,dirty_positive,1,clean_negative,0.94408663,dirty_positive,0.35
dirty_positive/dirty_3_5.jpg,train,dirty_positive,1,clean_negative,0.54719890,dirty_positive,0.35
dirty_positive/dirty_3_6.jpg,train,dirty_positive,1,clean_negative,0.79774482,dirty_positive,0.35
dirty_positive/dirty_3_7.jpg,train,dirty_positive,1,clean_negative,0.63369016,dirty_positive,0.35
dirty_positive/dirty_3_8.jpg,train,dirty_positive,1,clean_negative,0.57447006,dirty_positive,0.35
dirty_positive/dirty_3_9.jpg,train,dirty_positive,1,clean_negative,0.99948853,dirty_positive,0.35
dirty_positive/dirty_3_10.jpg,train,dirty_positive,1,clean_negative,0.94733342,dirty_positive,0.35
dirty_positive/dirty_3_11.jpg,train,dirty_positive,1,clean_negative,0.99938697,dirty_positive,0.35
dirty_positive/dirty_3_12.jpg,train,dirty_positive,1,clean_negative,0.93473828,dirty_positive,0.35
dirty_positive/dirty_3_13.jpg,train,dirty_positive,1,clean_negative,0.61969242,dirty_positive,0.35
dirty_positive/dirty_3_14.jpg,train,dirty_positive,1,clean_negative,0.41553936,dirty_positive,0.35
dirty_positive/dirty_3_15.jpg,train,dirty_positive,1,clean_negative,0.46336321,dirty_positive,0.35
dirty_positive/dirty_3_16.jpg,train,dirty_positive,1,clean_negative,0.62681504,dirty_positive,0.35
dirty_positive/dirty_3_17.jpg,train,dirty_positive,1,clean_negative,0.99887396,dirty_positive,0.35
dirty_positive/dirty_3_18.jpg,train,dirty_positive,1,clean_negative,0.99933268,dirty_positive,0.35
dirty_positive/dirty_3_19.jpg,train,dirty_positive,1,clean_negative,0.71641472,dirty_positive,0.35
dirty_positive/dirty_3_20.jpg,train,dirty_positive,1,clean_negative,0.93665786,dirty_positive,0.35
dirty_positive/dirty_3_21.jpg,train,dirty_positive,1,clean_negative,0.74759109,dirty_positive,0.35
dirty_positive/dirty_3_22.jpg,train,dirty_positive,1,clean_negative,0.80608114,dirty_positive,0.35
dirty_positive/dirty_3_23.jpg,train,dirty_positive,1,clean_negative,0.70666320,dirty_positive,0.35
dirty_positive/dirty_3_24.jpg,train,dirty_positive,1,clean_negative,0.91564826,dirty_positive,0.35
dirty_positive/dirty_3_25.jpg,train,dirty_positive,1,clean_negative,0.97637252,dirty_positive,0.35
dirty_positive/dirty_3_26.jpg,train,dirty_positive,1,clean_negative,0.97219793,dirty_positive,0.35
dirty_positive/dirty_3_27.jpg,train,dirty_positive,1,clean_negative,0.99563303,dirty_positive,0.35
dirty_positive/dirty_3_28.jpg,train,dirty_positive,1,clean_negative,0.98602912,dirty_positive,0.35
dirty_positive/dirty_3_29.jpg,train,dirty_positive,1,clean_negative,0.85802950,dirty_positive,0.35
dirty_positive/dirty_3_30.jpg,train,dirty_positive,1,clean_negative,0.50586555,dirty_positive,0.35
dirty_positive/dirty_3_31.jpg,train,dirty_positive,1,clean_negative,0.76136450,dirty_positive,0.35
dirty_positive/dirty_3_32.jpg,train,dirty_positive,1,clean_negative,0.69026094,dirty_positive,0.35
dirty_positive/dirty_3_33.jpg,train,dirty_positive,1,clean_negative,0.99403144,dirty_positive,0.35
dirty_positive/dirty_3_34.jpg,train,dirty_positive,1,clean_negative,0.99351565,dirty_positive,0.35
dirty_positive/dirty_3_35.jpg,train,dirty_positive,1,clean_negative,0.98974563,dirty_positive,0.35
dirty_positive/dirty_3_36.jpg,train,dirty_positive,1,clean_negative,0.89248860,dirty_positive,0.35
dirty_positive/dirty_3_37.jpg,train,dirty_positive,1,clean_negative,0.69441166,dirty_positive,0.35
dirty_positive/dirty_3_38.jpg,train,dirty_positive,1,clean_negative,0.81069394,dirty_positive,0.35
dirty_positive/dirty_3_39.jpg,train,dirty_positive,1,clean_negative,0.76798193,dirty_positive,0.35
dirty_positive/dirty_3_40.jpg,train,dirty_positive,1,clean_negative,0.75311145,dirty_positive,0.35
dirty_positive/dirty_3_41.jpg,train,dirty_positive,1,clean_negative,0.99170834,dirty_positive,0.35
dirty_positive/dirty_3_42.jpg,train,dirty_positive,1,clean_negative,0.99448175,dirty_positive,0.35
dirty_positive/dirty_3_43.jpg,train,dirty_positive,1,clean_negative,0.97597080,dirty_positive,0.35
dirty_positive/dirty_3_44.jpg,train,dirty_positive,1,clean_negative,0.98879989,dirty_positive,0.35
dirty_positive/dirty_3_45.jpg,train,dirty_positive,1,clean_negative,0.93782341,dirty_positive,0.35
dirty_positive/dirty_3_46.jpg,train,dirty_positive,1,clean_negative,0.99883405,dirty_positive,0.35
dirty_positive/dirty_3_47.jpg,train,dirty_positive,1,clean_negative,0.93629188,dirty_positive,0.35
dirty_positive/dirty_3_48.jpg,train,dirty_positive,1,clean_negative,0.98995845,dirty_positive,0.35
dirty_positive/dirty_3_49.jpg,train,dirty_positive,1,clean_negative,0.95001033,dirty_positive,0.35
dirty_positive/dirty_3_50.jpg,train,dirty_positive,1,clean_negative,0.97883728,dirty_positive,0.35
dirty_positive/dirty_3_51.jpg,train,dirty_positive,1,clean_negative,0.50840593,dirty_positive,0.35
dirty_positive/dirty_3_52.jpg,train,dirty_positive,1,clean_negative,0.95136300,dirty_positive,0.35
dirty_positive/dirty_3_53.jpg,train,dirty_positive,1,clean_negative,0.90801058,dirty_positive,0.35
dirty_positive/dirty_3_54.jpg,train,dirty_positive,1,clean_negative,0.94048484,dirty_positive,0.35
dirty_positive/dirty_3_55.jpg,train,dirty_positive,1,clean_negative,0.83293969,dirty_positive,0.35
dirty_positive/dirty_3_56.jpg,train,dirty_positive,1,clean_negative,0.89651662,dirty_positive,0.35
dirty_positive/dirty_3_57.jpg,train,dirty_positive,1,clean_negative,0.88025062,dirty_positive,0.35
dirty_positive/dirty_3_58.jpg,train,dirty_positive,1,clean_negative,0.92643984,dirty_positive,0.35
dirty_positive/dirty_3_59.jpg,train,dirty_positive,1,clean_negative,0.99831994,dirty_positive,0.35
dirty_positive/dirty_3_60.jpg,train,dirty_positive,1,clean_negative,0.90958954,dirty_positive,0.35
dirty_positive/dirty_3_61.jpg,train,dirty_positive,1,clean_negative,0.98553914,dirty_positive,0.35
dirty_positive/dirty_3_62.jpg,train,dirty_positive,1,clean_negative,0.98937793,dirty_positive,0.35
dirty_positive/dirty_3_63.jpg,train,dirty_positive,1,clean_negative,0.99440303,dirty_positive,0.35
dirty_positive/dirty_3_64.jpg,train,dirty_positive,1,clean_negative,0.88717327,dirty_positive,0.35
dirty_positive/dirty_3_65.jpg,train,dirty_positive,1,clean_negative,0.97041104,dirty_positive,0.35
dirty_positive/dirty_3_66.jpg,train,dirty_positive,1,clean_negative,0.98322041,dirty_positive,0.35
dirty_positive/dirty_3_67.jpg,train,dirty_positive,1,clean_negative,0.99136430,dirty_positive,0.35
dirty_positive/dirty_3_68.jpg,train,dirty_positive,1,clean_negative,0.97447842,dirty_positive,0.35
dirty_positive/dirty_3_69.jpg,train,dirty_positive,1,clean_negative,0.94733370,dirty_positive,0.35
dirty_positive/dirty_3_70.jpg,train,dirty_positive,1,clean_negative,0.97465248,dirty_positive,0.35
dirty_positive/dirty_3_71.jpg,train,dirty_positive,1,clean_negative,0.99915246,dirty_positive,0.35
dirty_positive/dirty_3_72.jpg,train,dirty_positive,1,clean_negative,0.99880819,dirty_positive,0.35
dirty_positive/dirty_3_73.jpg,train,dirty_positive,1,clean_negative,0.99246664,dirty_positive,0.35
dirty_positive/dirty_3_74.jpg,train,dirty_positive,1,clean_negative,0.99919864,dirty_positive,0.35
dirty_positive/dirty_3_75.jpg,train,dirty_positive,1,clean_negative,0.98489921,dirty_positive,0.35
dirty_positive/dirty_3_76.jpg,train,dirty_positive,1,clean_negative,0.99364881,dirty_positive,0.35
dirty_positive/dirty_3_77.jpg,train,dirty_positive,1,clean_negative,0.96018723,dirty_positive,0.35
dirty_positive/dirty_3_78.jpg,train,dirty_positive,1,clean_negative,0.95292581,dirty_positive,0.35
dirty_positive/dirty_3_79.jpg,train,dirty_positive,1,clean_negative,0.99344164,dirty_positive,0.35
dirty_positive/dirty_3_80.jpg,train,dirty_positive,1,clean_negative,0.80109733,dirty_positive,0.35
dirty_positive/dirty_3_81.jpg,train,dirty_positive,1,clean_negative,0.99882053,dirty_positive,0.35
dirty_positive/dirty_3_82.jpg,train,dirty_positive,1,clean_negative,0.98985175,dirty_positive,0.35
dirty_positive/dirty_3_83.jpg,train,dirty_positive,1,clean_negative,0.97712284,dirty_positive,0.35
dirty_positive/dirty_3_84.jpg,train,dirty_positive,1,clean_negative,0.99013969,dirty_positive,0.35
dirty_positive/dirty_3_85.jpg,train,dirty_positive,1,clean_negative,0.99299196,dirty_positive,0.35
dirty_positive/dirty_3_86.jpg,train,dirty_positive,1,clean_negative,0.99930424,dirty_positive,0.35
dirty_positive/dirty_3_87.jpg,train,dirty_positive,1,clean_negative,0.99953243,dirty_positive,0.35
dirty_positive/dirty_3_88.jpg,train,dirty_positive,1,clean_negative,0.99874509,dirty_positive,0.35
dirty_positive/dirty_3_89.jpg,train,dirty_positive,1,clean_negative,0.99911119,dirty_positive,0.35
dirty_positive/dirty_3_90.jpg,train,dirty_positive,1,clean_negative,0.99850727,dirty_positive,0.35
dirty_positive/dirty_3_91.jpg,train,dirty_positive,1,clean_negative,0.99481134,dirty_positive,0.35
dirty_positive/dirty_3_92.jpg,train,dirty_positive,1,clean_negative,0.98043288,dirty_positive,0.35
dirty_positive/dirty_3_93.jpg,train,dirty_positive,1,clean_negative,0.99946577,dirty_positive,0.35
dirty_positive/dirty_3_94.jpg,train,dirty_positive,1,clean_negative,0.94886934,dirty_positive,0.35
dirty_positive/dirty_3_95.jpg,train,dirty_positive,1,clean_negative,0.97385196,dirty_positive,0.35
dirty_positive/dirty_3_96.jpg,train,dirty_positive,1,clean_negative,0.99665335,dirty_positive,0.35
dirty_positive/dirty_3_97.jpg,train,dirty_positive,1,clean_negative,0.99468159,dirty_positive,0.35
dirty_positive/dirty_3_98.jpg,train,dirty_positive,1,clean_negative,0.99536202,dirty_positive,0.35
dirty_positive/dirty_3_99.jpg,train,dirty_positive,1,clean_negative,0.99247808,dirty_positive,0.35
dirty_positive/dirty_3_100.jpg,train,dirty_positive,1,clean_negative,0.99212041,dirty_positive,0.35
dirty_positive/dirty_3_101.jpg,train,dirty_positive,1,clean_negative,0.99896344,dirty_positive,0.35
dirty_positive/dirty_3_102.jpg,train,dirty_positive,1,clean_negative,0.99928051,dirty_positive,0.35
dirty_positive/dirty_3_103.jpg,train,dirty_positive,1,clean_negative,0.99699396,dirty_positive,0.35
dirty_positive/dirty_3_104.jpg,train,dirty_positive,1,clean_negative,0.99410693,dirty_positive,0.35
dirty_positive/dirty_3_105.jpg,train,dirty_positive,1,clean_negative,0.99877544,dirty_positive,0.35
dirty_positive/dirty_3_106.jpg,train,dirty_positive,1,clean_negative,0.96559797,dirty_positive,0.35
dirty_positive/dirty_3_107.jpg,train,dirty_positive,1,clean_negative,0.99636488,dirty_positive,0.35
dirty_positive/dirty_3_108.jpg,train,dirty_positive,1,clean_negative,0.96921393,dirty_positive,0.35
dirty_positive/dirty_3_109.jpg,train,dirty_positive,1,clean_negative,0.99661222,dirty_positive,0.35
dirty_positive/dirty_3_110.jpg,train,dirty_positive,1,clean_negative,0.99263527,dirty_positive,0.35
dirty_positive/dirty_3_111.jpg,train,dirty_positive,1,clean_negative,0.99801432,dirty_positive,0.35
dirty_positive/dirty_3_112.jpg,train,dirty_positive,1,clean_negative,0.98672477,dirty_positive,0.35
dirty_positive/dirty_3_113.jpg,train,dirty_positive,1,clean_negative,0.95110735,dirty_positive,0.35
dirty_positive/dirty_3_114.jpg,train,dirty_positive,1,clean_negative,0.91773298,dirty_positive,0.35
dirty_positive/dirty_3_115.jpg,train,dirty_positive,1,clean_negative,0.97174773,dirty_positive,0.35
dirty_positive/dirty_3_116.jpg,train,dirty_positive,1,clean_negative,0.98518159,dirty_positive,0.35
dirty_positive/dirty_3_117.jpg,train,dirty_positive,1,clean_negative,0.99998044,dirty_positive,0.35
dirty_positive/dirty_3_118.jpg,train,dirty_positive,1,clean_negative,0.99997533,dirty_positive,0.35
dirty_positive/dirty_3_119.jpg,train,dirty_positive,1,clean_negative,0.93821319,dirty_positive,0.35
dirty_positive/dirty_3_120.jpg,train,dirty_positive,1,clean_negative,0.91107742,dirty_positive,0.35
dirty_positive/dirty_3_121.jpg,train,dirty_positive,1,clean_negative,0.95436348,dirty_positive,0.35
dirty_positive/dirty_3_122.jpg,train,dirty_positive,1,clean_negative,0.97727449,dirty_positive,0.35
dirty_positive/dirty_3_123.jpg,train,dirty_positive,1,clean_negative,0.96251064,dirty_positive,0.35
dirty_positive/dirty_3_124.jpg,train,dirty_positive,1,clean_negative,0.94128452,dirty_positive,0.35
dirty_positive/dirty_3_125.jpg,train,dirty_positive,1,clean_negative,0.89996551,dirty_positive,0.35
dirty_positive/dirty_3_126.jpg,train,dirty_positive,1,clean_negative,0.97431194,dirty_positive,0.35
dirty_positive/dirty_3_127.jpg,train,dirty_positive,1,clean_negative,0.94478254,dirty_positive,0.35
dirty_positive/dirty_3_128.jpg,train,dirty_positive,1,clean_negative,0.89817256,dirty_positive,0.35
dirty_positive/dirty_3_129.jpg,train,dirty_positive,1,clean_negative,0.09941753,clean_negative,0.35
dirty_positive/dirty_3_130.jpg,train,dirty_positive,1,clean_negative,0.10928340,clean_negative,0.35
dirty_positive/dirty_3_131.jpg,train,dirty_positive,1,clean_negative,0.39622508,dirty_positive,0.35
dirty_positive/dirty_3_132.jpg,train,dirty_positive,1,clean_negative,0.44070182,dirty_positive,0.35
clean_negative/clean_4_1.jpg,train,clean_negative,0,clean_negative,0.00005439,clean_negative,0.35
clean_negative/clean_4_2.jpg,train,clean_negative,0,clean_negative,0.00236244,clean_negative,0.35
clean_negative/clean_4_3.jpg,train,clean_negative,0,clean_negative,0.29142894,clean_negative,0.35
clean_negative/clean_4_4.jpg,train,clean_negative,0,clean_negative,0.72075753,dirty_positive,0.35
clean_negative/clean_4_5.jpg,train,clean_negative,0,clean_negative,0.46773221,dirty_positive,0.35
clean_negative/clean_4_6.jpg,train,clean_negative,0,clean_negative,0.32994293,clean_negative,0.35
clean_negative/clean_4_7.jpg,train,clean_negative,0,clean_negative,0.27014034,clean_negative,0.35
clean_negative/clean_4_8.jpg,train,clean_negative,0,clean_negative,0.16753970,clean_negative,0.35
clean_negative/clean_4_9.jpg,train,clean_negative,0,clean_negative,0.12727856,clean_negative,0.35
clean_negative/clean_4_10.jpg,train,clean_negative,0,clean_negative,0.12081099,clean_negative,0.35
clean_negative/clean_4_11.jpg,train,clean_negative,0,clean_negative,0.10071245,clean_negative,0.35
clean_negative/clean_4_12.jpg,train,clean_negative,0,clean_negative,0.10108206,clean_negative,0.35
clean_negative/clean_4_13.jpg,train,clean_negative,0,clean_negative,0.12411897,clean_negative,0.35
clean_negative/clean_4_14.jpg,train,clean_negative,0,clean_negative,0.12491703,clean_negative,0.35
clean_negative/clean_4_15.jpg,train,clean_negative,0,clean_negative,0.13465808,clean_negative,0.35
clean_negative/clean_4_16.jpg,train,clean_negative,0,clean_negative,0.21285387,clean_negative,0.35
clean_negative/clean_4_17.jpg,train,clean_negative,0,clean_negative,0.41410660,dirty_positive,0.35
clean_negative/clean_4_18.jpg,train,clean_negative,0,clean_negative,0.15297872,clean_negative,0.35
clean_negative/clean_4_19.jpg,train,clean_negative,0,clean_negative,0.10825435,clean_negative,0.35
clean_negative/clean_4_20.jpg,train,clean_negative,0,clean_negative,0.10978345,clean_negative,0.35
clean_negative/clean_4_21.jpg,train,clean_negative,0,clean_negative,0.16841759,clean_negative,0.35
clean_negative/clean_4_22.jpg,train,clean_negative,0,clean_negative,0.37232461,dirty_positive,0.35
clean_negative/clean_4_23.jpg,train,clean_negative,0,clean_negative,0.25714555,clean_negative,0.35
clean_negative/clean_4_24.jpg,train,clean_negative,0,clean_negative,0.00138835,clean_negative,0.35
clean_negative/clean_4_25.jpg,train,clean_negative,0,clean_negative,0.08870624,clean_negative,0.35
clean_negative/clean_4_26.jpg,train,clean_negative,0,clean_negative,0.14539841,clean_negative,0.35
clean_negative/clean_4_27.jpg,train,clean_negative,0,clean_negative,0.46538427,dirty_positive,0.35
clean_negative/clean_4_28.jpg,train,clean_negative,0,clean_negative,0.25346990,clean_negative,0.35
clean_negative/clean_4_29.jpg,train,clean_negative,0,clean_negative,0.41521063,dirty_positive,0.35
clean_negative/clean_4_30.jpg,train,clean_negative,0,clean_negative,0.53549649,dirty_positive,0.35
clean_negative/clean_4_31.jpg,train,clean_negative,0,clean_negative,0.00012482,clean_negative,0.35
clean_negative/clean_4_32.jpg,train,clean_negative,0,clean_negative,0.00745474,clean_negative,0.35
clean_negative/clean_4_33.jpg,train,clean_negative,0,clean_negative,0.03587063,clean_negative,0.35
clean_negative/clean_4_34.jpg,train,clean_negative,0,clean_negative,0.25313655,clean_negative,0.35
clean_negative/clean_4_35.jpg,train,clean_negative,0,clean_negative,0.19358739,clean_negative,0.35
clean_negative/clean_4_36.jpg,train,clean_negative,0,clean_negative,0.29698214,clean_negative,0.35
clean_negative/clean_4_37.jpg,train,clean_negative,0,clean_negative,0.42775115,dirty_positive,0.35
clean_negative/clean_4_38.jpg,train,clean_negative,0,clean_negative,0.00027976,clean_negative,0.35
clean_negative/clean_4_39.jpg,train,clean_negative,0,clean_negative,0.02381269,clean_negative,0.35
clean_negative/clean_4_40.jpg,train,clean_negative,0,clean_negative,0.42559280,dirty_positive,0.35
clean_negative/clean_4_41.jpg,train,clean_negative,0,clean_negative,0.48265667,dirty_positive,0.35
clean_negative/clean_4_42.jpg,train,clean_negative,0,clean_negative,0.42619632,dirty_positive,0.35
clean_negative/clean_4_43.jpg,train,clean_negative,0,clean_negative,0.41728417,dirty_positive,0.35
clean_negative/clean_4_44.jpg,train,clean_negative,0,clean_negative,0.37969281,dirty_positive,0.35
clean_negative/clean_4_45.jpg,train,clean_negative,0,clean_negative,0.19959373,clean_negative,0.35
clean_negative/clean_4_46.jpg,train,clean_negative,0,clean_negative,0.21519157,clean_negative,0.35
clean_negative/clean_4_47.jpg,train,clean_negative,0,clean_negative,0.29326498,clean_negative,0.35
clean_negative/clean_4_48.jpg,train,clean_negative,0,clean_negative,0.40009693,dirty_positive,0.35
clean_negative/clean_4_49.jpg,train,clean_negative,0,clean_negative,0.40653999,dirty_positive,0.35
clean_negative/clean_4_50.jpg,train,clean_negative,0,clean_negative,0.34100411,clean_negative,0.35
clean_negative/clean_4_51.jpg,train,clean_negative,0,clean_negative,0.26051572,clean_negative,0.35
clean_negative/clean_4_52.jpg,train,clean_negative,0,clean_negative,0.00005807,clean_negative,0.35
clean_negative/clean_4_53.jpg,train,clean_negative,0,clean_negative,0.00614442,clean_negative,0.35
clean_negative/clean_4_54.jpg,train,clean_negative,0,clean_negative,0.13327237,clean_negative,0.35
clean_negative/clean_4_55.jpg,train,clean_negative,0,clean_negative,0.30162608,clean_negative,0.35
clean_negative/clean_4_56.jpg,train,clean_negative,0,clean_negative,0.39388483,dirty_positive,0.35
clean_negative/clean_4_57.jpg,train,clean_negative,0,clean_negative,0.42661418,dirty_positive,0.35
clean_negative/clean_4_58.jpg,train,clean_negative,0,clean_negative,0.32413347,clean_negative,0.35
clean_negative/clean_4_59.jpg,train,clean_negative,0,clean_negative,0.29987380,clean_negative,0.35
clean_negative/clean_4_60.jpg,train,clean_negative,0,clean_negative,0.39563278,dirty_positive,0.35
clean_negative/clean_4_61.jpg,train,clean_negative,0,clean_negative,0.37545311,dirty_positive,0.35
clean_negative/clean_4_62.jpg,train,clean_negative,0,clean_negative,0.33884542,clean_negative,0.35
clean_negative/clean_4_63.jpg,train,clean_negative,0,clean_negative,0.17436402,clean_negative,0.35
clean_negative/clean_4_64.jpg,train,clean_negative,0,clean_negative,0.14495266,clean_negative,0.35
clean_negative/clean_4_65.jpg,train,clean_negative,0,clean_negative,0.18208358,clean_negative,0.35
clean_negative/clean_4_66.jpg,train,clean_negative,0,clean_negative,0.00003948,clean_negative,0.35
clean_negative/clean_4_67.jpg,train,clean_negative,0,clean_negative,0.00402955,clean_negative,0.35
clean_negative/clean_4_68.jpg,train,clean_negative,0,clean_negative,0.07767514,clean_negative,0.35
clean_negative/clean_4_69.jpg,train,clean_negative,0,clean_negative,0.08856767,clean_negative,0.35
clean_negative/clean_4_70.jpg,train,clean_negative,0,clean_negative,0.16728485,clean_negative,0.35
clean_negative/clean_4_71.jpg,train,clean_negative,0,clean_negative,0.49514622,dirty_positive,0.35
clean_negative/clean_4_72.jpg,train,clean_negative,0,clean_negative,0.36394399,dirty_positive,0.35
clean_negative/clean_4_73.jpg,train,clean_negative,0,clean_negative,0.28921351,clean_negative,0.35
clean_negative/clean_4_74.jpg,train,clean_negative,0,clean_negative,0.36515955,dirty_positive,0.35
clean_negative/clean_4_75.jpg,train,clean_negative,0,clean_negative,0.31588380,clean_negative,0.35
clean_negative/clean_4_76.jpg,train,clean_negative,0,clean_negative,0.28971799,clean_negative,0.35
clean_negative/clean_4_77.jpg,train,clean_negative,0,clean_negative,0.14419942,clean_negative,0.35
clean_negative/clean_4_78.jpg,train,clean_negative,0,clean_negative,0.13496088,clean_negative,0.35
clean_negative/clean_4_79.jpg,train,clean_negative,0,clean_negative,0.20248334,clean_negative,0.35
clean_negative/clean_4_80.jpg,train,clean_negative,0,clean_negative,0.00006621,clean_negative,0.35
clean_negative/clean_4_81.jpg,train,clean_negative,0,clean_negative,0.00520824,clean_negative,0.35
clean_negative/clean_4_82.jpg,train,clean_negative,0,clean_negative,0.06135620,clean_negative,0.35
clean_negative/clean_4_83.jpg,train,clean_negative,0,clean_negative,0.07290914,clean_negative,0.35
clean_negative/clean_4_84.jpg,train,clean_negative,0,clean_negative,0.23286007,clean_negative,0.35
clean_negative/clean_4_85.jpg,train,clean_negative,0,clean_negative,0.21942186,clean_negative,0.35
clean_negative/clean_4_86.jpg,train,clean_negative,0,clean_negative,0.15653652,clean_negative,0.35
clean_negative/clean_4_87.jpg,train,clean_negative,0,clean_negative,0.11031676,clean_negative,0.35
clean_negative/clean_4_88.jpg,train,clean_negative,0,clean_negative,0.10842480,clean_negative,0.35
clean_negative/clean_4_89.jpg,train,clean_negative,0,clean_negative,0.11710283,clean_negative,0.35
clean_negative/clean_4_90.jpg,train,clean_negative,0,clean_negative,0.10522420,clean_negative,0.35
clean_negative/clean_4_91.jpg,train,clean_negative,0,clean_negative,0.07366359,clean_negative,0.35
clean_negative/clean_4_92.jpg,train,clean_negative,0,clean_negative,0.08760492,clean_negative,0.35
clean_negative/clean_4_93.jpg,train,clean_negative,0,clean_negative,0.10645678,clean_negative,0.35
clean_negative/clean_4_94.jpg,train,clean_negative,0,clean_negative,0.14960810,clean_negative,0.35
clean_negative/clean_4_95.jpg,train,clean_negative,0,clean_negative,0.10268758,clean_negative,0.35
clean_negative/clean_4_96.jpg,train,clean_negative,0,clean_negative,0.05982126,clean_negative,0.35
clean_negative/clean_4_97.jpg,train,clean_negative,0,clean_negative,0.04681551,clean_negative,0.35
clean_negative/clean_4_98.jpg,train,clean_negative,0,clean_negative,0.02465662,clean_negative,0.35
clean_negative/clean_4_99.jpg,train,clean_negative,0,clean_negative,0.13367819,clean_negative,0.35
clean_negative/clean_4_100.jpg,train,clean_negative,0,clean_negative,0.13381563,clean_negative,0.35
clean_negative/clean_4_101.jpg,train,clean_negative,0,clean_negative,0.12270476,clean_negative,0.35
clean_negative/clean_4_102.jpg,train,clean_negative,0,clean_negative,0.12827424,clean_negative,0.35
clean_negative/clean_4_103.jpg,train,clean_negative,0,clean_negative,0.13947180,clean_negative,0.35
clean_negative/clean_4_104.jpg,train,clean_negative,0,clean_negative,0.32347101,clean_negative,0.35
clean_negative/clean_4_105.jpg,train,clean_negative,0,clean_negative,0.44477270,dirty_positive,0.35
clean_negative/clean_4_106.jpg,train,clean_negative,0,clean_negative,0.48415199,dirty_positive,0.35
clean_negative/clean_4_107.jpg,train,clean_negative,0,clean_negative,0.44926959,dirty_positive,0.35
clean_negative/clean_4_108.jpg,train,clean_negative,0,clean_negative,0.38919952,dirty_positive,0.35
clean_negative/clean_4_109.jpg,train,clean_negative,0,clean_negative,0.12476316,clean_negative,0.35
clean_negative/clean_4_110.jpg,train,clean_negative,0,clean_negative,0.10561134,clean_negative,0.35
clean_negative/clean_4_111.jpg,train,clean_negative,0,clean_negative,0.06290481,clean_negative,0.35
clean_negative/clean_4_112.jpg,train,clean_negative,0,clean_negative,0.08822785,clean_negative,0.35
clean_negative/clean_4_113.jpg,train,clean_negative,0,clean_negative,0.12204360,clean_negative,0.35
clean_negative/clean_4_114.jpg,train,clean_negative,0,clean_negative,0.20169812,clean_negative,0.35
clean_negative/clean_4_115.jpg,train,clean_negative,0,clean_negative,0.27019064,clean_negative,0.35
clean_negative/clean_4_116.jpg,train,clean_negative,0,clean_negative,0.31368861,clean_negative,0.35
clean_negative/clean_4_117.jpg,train,clean_negative,0,clean_negative,0.33073491,clean_negative,0.35
clean_negative/clean_4_118.jpg,train,clean_negative,0,clean_negative,0.29863726,clean_negative,0.35
clean_negative/clean_4_119.jpg,train,clean_negative,0,clean_negative,0.32081104,clean_negative,0.35
clean_negative/clean_4_120.jpg,train,clean_negative,0,clean_negative,0.43406176,dirty_positive,0.35
clean_negative/clean_4_121.jpg,train,clean_negative,0,clean_negative,0.51864707,dirty_positive,0.35
clean_negative/clean_4_122.jpg,train,clean_negative,0,clean_negative,0.48356207,dirty_positive,0.35
clean_negative/clean_4_123.jpg,train,clean_negative,0,clean_negative,0.36781139,dirty_positive,0.35
clean_negative/clean_4_124.jpg,train,clean_negative,0,clean_negative,0.06789961,clean_negative,0.35
clean_negative/clean_4_125.jpg,train,clean_negative,0,clean_negative,0.06220100,clean_negative,0.35
clean_negative/clean_4_126.jpg,train,clean_negative,0,clean_negative,0.03459714,clean_negative,0.35
clean_negative/clean_4_127.jpg,train,clean_negative,0,clean_negative,0.06513295,clean_negative,0.35
clean_negative/clean_4_128.jpg,train,clean_negative,0,clean_negative,0.12310282,clean_negative,0.35
clean_negative/clean_4_129.jpg,train,clean_negative,0,clean_negative,0.19913397,clean_negative,0.35
clean_negative/clean_4_130.jpg,train,clean_negative,0,clean_negative,0.19390552,clean_negative,0.35
clean_negative/clean_4_131.jpg,train,clean_negative,0,clean_negative,0.27349004,clean_negative,0.35
clean_negative/clean_4_132.jpg,train,clean_negative,0,clean_negative,0.29699936,clean_negative,0.35
clean_negative/clean_4_133.jpg,train,clean_negative,0,clean_negative,0.33757228,clean_negative,0.35
clean_negative/clean_4_134.jpg,train,clean_negative,0,clean_negative,0.36051910,dirty_positive,0.35
clean_negative/clean_4_135.jpg,train,clean_negative,0,clean_negative,0.46317745,dirty_positive,0.35
clean_negative/clean_4_136.jpg,train,clean_negative,0,clean_negative,0.48966971,dirty_positive,0.35
clean_negative/clean_4_137.jpg,train,clean_negative,0,clean_negative,0.44560275,dirty_positive,0.35
clean_negative/clean_4_138.jpg,train,clean_negative,0,clean_negative,0.34046369,clean_negative,0.35
clean_negative/clean_4_139.jpg,train,clean_negative,0,clean_negative,0.45419381,dirty_positive,0.35
clean_negative/clean_4_140.jpg,train,clean_negative,0,clean_negative,0.37450824,dirty_positive,0.35
clean_negative/clean_4_141.jpg,train,clean_negative,0,clean_negative,0.30259805,clean_negative,0.35
clean_negative/clean_4_142.jpg,train,clean_negative,0,clean_negative,0.39469187,dirty_positive,0.35
clean_negative/clean_4_143.jpg,train,clean_negative,0,clean_negative,0.44112694,dirty_positive,0.35
clean_negative/clean_4_144.jpg,train,clean_negative,0,clean_negative,0.48945817,dirty_positive,0.35
clean_negative/clean_4_145.jpg,train,clean_negative,0,clean_negative,0.57432715,dirty_positive,0.35
clean_negative/clean_4_146.jpg,train,clean_negative,0,clean_negative,0.61318184,dirty_positive,0.35
clean_negative/clean_4_147.jpg,train,clean_negative,0,clean_negative,0.40692670,dirty_positive,0.35
clean_negative/clean_4_148.jpg,train,clean_negative,0,clean_negative,0.38177669,dirty_positive,0.35
clean_negative/clean_4_149.jpg,train,clean_negative,0,clean_negative,0.64948551,dirty_positive,0.35
clean_negative/clean_4_150.jpg,train,clean_negative,0,clean_negative,0.64786570,dirty_positive,0.35
clean_negative/clean_4_151.jpg,train,clean_negative,0,clean_negative,0.72014220,dirty_positive,0.35
clean_negative/clean_4_152.jpg,train,clean_negative,0,clean_negative,0.74616530,dirty_positive,0.35
clean_negative/clean_4_153.jpg,train,clean_negative,0,clean_negative,0.76193282,dirty_positive,0.35
clean_negative/clean_4_154.jpg,train,clean_negative,0,clean_negative,0.82813650,dirty_positive,0.35
clean_negative/clean_4_155.jpg,train,clean_negative,0,clean_negative,0.66003682,dirty_positive,0.35
clean_negative/clean_4_156.jpg,train,clean_negative,0,clean_negative,0.54599451,dirty_positive,0.35
clean_negative/clean_4_157.jpg,train,clean_negative,0,clean_negative,0.52269025,dirty_positive,0.35
clean_negative/clean_4_158.jpg,train,clean_negative,0,clean_negative,0.20146690,clean_negative,0.35
clean_negative/clean_4_159.jpg,train,clean_negative,0,clean_negative,0.19870164,clean_negative,0.35
clean_negative/clean_4_160.jpg,train,clean_negative,0,clean_negative,0.88420760,dirty_positive,0.35
clean_negative/clean_4_161.jpg,train,clean_negative,0,clean_negative,0.76609580,dirty_positive,0.35
clean_negative/clean_4_162.jpg,train,clean_negative,0,clean_negative,0.62955375,dirty_positive,0.35
clean_negative/clean_4_163.jpg,train,clean_negative,0,clean_negative,0.57991358,dirty_positive,0.35
clean_negative/clean_4_164.jpg,train,clean_negative,0,clean_negative,0.09441733,clean_negative,0.35
clean_negative/clean_4_165.jpg,train,clean_negative,0,clean_negative,0.10404173,clean_negative,0.35
clean_negative/clean_4_166.jpg,train,clean_negative,0,clean_negative,0.82136413,dirty_positive,0.35
clean_negative/clean_4_167.jpg,train,clean_negative,0,clean_negative,0.58750069,dirty_positive,0.35
clean_negative/clean_4_168.jpg,train,clean_negative,0,clean_negative,0.37275864,dirty_positive,0.35
clean_negative/clean_4_169.jpg,train,clean_negative,0,clean_negative,0.30910884,clean_negative,0.35
clean_negative/clean_4_170.jpg,train,clean_negative,0,clean_negative,0.04438206,clean_negative,0.35
clean_negative/clean_4_171.jpg,train,clean_negative,0,clean_negative,0.05352757,clean_negative,0.35
clean_negative/clean_4_172.jpg,train,clean_negative,0,clean_negative,0.02970397,clean_negative,0.35
clean_negative/clean_4_173.jpg,train,clean_negative,0,clean_negative,0.03741543,clean_negative,0.35
clean_negative/clean_4_174.jpg,train,clean_negative,0,clean_negative,0.09076149,clean_negative,0.35
clean_negative/clean_4_175.jpg,train,clean_negative,0,clean_negative,0.75765638,dirty_positive,0.35
clean_negative/clean_4_176.jpg,train,clean_negative,0,clean_negative,0.41008813,dirty_positive,0.35
clean_negative/clean_4_177.jpg,train,clean_negative,0,clean_negative,0.16905808,clean_negative,0.35
clean_negative/clean_4_178.jpg,train,clean_negative,0,clean_negative,0.64689474,dirty_positive,0.35
clean_negative/clean_4_179.jpg,train,clean_negative,0,clean_negative,0.05910500,clean_negative,0.35
clean_negative/clean_4_180.jpg,train,clean_negative,0,clean_negative,0.05086993,clean_negative,0.35
clean_negative/clean_4_181.jpg,train,clean_negative,0,clean_negative,0.76797666,dirty_positive,0.35
clean_negative/clean_4_182.jpg,train,clean_negative,0,clean_negative,0.73462379,dirty_positive,0.35
clean_negative/clean_4_183.jpg,train,clean_negative,0,clean_negative,0.78124796,dirty_positive,0.35
clean_negative/clean_4_184.jpg,train,clean_negative,0,clean_negative,0.71099618,dirty_positive,0.35
clean_negative/clean_4_185.jpg,train,clean_negative,0,clean_negative,0.32269887,clean_negative,0.35
clean_negative/clean_4_186.jpg,train,clean_negative,0,clean_negative,0.44355771,dirty_positive,0.35
clean_negative/clean_4_187.jpg,train,clean_negative,0,clean_negative,0.70608978,dirty_positive,0.35
clean_negative/clean_4_188.jpg,train,clean_negative,0,clean_negative,0.66100467,dirty_positive,0.35
clean_negative/clean_4_189.jpg,train,clean_negative,0,clean_negative,0.77667309,dirty_positive,0.35
clean_negative/clean_4_190.jpg,train,clean_negative,0,clean_negative,0.06279714,clean_negative,0.35
clean_negative/clean_4_191.jpg,train,clean_negative,0,clean_negative,0.08747995,clean_negative,0.35
clean_negative/clean_4_192.jpg,train,clean_negative,0,clean_negative,0.16072839,clean_negative,0.35
clean_negative/clean_4_193.jpg,train,clean_negative,0,clean_negative,0.20563886,clean_negative,0.35
clean_negative/clean_4_194.jpg,train,clean_negative,0,clean_negative,0.05311886,clean_negative,0.35
clean_negative/clean_4_195.jpg,train,clean_negative,0,clean_negative,0.04024000,clean_negative,0.35
clean_negative/clean_4_196.jpg,train,clean_negative,0,clean_negative,0.47264788,dirty_positive,0.35
clean_negative/clean_4_197.jpg,train,clean_negative,0,clean_negative,0.14742918,clean_negative,0.35
clean_negative/clean_4_198.jpg,train,clean_negative,0,clean_negative,0.11330632,clean_negative,0.35
clean_negative/clean_4_199.jpg,train,clean_negative,0,clean_negative,0.33985963,clean_negative,0.35
clean_negative/clean_4_200.jpg,train,clean_negative,0,clean_negative,0.07554928,clean_negative,0.35
clean_negative/clean_4_201.jpg,train,clean_negative,0,clean_negative,0.01714106,clean_negative,0.35
clean_negative/clean_4_202.jpg,train,clean_negative,0,clean_negative,0.00400942,clean_negative,0.35
clean_negative/clean_4_203.jpg,train,clean_negative,0,clean_negative,0.00347972,clean_negative,0.35
clean_negative/clean_4_204.jpg,train,clean_negative,0,clean_negative,0.00751224,clean_negative,0.35
clean_negative/clean_4_205.jpg,train,clean_negative,0,clean_negative,0.01563213,clean_negative,0.35
clean_negative/clean_4_206.jpg,train,clean_negative,0,clean_negative,0.06822973,clean_negative,0.35
clean_negative/clean_4_207.jpg,train,clean_negative,0,clean_negative,0.07466602,clean_negative,0.35
clean_negative/clean_4_208.jpg,train,clean_negative,0,clean_negative,0.33600349,clean_negative,0.35
clean_negative/clean_4_209.jpg,train,clean_negative,0,clean_negative,0.11691530,clean_negative,0.35
clean_negative/clean_4_210.jpg,train,clean_negative,0,clean_negative,0.01263897,clean_negative,0.35
clean_negative/clean_4_211.jpg,train,clean_negative,0,clean_negative,0.00324772,clean_negative,0.35
clean_negative/clean_4_212.jpg,train,clean_negative,0,clean_negative,0.00243698,clean_negative,0.35
clean_negative/clean_4_213.jpg,train,clean_negative,0,clean_negative,0.00619788,clean_negative,0.35
clean_negative/clean_4_214.jpg,train,clean_negative,0,clean_negative,0.01949408,clean_negative,0.35
clean_negative/clean_4_215.jpg,train,clean_negative,0,clean_negative,0.08039808,clean_negative,0.35
clean_negative/clean_4_216.jpg,train,clean_negative,0,clean_negative,0.08138604,clean_negative,0.35
clean_negative/clean_4_217.jpg,train,clean_negative,0,clean_negative,0.20318405,clean_negative,0.35
clean_negative/clean_4_218.jpg,train,clean_negative,0,clean_negative,0.10078343,clean_negative,0.35
clean_negative/clean_4_219.jpg,train,clean_negative,0,clean_negative,0.04587652,clean_negative,0.35
clean_negative/clean_4_220.jpg,train,clean_negative,0,clean_negative,0.15378998,clean_negative,0.35
clean_negative/clean_4_221.jpg,train,clean_negative,0,clean_negative,0.08636830,clean_negative,0.35
clean_negative/clean_4_222.jpg,train,clean_negative,0,clean_negative,0.00666684,clean_negative,0.35
clean_negative/clean_4_223.jpg,train,clean_negative,0,clean_negative,0.00181103,clean_negative,0.35
clean_negative/clean_4_224.jpg,train,clean_negative,0,clean_negative,0.00141283,clean_negative,0.35
clean_negative/clean_4_225.jpg,train,clean_negative,0,clean_negative,0.00467350,clean_negative,0.35
clean_negative/clean_4_226.jpg,train,clean_negative,0,clean_negative,0.00870125,clean_negative,0.35
clean_negative/clean_4_227.jpg,train,clean_negative,0,clean_negative,0.02206268,clean_negative,0.35
clean_negative/clean_4_228.jpg,train,clean_negative,0,clean_negative,0.09283292,clean_negative,0.35
clean_negative/clean_4_229.jpg,train,clean_negative,0,clean_negative,0.09072980,clean_negative,0.35
clean_negative/clean_4_230.jpg,train,clean_negative,0,clean_negative,0.04609287,clean_negative,0.35
clean_negative/clean_4_231.jpg,train,clean_negative,0,clean_negative,0.02050589,clean_negative,0.35
dirty_positive/dirty_4_1.jpg,train,dirty_positive,1,clean_negative,0.73800736,dirty_positive,0.35
dirty_positive/dirty_4_2.jpg,train,dirty_positive,1,clean_negative,0.70122573,dirty_positive,0.35
dirty_positive/dirty_4_3.jpg,train,dirty_positive,1,clean_negative,0.53356632,dirty_positive,0.35
dirty_positive/dirty_4_4.jpg,train,dirty_positive,1,clean_negative,0.81980300,dirty_positive,0.35
dirty_positive/dirty_4_5.jpg,train,dirty_positive,1,clean_negative,0.32815412,clean_negative,0.35
dirty_positive/dirty_4_6.jpg,train,dirty_positive,1,clean_negative,0.35614248,dirty_positive,0.35
dirty_positive/dirty_4_7.jpg,train,dirty_positive,1,clean_negative,0.76387648,dirty_positive,0.35
dirty_positive/dirty_4_8.jpg,train,dirty_positive,1,clean_negative,0.35329031,dirty_positive,0.35
dirty_positive/dirty_4_9.jpg,train,dirty_positive,1,clean_negative,0.13228665,clean_negative,0.35
dirty_positive/dirty_4_10.jpg,train,dirty_positive,1,clean_negative,0.20356778,clean_negative,0.35
dirty_positive/dirty_4_11.jpg,train,dirty_positive,1,clean_negative,0.10343783,clean_negative,0.35
dirty_positive/dirty_4_12.jpg,train,dirty_positive,1,clean_negative,0.08954747,clean_negative,0.35
dirty_positive/dirty_4_13.jpg,train,dirty_positive,1,clean_negative,0.97892078,dirty_positive,0.35
dirty_positive/dirty_4_14.jpg,train,dirty_positive,1,clean_negative,0.93812877,dirty_positive,0.35
dirty_positive/dirty_4_15.jpg,train,dirty_positive,1,clean_negative,0.90630649,dirty_positive,0.35
dirty_positive/dirty_4_16.jpg,train,dirty_positive,1,clean_negative,0.98217840,dirty_positive,0.35
dirty_positive/dirty_4_17.jpg,train,dirty_positive,1,clean_negative,0.61404878,dirty_positive,0.35
dirty_positive/dirty_4_18.jpg,train,dirty_positive,1,clean_negative,0.51031856,dirty_positive,0.35
dirty_positive/dirty_4_19.jpg,train,dirty_positive,1,clean_negative,0.61975859,dirty_positive,0.35
dirty_positive/dirty_4_20.jpg,train,dirty_positive,1,clean_negative,0.67237702,dirty_positive,0.35
dirty_positive/dirty_4_21.jpg,train,dirty_positive,1,clean_negative,0.89546810,dirty_positive,0.35
dirty_positive/dirty_4_22.jpg,train,dirty_positive,1,clean_negative,0.97263149,dirty_positive,0.35
dirty_positive/dirty_4_23.jpg,train,dirty_positive,1,clean_negative,0.91886076,dirty_positive,0.35
dirty_positive/dirty_4_24.jpg,train,dirty_positive,1,clean_negative,0.97407044,dirty_positive,0.35
dirty_positive/dirty_4_25.jpg,train,dirty_positive,1,clean_negative,0.93045341,dirty_positive,0.35
dirty_positive/dirty_4_26.jpg,train,dirty_positive,1,clean_negative,0.91026040,dirty_positive,0.35
dirty_positive/dirty_4_27.jpg,train,dirty_positive,1,clean_negative,0.97126810,dirty_positive,0.35
dirty_positive/dirty_4_28.jpg,train,dirty_positive,1,clean_negative,0.91189995,dirty_positive,0.35
dirty_positive/dirty_4_29.jpg,train,dirty_positive,1,clean_negative,0.99085957,dirty_positive,0.35
dirty_positive/dirty_4_30.jpg,train,dirty_positive,1,clean_negative,0.88728546,dirty_positive,0.35
dirty_positive/dirty_4_31.jpg,train,dirty_positive,1,clean_negative,0.99257887,dirty_positive,0.35
dirty_positive/dirty_4_32.jpg,train,dirty_positive,1,clean_negative,0.78939665,dirty_positive,0.35
dirty_positive/dirty_4_33.jpg,train,dirty_positive,1,clean_negative,0.92068560,dirty_positive,0.35
dirty_positive/dirty_4_34.jpg,train,dirty_positive,1,clean_negative,0.89518049,dirty_positive,0.35
dirty_positive/dirty_4_35.jpg,train,dirty_positive,1,clean_negative,0.98344642,dirty_positive,0.35
dirty_positive/dirty_4_36.jpg,train,dirty_positive,1,clean_negative,0.97725687,dirty_positive,0.35
dirty_positive/dirty_4_37.jpg,train,dirty_positive,1,clean_negative,0.88076766,dirty_positive,0.35
dirty_positive/dirty_4_38.jpg,train,dirty_positive,1,clean_negative,0.80004361,dirty_positive,0.35
dirty_positive/dirty_4_39.jpg,train,dirty_positive,1,clean_negative,0.91784916,dirty_positive,0.35
dirty_positive/dirty_4_40.jpg,train,dirty_positive,1,clean_negative,0.89549973,dirty_positive,0.35
dirty_positive/dirty_4_41.jpg,train,dirty_positive,1,clean_negative,0.78857204,dirty_positive,0.35
dirty_positive/dirty_4_42.jpg,train,dirty_positive,1,clean_negative,0.56907514,dirty_positive,0.35
dirty_positive/dirty_4_43.jpg,train,dirty_positive,1,clean_negative,0.83732887,dirty_positive,0.35
dirty_positive/dirty_4_44.jpg,train,dirty_positive,1,clean_negative,0.74951013,dirty_positive,0.35
dirty_positive/dirty_4_45.jpg,train,dirty_positive,1,clean_negative,0.55709634,dirty_positive,0.35
dirty_positive/dirty_4_46.jpg,train,dirty_positive,1,clean_negative,0.99252241,dirty_positive,0.35
dirty_positive/dirty_4_47.jpg,train,dirty_positive,1,clean_negative,0.99179498,dirty_positive,0.35
dirty_positive/dirty_4_48.jpg,train,dirty_positive,1,clean_negative,0.98666680,dirty_positive,0.35
dirty_positive/dirty_4_49.jpg,train,dirty_positive,1,clean_negative,0.98932210,dirty_positive,0.35
dirty_positive/dirty_4_50.jpg,train,dirty_positive,1,clean_negative,0.99626140,dirty_positive,0.35
dirty_positive/dirty_4_51.jpg,train,dirty_positive,1,clean_negative,0.99813527,dirty_positive,0.35
dirty_positive/dirty_4_52.jpg,train,dirty_positive,1,clean_negative,0.99851475,dirty_positive,0.35
dirty_positive/dirty_4_53.jpg,train,dirty_positive,1,clean_negative,0.93906310,dirty_positive,0.35
dirty_positive/dirty_4_54.jpg,train,dirty_positive,1,clean_negative,0.94189556,dirty_positive,0.35
dirty_positive/dirty_4_55.jpg,train,dirty_positive,1,clean_negative,0.93505025,dirty_positive,0.35
dirty_positive/dirty_4_56.jpg,train,dirty_positive,1,clean_negative,0.55390030,dirty_positive,0.35
dirty_positive/dirty_4_57.jpg,train,dirty_positive,1,clean_negative,0.10540434,clean_negative,0.35
dirty_positive/dirty_4_58.jpg,train,dirty_positive,1,clean_negative,0.25565164,clean_negative,0.35
dirty_positive/dirty_4_59.jpg,train,dirty_positive,1,clean_negative,0.38432263,dirty_positive,0.35
dirty_positive/dirty_4_60.jpg,train,dirty_positive,1,clean_negative,0.08960551,clean_negative,0.35
dirty_positive/dirty_4_61.jpg,train,dirty_positive,1,clean_negative,0.57879927,dirty_positive,0.35
dirty_positive/dirty_4_62.jpg,train,dirty_positive,1,clean_negative,0.94867183,dirty_positive,0.35
dirty_positive/dirty_4_63.jpg,train,dirty_positive,1,clean_negative,0.90337332,dirty_positive,0.35
dirty_positive/dirty_4_64.jpg,train,dirty_positive,1,clean_negative,0.77029905,dirty_positive,0.35
dirty_positive/dirty_4_65.jpg,train,dirty_positive,1,clean_negative,0.99525094,dirty_positive,0.35
dirty_positive/dirty_4_66.jpg,train,dirty_positive,1,clean_negative,0.99816770,dirty_positive,0.35
dirty_positive/dirty_4_67.jpg,train,dirty_positive,1,clean_negative,0.99823841,dirty_positive,0.35
dirty_positive/dirty_4_68.jpg,train,dirty_positive,1,clean_negative,0.99451459,dirty_positive,0.35
dirty_positive/dirty_4_69.jpg,train,dirty_positive,1,clean_negative,0.40696637,dirty_positive,0.35
dirty_positive/dirty_4_70.jpg,train,dirty_positive,1,clean_negative,0.93295045,dirty_positive,0.35
dirty_positive/dirty_4_71.jpg,train,dirty_positive,1,clean_negative,0.23577480,clean_negative,0.35
dirty_positive/dirty_4_72.jpg,train,dirty_positive,1,clean_negative,0.77394037,dirty_positive,0.35
dirty_positive/dirty_4_73.jpg,train,dirty_positive,1,clean_negative,0.99850559,dirty_positive,0.35
dirty_positive/dirty_4_74.jpg,train,dirty_positive,1,clean_negative,0.98779430,dirty_positive,0.35
dirty_positive/dirty_4_75.jpg,train,dirty_positive,1,clean_negative,0.98101361,dirty_positive,0.35
dirty_positive/dirty_4_76.jpg,train,dirty_positive,1,clean_negative,0.99658335,dirty_positive,0.35
dirty_positive/dirty_4_77.jpg,train,dirty_positive,1,clean_negative,0.61978924,dirty_positive,0.35
dirty_positive/dirty_4_78.jpg,train,dirty_positive,1,clean_negative,0.83296385,dirty_positive,0.35
dirty_positive/dirty_4_79.jpg,train,dirty_positive,1,clean_negative,0.46082136,dirty_positive,0.35
dirty_positive/dirty_4_80.jpg,train,dirty_positive,1,clean_negative,0.84706113,dirty_positive,0.35
dirty_positive/dirty_4_81.jpg,train,dirty_positive,1,clean_negative,0.69787795,dirty_positive,0.35
dirty_positive/dirty_4_82.jpg,train,dirty_positive,1,clean_negative,0.81490500,dirty_positive,0.35
dirty_positive/dirty_4_83.jpg,train,dirty_positive,1,clean_negative,0.78177243,dirty_positive,0.35
dirty_positive/dirty_4_84.jpg,train,dirty_positive,1,clean_negative,0.66055934,dirty_positive,0.35
clean_negative/clean_5_1.jpg,train,clean_negative,0,clean_negative,0.22965612,clean_negative,0.35
clean_negative/clean_5_2.jpg,train,clean_negative,0,clean_negative,0.01640473,clean_negative,0.35
clean_negative/clean_5_3.jpg,train,clean_negative,0,clean_negative,0.06981700,clean_negative,0.35
clean_negative/clean_5_4.jpg,train,clean_negative,0,clean_negative,0.07484638,clean_negative,0.35
clean_negative/clean_5_5.jpg,train,clean_negative,0,clean_negative,0.00644393,clean_negative,0.35
clean_negative/clean_5_6.jpg,train,clean_negative,0,clean_negative,0.02215816,clean_negative,0.35
clean_negative/clean_5_7.jpg,train,clean_negative,0,clean_negative,0.02244314,clean_negative,0.35
clean_negative/clean_5_8.jpg,train,clean_negative,0,clean_negative,0.00613726,clean_negative,0.35
clean_negative/clean_5_9.jpg,train,clean_negative,0,clean_negative,0.00659557,clean_negative,0.35
clean_negative/clean_5_10.jpg,train,clean_negative,0,clean_negative,0.00450793,clean_negative,0.35
clean_negative/clean_5_11.jpg,train,clean_negative,0,clean_negative,0.01912114,clean_negative,0.35
clean_negative/clean_5_12.jpg,train,clean_negative,0,clean_negative,0.01958650,clean_negative,0.35
clean_negative/clean_5_13.jpg,train,clean_negative,0,clean_negative,0.00334271,clean_negative,0.35
clean_negative/clean_5_14.jpg,train,clean_negative,0,clean_negative,0.00548911,clean_negative,0.35
clean_negative/clean_5_15.jpg,train,clean_negative,0,clean_negative,0.00035008,clean_negative,0.35
clean_negative/clean_5_16.jpg,train,clean_negative,0,clean_negative,0.00160934,clean_negative,0.35
clean_negative/clean_5_17.jpg,train,clean_negative,0,clean_negative,0.00169340,clean_negative,0.35
clean_negative/clean_5_18.jpg,train,clean_negative,0,clean_negative,0.00184051,clean_negative,0.35
clean_negative/clean_5_19.jpg,train,clean_negative,0,clean_negative,0.00784406,clean_negative,0.35
clean_negative/clean_5_20.jpg,train,clean_negative,0,clean_negative,0.07311442,clean_negative,0.35
clean_negative/clean_5_21.jpg,train,clean_negative,0,clean_negative,0.07587285,clean_negative,0.35
clean_negative/clean_5_22.jpg,train,clean_negative,0,clean_negative,0.02347879,clean_negative,0.35
clean_negative/clean_5_23.jpg,train,clean_negative,0,clean_negative,0.00047778,clean_negative,0.35
clean_negative/clean_5_24.jpg,train,clean_negative,0,clean_negative,0.00221305,clean_negative,0.35
clean_negative/clean_5_25.jpg,train,clean_negative,0,clean_negative,0.00239720,clean_negative,0.35
clean_negative/clean_5_26.jpg,train,clean_negative,0,clean_negative,0.01905998,clean_negative,0.35
clean_negative/clean_5_27.jpg,train,clean_negative,0,clean_negative,0.03764434,clean_negative,0.35
clean_negative/clean_5_28.jpg,train,clean_negative,0,clean_negative,0.01044599,clean_negative,0.35
clean_negative/clean_5_29.jpg,train,clean_negative,0,clean_negative,0.00282297,clean_negative,0.35
clean_negative/clean_5_30.jpg,train,clean_negative,0,clean_negative,0.00043216,clean_negative,0.35
clean_negative/clean_5_31.jpg,train,clean_negative,0,clean_negative,0.00040980,clean_negative,0.35
clean_negative/clean_5_32.jpg,train,clean_negative,0,clean_negative,0.00165718,clean_negative,0.35
clean_negative/clean_5_33.jpg,train,clean_negative,0,clean_negative,0.00516773,clean_negative,0.35
clean_negative/clean_5_34.jpg,train,clean_negative,0,clean_negative,0.00897731,clean_negative,0.35
clean_negative/clean_5_35.jpg,train,clean_negative,0,clean_negative,0.00202791,clean_negative,0.35
clean_negative/clean_5_36.jpg,train,clean_negative,0,clean_negative,0.00059118,clean_negative,0.35
clean_negative/clean_5_37.jpg,train,clean_negative,0,clean_negative,0.00049286,clean_negative,0.35
clean_negative/clean_5_38.jpg,train,clean_negative,0,clean_negative,0.02008073,clean_negative,0.35
clean_negative/clean_5_39.jpg,train,clean_negative,0,clean_negative,0.00025381,clean_negative,0.35
clean_negative/clean_5_40.jpg,train,clean_negative,0,clean_negative,0.00099441,clean_negative,0.35
clean_negative/clean_5_41.jpg,train,clean_negative,0,clean_negative,0.00205682,clean_negative,0.35
clean_negative/clean_5_42.jpg,train,clean_negative,0,clean_negative,0.01611551,clean_negative,0.35
clean_negative/clean_5_43.jpg,train,clean_negative,0,clean_negative,0.01331761,clean_negative,0.35
clean_negative/clean_5_44.jpg,train,clean_negative,0,clean_negative,0.00197237,clean_negative,0.35
clean_negative/clean_5_45.jpg,train,clean_negative,0,clean_negative,0.00031360,clean_negative,0.35
clean_negative/clean_5_46.jpg,train,clean_negative,0,clean_negative,0.00022570,clean_negative,0.35
clean_negative/clean_5_47.jpg,train,clean_negative,0,clean_negative,0.00022477,clean_negative,0.35
clean_negative/clean_5_48.jpg,train,clean_negative,0,clean_negative,0.00074462,clean_negative,0.35
clean_negative/clean_5_49.jpg,train,clean_negative,0,clean_negative,0.00131243,clean_negative,0.35
clean_negative/clean_5_50.jpg,train,clean_negative,0,clean_negative,0.07853919,clean_negative,0.35
clean_negative/clean_5_51.jpg,train,clean_negative,0,clean_negative,0.07836528,clean_negative,0.35
clean_negative/clean_5_52.jpg,train,clean_negative,0,clean_negative,0.01557821,clean_negative,0.35
clean_negative/clean_5_53.jpg,train,clean_negative,0,clean_negative,0.00537499,clean_negative,0.35
clean_negative/clean_5_54.jpg,train,clean_negative,0,clean_negative,0.00315141,clean_negative,0.35
clean_negative/clean_5_55.jpg,train,clean_negative,0,clean_negative,0.00022035,clean_negative,0.35
clean_negative/clean_5_56.jpg,train,clean_negative,0,clean_negative,0.00040277,clean_negative,0.35
clean_negative/clean_5_57.jpg,train,clean_negative,0,clean_negative,0.00078913,clean_negative,0.35
clean_negative/clean_5_58.jpg,train,clean_negative,0,clean_negative,0.12112198,clean_negative,0.35
clean_negative/clean_5_59.jpg,train,clean_negative,0,clean_negative,0.12213431,clean_negative,0.35
clean_negative/clean_5_60.jpg,train,clean_negative,0,clean_negative,0.03435975,clean_negative,0.35
clean_negative/clean_5_61.jpg,train,clean_negative,0,clean_negative,0.00792610,clean_negative,0.35
clean_negative/clean_5_62.jpg,train,clean_negative,0,clean_negative,0.00367551,clean_negative,0.35
clean_negative/clean_5_63.jpg,train,clean_negative,0,clean_negative,0.00379508,clean_negative,0.35
clean_negative/clean_5_64.jpg,train,clean_negative,0,clean_negative,0.06743499,clean_negative,0.35
clean_negative/clean_5_65.jpg,train,clean_negative,0,clean_negative,0.16022944,clean_negative,0.35
clean_negative/clean_5_66.jpg,train,clean_negative,0,clean_negative,0.11893259,clean_negative,0.35
clean_negative/clean_5_67.jpg,train,clean_negative,0,clean_negative,0.00008215,clean_negative,0.35
clean_negative/clean_5_68.jpg,train,clean_negative,0,clean_negative,0.00014656,clean_negative,0.35
clean_negative/clean_5_69.jpg,train,clean_negative,0,clean_negative,0.00120043,clean_negative,0.35
clean_negative/clean_5_70.jpg,train,clean_negative,0,clean_negative,0.00401834,clean_negative,0.35
clean_negative/clean_5_71.jpg,train,clean_negative,0,clean_negative,0.06221551,clean_negative,0.35
clean_negative/clean_5_72.jpg,train,clean_negative,0,clean_negative,0.10677105,clean_negative,0.35
clean_negative/clean_5_73.jpg,train,clean_negative,0,clean_negative,0.61674215,dirty_positive,0.35
clean_negative/clean_5_74.jpg,train,clean_negative,0,clean_negative,0.43663143,dirty_positive,0.35
clean_negative/clean_5_75.jpg,train,clean_negative,0,clean_negative,0.17863236,clean_negative,0.35
clean_negative/clean_5_76.jpg,train,clean_negative,0,clean_negative,0.03465266,clean_negative,0.35
clean_negative/clean_5_77.jpg,train,clean_negative,0,clean_negative,0.01421937,clean_negative,0.35
clean_negative/clean_5_78.jpg,train,clean_negative,0,clean_negative,0.21158191,clean_negative,0.35
clean_negative/clean_5_79.jpg,train,clean_negative,0,clean_negative,0.07482929,clean_negative,0.35
clean_negative/clean_5_80.jpg,train,clean_negative,0,clean_negative,0.12693036,clean_negative,0.35
clean_negative/clean_5_81.jpg,train,clean_negative,0,clean_negative,0.21255455,clean_negative,0.35
clean_negative/clean_5_82.jpg,train,clean_negative,0,clean_negative,0.00385323,clean_negative,0.35
clean_negative/clean_5_83.jpg,train,clean_negative,0,clean_negative,0.00001634,clean_negative,0.35
clean_negative/clean_5_84.jpg,train,clean_negative,0,clean_negative,0.00005753,clean_negative,0.35
clean_negative/clean_5_85.jpg,train,clean_negative,0,clean_negative,0.00056819,clean_negative,0.35
clean_negative/clean_5_86.jpg,train,clean_negative,0,clean_negative,0.32000284,clean_negative,0.35
clean_negative/clean_5_87.jpg,train,clean_negative,0,clean_negative,0.42507141,dirty_positive,0.35
clean_negative/clean_5_88.jpg,train,clean_negative,0,clean_negative,0.20469100,clean_negative,0.35
clean_negative/clean_5_89.jpg,train,clean_negative,0,clean_negative,0.04418993,clean_negative,0.35
clean_negative/clean_5_90.jpg,train,clean_negative,0,clean_negative,0.01670754,clean_negative,0.35
clean_negative/clean_5_91.jpg,train,clean_negative,0,clean_negative,0.45130485,dirty_positive,0.35
clean_negative/clean_5_92.jpg,train,clean_negative,0,clean_negative,0.53556192,dirty_positive,0.35
clean_negative/clean_5_93.jpg,train,clean_negative,0,clean_negative,0.00002501,clean_negative,0.35
clean_negative/clean_5_94.jpg,train,clean_negative,0,clean_negative,0.00017782,clean_negative,0.35
clean_negative/clean_5_95.jpg,train,clean_negative,0,clean_negative,0.00102190,clean_negative,0.35
clean_negative/clean_5_96.jpg,train,clean_negative,0,clean_negative,0.00311115,clean_negative,0.35
clean_negative/clean_5_97.jpg,train,clean_negative,0,clean_negative,0.21448871,clean_negative,0.35
clean_negative/clean_5_98.jpg,train,clean_negative,0,clean_negative,0.04832499,clean_negative,0.35
clean_negative/clean_5_99.jpg,train,clean_negative,0,clean_negative,0.02159196,clean_negative,0.35
clean_negative/clean_5_100.jpg,train,clean_negative,0,clean_negative,0.00004083,clean_negative,0.35
clean_negative/clean_5_101.jpg,train,clean_negative,0,clean_negative,0.00407840,clean_negative,0.35
clean_negative/clean_5_102.jpg,train,clean_negative,0,clean_negative,0.02067130,clean_negative,0.35
clean_negative/clean_5_103.jpg,train,clean_negative,0,clean_negative,0.03783046,clean_negative,0.35
clean_negative/clean_5_104.jpg,train,clean_negative,0,clean_negative,0.15586866,clean_negative,0.35
clean_negative/clean_5_105.jpg,train,clean_negative,0,clean_negative,0.03782361,clean_negative,0.35
clean_negative/clean_5_106.jpg,train,clean_negative,0,clean_negative,0.01858423,clean_negative,0.35
clean_negative/clean_5_107.jpg,train,clean_negative,0,clean_negative,0.00014038,clean_negative,0.35
clean_negative/clean_5_108.jpg,train,clean_negative,0,clean_negative,0.00854169,clean_negative,0.35
clean_negative/clean_5_109.jpg,train,clean_negative,0,clean_negative,0.05362331,clean_negative,0.35
clean_negative/clean_5_110.jpg,train,clean_negative,0,clean_negative,0.08492171,clean_negative,0.35
clean_negative/clean_5_111.jpg,train,clean_negative,0,clean_negative,0.10809609,clean_negative,0.35
clean_negative/clean_5_112.jpg,train,clean_negative,0,clean_negative,0.02095067,clean_negative,0.35
clean_negative/clean_5_113.jpg,train,clean_negative,0,clean_negative,0.01039409,clean_negative,0.35
clean_negative/clean_5_114.jpg,train,clean_negative,0,clean_negative,0.00031254,clean_negative,0.35
clean_negative/clean_5_115.jpg,train,clean_negative,0,clean_negative,0.01051383,clean_negative,0.35
clean_negative/clean_5_116.jpg,train,clean_negative,0,clean_negative,0.06965670,clean_negative,0.35
clean_negative/clean_5_117.jpg,train,clean_negative,0,clean_negative,0.10528834,clean_negative,0.35
clean_negative/clean_5_118.jpg,train,clean_negative,0,clean_negative,0.04503339,clean_negative,0.35
clean_negative/clean_5_119.jpg,train,clean_negative,0,clean_negative,0.00645894,clean_negative,0.35
clean_negative/clean_5_120.jpg,train,clean_negative,0,clean_negative,0.00281415,clean_negative,0.35
clean_negative/clean_5_121.jpg,train,clean_negative,0,clean_negative,0.00029940,clean_negative,0.35
clean_negative/clean_5_122.jpg,train,clean_negative,0,clean_negative,0.00966394,clean_negative,0.35
clean_negative/clean_5_123.jpg,train,clean_negative,0,clean_negative,0.06006124,clean_negative,0.35
clean_negative/clean_5_124.jpg,train,clean_negative,0,clean_negative,0.08918918,clean_negative,0.35
clean_negative/clean_5_125.jpg,train,clean_negative,0,clean_negative,0.05685443,clean_negative,0.35
clean_negative/clean_5_126.jpg,train,clean_negative,0,clean_negative,0.00012043,clean_negative,0.35
clean_negative/clean_5_127.jpg,train,clean_negative,0,clean_negative,0.00002541,clean_negative,0.35
clean_negative/clean_5_128.jpg,train,clean_negative,0,clean_negative,0.05019203,clean_negative,0.35
clean_negative/clean_5_129.jpg,train,clean_negative,0,clean_negative,0.05100650,clean_negative,0.35
clean_negative/clean_5_130.jpg,train,clean_negative,0,clean_negative,0.07777204,clean_negative,0.35
clean_negative/clean_5_131.jpg,train,clean_negative,0,clean_negative,0.00023380,clean_negative,0.35
clean_negative/clean_5_132.jpg,train,clean_negative,0,clean_negative,0.00462447,clean_negative,0.35
clean_negative/clean_5_133.jpg,train,clean_negative,0,clean_negative,0.06401813,clean_negative,0.35
clean_negative/clean_5_134.jpg,train,clean_negative,0,clean_negative,0.00002845,clean_negative,0.35
clean_negative/clean_5_135.jpg,train,clean_negative,0,clean_negative,0.00000290,clean_negative,0.35
clean_negative/clean_5_136.jpg,train,clean_negative,0,clean_negative,0.00038333,clean_negative,0.35
clean_negative/clean_5_137.jpg,train,clean_negative,0,clean_negative,0.00270988,clean_negative,0.35
clean_negative/clean_5_138.jpg,train,clean_negative,0,clean_negative,0.00910537,clean_negative,0.35
clean_negative/clean_5_139.jpg,train,clean_negative,0,clean_negative,0.03934152,clean_negative,0.35
clean_negative/clean_5_140.jpg,train,clean_negative,0,clean_negative,0.00000147,clean_negative,0.35
clean_negative/clean_5_141.jpg,train,clean_negative,0,clean_negative,0.00000139,clean_negative,0.35
clean_negative/clean_5_142.jpg,train,clean_negative,0,clean_negative,0.00188171,clean_negative,0.35
clean_negative/clean_5_143.jpg,train,clean_negative,0,clean_negative,0.00006344,clean_negative,0.35
clean_negative/clean_5_144.jpg,train,clean_negative,0,clean_negative,0.00049779,clean_negative,0.35
clean_negative/clean_5_145.jpg,train,clean_negative,0,clean_negative,0.00107747,clean_negative,0.35
clean_negative/clean_5_146.jpg,train,clean_negative,0,clean_negative,0.00154859,clean_negative,0.35
clean_negative/clean_5_147.jpg,train,clean_negative,0,clean_negative,0.00031282,clean_negative,0.35
clean_negative/clean_5_148.jpg,train,clean_negative,0,clean_negative,0.00000090,clean_negative,0.35
clean_negative/clean_5_149.jpg,train,clean_negative,0,clean_negative,0.00000121,clean_negative,0.35
clean_negative/clean_5_150.jpg,train,clean_negative,0,clean_negative,0.00002620,clean_negative,0.35
clean_negative/clean_5_151.jpg,train,clean_negative,0,clean_negative,0.00018808,clean_negative,0.35
clean_negative/clean_5_152.jpg,train,clean_negative,0,clean_negative,0.00035052,clean_negative,0.35
clean_negative/clean_5_153.jpg,train,clean_negative,0,clean_negative,0.00032864,clean_negative,0.35
clean_negative/clean_5_154.jpg,train,clean_negative,0,clean_negative,0.00014134,clean_negative,0.35
clean_negative/clean_5_155.jpg,train,clean_negative,0,clean_negative,0.00000232,clean_negative,0.35
clean_negative/clean_5_156.jpg,train,clean_negative,0,clean_negative,0.00000392,clean_negative,0.35
dirty_positive/dirty_5_1.jpg,train,dirty_positive,1,clean_negative,0.93867450,dirty_positive,0.35
dirty_positive/dirty_5_2.jpg,train,dirty_positive,1,clean_negative,0.96455927,dirty_positive,0.35
dirty_positive/dirty_5_3.jpg,train,dirty_positive,1,clean_negative,0.94740180,dirty_positive,0.35
dirty_positive/dirty_5_4.jpg,train,dirty_positive,1,clean_negative,0.89553130,dirty_positive,0.35
dirty_positive/dirty_5_5.jpg,train,dirty_positive,1,clean_negative,0.98471709,dirty_positive,0.35
dirty_positive/dirty_5_6.jpg,train,dirty_positive,1,clean_negative,0.97947950,dirty_positive,0.35
dirty_positive/dirty_5_7.jpg,train,dirty_positive,1,clean_negative,0.98499336,dirty_positive,0.35
dirty_positive/dirty_5_8.jpg,train,dirty_positive,1,clean_negative,0.96425648,dirty_positive,0.35
dirty_positive/dirty_5_9.jpg,train,dirty_positive,1,clean_negative,0.94779412,dirty_positive,0.35
dirty_positive/dirty_5_10.jpg,train,dirty_positive,1,clean_negative,0.93934196,dirty_positive,0.35
dirty_positive/dirty_5_11.jpg,train,dirty_positive,1,clean_negative,0.96329703,dirty_positive,0.35
dirty_positive/dirty_5_12.jpg,train,dirty_positive,1,clean_negative,0.89233176,dirty_positive,0.35
dirty_positive/dirty_5_13.jpg,train,dirty_positive,1,clean_negative,0.80688096,dirty_positive,0.35
dirty_positive/dirty_5_14.jpg,train,dirty_positive,1,clean_negative,0.95736708,dirty_positive,0.35
dirty_positive/dirty_5_15.jpg,train,dirty_positive,1,clean_negative,0.99052033,dirty_positive,0.35
dirty_positive/dirty_5_16.jpg,train,dirty_positive,1,clean_negative,0.99613436,dirty_positive,0.35
dirty_positive/dirty_5_17.jpg,train,dirty_positive,1,clean_negative,0.84565699,dirty_positive,0.35
dirty_positive/dirty_5_18.jpg,train,dirty_positive,1,clean_negative,0.81464185,dirty_positive,0.35
dirty_positive/dirty_5_19.jpg,train,dirty_positive,1,clean_negative,0.83724876,dirty_positive,0.35
dirty_positive/dirty_5_20.jpg,train,dirty_positive,1,clean_negative,0.46239186,dirty_positive,0.35
dirty_positive/dirty_5_21.jpg,train,dirty_positive,1,clean_negative,0.96931809,dirty_positive,0.35
dirty_positive/dirty_5_22.jpg,train,dirty_positive,1,clean_negative,0.86161887,dirty_positive,0.35
dirty_positive/dirty_5_23.jpg,train,dirty_positive,1,clean_negative,0.88417141,dirty_positive,0.35
dirty_positive/dirty_5_24.jpg,train,dirty_positive,1,clean_negative,0.91893193,dirty_positive,0.35
dirty_positive/dirty_5_25.jpg,train,dirty_positive,1,clean_negative,0.79693515,dirty_positive,0.35
dirty_positive/dirty_5_26.jpg,train,dirty_positive,1,clean_negative,0.67030079,dirty_positive,0.35
dirty_positive/dirty_5_27.jpg,train,dirty_positive,1,clean_negative,0.82498135,dirty_positive,0.35
dirty_positive/dirty_5_28.jpg,train,dirty_positive,1,clean_negative,0.85750396,dirty_positive,0.35
dirty_positive/dirty_5_29.jpg,train,dirty_positive,1,clean_negative,0.78690787,dirty_positive,0.35
dirty_positive/dirty_5_30.jpg,train,dirty_positive,1,clean_negative,0.02211139,clean_negative,0.35
dirty_positive/dirty_5_31.jpg,train,dirty_positive,1,clean_negative,0.83000361,dirty_positive,0.35
dirty_positive/dirty_5_32.jpg,train,dirty_positive,1,clean_negative,0.43439221,dirty_positive,0.35
dirty_positive/dirty_5_33.jpg,train,dirty_positive,1,clean_negative,0.84827098,dirty_positive,0.35
dirty_positive/dirty_5_34.jpg,train,dirty_positive,1,clean_negative,0.97496254,dirty_positive,0.35
dirty_positive/dirty_5_35.jpg,train,dirty_positive,1,clean_negative,0.91774145,dirty_positive,0.35
dirty_positive/dirty_5_36.jpg,train,dirty_positive,1,clean_negative,0.96299367,dirty_positive,0.35
dirty_positive/dirty_5_37.jpg,train,dirty_positive,1,clean_negative,0.75949184,dirty_positive,0.35
dirty_positive/dirty_5_38.jpg,train,dirty_positive,1,clean_negative,0.48488256,dirty_positive,0.35
dirty_positive/dirty_5_39.jpg,train,dirty_positive,1,clean_negative,0.85755577,dirty_positive,0.35
dirty_positive/dirty_5_40.jpg,train,dirty_positive,1,clean_negative,0.71633615,dirty_positive,0.35
dirty_positive/dirty_5_41.jpg,train,dirty_positive,1,clean_negative,0.85565835,dirty_positive,0.35
dirty_positive/dirty_5_42.jpg,train,dirty_positive,1,clean_negative,0.49726896,dirty_positive,0.35
dirty_positive/dirty_5_43.jpg,train,dirty_positive,1,clean_negative,0.81673412,dirty_positive,0.35
dirty_positive/dirty_5_44.jpg,train,dirty_positive,1,clean_negative,0.86929006,dirty_positive,0.35
dirty_positive/dirty_5_45.jpg,train,dirty_positive,1,clean_negative,0.11830896,clean_negative,0.35
dirty_positive/dirty_5_46.jpg,train,dirty_positive,1,clean_negative,0.14432608,clean_negative,0.35
dirty_positive/dirty_5_47.jpg,train,dirty_positive,1,clean_negative,0.86473469,dirty_positive,0.35
dirty_positive/dirty_5_48.jpg,train,dirty_positive,1,clean_negative,0.09164594,clean_negative,0.35
dirty_positive/dirty_5_49.jpg,train,dirty_positive,1,clean_negative,0.88183407,dirty_positive,0.35
dirty_positive/dirty_5_50.jpg,train,dirty_positive,1,clean_negative,0.85528109,dirty_positive,0.35
dirty_positive/dirty_5_51.jpg,train,dirty_positive,1,clean_negative,0.87733440,dirty_positive,0.35
dirty_positive/dirty_5_52.jpg,train,dirty_positive,1,clean_negative,0.70263806,dirty_positive,0.35
dirty_positive/dirty_5_53.jpg,train,dirty_positive,1,clean_negative,0.47321464,dirty_positive,0.35
dirty_positive/dirty_5_54.jpg,train,dirty_positive,1,clean_negative,0.57844453,dirty_positive,0.35
dirty_positive/dirty_5_55.jpg,train,dirty_positive,1,clean_negative,0.18670224,clean_negative,0.35
dirty_positive/dirty_5_56.jpg,train,dirty_positive,1,clean_negative,0.23626202,clean_negative,0.35
dirty_positive/dirty_5_57.jpg,train,dirty_positive,1,clean_negative,0.39727506,dirty_positive,0.35
dirty_positive/dirty_5_58.jpg,train,dirty_positive,1,clean_negative,0.25998354,clean_negative,0.35
dirty_positive/dirty_5_59.jpg,train,dirty_positive,1,clean_negative,0.87082972,dirty_positive,0.35
dirty_positive/dirty_5_60.jpg,train,dirty_positive,1,clean_negative,0.73993044,dirty_positive,0.35
dirty_positive/dirty_5_61.jpg,train,dirty_positive,1,clean_negative,0.92754124,dirty_positive,0.35
dirty_positive/dirty_5_62.jpg,train,dirty_positive,1,clean_negative,0.67877713,dirty_positive,0.35
dirty_positive/dirty_5_63.jpg,train,dirty_positive,1,clean_negative,0.78711768,dirty_positive,0.35
dirty_positive/dirty_5_64.jpg,train,dirty_positive,1,clean_negative,0.91583664,dirty_positive,0.35
dirty_positive/dirty_5_65.jpg,train,dirty_positive,1,clean_negative,0.17768041,clean_negative,0.35
dirty_positive/dirty_5_66.jpg,train,dirty_positive,1,clean_negative,0.15586860,clean_negative,0.35
dirty_positive/dirty_5_67.jpg,train,dirty_positive,1,clean_negative,0.21100672,clean_negative,0.35
dirty_positive/dirty_5_68.jpg,train,dirty_positive,1,clean_negative,0.39393280,dirty_positive,0.35
dirty_positive/dirty_5_69.jpg,train,dirty_positive,1,clean_negative,0.80340588,dirty_positive,0.35
dirty_positive/dirty_5_70.jpg,train,dirty_positive,1,clean_negative,0.73504350,dirty_positive,0.35
dirty_positive/dirty_5_71.jpg,train,dirty_positive,1,clean_negative,0.66827765,dirty_positive,0.35
dirty_positive/dirty_5_72.jpg,train,dirty_positive,1,clean_negative,0.90205660,dirty_positive,0.35
dirty_positive/dirty_5_73.jpg,train,dirty_positive,1,clean_negative,0.63902564,dirty_positive,0.35
dirty_positive/dirty_5_74.jpg,train,dirty_positive,1,clean_negative,0.78186368,dirty_positive,0.35
dirty_positive/dirty_5_75.jpg,train,dirty_positive,1,clean_negative,0.79796049,dirty_positive,0.35
dirty_positive/dirty_5_76.jpg,train,dirty_positive,1,clean_negative,0.51394932,dirty_positive,0.35
dirty_positive/dirty_5_77.jpg,train,dirty_positive,1,clean_negative,0.82697523,dirty_positive,0.35
dirty_positive/dirty_5_78.jpg,train,dirty_positive,1,clean_negative,0.55522773,dirty_positive,0.35
dirty_positive/dirty_5_79.jpg,train,dirty_positive,1,clean_negative,0.16800276,clean_negative,0.35
dirty_positive/dirty_5_80.jpg,train,dirty_positive,1,clean_negative,0.82644183,dirty_positive,0.35
dirty_positive/dirty_5_81.jpg,train,dirty_positive,1,clean_negative,0.90660694,dirty_positive,0.35
dirty_positive/dirty_5_82.jpg,train,dirty_positive,1,clean_negative,0.51820392,dirty_positive,0.35
dirty_positive/dirty_5_83.jpg,train,dirty_positive,1,clean_negative,0.37271424,dirty_positive,0.35
dirty_positive/dirty_5_84.jpg,train,dirty_positive,1,clean_negative,0.42738422,dirty_positive,0.35
dirty_positive/dirty_5_85.jpg,train,dirty_positive,1,clean_negative,0.23039078,clean_negative,0.35
dirty_positive/dirty_5_86.jpg,train,dirty_positive,1,clean_negative,0.99531905,dirty_positive,0.35
dirty_positive/dirty_5_87.jpg,train,dirty_positive,1,clean_negative,0.99332085,dirty_positive,0.35
dirty_positive/dirty_5_88.jpg,train,dirty_positive,1,clean_negative,0.12346685,clean_negative,0.35
dirty_positive/dirty_5_89.jpg,train,dirty_positive,1,clean_negative,0.45483908,dirty_positive,0.35
dirty_positive/dirty_5_90.jpg,train,dirty_positive,1,clean_negative,0.72086706,dirty_positive,0.35
dirty_positive/dirty_5_91.jpg,train,dirty_positive,1,clean_negative,0.67268150,dirty_positive,0.35
dirty_positive/dirty_5_92.jpg,train,dirty_positive,1,clean_negative,0.37614882,dirty_positive,0.35
dirty_positive/dirty_5_93.jpg,train,dirty_positive,1,clean_negative,0.72400745,dirty_positive,0.35
dirty_positive/dirty_5_94.jpg,train,dirty_positive,1,clean_negative,0.08942390,clean_negative,0.35
dirty_positive/dirty_5_95.jpg,train,dirty_positive,1,clean_negative,0.26227632,clean_negative,0.35
dirty_positive/dirty_5_96.jpg,train,dirty_positive,1,clean_negative,0.16054136,clean_negative,0.35
dirty_positive/dirty_5_97.jpg,train,dirty_positive,1,clean_negative,0.01593037,clean_negative,0.35
dirty_positive/dirty_5_98.jpg,train,dirty_positive,1,clean_negative,0.09565006,clean_negative,0.35
dirty_positive/dirty_5_99.jpg,train,dirty_positive,1,clean_negative,0.01657945,clean_negative,0.35
dirty_positive/dirty_5_100.jpg,train,dirty_positive,1,clean_negative,0.04526929,clean_negative,0.35
clean_negative/clean_6_1.jpg,train,clean_negative,0,clean_negative,0.00040136,clean_negative,0.35
clean_negative/clean_6_2.jpg,train,clean_negative,0,clean_negative,0.00593955,clean_negative,0.35
clean_negative/clean_6_3.jpg,train,clean_negative,0,clean_negative,0.08704033,clean_negative,0.35
clean_negative/clean_6_4.jpg,train,clean_negative,0,clean_negative,0.12972030,clean_negative,0.35
clean_negative/clean_6_5.jpg,train,clean_negative,0,clean_negative,0.67738894,dirty_positive,0.35
clean_negative/clean_6_6.jpg,train,clean_negative,0,clean_negative,0.64281292,dirty_positive,0.35
clean_negative/clean_6_7.jpg,train,clean_negative,0,clean_negative,0.59635136,dirty_positive,0.35
clean_negative/clean_6_8.jpg,train,clean_negative,0,clean_negative,0.57461045,dirty_positive,0.35
clean_negative/clean_6_9.jpg,train,clean_negative,0,clean_negative,0.41728681,dirty_positive,0.35
clean_negative/clean_6_10.jpg,train,clean_negative,0,clean_negative,0.23439526,clean_negative,0.35
clean_negative/clean_6_11.jpg,train,clean_negative,0,clean_negative,0.32538285,clean_negative,0.35
clean_negative/clean_6_12.jpg,train,clean_negative,0,clean_negative,0.15181297,clean_negative,0.35
clean_negative/clean_6_13.jpg,train,clean_negative,0,clean_negative,0.12031034,clean_negative,0.35
clean_negative/clean_6_14.jpg,train,clean_negative,0,clean_negative,0.42634701,dirty_positive,0.35
clean_negative/clean_6_15.jpg,train,clean_negative,0,clean_negative,0.43078291,dirty_positive,0.35
clean_negative/clean_6_16.jpg,train,clean_negative,0,clean_negative,0.46387663,dirty_positive,0.35
clean_negative/clean_6_17.jpg,train,clean_negative,0,clean_negative,0.62495464,dirty_positive,0.35
clean_negative/clean_6_18.jpg,train,clean_negative,0,clean_negative,0.76228292,dirty_positive,0.35
clean_negative/clean_6_19.jpg,train,clean_negative,0,clean_negative,0.82208738,dirty_positive,0.35
clean_negative/clean_6_20.jpg,train,clean_negative,0,clean_negative,0.24540044,clean_negative,0.35
clean_negative/clean_6_21.jpg,train,clean_negative,0,clean_negative,0.41004219,dirty_positive,0.35
clean_negative/clean_6_22.jpg,train,clean_negative,0,clean_negative,0.16240738,clean_negative,0.35
clean_negative/clean_6_23.jpg,train,clean_negative,0,clean_negative,0.12120668,clean_negative,0.35
clean_negative/clean_6_24.jpg,train,clean_negative,0,clean_negative,0.27432700,clean_negative,0.35
clean_negative/clean_6_25.jpg,train,clean_negative,0,clean_negative,0.22485065,clean_negative,0.35
clean_negative/clean_6_26.jpg,train,clean_negative,0,clean_negative,0.00181400,clean_negative,0.35
clean_negative/clean_6_27.jpg,train,clean_negative,0,clean_negative,0.01484427,clean_negative,0.35
clean_negative/clean_6_28.jpg,train,clean_negative,0,clean_negative,0.28154332,clean_negative,0.35
clean_negative/clean_6_29.jpg,train,clean_negative,0,clean_negative,0.29687748,clean_negative,0.35
clean_negative/clean_6_30.jpg,train,clean_negative,0,clean_negative,0.63553781,dirty_positive,0.35
clean_negative/clean_6_31.jpg,train,clean_negative,0,clean_negative,0.53977794,dirty_positive,0.35
clean_negative/clean_6_32.jpg,train,clean_negative,0,clean_negative,0.40458700,dirty_positive,0.35
clean_negative/clean_6_33.jpg,train,clean_negative,0,clean_negative,0.41619343,dirty_positive,0.35
clean_negative/clean_6_34.jpg,train,clean_negative,0,clean_negative,0.31468258,clean_negative,0.35
clean_negative/clean_6_35.jpg,train,clean_negative,0,clean_negative,0.18149594,clean_negative,0.35
clean_negative/clean_6_36.jpg,train,clean_negative,0,clean_negative,0.24362889,clean_negative,0.35
clean_negative/clean_6_37.jpg,train,clean_negative,0,clean_negative,0.39325843,dirty_positive,0.35
clean_negative/clean_6_38.jpg,train,clean_negative,0,clean_negative,0.52668133,dirty_positive,0.35
clean_negative/clean_6_39.jpg,train,clean_negative,0,clean_negative,0.37965191,dirty_positive,0.35
clean_negative/clean_6_40.jpg,train,clean_negative,0,clean_negative,0.28350020,clean_negative,0.35
clean_negative/clean_6_41.jpg,train,clean_negative,0,clean_negative,0.27914609,clean_negative,0.35
clean_negative/clean_6_42.jpg,train,clean_negative,0,clean_negative,0.30159573,clean_negative,0.35
clean_negative/clean_6_43.jpg,train,clean_negative,0,clean_negative,0.64083535,dirty_positive,0.35
clean_negative/clean_6_44.jpg,train,clean_negative,0,clean_negative,0.51776436,dirty_positive,0.35
clean_negative/clean_6_45.jpg,train,clean_negative,0,clean_negative,0.36924422,dirty_positive,0.35
clean_negative/clean_6_46.jpg,train,clean_negative,0,clean_negative,0.37676140,dirty_positive,0.35
clean_negative/clean_6_47.jpg,train,clean_negative,0,clean_negative,0.03765602,clean_negative,0.35
clean_negative/clean_6_48.jpg,train,clean_negative,0,clean_negative,0.00835280,clean_negative,0.35
clean_negative/clean_6_49.jpg,train,clean_negative,0,clean_negative,0.23866577,clean_negative,0.35
clean_negative/clean_6_50.jpg,train,clean_negative,0,clean_negative,0.20592943,clean_negative,0.35
clean_negative/clean_6_51.jpg,train,clean_negative,0,clean_negative,0.20725644,clean_negative,0.35
clean_negative/clean_6_52.jpg,train,clean_negative,0,clean_negative,0.30568423,clean_negative,0.35
clean_negative/clean_6_53.jpg,train,clean_negative,0,clean_negative,0.01071150,clean_negative,0.35
clean_negative/clean_6_54.jpg,train,clean_negative,0,clean_negative,0.04213372,clean_negative,0.35
clean_negative/clean_6_55.jpg,train,clean_negative,0,clean_negative,0.45536506,dirty_positive,0.35
clean_negative/clean_6_56.jpg,train,clean_negative,0,clean_negative,0.41375701,dirty_positive,0.35
clean_negative/clean_6_57.jpg,train,clean_negative,0,clean_negative,0.22712021,clean_negative,0.35
clean_negative/clean_6_58.jpg,train,clean_negative,0,clean_negative,0.30125155,clean_negative,0.35
clean_negative/clean_6_59.jpg,train,clean_negative,0,clean_negative,0.00473377,clean_negative,0.35
clean_negative/clean_6_60.jpg,train,clean_negative,0,clean_negative,0.00853259,clean_negative,0.35
clean_negative/clean_6_61.jpg,train,clean_negative,0,clean_negative,0.50110439,dirty_positive,0.35
clean_negative/clean_6_62.jpg,train,clean_negative,0,clean_negative,0.45773196,dirty_positive,0.35
clean_negative/clean_6_63.jpg,train,clean_negative,0,clean_negative,0.24376688,clean_negative,0.35
clean_negative/clean_6_64.jpg,train,clean_negative,0,clean_negative,0.31587696,clean_negative,0.35
clean_negative/clean_6_65.jpg,train,clean_negative,0,clean_negative,0.47580701,dirty_positive,0.35
clean_negative/clean_6_66.jpg,train,clean_negative,0,clean_negative,0.43885681,dirty_positive,0.35
clean_negative/clean_6_67.jpg,train,clean_negative,0,clean_negative,0.12307831,clean_negative,0.35
clean_negative/clean_6_68.jpg,train,clean_negative,0,clean_negative,0.17460734,clean_negative,0.35
clean_negative/clean_6_69.jpg,train,clean_negative,0,clean_negative,0.41871583,dirty_positive,0.35
clean_negative/clean_6_70.jpg,train,clean_negative,0,clean_negative,0.31094142,clean_negative,0.35
clean_negative/clean_6_71.jpg,train,clean_negative,0,clean_negative,0.10685572,clean_negative,0.35
clean_negative/clean_6_72.jpg,train,clean_negative,0,clean_negative,0.13181944,clean_negative,0.35
clean_negative/clean_6_73.jpg,train,clean_negative,0,clean_negative,0.21915395,clean_negative,0.35
clean_negative/clean_6_74.jpg,train,clean_negative,0,clean_negative,0.12507134,clean_negative,0.35
clean_negative/clean_6_75.jpg,train,clean_negative,0,clean_negative,0.06211455,clean_negative,0.35
clean_negative/clean_6_76.jpg,train,clean_negative,0,clean_negative,0.10129663,clean_negative,0.35
clean_negative/clean_6_77.jpg,train,clean_negative,0,clean_negative,0.06696172,clean_negative,0.35
clean_negative/clean_6_78.jpg,train,clean_negative,0,clean_negative,0.06810449,clean_negative,0.35
clean_negative/clean_6_79.jpg,train,clean_negative,0,clean_negative,0.07692539,clean_negative,0.35
clean_negative/clean_6_80.jpg,train,clean_negative,0,clean_negative,0.03088816,clean_negative,0.35
clean_negative/clean_6_81.jpg,train,clean_negative,0,clean_negative,0.01378814,clean_negative,0.35
clean_negative/clean_6_82.jpg,train,clean_negative,0,clean_negative,0.01786384,clean_negative,0.35
clean_negative/clean_6_83.jpg,train,clean_negative,0,clean_negative,0.04272367,clean_negative,0.35
clean_negative/clean_6_84.jpg,train,clean_negative,0,clean_negative,0.03307836,clean_negative,0.35
clean_negative/clean_6_85.jpg,train,clean_negative,0,clean_negative,0.01128666,clean_negative,0.35
clean_negative/clean_6_86.jpg,train,clean_negative,0,clean_negative,0.00921596,clean_negative,0.35
clean_negative/clean_6_87.jpg,train,clean_negative,0,clean_negative,0.01109560,clean_negative,0.35
clean_negative/clean_6_88.jpg,train,clean_negative,0,clean_negative,0.05294495,clean_negative,0.35
clean_negative/clean_6_89.jpg,train,clean_negative,0,clean_negative,0.02694898,clean_negative,0.35
clean_negative/clean_6_90.jpg,train,clean_negative,0,clean_negative,0.00887478,clean_negative,0.35
clean_negative/clean_6_91.jpg,train,clean_negative,0,clean_negative,0.00638003,clean_negative,0.35
clean_negative/clean_6_92.jpg,train,clean_negative,0,clean_negative,0.00672835,clean_negative,0.35
clean_negative/clean_6_93.jpg,train,clean_negative,0,clean_negative,0.02143134,clean_negative,0.35
clean_negative/clean_6_94.jpg,train,clean_negative,0,clean_negative,0.00819442,clean_negative,0.35
clean_negative/clean_6_95.jpg,train,clean_negative,0,clean_negative,0.00412129,clean_negative,0.35
clean_negative/clean_6_96.jpg,train,clean_negative,0,clean_negative,0.00330592,clean_negative,0.35
clean_negative/clean_6_97.jpg,train,clean_negative,0,clean_negative,0.14627498,clean_negative,0.35
clean_negative/clean_6_98.jpg,train,clean_negative,0,clean_negative,0.06866801,clean_negative,0.35
clean_negative/clean_6_99.jpg,train,clean_negative,0,clean_negative,0.27413085,clean_negative,0.35
clean_negative/clean_6_100.jpg,train,clean_negative,0,clean_negative,0.24278308,clean_negative,0.35
clean_negative/clean_6_101.jpg,train,clean_negative,0,clean_negative,0.31284581,clean_negative,0.35
clean_negative/clean_6_102.jpg,train,clean_negative,0,clean_negative,0.33060764,clean_negative,0.35
clean_negative/clean_6_103.jpg,train,clean_negative,0,clean_negative,0.59911064,dirty_positive,0.35
clean_negative/clean_6_104.jpg,train,clean_negative,0,clean_negative,0.12618816,clean_negative,0.35
clean_negative/clean_6_105.jpg,train,clean_negative,0,clean_negative,0.26963268,clean_negative,0.35
clean_negative/clean_6_106.jpg,train,clean_negative,0,clean_negative,0.20867327,clean_negative,0.35
clean_negative/clean_6_107.jpg,train,clean_negative,0,clean_negative,0.44660039,dirty_positive,0.35
clean_negative/clean_6_108.jpg,train,clean_negative,0,clean_negative,0.39298093,dirty_positive,0.35
clean_negative/clean_6_109.jpg,train,clean_negative,0,clean_negative,0.34452869,clean_negative,0.35
clean_negative/clean_6_110.jpg,train,clean_negative,0,clean_negative,0.06304208,clean_negative,0.35
clean_negative/clean_6_111.jpg,train,clean_negative,0,clean_negative,0.01619998,clean_negative,0.35
clean_negative/clean_6_112.jpg,train,clean_negative,0,clean_negative,0.00548473,clean_negative,0.35
clean_negative/clean_6_113.jpg,train,clean_negative,0,clean_negative,0.00285919,clean_negative,0.35
clean_negative/clean_6_114.jpg,train,clean_negative,0,clean_negative,0.00166158,clean_negative,0.35
clean_negative/clean_6_115.jpg,train,clean_negative,0,clean_negative,0.27722832,clean_negative,0.35
clean_negative/clean_6_116.jpg,train,clean_negative,0,clean_negative,0.28551843,clean_negative,0.35
clean_negative/clean_6_117.jpg,train,clean_negative,0,clean_negative,0.22268152,clean_negative,0.35
clean_negative/clean_6_118.jpg,train,clean_negative,0,clean_negative,0.36260670,dirty_positive,0.35
clean_negative/clean_6_119.jpg,train,clean_negative,0,clean_negative,0.25792510,clean_negative,0.35
clean_negative/clean_6_120.jpg,train,clean_negative,0,clean_negative,0.32726177,clean_negative,0.35
clean_negative/clean_6_121.jpg,train,clean_negative,0,clean_negative,0.13862309,clean_negative,0.35
clean_negative/clean_6_122.jpg,train,clean_negative,0,clean_negative,0.05193790,clean_negative,0.35
clean_negative/clean_6_123.jpg,train,clean_negative,0,clean_negative,0.02502465,clean_negative,0.35
clean_negative/clean_6_124.jpg,train,clean_negative,0,clean_negative,0.03201359,clean_negative,0.35
clean_negative/clean_6_125.jpg,train,clean_negative,0,clean_negative,0.00908272,clean_negative,0.35
clean_negative/clean_6_126.jpg,train,clean_negative,0,clean_negative,0.36036334,dirty_positive,0.35
clean_negative/clean_6_127.jpg,train,clean_negative,0,clean_negative,0.28241343,clean_negative,0.35
clean_negative/clean_6_128.jpg,train,clean_negative,0,clean_negative,0.36229839,dirty_positive,0.35
clean_negative/clean_6_129.jpg,train,clean_negative,0,clean_negative,0.36453385,dirty_positive,0.35
clean_negative/clean_6_130.jpg,train,clean_negative,0,clean_negative,0.33763828,clean_negative,0.35
clean_negative/clean_6_131.jpg,train,clean_negative,0,clean_negative,0.16721243,clean_negative,0.35
clean_negative/clean_6_132.jpg,train,clean_negative,0,clean_negative,0.06886786,clean_negative,0.35
clean_negative/clean_6_133.jpg,train,clean_negative,0,clean_negative,0.04378894,clean_negative,0.35
clean_negative/clean_6_134.jpg,train,clean_negative,0,clean_negative,0.07388722,clean_negative,0.35
clean_negative/clean_6_135.jpg,train,clean_negative,0,clean_negative,0.01203839,clean_negative,0.35
clean_negative/clean_6_136.jpg,train,clean_negative,0,clean_negative,0.37476045,dirty_positive,0.35
clean_negative/clean_6_137.jpg,train,clean_negative,0,clean_negative,0.37098387,dirty_positive,0.35
clean_negative/clean_6_138.jpg,train,clean_negative,0,clean_negative,0.32046471,clean_negative,0.35
clean_negative/clean_6_139.jpg,train,clean_negative,0,clean_negative,0.30960788,clean_negative,0.35
clean_negative/clean_6_140.jpg,train,clean_negative,0,clean_negative,0.30096789,clean_negative,0.35
clean_negative/clean_6_141.jpg,train,clean_negative,0,clean_negative,0.17292662,clean_negative,0.35
clean_negative/clean_6_142.jpg,train,clean_negative,0,clean_negative,0.09976941,clean_negative,0.35
clean_negative/clean_6_143.jpg,train,clean_negative,0,clean_negative,0.06589730,clean_negative,0.35
clean_negative/clean_6_144.jpg,train,clean_negative,0,clean_negative,0.10357704,clean_negative,0.35
clean_negative/clean_6_145.jpg,train,clean_negative,0,clean_negative,0.02074177,clean_negative,0.35
clean_negative/clean_6_146.jpg,train,clean_negative,0,clean_negative,0.36622490,dirty_positive,0.35
clean_negative/clean_6_147.jpg,train,clean_negative,0,clean_negative,0.16928802,clean_negative,0.35
clean_negative/clean_6_148.jpg,train,clean_negative,0,clean_negative,0.25009050,clean_negative,0.35
clean_negative/clean_6_149.jpg,train,clean_negative,0,clean_negative,0.25029798,clean_negative,0.35
clean_negative/clean_6_150.jpg,train,clean_negative,0,clean_negative,0.15829525,clean_negative,0.35
clean_negative/clean_6_151.jpg,train,clean_negative,0,clean_negative,0.59341742,dirty_positive,0.35
clean_negative/clean_6_152.jpg,train,clean_negative,0,clean_negative,0.08469043,clean_negative,0.35
clean_negative/clean_6_153.jpg,train,clean_negative,0,clean_negative,0.11890273,clean_negative,0.35
clean_negative/clean_6_154.jpg,train,clean_negative,0,clean_negative,0.02038256,clean_negative,0.35
clean_negative/clean_6_155.jpg,train,clean_negative,0,clean_negative,0.35241579,dirty_positive,0.35
clean_negative/clean_6_156.jpg,train,clean_negative,0,clean_negative,0.33044494,clean_negative,0.35
clean_negative/clean_6_157.jpg,train,clean_negative,0,clean_negative,0.01843775,clean_negative,0.35
clean_negative/clean_6_158.jpg,train,clean_negative,0,clean_negative,0.03486289,clean_negative,0.35
clean_negative/clean_6_159.jpg,train,clean_negative,0,clean_negative,0.34443892,clean_negative,0.35
clean_negative/clean_6_160.jpg,train,clean_negative,0,clean_negative,0.02141786,clean_negative,0.35
clean_negative/clean_6_161.jpg,train,clean_negative,0,clean_negative,0.04360147,clean_negative,0.35
clean_negative/clean_6_162.jpg,train,clean_negative,0,clean_negative,0.17837784,clean_negative,0.35
clean_negative/clean_6_163.jpg,train,clean_negative,0,clean_negative,0.38180689,dirty_positive,0.35
clean_negative/clean_6_164.jpg,train,clean_negative,0,clean_negative,0.38718040,dirty_positive,0.35
clean_negative/clean_6_165.jpg,train,clean_negative,0,clean_negative,0.00488615,clean_negative,0.35
clean_negative/clean_6_166.jpg,train,clean_negative,0,clean_negative,0.01400871,clean_negative,0.35
clean_negative/clean_6_167.jpg,train,clean_negative,0,clean_negative,0.05573682,clean_negative,0.35
clean_negative/clean_6_168.jpg,train,clean_negative,0,clean_negative,0.28950126,clean_negative,0.35
clean_negative/clean_6_169.jpg,train,clean_negative,0,clean_negative,0.20655762,clean_negative,0.35
clean_negative/clean_6_170.jpg,train,clean_negative,0,clean_negative,0.15708354,clean_negative,0.35
clean_negative/clean_6_171.jpg,train,clean_negative,0,clean_negative,0.42826748,dirty_positive,0.35
clean_negative/clean_6_172.jpg,train,clean_negative,0,clean_negative,0.36009275,dirty_positive,0.35
clean_negative/clean_6_173.jpg,train,clean_negative,0,clean_negative,0.42401474,dirty_positive,0.35
clean_negative/clean_6_174.jpg,train,clean_negative,0,clean_negative,0.49167344,dirty_positive,0.35
clean_negative/clean_6_175.jpg,train,clean_negative,0,clean_negative,0.00177694,clean_negative,0.35
clean_negative/clean_6_176.jpg,train,clean_negative,0,clean_negative,0.00531578,clean_negative,0.35
clean_negative/clean_6_177.jpg,train,clean_negative,0,clean_negative,0.02237539,clean_negative,0.35
clean_negative/clean_6_178.jpg,train,clean_negative,0,clean_negative,0.05529107,clean_negative,0.35
clean_negative/clean_6_179.jpg,train,clean_negative,0,clean_negative,0.13651905,clean_negative,0.35
clean_negative/clean_6_180.jpg,train,clean_negative,0,clean_negative,0.19409811,clean_negative,0.35
clean_negative/clean_6_181.jpg,train,clean_negative,0,clean_negative,0.52689853,dirty_positive,0.35
clean_negative/clean_6_182.jpg,train,clean_negative,0,clean_negative,0.41898242,dirty_positive,0.35
clean_negative/clean_6_183.jpg,train,clean_negative,0,clean_negative,0.40945765,dirty_positive,0.35
clean_negative/clean_6_184.jpg,train,clean_negative,0,clean_negative,0.50791531,dirty_positive,0.35
clean_negative/clean_6_185.jpg,train,clean_negative,0,clean_negative,0.47743615,dirty_positive,0.35
clean_negative/clean_6_186.jpg,train,clean_negative,0,clean_negative,0.01552375,clean_negative,0.35
clean_negative/clean_6_187.jpg,train,clean_negative,0,clean_negative,0.02723854,clean_negative,0.35
clean_negative/clean_6_188.jpg,train,clean_negative,0,clean_negative,0.16703174,clean_negative,0.35
clean_negative/clean_6_189.jpg,train,clean_negative,0,clean_negative,0.24856340,clean_negative,0.35
clean_negative/clean_6_190.jpg,train,clean_negative,0,clean_negative,0.53019609,dirty_positive,0.35
clean_negative/clean_6_191.jpg,train,clean_negative,0,clean_negative,0.68389378,dirty_positive,0.35
clean_negative/clean_6_192.jpg,train,clean_negative,0,clean_negative,0.58902794,dirty_positive,0.35
clean_negative/clean_6_193.jpg,train,clean_negative,0,clean_negative,0.70643666,dirty_positive,0.35
clean_negative/clean_6_194.jpg,train,clean_negative,0,clean_negative,0.50917004,dirty_positive,0.35
clean_negative/clean_6_195.jpg,train,clean_negative,0,clean_negative,0.00012245,clean_negative,0.35
clean_negative/clean_6_196.jpg,train,clean_negative,0,clean_negative,0.41074616,dirty_positive,0.35
clean_negative/clean_6_197.jpg,train,clean_negative,0,clean_negative,0.00756211,clean_negative,0.35
clean_negative/clean_6_198.jpg,train,clean_negative,0,clean_negative,0.01304045,clean_negative,0.35
clean_negative/clean_6_199.jpg,train,clean_negative,0,clean_negative,0.10360515,clean_negative,0.35
clean_negative/clean_6_200.jpg,train,clean_negative,0,clean_negative,0.20477141,clean_negative,0.35
clean_negative/clean_6_201.jpg,train,clean_negative,0,clean_negative,0.55155219,dirty_positive,0.35
clean_negative/clean_6_202.jpg,train,clean_negative,0,clean_negative,0.71724965,dirty_positive,0.35
clean_negative/clean_6_203.jpg,train,clean_negative,0,clean_negative,0.59949033,dirty_positive,0.35
clean_negative/clean_6_204.jpg,train,clean_negative,0,clean_negative,0.71885496,dirty_positive,0.35
clean_negative/clean_6_205.jpg,train,clean_negative,0,clean_negative,0.59696059,dirty_positive,0.35
clean_negative/clean_6_206.jpg,train,clean_negative,0,clean_negative,0.52592527,dirty_positive,0.35
clean_negative/clean_6_207.jpg,train,clean_negative,0,clean_negative,0.00005082,clean_negative,0.35
clean_negative/clean_6_208.jpg,train,clean_negative,0,clean_negative,0.00613786,clean_negative,0.35
clean_negative/clean_6_209.jpg,train,clean_negative,0,clean_negative,0.47065151,dirty_positive,0.35
clean_negative/clean_6_210.jpg,train,clean_negative,0,clean_negative,0.28636669,clean_negative,0.35
clean_negative/clean_6_211.jpg,train,clean_negative,0,clean_negative,0.10880906,clean_negative,0.35
clean_negative/clean_6_212.jpg,train,clean_negative,0,clean_negative,0.02570541,clean_negative,0.35
clean_negative/clean_6_213.jpg,train,clean_negative,0,clean_negative,0.00878111,clean_negative,0.35
clean_negative/clean_6_214.jpg,train,clean_negative,0,clean_negative,0.00258992,clean_negative,0.35
clean_negative/clean_6_215.jpg,train,clean_negative,0,clean_negative,0.00449837,clean_negative,0.35
clean_negative/clean_6_216.jpg,train,clean_negative,0,clean_negative,0.04087560,clean_negative,0.35
clean_negative/clean_6_217.jpg,train,clean_negative,0,clean_negative,0.11592688,clean_negative,0.35
clean_negative/clean_6_218.jpg,train,clean_negative,0,clean_negative,0.27384418,clean_negative,0.35
clean_negative/clean_6_219.jpg,train,clean_negative,0,clean_negative,0.68505503,dirty_positive,0.35
clean_negative/clean_6_220.jpg,train,clean_negative,0,clean_negative,0.61095323,dirty_positive,0.35
clean_negative/clean_6_221.jpg,train,clean_negative,0,clean_negative,0.51907041,dirty_positive,0.35
clean_negative/clean_6_222.jpg,train,clean_negative,0,clean_negative,0.34868191,clean_negative,0.35
clean_negative/clean_6_223.jpg,train,clean_negative,0,clean_negative,0.25632367,clean_negative,0.35
clean_negative/clean_6_224.jpg,train,clean_negative,0,clean_negative,0.32867849,clean_negative,0.35
clean_negative/clean_6_225.jpg,train,clean_negative,0,clean_negative,0.19144718,clean_negative,0.35
clean_negative/clean_6_226.jpg,train,clean_negative,0,clean_negative,0.06938114,clean_negative,0.35
clean_negative/clean_6_227.jpg,train,clean_negative,0,clean_negative,0.02500914,clean_negative,0.35
clean_negative/clean_6_228.jpg,train,clean_negative,0,clean_negative,0.00816278,clean_negative,0.35
clean_negative/clean_6_229.jpg,train,clean_negative,0,clean_negative,0.00826677,clean_negative,0.35
clean_negative/clean_6_230.jpg,train,clean_negative,0,clean_negative,0.00007055,clean_negative,0.35
dirty_positive/dirty_6_1.jpg,train,dirty_positive,1,clean_negative,0.93020639,dirty_positive,0.35
dirty_positive/dirty_6_2.jpg,train,dirty_positive,1,clean_negative,0.85829561,dirty_positive,0.35
dirty_positive/dirty_6_3.jpg,train,dirty_positive,1,clean_negative,0.90662553,dirty_positive,0.35
dirty_positive/dirty_6_4.jpg,train,dirty_positive,1,clean_negative,0.94682425,dirty_positive,0.35
dirty_positive/dirty_6_5.jpg,train,dirty_positive,1,clean_negative,0.93768584,dirty_positive,0.35
dirty_positive/dirty_6_6.jpg,train,dirty_positive,1,clean_negative,0.94872858,dirty_positive,0.35
dirty_positive/dirty_6_7.jpg,train,dirty_positive,1,clean_negative,0.96515889,dirty_positive,0.35
dirty_positive/dirty_6_8.jpg,train,dirty_positive,1,clean_negative,0.94685608,dirty_positive,0.35
dirty_positive/dirty_6_9.jpg,train,dirty_positive,1,clean_negative,0.99578386,dirty_positive,0.35
dirty_positive/dirty_6_10.jpg,train,dirty_positive,1,clean_negative,0.99346521,dirty_positive,0.35
dirty_positive/dirty_6_11.jpg,train,dirty_positive,1,clean_negative,0.99410985,dirty_positive,0.35
dirty_positive/dirty_6_12.jpg,train,dirty_positive,1,clean_negative,0.99284487,dirty_positive,0.35
dirty_positive/dirty_6_13.jpg,train,dirty_positive,1,clean_negative,0.96703422,dirty_positive,0.35
dirty_positive/dirty_6_14.jpg,train,dirty_positive,1,clean_negative,0.98575744,dirty_positive,0.35
dirty_positive/dirty_6_15.jpg,train,dirty_positive,1,clean_negative,0.89475596,dirty_positive,0.35
dirty_positive/dirty_6_16.jpg,train,dirty_positive,1,clean_negative,0.97618607,dirty_positive,0.35
dirty_positive/dirty_6_17.jpg,train,dirty_positive,1,clean_negative,0.93053432,dirty_positive,0.35
dirty_positive/dirty_6_18.jpg,train,dirty_positive,1,clean_negative,0.92480297,dirty_positive,0.35
dirty_positive/dirty_6_19.jpg,train,dirty_positive,1,clean_negative,0.95770783,dirty_positive,0.35
dirty_positive/dirty_6_20.jpg,train,dirty_positive,1,clean_negative,0.92460557,dirty_positive,0.35
dirty_positive/dirty_6_21.jpg,train,dirty_positive,1,clean_negative,0.46803136,dirty_positive,0.35
dirty_positive/dirty_6_22.jpg,train,dirty_positive,1,clean_negative,0.17187066,clean_negative,0.35
dirty_positive/dirty_6_23.jpg,train,dirty_positive,1,clean_negative,0.58456359,dirty_positive,0.35
dirty_positive/dirty_6_24.jpg,train,dirty_positive,1,clean_negative,0.25939808,clean_negative,0.35
dirty_positive/dirty_6_25.jpg,train,dirty_positive,1,clean_negative,0.13516271,clean_negative,0.35
dirty_positive/dirty_6_26.jpg,train,dirty_positive,1,clean_negative,0.12263898,clean_negative,0.35
dirty_positive/dirty_6_27.jpg,train,dirty_positive,1,clean_negative,0.11493722,clean_negative,0.35
dirty_positive/dirty_6_28.jpg,train,dirty_positive,1,clean_negative,0.14216996,clean_negative,0.35
dirty_positive/dirty_6_29.jpg,train,dirty_positive,1,clean_negative,0.96347017,dirty_positive,0.35
dirty_positive/dirty_6_30.jpg,train,dirty_positive,1,clean_negative,0.91400894,dirty_positive,0.35
dirty_positive/dirty_6_31.jpg,train,dirty_positive,1,clean_negative,0.93662475,dirty_positive,0.35
dirty_positive/dirty_6_32.jpg,train,dirty_positive,1,clean_negative,0.93695100,dirty_positive,0.35
dirty_positive/dirty_6_33.jpg,train,dirty_positive,1,clean_negative,0.49072961,dirty_positive,0.35
dirty_positive/dirty_6_34.jpg,train,dirty_positive,1,clean_negative,0.56153405,dirty_positive,0.35
dirty_positive/dirty_6_35.jpg,train,dirty_positive,1,clean_negative,0.35992840,dirty_positive,0.35
dirty_positive/dirty_6_36.jpg,train,dirty_positive,1,clean_negative,0.61084208,dirty_positive,0.35
dirty_positive/dirty_6_37.jpg,train,dirty_positive,1,clean_negative,0.36732470,dirty_positive,0.35
dirty_positive/dirty_6_38.jpg,train,dirty_positive,1,clean_negative,0.35581916,dirty_positive,0.35
dirty_positive/dirty_6_39.jpg,train,dirty_positive,1,clean_negative,0.32204790,clean_negative,0.35
dirty_positive/dirty_6_40.jpg,train,dirty_positive,1,clean_negative,0.80135195,dirty_positive,0.35
dirty_positive/dirty_6_41.jpg,train,dirty_positive,1,clean_negative,0.99999991,dirty_positive,0.35
dirty_positive/dirty_6_42.jpg,train,dirty_positive,1,clean_negative,0.99999931,dirty_positive,0.35
dirty_positive/dirty_6_43.jpg,train,dirty_positive,1,clean_negative,0.99999720,dirty_positive,0.35
dirty_positive/dirty_6_44.jpg,train,dirty_positive,1,clean_negative,0.99999993,dirty_positive,0.35
dirty_positive/dirty_6_45.jpg,train,dirty_positive,1,clean_negative,0.31059885,clean_negative,0.35
dirty_positive/dirty_6_46.jpg,train,dirty_positive,1,clean_negative,0.86319806,dirty_positive,0.35
dirty_positive/dirty_6_47.jpg,train,dirty_positive,1,clean_negative,0.79169255,dirty_positive,0.35
dirty_positive/dirty_6_48.jpg,train,dirty_positive,1,clean_negative,0.76410761,dirty_positive,0.35
dirty_positive/dirty_6_49.jpg,train,dirty_positive,1,clean_negative,0.78797701,dirty_positive,0.35
dirty_positive/dirty_6_50.jpg,train,dirty_positive,1,clean_negative,0.19003830,clean_negative,0.35
dirty_positive/dirty_6_51.jpg,train,dirty_positive,1,clean_negative,0.26091645,clean_negative,0.35
dirty_positive/dirty_6_52.jpg,train,dirty_positive,1,clean_negative,0.15496524,clean_negative,0.35
dirty_positive/dirty_6_53.jpg,train,dirty_positive,1,clean_negative,0.48644067,dirty_positive,0.35
dirty_positive/dirty_6_54.jpg,train,dirty_positive,1,clean_negative,0.35481530,dirty_positive,0.35
dirty_positive/dirty_6_55.jpg,train,dirty_positive,1,clean_negative,0.56155136,dirty_positive,0.35
dirty_positive/dirty_6_56.jpg,train,dirty_positive,1,clean_negative,0.62192142,dirty_positive,0.35
dirty_positive/dirty_6_57.jpg,train,dirty_positive,1,clean_negative,0.23873996,clean_negative,0.35
dirty_positive/dirty_6_58.jpg,train,dirty_positive,1,clean_negative,0.35995232,dirty_positive,0.35
dirty_positive/dirty_6_59.jpg,train,dirty_positive,1,clean_negative,0.19020948,clean_negative,0.35
dirty_positive/dirty_6_60.jpg,train,dirty_positive,1,clean_negative,0.37348586,dirty_positive,0.35
dirty_positive/dirty_6_61.jpg,train,dirty_positive,1,clean_negative,0.27984129,clean_negative,0.35
dirty_positive/dirty_6_62.jpg,train,dirty_positive,1,clean_negative,0.49058612,dirty_positive,0.35
dirty_positive/dirty_6_63.jpg,train,dirty_positive,1,clean_negative,0.57328221,dirty_positive,0.35
dirty_positive/dirty_6_64.jpg,train,dirty_positive,1,clean_negative,0.52400755,dirty_positive,0.35
dirty_positive/dirty_6_65.jpg,train,dirty_positive,1,clean_negative,0.43955568,dirty_positive,0.35
dirty_positive/dirty_6_66.jpg,train,dirty_positive,1,clean_negative,0.52996250,dirty_positive,0.35
dirty_positive/dirty_6_67.jpg,train,dirty_positive,1,clean_negative,0.49350172,dirty_positive,0.35
dirty_positive/dirty_6_68.jpg,train,dirty_positive,1,clean_negative,0.06336832,clean_negative,0.35
clean_negative/clean_7_1.jpg,train,clean_negative,0,clean_negative,0.00171859,clean_negative,0.35
clean_negative/clean_7_2.jpg,train,clean_negative,0,clean_negative,0.06858528,clean_negative,0.35
clean_negative/clean_7_3.jpg,train,clean_negative,0,clean_negative,0.04107798,clean_negative,0.35
clean_negative/clean_7_4.jpg,train,clean_negative,0,clean_negative,0.06374928,clean_negative,0.35
clean_negative/clean_7_5.jpg,train,clean_negative,0,clean_negative,0.19829599,clean_negative,0.35
clean_negative/clean_7_6.jpg,train,clean_negative,0,clean_negative,0.15816751,clean_negative,0.35
clean_negative/clean_7_7.jpg,train,clean_negative,0,clean_negative,0.09948178,clean_negative,0.35
clean_negative/clean_7_8.jpg,train,clean_negative,0,clean_negative,0.52810792,dirty_positive,0.35
clean_negative/clean_7_9.jpg,train,clean_negative,0,clean_negative,0.40399403,dirty_positive,0.35
clean_negative/clean_7_10.jpg,train,clean_negative,0,clean_negative,0.32242721,clean_negative,0.35
clean_negative/clean_7_11.jpg,train,clean_negative,0,clean_negative,0.37591300,dirty_positive,0.35
clean_negative/clean_7_12.jpg,train,clean_negative,0,clean_negative,0.30039850,clean_negative,0.35
clean_negative/clean_7_13.jpg,train,clean_negative,0,clean_negative,0.49687206,dirty_positive,0.35
clean_negative/clean_7_14.jpg,train,clean_negative,0,clean_negative,0.24889453,clean_negative,0.35
clean_negative/clean_7_15.jpg,train,clean_negative,0,clean_negative,0.13018103,clean_negative,0.35
clean_negative/clean_7_16.jpg,train,clean_negative,0,clean_negative,0.13716757,clean_negative,0.35
clean_negative/clean_7_17.jpg,train,clean_negative,0,clean_negative,0.24624699,clean_negative,0.35
clean_negative/clean_7_18.jpg,train,clean_negative,0,clean_negative,0.12299993,clean_negative,0.35
clean_negative/clean_7_19.jpg,train,clean_negative,0,clean_negative,0.14184527,clean_negative,0.35
clean_negative/clean_7_20.jpg,train,clean_negative,0,clean_negative,0.68360598,dirty_positive,0.35
clean_negative/clean_7_21.jpg,train,clean_negative,0,clean_negative,0.49858593,dirty_positive,0.35
clean_negative/clean_7_22.jpg,train,clean_negative,0,clean_negative,0.08809854,clean_negative,0.35
clean_negative/clean_7_23.jpg,train,clean_negative,0,clean_negative,0.12181224,clean_negative,0.35
clean_negative/clean_7_24.jpg,train,clean_negative,0,clean_negative,0.66074449,dirty_positive,0.35
clean_negative/clean_7_25.jpg,train,clean_negative,0,clean_negative,0.37983265,dirty_positive,0.35
clean_negative/clean_7_26.jpg,train,clean_negative,0,clean_negative,0.13388309,clean_negative,0.35
clean_negative/clean_7_27.jpg,train,clean_negative,0,clean_negative,0.12058985,clean_negative,0.35
clean_negative/clean_7_28.jpg,train,clean_negative,0,clean_negative,0.09532078,clean_negative,0.35
clean_negative/clean_7_29.jpg,train,clean_negative,0,clean_negative,0.04345827,clean_negative,0.35
clean_negative/clean_7_30.jpg,train,clean_negative,0,clean_negative,0.01473879,clean_negative,0.35
clean_negative/clean_7_31.jpg,train,clean_negative,0,clean_negative,0.18312152,clean_negative,0.35
clean_negative/clean_7_32.jpg,train,clean_negative,0,clean_negative,0.23605226,clean_negative,0.35
clean_negative/clean_7_33.jpg,train,clean_negative,0,clean_negative,0.49942092,dirty_positive,0.35
clean_negative/clean_7_34.jpg,train,clean_negative,0,clean_negative,0.25728924,clean_negative,0.35
clean_negative/clean_7_35.jpg,train,clean_negative,0,clean_negative,0.04244205,clean_negative,0.35
clean_negative/clean_7_36.jpg,train,clean_negative,0,clean_negative,0.03900891,clean_negative,0.35
clean_negative/clean_7_37.jpg,train,clean_negative,0,clean_negative,0.04182422,clean_negative,0.35
clean_negative/clean_7_38.jpg,train,clean_negative,0,clean_negative,0.02129183,clean_negative,0.35
clean_negative/clean_7_39.jpg,train,clean_negative,0,clean_negative,0.00866668,clean_negative,0.35
clean_negative/clean_7_40.jpg,train,clean_negative,0,clean_negative,0.00003773,clean_negative,0.35
clean_negative/clean_7_41.jpg,train,clean_negative,0,clean_negative,0.00031356,clean_negative,0.35
clean_negative/clean_7_42.jpg,train,clean_negative,0,clean_negative,0.00488679,clean_negative,0.35
clean_negative/clean_7_43.jpg,train,clean_negative,0,clean_negative,0.00015374,clean_negative,0.35
clean_negative/clean_7_44.jpg,train,clean_negative,0,clean_negative,0.00079350,clean_negative,0.35
clean_negative/clean_7_45.jpg,train,clean_negative,0,clean_negative,0.00859562,clean_negative,0.35
clean_negative/clean_7_46.jpg,train,clean_negative,0,clean_negative,0.07840723,clean_negative,0.35
clean_negative/clean_7_47.jpg,train,clean_negative,0,clean_negative,0.31211929,clean_negative,0.35
clean_negative/clean_7_48.jpg,train,clean_negative,0,clean_negative,0.22239605,clean_negative,0.35
clean_negative/clean_7_49.jpg,train,clean_negative,0,clean_negative,0.11374827,clean_negative,0.35
clean_negative/clean_7_50.jpg,train,clean_negative,0,clean_negative,0.02307493,clean_negative,0.35
clean_negative/clean_7_51.jpg,train,clean_negative,0,clean_negative,0.02403674,clean_negative,0.35
clean_negative/clean_7_52.jpg,train,clean_negative,0,clean_negative,0.03006761,clean_negative,0.35
clean_negative/clean_7_53.jpg,train,clean_negative,0,clean_negative,0.01860602,clean_negative,0.35
clean_negative/clean_7_54.jpg,train,clean_negative,0,clean_negative,0.00906942,clean_negative,0.35
clean_negative/clean_7_55.jpg,train,clean_negative,0,clean_negative,0.00010008,clean_negative,0.35
clean_negative/clean_7_56.jpg,train,clean_negative,0,clean_negative,0.00065789,clean_negative,0.35
clean_negative/clean_7_57.jpg,train,clean_negative,0,clean_negative,0.00650449,clean_negative,0.35
clean_negative/clean_7_58.jpg,train,clean_negative,0,clean_negative,0.03396708,clean_negative,0.35
clean_negative/clean_7_59.jpg,train,clean_negative,0,clean_negative,0.30262320,clean_negative,0.35
clean_negative/clean_7_60.jpg,train,clean_negative,0,clean_negative,0.25016456,clean_negative,0.35
clean_negative/clean_7_61.jpg,train,clean_negative,0,clean_negative,0.14392431,clean_negative,0.35
dirty_positive/dirty_7_1.jpg,train,dirty_positive,1,clean_negative,0.99655903,dirty_positive,0.35
dirty_positive/dirty_7_2.jpg,train,dirty_positive,1,clean_negative,0.99281959,dirty_positive,0.35
dirty_positive/dirty_7_3.jpg,train,dirty_positive,1,clean_negative,0.99580940,dirty_positive,0.35
dirty_positive/dirty_7_4.jpg,train,dirty_positive,1,clean_negative,0.99039714,dirty_positive,0.35
dirty_positive/dirty_7_5.jpg,train,dirty_positive,1,clean_negative,0.86902670,dirty_positive,0.35
dirty_positive/dirty_7_6.jpg,train,dirty_positive,1,clean_negative,0.83824745,dirty_positive,0.35
dirty_positive/dirty_7_7.jpg,train,dirty_positive,1,clean_negative,0.88554181,dirty_positive,0.35
dirty_positive/dirty_7_8.jpg,train,dirty_positive,1,clean_negative,0.74033108,dirty_positive,0.35
dirty_positive/dirty_7_9.jpg,train,dirty_positive,1,clean_negative,0.81261837,dirty_positive,0.35
dirty_positive/dirty_7_10.jpg,train,dirty_positive,1,clean_negative,0.58004127,dirty_positive,0.35
dirty_positive/dirty_7_11.jpg,train,dirty_positive,1,clean_negative,0.75860103,dirty_positive,0.35
dirty_positive/dirty_7_12.jpg,train,dirty_positive,1,clean_negative,0.59683849,dirty_positive,0.35
dirty_positive/dirty_7_13.jpg,train,dirty_positive,1,clean_negative,0.97532383,dirty_positive,0.35
dirty_positive/dirty_7_14.jpg,train,dirty_positive,1,clean_negative,0.99589334,dirty_positive,0.35
dirty_positive/dirty_7_15.jpg,train,dirty_positive,1,clean_negative,0.99533836,dirty_positive,0.35
dirty_positive/dirty_7_16.jpg,train,dirty_positive,1,clean_negative,0.99625411,dirty_positive,0.35
dirty_positive/dirty_7_17.jpg,train,dirty_positive,1,clean_negative,0.68573096,dirty_positive,0.35
dirty_positive/dirty_7_18.jpg,train,dirty_positive,1,clean_negative,0.68779856,dirty_positive,0.35
dirty_positive/dirty_7_19.jpg,train,dirty_positive,1,clean_negative,0.74401705,dirty_positive,0.35
dirty_positive/dirty_7_20.jpg,train,dirty_positive,1,clean_negative,0.57698706,dirty_positive,0.35
dirty_positive/dirty_7_21.jpg,train,dirty_positive,1,clean_negative,0.97851581,dirty_positive,0.35
dirty_positive/dirty_7_22.jpg,train,dirty_positive,1,clean_negative,0.96206745,dirty_positive,0.35
dirty_positive/dirty_7_23.jpg,train,dirty_positive,1,clean_negative,0.98841452,dirty_positive,0.35
dirty_positive/dirty_7_24.jpg,train,dirty_positive,1,clean_negative,0.98874399,dirty_positive,0.35
dirty_positive/dirty_7_25.jpg,train,dirty_positive,1,clean_negative,0.50727485,dirty_positive,0.35
dirty_positive/dirty_7_26.jpg,train,dirty_positive,1,clean_negative,0.40641251,dirty_positive,0.35
dirty_positive/dirty_7_27.jpg,train,dirty_positive,1,clean_negative,0.59983429,dirty_positive,0.35
dirty_positive/dirty_7_28.jpg,train,dirty_positive,1,clean_negative,0.85623318,dirty_positive,0.35
dirty_positive/dirty_7_29.jpg,train,dirty_positive,1,clean_negative,0.99999883,dirty_positive,0.35
dirty_positive/dirty_7_30.jpg,train,dirty_positive,1,clean_negative,0.99999965,dirty_positive,0.35
dirty_positive/dirty_7_31.jpg,train,dirty_positive,1,clean_negative,0.99955867,dirty_positive,0.35
dirty_positive/dirty_7_32.jpg,train,dirty_positive,1,clean_negative,0.99999896,dirty_positive,0.35
dirty_positive/dirty_7_33.jpg,train,dirty_positive,1,clean_negative,0.96837640,dirty_positive,0.35
dirty_positive/dirty_7_34.jpg,train,dirty_positive,1,clean_negative,0.96705989,dirty_positive,0.35
dirty_positive/dirty_7_35.jpg,train,dirty_positive,1,clean_negative,0.96457150,dirty_positive,0.35
dirty_positive/dirty_7_36.jpg,train,dirty_positive,1,clean_negative,0.96341706,dirty_positive,0.35
dirty_positive/dirty_7_37.jpg,train,dirty_positive,1,clean_negative,0.71326604,dirty_positive,0.35
dirty_positive/dirty_7_38.jpg,train,dirty_positive,1,clean_negative,0.99998713,dirty_positive,0.35
dirty_positive/dirty_7_39.jpg,train,dirty_positive,1,clean_negative,0.57225445,dirty_positive,0.35
dirty_positive/dirty_7_40.jpg,train,dirty_positive,1,clean_negative,0.79821037,dirty_positive,0.35
dirty_positive/dirty_7_41.jpg,train,dirty_positive,1,clean_negative,0.98690206,dirty_positive,0.35
dirty_positive/dirty_7_42.jpg,train,dirty_positive,1,clean_negative,0.98335758,dirty_positive,0.35
dirty_positive/dirty_7_43.jpg,train,dirty_positive,1,clean_negative,0.99861324,dirty_positive,0.35
dirty_positive/dirty_7_44.jpg,train,dirty_positive,1,clean_negative,0.99617459,dirty_positive,0.35
dirty_positive/dirty_7_45.jpg,train,dirty_positive,1,clean_negative,0.99895319,dirty_positive,0.35
dirty_positive/dirty_7_46.jpg,train,dirty_positive,1,clean_negative,0.99999772,dirty_positive,0.35
dirty_positive/dirty_7_47.jpg,train,dirty_positive,1,clean_negative,0.99746443,dirty_positive,0.35
dirty_positive/dirty_7_48.jpg,train,dirty_positive,1,clean_negative,0.99999436,dirty_positive,0.35
dirty_positive/dirty_7_49.jpg,train,dirty_positive,1,clean_negative,0.99999239,dirty_positive,0.35
dirty_positive/dirty_7_50.jpg,train,dirty_positive,1,clean_negative,0.58915278,dirty_positive,0.35
dirty_positive/dirty_7_51.jpg,train,dirty_positive,1,clean_negative,0.99999760,dirty_positive,0.35
dirty_positive/dirty_7_52.jpg,train,dirty_positive,1,clean_negative,0.99999381,dirty_positive,0.35
dirty_positive/dirty_7_53.jpg,train,dirty_positive,1,clean_negative,0.98594584,dirty_positive,0.35
dirty_positive/dirty_7_54.jpg,train,dirty_positive,1,clean_negative,0.98627436,dirty_positive,0.35
dirty_positive/dirty_7_55.jpg,train,dirty_positive,1,clean_negative,0.49844182,dirty_positive,0.35
dirty_positive/dirty_7_56.jpg,train,dirty_positive,1,clean_negative,0.99514123,dirty_positive,0.35
dirty_positive/dirty_7_57.jpg,train,dirty_positive,1,clean_negative,0.89570618,dirty_positive,0.35
dirty_positive/dirty_7_58.jpg,train,dirty_positive,1,clean_negative,0.71107741,dirty_positive,0.35
dirty_positive/dirty_7_59.jpg,train,dirty_positive,1,clean_negative,0.99646760,dirty_positive,0.35
dirty_positive/dirty_7_60.jpg,train,dirty_positive,1,clean_negative,0.91414542,dirty_positive,0.35
dirty_positive/dirty_7_61.jpg,train,dirty_positive,1,clean_negative,0.94991635,dirty_positive,0.35
dirty_positive/dirty_7_62.jpg,train,dirty_positive,1,clean_negative,0.88745355,dirty_positive,0.35
dirty_positive/dirty_7_63.jpg,train,dirty_positive,1,clean_negative,0.90935316,dirty_positive,0.35
dirty_positive/dirty_7_64.jpg,train,dirty_positive,1,clean_negative,0.93209087,dirty_positive,0.35
dirty_positive/dirty_7_65.jpg,train,dirty_positive,1,clean_negative,0.77648682,dirty_positive,0.35
dirty_positive/dirty_7_66.jpg,train,dirty_positive,1,clean_negative,0.87089072,dirty_positive,0.35
dirty_positive/dirty_7_67.jpg,train,dirty_positive,1,clean_negative,0.80727789,dirty_positive,0.35
dirty_positive/dirty_7_68.jpg,train,dirty_positive,1,clean_negative,0.76174537,dirty_positive,0.35
dirty_positive/dirty_7_69.jpg,train,dirty_positive,1,clean_negative,0.81886446,dirty_positive,0.35
dirty_positive/dirty_7_70.jpg,train,dirty_positive,1,clean_negative,0.42347201,dirty_positive,0.35
dirty_positive/dirty_7_71.jpg,train,dirty_positive,1,clean_negative,0.72496243,dirty_positive,0.35
dirty_positive/dirty_7_72.jpg,train,dirty_positive,1,clean_negative,0.67948893,dirty_positive,0.35
dirty_positive/dirty_7_73.jpg,train,dirty_positive,1,clean_negative,0.41208931,dirty_positive,0.35
dirty_positive/dirty_7_74.jpg,train,dirty_positive,1,clean_negative,0.38815139,dirty_positive,0.35
dirty_positive/dirty_7_75.jpg,train,dirty_positive,1,clean_negative,0.42213638,dirty_positive,0.35
dirty_positive/dirty_7_76.jpg,train,dirty_positive,1,clean_negative,0.52422412,dirty_positive,0.35
dirty_positive/dirty_7_77.jpg,train,dirty_positive,1,clean_negative,0.48361543,dirty_positive,0.35
dirty_positive/dirty_7_78.jpg,train,dirty_positive,1,clean_negative,0.55444860,dirty_positive,0.35
dirty_positive/dirty_7_79.jpg,train,dirty_positive,1,clean_negative,0.88989034,dirty_positive,0.35
dirty_positive/dirty_7_80.jpg,train,dirty_positive,1,clean_negative,0.79968915,dirty_positive,0.35
dirty_positive/dirty_7_81.jpg,train,dirty_positive,1,clean_negative,0.87942584,dirty_positive,0.35
dirty_positive/dirty_7_82.jpg,train,dirty_positive,1,clean_negative,0.93443174,dirty_positive,0.35
dirty_positive/dirty_7_83.jpg,train,dirty_positive,1,clean_negative,0.66095063,dirty_positive,0.35
dirty_positive/dirty_7_84.jpg,train,dirty_positive,1,clean_negative,0.91897844,dirty_positive,0.35
dirty_positive/dirty_7_85.jpg,train,dirty_positive,1,clean_negative,0.84624297,dirty_positive,0.35
dirty_positive/dirty_7_86.jpg,train,dirty_positive,1,clean_negative,0.92040983,dirty_positive,0.35
dirty_positive/dirty_7_87.jpg,train,dirty_positive,1,clean_negative,0.93917929,dirty_positive,0.35
dirty_positive/dirty_7_88.jpg,train,dirty_positive,1,clean_negative,0.90477968,dirty_positive,0.35
dirty_positive/dirty_7_89.jpg,train,dirty_positive,1,clean_negative,0.88609689,dirty_positive,0.35
dirty_positive/dirty_7_90.jpg,train,dirty_positive,1,clean_negative,0.95266739,dirty_positive,0.35
dirty_positive/dirty_7_91.jpg,train,dirty_positive,1,clean_negative,0.73781341,dirty_positive,0.35
dirty_positive/dirty_7_92.jpg,train,dirty_positive,1,clean_negative,0.94302022,dirty_positive,0.35
dirty_positive/dirty_7_93.jpg,train,dirty_positive,1,clean_negative,0.63024527,dirty_positive,0.35
dirty_positive/dirty_7_94.jpg,train,dirty_positive,1,clean_negative,0.44848221,dirty_positive,0.35
dirty_positive/dirty_7_95.jpg,train,dirty_positive,1,clean_negative,0.95435423,dirty_positive,0.35
dirty_positive/dirty_7_96.jpg,train,dirty_positive,1,clean_negative,0.43463574,dirty_positive,0.35
dirty_positive/dirty_7_97.jpg,train,dirty_positive,1,clean_negative,0.79182693,dirty_positive,0.35
dirty_positive/dirty_7_98.jpg,train,dirty_positive,1,clean_negative,0.79144986,dirty_positive,0.35
dirty_positive/dirty_7_99.jpg,train,dirty_positive,1,clean_negative,0.94658827,dirty_positive,0.35
dirty_positive/dirty_7_100.jpg,train,dirty_positive,1,clean_negative,0.94927679,dirty_positive,0.35
dirty_positive/dirty_7_101.jpg,train,dirty_positive,1,clean_negative,0.08571453,clean_negative,0.35
dirty_positive/dirty_7_102.jpg,train,dirty_positive,1,clean_negative,0.46253299,dirty_positive,0.35
dirty_positive/dirty_7_103.jpg,train,dirty_positive,1,clean_negative,0.19765671,clean_negative,0.35
dirty_positive/dirty_7_104.jpg,train,dirty_positive,1,clean_negative,0.18407571,clean_negative,0.35
dirty_positive/dirty_7_105.jpg,train,dirty_positive,1,clean_negative,0.86670246,dirty_positive,0.35
dirty_positive/dirty_7_106.jpg,train,dirty_positive,1,clean_negative,0.86516315,dirty_positive,0.35
dirty_positive/dirty_7_107.jpg,train,dirty_positive,1,clean_negative,0.97338442,dirty_positive,0.35
dirty_positive/dirty_7_108.jpg,train,dirty_positive,1,clean_negative,0.97960725,dirty_positive,0.35
clean_negative/clean_8_1.jpg,train,clean_negative,0,clean_negative,0.00000123,clean_negative,0.35
clean_negative/clean_8_2.jpg,train,clean_negative,0,clean_negative,0.00000386,clean_negative,0.35
clean_negative/clean_8_3.jpg,train,clean_negative,0,clean_negative,0.00007221,clean_negative,0.35
clean_negative/clean_8_4.jpg,train,clean_negative,0,clean_negative,0.07109373,clean_negative,0.35
clean_negative/clean_8_5.jpg,train,clean_negative,0,clean_negative,0.08110187,clean_negative,0.35
clean_negative/clean_8_6.jpg,train,clean_negative,0,clean_negative,0.08401799,clean_negative,0.35
clean_negative/clean_8_7.jpg,train,clean_negative,0,clean_negative,0.08579686,clean_negative,0.35
clean_negative/clean_8_8.jpg,train,clean_negative,0,clean_negative,0.05560382,clean_negative,0.35
clean_negative/clean_8_9.jpg,train,clean_negative,0,clean_negative,0.10927767,clean_negative,0.35
clean_negative/clean_8_10.jpg,train,clean_negative,0,clean_negative,0.23647281,clean_negative,0.35
clean_negative/clean_8_11.jpg,train,clean_negative,0,clean_negative,0.20144907,clean_negative,0.35
clean_negative/clean_8_12.jpg,train,clean_negative,0,clean_negative,0.16726420,clean_negative,0.35
clean_negative/clean_8_13.jpg,train,clean_negative,0,clean_negative,0.17157229,clean_negative,0.35
clean_negative/clean_8_14.jpg,train,clean_negative,0,clean_negative,0.19420649,clean_negative,0.35
clean_negative/clean_8_15.jpg,train,clean_negative,0,clean_negative,0.28618401,clean_negative,0.35
clean_negative/clean_8_16.jpg,train,clean_negative,0,clean_negative,0.23766160,clean_negative,0.35
clean_negative/clean_8_17.jpg,train,clean_negative,0,clean_negative,0.23628986,clean_negative,0.35
clean_negative/clean_8_18.jpg,train,clean_negative,0,clean_negative,0.19004013,clean_negative,0.35
clean_negative/clean_8_19.jpg,train,clean_negative,0,clean_negative,0.18655471,clean_negative,0.35
clean_negative/clean_8_20.jpg,train,clean_negative,0,clean_negative,0.20359931,clean_negative,0.35
clean_negative/clean_8_21.jpg,train,clean_negative,0,clean_negative,0.24864936,clean_negative,0.35
clean_negative/clean_8_22.jpg,train,clean_negative,0,clean_negative,0.18569866,clean_negative,0.35
clean_negative/clean_8_23.jpg,train,clean_negative,0,clean_negative,0.17547216,clean_negative,0.35
clean_negative/clean_8_24.jpg,train,clean_negative,0,clean_negative,0.16533056,clean_negative,0.35
clean_negative/clean_8_25.jpg,train,clean_negative,0,clean_negative,0.17251064,clean_negative,0.35
clean_negative/clean_8_26.jpg,train,clean_negative,0,clean_negative,0.19996610,clean_negative,0.35
clean_negative/clean_8_27.jpg,train,clean_negative,0,clean_negative,0.21225448,clean_negative,0.35
clean_negative/clean_8_28.jpg,train,clean_negative,0,clean_negative,0.17829683,clean_negative,0.35
clean_negative/clean_8_29.jpg,train,clean_negative,0,clean_negative,0.17156564,clean_negative,0.35
clean_negative/clean_8_30.jpg,train,clean_negative,0,clean_negative,0.15191782,clean_negative,0.35
clean_negative/clean_8_31.jpg,train,clean_negative,0,clean_negative,0.15873402,clean_negative,0.35
clean_negative/clean_8_32.jpg,train,clean_negative,0,clean_negative,0.24661068,clean_negative,0.35
clean_negative/clean_8_33.jpg,train,clean_negative,0,clean_negative,0.23941171,clean_negative,0.35
clean_negative/clean_8_34.jpg,train,clean_negative,0,clean_negative,0.35567537,dirty_positive,0.35
clean_negative/clean_8_35.jpg,train,clean_negative,0,clean_negative,0.33318987,clean_negative,0.35
clean_negative/clean_8_36.jpg,train,clean_negative,0,clean_negative,0.37275231,dirty_positive,0.35
clean_negative/clean_8_37.jpg,train,clean_negative,0,clean_negative,0.36145998,dirty_positive,0.35
clean_negative/clean_8_38.jpg,train,clean_negative,0,clean_negative,0.37784439,dirty_positive,0.35
clean_negative/clean_8_39.jpg,train,clean_negative,0,clean_negative,0.36099446,dirty_positive,0.35
clean_negative/clean_8_40.jpg,train,clean_negative,0,clean_negative,0.57618565,dirty_positive,0.35
clean_negative/clean_8_41.jpg,train,clean_negative,0,clean_negative,0.46025201,dirty_positive,0.35
clean_negative/clean_8_42.jpg,train,clean_negative,0,clean_negative,0.78661151,dirty_positive,0.35
clean_negative/clean_8_43.jpg,train,clean_negative,0,clean_negative,0.69102567,dirty_positive,0.35
clean_negative/clean_8_44.jpg,train,clean_negative,0,clean_negative,0.57088787,dirty_positive,0.35
clean_negative/clean_8_45.jpg,train,clean_negative,0,clean_negative,0.62688260,dirty_positive,0.35
clean_negative/clean_8_46.jpg,train,clean_negative,0,clean_negative,0.38964023,dirty_positive,0.35
clean_negative/clean_8_47.jpg,train,clean_negative,0,clean_negative,0.34115783,clean_negative,0.35
clean_negative/clean_8_48.jpg,train,clean_negative,0,clean_negative,0.30345161,clean_negative,0.35
clean_negative/clean_8_49.jpg,train,clean_negative,0,clean_negative,0.40071421,dirty_positive,0.35
clean_negative/clean_8_50.jpg,train,clean_negative,0,clean_negative,0.84960561,dirty_positive,0.35
clean_negative/clean_8_51.jpg,train,clean_negative,0,clean_negative,0.73797144,dirty_positive,0.35
clean_negative/clean_8_52.jpg,train,clean_negative,0,clean_negative,0.61311559,dirty_positive,0.35
clean_negative/clean_8_53.jpg,train,clean_negative,0,clean_negative,0.43485160,dirty_positive,0.35
clean_negative/clean_8_54.jpg,train,clean_negative,0,clean_negative,0.35331228,dirty_positive,0.35
clean_negative/clean_8_55.jpg,train,clean_negative,0,clean_negative,0.32728520,clean_negative,0.35
clean_negative/clean_8_56.jpg,train,clean_negative,0,clean_negative,0.35280678,dirty_positive,0.35
clean_negative/clean_8_57.jpg,train,clean_negative,0,clean_negative,0.43442392,dirty_positive,0.35
clean_negative/clean_8_58.jpg,train,clean_negative,0,clean_negative,0.81270168,dirty_positive,0.35
clean_negative/clean_8_59.jpg,train,clean_negative,0,clean_negative,0.67463128,dirty_positive,0.35
clean_negative/clean_8_60.jpg,train,clean_negative,0,clean_negative,0.73477287,dirty_positive,0.35
clean_negative/clean_8_61.jpg,train,clean_negative,0,clean_negative,0.37760473,dirty_positive,0.35
clean_negative/clean_8_62.jpg,train,clean_negative,0,clean_negative,0.18349468,clean_negative,0.35
clean_negative/clean_8_63.jpg,train,clean_negative,0,clean_negative,0.04500014,clean_negative,0.35
clean_negative/clean_8_64.jpg,train,clean_negative,0,clean_negative,0.01802041,clean_negative,0.35
clean_negative/clean_8_65.jpg,train,clean_negative,0,clean_negative,0.30921136,clean_negative,0.35
clean_negative/clean_8_66.jpg,train,clean_negative,0,clean_negative,0.27462864,clean_negative,0.35
clean_negative/clean_8_67.jpg,train,clean_negative,0,clean_negative,0.28626426,clean_negative,0.35
clean_negative/clean_8_68.jpg,train,clean_negative,0,clean_negative,0.34883890,clean_negative,0.35
clean_negative/clean_8_69.jpg,train,clean_negative,0,clean_negative,0.73536737,dirty_positive,0.35
clean_negative/clean_8_70.jpg,train,clean_negative,0,clean_negative,0.57867358,dirty_positive,0.35
clean_negative/clean_8_71.jpg,train,clean_negative,0,clean_negative,0.41330684,dirty_positive,0.35
clean_negative/clean_8_72.jpg,train,clean_negative,0,clean_negative,0.17616724,clean_negative,0.35
clean_negative/clean_8_73.jpg,train,clean_negative,0,clean_negative,0.04615425,clean_negative,0.35
clean_negative/clean_8_74.jpg,train,clean_negative,0,clean_negative,0.01930037,clean_negative,0.35
clean_negative/clean_8_75.jpg,train,clean_negative,0,clean_negative,0.23564273,clean_negative,0.35
clean_negative/clean_8_76.jpg,train,clean_negative,0,clean_negative,0.29390930,clean_negative,0.35
clean_negative/clean_8_77.jpg,train,clean_negative,0,clean_negative,0.85350309,dirty_positive,0.35
clean_negative/clean_8_78.jpg,train,clean_negative,0,clean_negative,0.76256156,dirty_positive,0.35
clean_negative/clean_8_79.jpg,train,clean_negative,0,clean_negative,0.63127957,dirty_positive,0.35
clean_negative/clean_8_80.jpg,train,clean_negative,0,clean_negative,0.33971138,clean_negative,0.35
clean_negative/clean_8_81.jpg,train,clean_negative,0,clean_negative,0.28681915,clean_negative,0.35
clean_negative/clean_8_82.jpg,train,clean_negative,0,clean_negative,0.33663290,clean_negative,0.35
clean_negative/clean_8_83.jpg,train,clean_negative,0,clean_negative,0.19938799,clean_negative,0.35
clean_negative/clean_8_84.jpg,train,clean_negative,0,clean_negative,0.09977187,clean_negative,0.35
clean_negative/clean_8_85.jpg,train,clean_negative,0,clean_negative,0.19057141,clean_negative,0.35
clean_negative/clean_8_86.jpg,train,clean_negative,0,clean_negative,0.03182540,clean_negative,0.35
clean_negative/clean_8_87.jpg,train,clean_negative,0,clean_negative,0.31850903,clean_negative,0.35
clean_negative/clean_8_88.jpg,train,clean_negative,0,clean_negative,0.09667231,clean_negative,0.35
clean_negative/clean_8_89.jpg,train,clean_negative,0,clean_negative,0.06352936,clean_negative,0.35
clean_negative/clean_8_90.jpg,train,clean_negative,0,clean_negative,0.09409976,clean_negative,0.35
clean_negative/clean_8_91.jpg,train,clean_negative,0,clean_negative,0.04169138,clean_negative,0.35
clean_negative/clean_8_92.jpg,train,clean_negative,0,clean_negative,0.03682100,clean_negative,0.35
clean_negative/clean_8_93.jpg,train,clean_negative,0,clean_negative,0.04608365,clean_negative,0.35
clean_negative/clean_8_94.jpg,train,clean_negative,0,clean_negative,0.13121553,clean_negative,0.35
clean_negative/clean_8_95.jpg,train,clean_negative,0,clean_negative,0.13190378,clean_negative,0.35
clean_negative/clean_8_96.jpg,train,clean_negative,0,clean_negative,0.12954198,clean_negative,0.35
clean_negative/clean_8_97.jpg,train,clean_negative,0,clean_negative,0.05156862,clean_negative,0.35
clean_negative/clean_8_98.jpg,train,clean_negative,0,clean_negative,0.04748366,clean_negative,0.35
clean_negative/clean_8_99.jpg,train,clean_negative,0,clean_negative,0.06793143,clean_negative,0.35
clean_negative/clean_8_100.jpg,train,clean_negative,0,clean_negative,0.00751993,clean_negative,0.35
clean_negative/clean_8_101.jpg,train,clean_negative,0,clean_negative,0.00784105,clean_negative,0.35
clean_negative/clean_8_102.jpg,train,clean_negative,0,clean_negative,0.06343102,clean_negative,0.35
clean_negative/clean_8_103.jpg,train,clean_negative,0,clean_negative,0.03485077,clean_negative,0.35
clean_negative/clean_8_104.jpg,train,clean_negative,0,clean_negative,0.02302471,clean_negative,0.35
clean_negative/clean_8_105.jpg,train,clean_negative,0,clean_negative,0.01964281,clean_negative,0.35
clean_negative/clean_8_106.jpg,train,clean_negative,0,clean_negative,0.00732892,clean_negative,0.35
clean_negative/clean_8_107.jpg,train,clean_negative,0,clean_negative,0.01056892,clean_negative,0.35
clean_negative/clean_8_108.jpg,train,clean_negative,0,clean_negative,0.05316082,clean_negative,0.35
clean_negative/clean_8_109.jpg,train,clean_negative,0,clean_negative,0.02251289,clean_negative,0.35
clean_negative/clean_8_110.jpg,train,clean_negative,0,clean_negative,0.01230944,clean_negative,0.35
clean_negative/clean_8_111.jpg,train,clean_negative,0,clean_negative,0.00995400,clean_negative,0.35
clean_negative/clean_8_112.jpg,train,clean_negative,0,clean_negative,0.01329064,clean_negative,0.35
clean_negative/clean_8_113.jpg,train,clean_negative,0,clean_negative,0.02225828,clean_negative,0.35
clean_negative/clean_8_114.jpg,train,clean_negative,0,clean_negative,0.03356096,clean_negative,0.35
clean_negative/clean_8_115.jpg,train,clean_negative,0,clean_negative,0.01231815,clean_negative,0.35
clean_negative/clean_8_116.jpg,train,clean_negative,0,clean_negative,0.00496820,clean_negative,0.35
clean_negative/clean_8_117.jpg,train,clean_negative,0,clean_negative,0.00481912,clean_negative,0.35
clean_negative/clean_8_118.jpg,train,clean_negative,0,clean_negative,0.00112937,clean_negative,0.35
clean_negative/clean_8_119.jpg,train,clean_negative,0,clean_negative,0.00107808,clean_negative,0.35
clean_negative/clean_8_120.jpg,train,clean_negative,0,clean_negative,0.02183466,clean_negative,0.35
clean_negative/clean_8_121.jpg,train,clean_negative,0,clean_negative,0.00858602,clean_negative,0.35
clean_negative/clean_8_122.jpg,train,clean_negative,0,clean_negative,0.00325664,clean_negative,0.35
clean_negative/clean_8_123.jpg,train,clean_negative,0,clean_negative,0.00284121,clean_negative,0.35
clean_negative/clean_8_124.jpg,train,clean_negative,0,clean_negative,0.00015813,clean_negative,0.35
clean_negative/clean_8_125.jpg,train,clean_negative,0,clean_negative,0.00032070,clean_negative,0.35
dirty_positive/dirty_8_1.jpg,train,dirty_positive,1,clean_negative,0.71097447,dirty_positive,0.35
dirty_positive/dirty_8_2.jpg,train,dirty_positive,1,clean_negative,0.67630298,dirty_positive,0.35
dirty_positive/dirty_8_3.jpg,train,dirty_positive,1,clean_negative,0.53233241,dirty_positive,0.35
dirty_positive/dirty_8_4.jpg,train,dirty_positive,1,clean_negative,0.62264808,dirty_positive,0.35
dirty_positive/dirty_8_5.jpg,train,dirty_positive,1,clean_negative,0.88007549,dirty_positive,0.35
dirty_positive/dirty_8_6.jpg,train,dirty_positive,1,clean_negative,0.86574569,dirty_positive,0.35
dirty_positive/dirty_8_7.jpg,train,dirty_positive,1,clean_negative,0.75035871,dirty_positive,0.35
dirty_positive/dirty_8_8.jpg,train,dirty_positive,1,clean_negative,0.92343362,dirty_positive,0.35
dirty_positive/dirty_8_9.jpg,train,dirty_positive,1,clean_negative,0.93378912,dirty_positive,0.35
dirty_positive/dirty_8_10.jpg,train,dirty_positive,1,clean_negative,0.95694143,dirty_positive,0.35
dirty_positive/dirty_8_11.jpg,train,dirty_positive,1,clean_negative,0.91652482,dirty_positive,0.35
dirty_positive/dirty_8_12.jpg,train,dirty_positive,1,clean_negative,0.90907904,dirty_positive,0.35
dirty_positive/dirty_8_13.jpg,train,dirty_positive,1,clean_negative,0.44308595,dirty_positive,0.35
dirty_positive/dirty_8_14.jpg,train,dirty_positive,1,clean_negative,0.62557120,dirty_positive,0.35
dirty_positive/dirty_8_15.jpg,train,dirty_positive,1,clean_negative,0.72039295,dirty_positive,0.35
dirty_positive/dirty_8_16.jpg,train,dirty_positive,1,clean_negative,0.46531902,dirty_positive,0.35
dirty_positive/dirty_8_17.jpg,train,dirty_positive,1,clean_negative,0.74471064,dirty_positive,0.35
dirty_positive/dirty_8_18.jpg,train,dirty_positive,1,clean_negative,0.55078048,dirty_positive,0.35
dirty_positive/dirty_8_19.jpg,train,dirty_positive,1,clean_negative,0.93991624,dirty_positive,0.35
dirty_positive/dirty_8_20.jpg,train,dirty_positive,1,clean_negative,0.84587376,dirty_positive,0.35
dirty_positive/dirty_8_21.jpg,train,dirty_positive,1,clean_negative,0.89155538,dirty_positive,0.35
dirty_positive/dirty_8_22.jpg,train,dirty_positive,1,clean_negative,0.98995097,dirty_positive,0.35
dirty_positive/dirty_8_23.jpg,train,dirty_positive,1,clean_negative,0.97752150,dirty_positive,0.35
dirty_positive/dirty_8_24.jpg,train,dirty_positive,1,clean_negative,0.98576689,dirty_positive,0.35
dirty_positive/dirty_8_25.jpg,train,dirty_positive,1,clean_negative,0.79868545,dirty_positive,0.35
dirty_positive/dirty_8_26.jpg,train,dirty_positive,1,clean_negative,0.54580829,dirty_positive,0.35
dirty_positive/dirty_8_27.jpg,train,dirty_positive,1,clean_negative,0.42788596,dirty_positive,0.35
dirty_positive/dirty_8_28.jpg,train,dirty_positive,1,clean_negative,0.78072478,dirty_positive,0.35
dirty_positive/dirty_8_29.jpg,train,dirty_positive,1,clean_negative,0.19449130,clean_negative,0.35
dirty_positive/dirty_8_30.jpg,train,dirty_positive,1,clean_negative,0.09559178,clean_negative,0.35
dirty_positive/dirty_8_31.jpg,train,dirty_positive,1,clean_negative,0.08466007,clean_negative,0.35
dirty_positive/dirty_8_32.jpg,train,dirty_positive,1,clean_negative,0.29788750,clean_negative,0.35
dirty_positive/dirty_8_33.jpg,train,dirty_positive,1,clean_negative,0.97737308,dirty_positive,0.35
dirty_positive/dirty_8_34.jpg,train,dirty_positive,1,clean_negative,0.89391795,dirty_positive,0.35
dirty_positive/dirty_8_35.jpg,train,dirty_positive,1,clean_negative,0.97057482,dirty_positive,0.35
dirty_positive/dirty_8_36.jpg,train,dirty_positive,1,clean_negative,0.97037614,dirty_positive,0.35
dirty_positive/dirty_8_37.jpg,train,dirty_positive,1,clean_negative,0.99994978,dirty_positive,0.35
dirty_positive/dirty_8_38.jpg,train,dirty_positive,1,clean_negative,0.99999789,dirty_positive,0.35
dirty_positive/dirty_8_39.jpg,train,dirty_positive,1,clean_negative,0.99999695,dirty_positive,0.35
dirty_positive/dirty_8_40.jpg,train,dirty_positive,1,clean_negative,0.99993356,dirty_positive,0.35
dirty_positive/dirty_8_41.jpg,train,dirty_positive,1,clean_negative,0.99998466,dirty_positive,0.35
dirty_positive/dirty_8_42.jpg,train,dirty_positive,1,clean_negative,0.12300926,clean_negative,0.35
dirty_positive/dirty_8_43.jpg,train,dirty_positive,1,clean_negative,0.27304195,clean_negative,0.35
dirty_positive/dirty_8_44.jpg,train,dirty_positive,1,clean_negative,0.99999490,dirty_positive,0.35
dirty_positive/dirty_8_45.jpg,train,dirty_positive,1,clean_negative,0.28474083,clean_negative,0.35
dirty_positive/dirty_8_46.jpg,train,dirty_positive,1,clean_negative,0.31548172,clean_negative,0.35
dirty_positive/dirty_8_47.jpg,train,dirty_positive,1,clean_negative,0.46968569,dirty_positive,0.35
dirty_positive/dirty_8_48.jpg,train,dirty_positive,1,clean_negative,0.17098629,clean_negative,0.35
dirty_positive/dirty_8_49.jpg,train,dirty_positive,1,clean_negative,0.94268737,dirty_positive,0.35
dirty_positive/dirty_8_50.jpg,train,dirty_positive,1,clean_negative,0.92973603,dirty_positive,0.35
dirty_positive/dirty_8_51.jpg,train,dirty_positive,1,clean_negative,0.96794636,dirty_positive,0.35
dirty_positive/dirty_8_52.jpg,train,dirty_positive,1,clean_negative,0.90268130,dirty_positive,0.35
dirty_positive/dirty_8_53.jpg,train,dirty_positive,1,clean_negative,0.99804637,dirty_positive,0.35
dirty_positive/dirty_8_54.jpg,train,dirty_positive,1,clean_negative,0.99365995,dirty_positive,0.35
dirty_positive/dirty_8_55.jpg,train,dirty_positive,1,clean_negative,0.99220885,dirty_positive,0.35
dirty_positive/dirty_8_56.jpg,train,dirty_positive,1,clean_negative,0.98857702,dirty_positive,0.35
dirty_positive/dirty_8_57.jpg,train,dirty_positive,1,clean_negative,0.11192429,clean_negative,0.35
dirty_positive/dirty_8_58.jpg,train,dirty_positive,1,clean_negative,0.23671107,clean_negative,0.35
dirty_positive/dirty_8_59.jpg,train,dirty_positive,1,clean_negative,0.18156551,clean_negative,0.35
dirty_positive/dirty_8_60.jpg,train,dirty_positive,1,clean_negative,0.10390986,clean_negative,0.35
dirty_positive/dirty_8_61.jpg,train,dirty_positive,1,clean_negative,0.58923129,dirty_positive,0.35
dirty_positive/dirty_8_62.jpg,train,dirty_positive,1,clean_negative,0.55792701,dirty_positive,0.35
dirty_positive/dirty_8_63.jpg,train,dirty_positive,1,clean_negative,0.69681420,dirty_positive,0.35
dirty_positive/dirty_8_64.jpg,train,dirty_positive,1,clean_negative,0.47491104,dirty_positive,0.35
dirty_positive/dirty_8_65.jpg,train,dirty_positive,1,clean_negative,0.74868219,dirty_positive,0.35
dirty_positive/dirty_8_66.jpg,train,dirty_positive,1,clean_negative,0.72279540,dirty_positive,0.35
dirty_positive/dirty_8_67.jpg,train,dirty_positive,1,clean_negative,0.78765641,dirty_positive,0.35
dirty_positive/dirty_8_68.jpg,train,dirty_positive,1,clean_negative,0.79542860,dirty_positive,0.35
dirty_positive/dirty_8_69.jpg,train,dirty_positive,1,clean_negative,0.07566456,clean_negative,0.35
dirty_positive/dirty_8_70.jpg,train,dirty_positive,1,clean_negative,0.02991901,clean_negative,0.35
dirty_positive/dirty_8_71.jpg,train,dirty_positive,1,clean_negative,0.06112018,clean_negative,0.35
dirty_positive/dirty_8_72.jpg,train,dirty_positive,1,clean_negative,0.04290765,clean_negative,0.35
dirty_positive/dirty_8_73.jpg,train,dirty_positive,1,clean_negative,0.99065907,dirty_positive,0.35
dirty_positive/dirty_8_74.jpg,train,dirty_positive,1,clean_negative,0.98810041,dirty_positive,0.35
dirty_positive/dirty_8_75.jpg,train,dirty_positive,1,clean_negative,0.99695402,dirty_positive,0.35
dirty_positive/dirty_8_76.jpg,train,dirty_positive,1,clean_negative,0.97567209,dirty_positive,0.35
dirty_positive/dirty_8_77.jpg,train,dirty_positive,1,clean_negative,0.97220224,dirty_positive,0.35
dirty_positive/dirty_8_78.jpg,train,dirty_positive,1,clean_negative,0.97144891,dirty_positive,0.35
dirty_positive/dirty_8_79.jpg,train,dirty_positive,1,clean_negative,0.96915602,dirty_positive,0.35
dirty_positive/dirty_8_80.jpg,train,dirty_positive,1,clean_negative,0.17459768,clean_negative,0.35
clean_negative/clean_10_1.jpg,train,clean_negative,0,clean_negative,0.08242379,clean_negative,0.35
clean_negative/clean_10_2.jpg,train,clean_negative,0,clean_negative,0.08740933,clean_negative,0.35
clean_negative/clean_10_3.jpg,train,clean_negative,0,clean_negative,0.13446601,clean_negative,0.35
clean_negative/clean_10_4.jpg,train,clean_negative,0,clean_negative,0.07798193,clean_negative,0.35
clean_negative/clean_10_5.jpg,train,clean_negative,0,clean_negative,0.68513548,dirty_positive,0.35
clean_negative/clean_10_6.jpg,train,clean_negative,0,clean_negative,0.45883556,dirty_positive,0.35
clean_negative/clean_10_7.jpg,train,clean_negative,0,clean_negative,0.22009779,clean_negative,0.35
clean_negative/clean_10_8.jpg,train,clean_negative,0,clean_negative,0.20580424,clean_negative,0.35
clean_negative/clean_10_9.jpg,train,clean_negative,0,clean_negative,0.09109891,clean_negative,0.35
clean_negative/clean_10_10.jpg,train,clean_negative,0,clean_negative,0.46842099,dirty_positive,0.35
clean_negative/clean_10_11.jpg,train,clean_negative,0,clean_negative,0.46301141,dirty_positive,0.35
clean_negative/clean_10_12.jpg,train,clean_negative,0,clean_negative,0.71917450,dirty_positive,0.35
clean_negative/clean_10_13.jpg,train,clean_negative,0,clean_negative,0.47036891,dirty_positive,0.35
clean_negative/clean_10_14.jpg,train,clean_negative,0,clean_negative,0.45964914,dirty_positive,0.35
clean_negative/clean_10_15.jpg,train,clean_negative,0,clean_negative,0.39158104,dirty_positive,0.35
clean_negative/clean_10_16.jpg,train,clean_negative,0,clean_negative,0.48693228,dirty_positive,0.35
clean_negative/clean_10_17.jpg,train,clean_negative,0,clean_negative,0.45699095,dirty_positive,0.35
clean_negative/clean_10_18.jpg,train,clean_negative,0,clean_negative,0.31060314,clean_negative,0.35
clean_negative/clean_10_19.jpg,train,clean_negative,0,clean_negative,0.19368118,clean_negative,0.35
clean_negative/clean_10_20.jpg,train,clean_negative,0,clean_negative,0.23350268,clean_negative,0.35
clean_negative/clean_10_21.jpg,train,clean_negative,0,clean_negative,0.32826411,clean_negative,0.35
clean_negative/clean_10_22.jpg,train,clean_negative,0,clean_negative,0.30323264,clean_negative,0.35
clean_negative/clean_10_23.jpg,train,clean_negative,0,clean_negative,0.61520284,dirty_positive,0.35
clean_negative/clean_10_24.jpg,train,clean_negative,0,clean_negative,0.56169142,dirty_positive,0.35
clean_negative/clean_10_25.jpg,train,clean_negative,0,clean_negative,0.50534221,dirty_positive,0.35
clean_negative/clean_10_26.jpg,train,clean_negative,0,clean_negative,0.13701077,clean_negative,0.35
clean_negative/clean_10_27.jpg,train,clean_negative,0,clean_negative,0.07923859,clean_negative,0.35
clean_negative/clean_10_28.jpg,train,clean_negative,0,clean_negative,0.10904555,clean_negative,0.35
clean_negative/clean_10_29.jpg,train,clean_negative,0,clean_negative,0.20464633,clean_negative,0.35
clean_negative/clean_10_30.jpg,train,clean_negative,0,clean_negative,0.24993890,clean_negative,0.35
clean_negative/clean_10_31.jpg,train,clean_negative,0,clean_negative,0.51975588,dirty_positive,0.35
clean_negative/clean_10_32.jpg,train,clean_negative,0,clean_negative,0.43895903,dirty_positive,0.35
clean_negative/clean_10_33.jpg,train,clean_negative,0,clean_negative,0.42552612,dirty_positive,0.35
clean_negative/clean_10_34.jpg,train,clean_negative,0,clean_negative,0.08810872,clean_negative,0.35
clean_negative/clean_10_35.jpg,train,clean_negative,0,clean_negative,0.04698413,clean_negative,0.35
clean_negative/clean_10_36.jpg,train,clean_negative,0,clean_negative,0.05350242,clean_negative,0.35
clean_negative/clean_10_37.jpg,train,clean_negative,0,clean_negative,0.08213458,clean_negative,0.35
clean_negative/clean_10_38.jpg,train,clean_negative,0,clean_negative,0.11014681,clean_negative,0.35
clean_negative/clean_10_39.jpg,train,clean_negative,0,clean_negative,0.05221077,clean_negative,0.35
clean_negative/clean_10_40.jpg,train,clean_negative,0,clean_negative,0.04872229,clean_negative,0.35
clean_negative/clean_10_41.jpg,train,clean_negative,0,clean_negative,0.12266635,clean_negative,0.35
clean_negative/clean_10_42.jpg,train,clean_negative,0,clean_negative,0.11978684,clean_negative,0.35
clean_negative/clean_10_43.jpg,train,clean_negative,0,clean_negative,0.03636116,clean_negative,0.35
clean_negative/clean_10_44.jpg,train,clean_negative,0,clean_negative,0.03785826,clean_negative,0.35
clean_negative/clean_10_45.jpg,train,clean_negative,0,clean_negative,0.09742123,clean_negative,0.35
clean_negative/clean_10_46.jpg,train,clean_negative,0,clean_negative,0.26076360,clean_negative,0.35
clean_negative/clean_10_47.jpg,train,clean_negative,0,clean_negative,0.21570688,clean_negative,0.35
clean_negative/clean_10_48.jpg,train,clean_negative,0,clean_negative,0.02406813,clean_negative,0.35
clean_negative/clean_10_49.jpg,train,clean_negative,0,clean_negative,0.07117251,clean_negative,0.35
clean_negative/clean_10_50.jpg,train,clean_negative,0,clean_negative,0.13303020,clean_negative,0.35
clean_negative/clean_10_51.jpg,train,clean_negative,0,clean_negative,0.13349211,clean_negative,0.35
clean_negative/clean_10_52.jpg,train,clean_negative,0,clean_negative,0.00384552,clean_negative,0.35
clean_negative/clean_10_53.jpg,train,clean_negative,0,clean_negative,0.01625446,clean_negative,0.35
clean_negative/clean_10_54.jpg,train,clean_negative,0,clean_negative,0.05921039,clean_negative,0.35
clean_negative/clean_10_55.jpg,train,clean_negative,0,clean_negative,0.09324262,clean_negative,0.35
clean_negative/clean_10_56.jpg,train,clean_negative,0,clean_negative,0.00216013,clean_negative,0.35
clean_negative/clean_10_57.jpg,train,clean_negative,0,clean_negative,0.01035833,clean_negative,0.35
clean_negative/clean_10_58.jpg,train,clean_negative,0,clean_negative,0.11005567,clean_negative,0.35
clean_negative/clean_10_59.jpg,train,clean_negative,0,clean_negative,0.15800961,clean_negative,0.35
clean_negative/clean_10_60.jpg,train,clean_negative,0,clean_negative,0.12503460,clean_negative,0.35
clean_negative/clean_10_61.jpg,train,clean_negative,0,clean_negative,0.00153797,clean_negative,0.35
clean_negative/clean_10_62.jpg,train,clean_negative,0,clean_negative,0.01047514,clean_negative,0.35
clean_negative/clean_10_63.jpg,train,clean_negative,0,clean_negative,0.06942907,clean_negative,0.35
clean_negative/clean_10_64.jpg,train,clean_negative,0,clean_negative,0.10281859,clean_negative,0.35
clean_negative/clean_10_65.jpg,train,clean_negative,0,clean_negative,0.00136744,clean_negative,0.35
clean_negative/clean_10_66.jpg,train,clean_negative,0,clean_negative,0.00799598,clean_negative,0.35
clean_negative/clean_10_67.jpg,train,clean_negative,0,clean_negative,0.06064201,clean_negative,0.35
clean_negative/clean_10_68.jpg,train,clean_negative,0,clean_negative,0.10916715,clean_negative,0.35
clean_negative/clean_10_69.jpg,train,clean_negative,0,clean_negative,0.03526879,clean_negative,0.35
clean_negative/clean_10_70.jpg,train,clean_negative,0,clean_negative,0.03797681,clean_negative,0.35
clean_negative/clean_10_71.jpg,train,clean_negative,0,clean_negative,0.04124738,clean_negative,0.35
clean_negative/clean_10_72.jpg,train,clean_negative,0,clean_negative,0.01844775,clean_negative,0.35
clean_negative/clean_10_73.jpg,train,clean_negative,0,clean_negative,0.00126079,clean_negative,0.35
clean_negative/clean_10_74.jpg,train,clean_negative,0,clean_negative,0.00550443,clean_negative,0.35
clean_negative/clean_10_75.jpg,train,clean_negative,0,clean_negative,0.03369233,clean_negative,0.35
clean_negative/clean_10_76.jpg,train,clean_negative,0,clean_negative,0.06103932,clean_negative,0.35
clean_negative/clean_10_77.jpg,train,clean_negative,0,clean_negative,0.02522506,clean_negative,0.35
clean_negative/clean_10_78.jpg,train,clean_negative,0,clean_negative,0.01878949,clean_negative,0.35
clean_negative/clean_10_79.jpg,train,clean_negative,0,clean_negative,0.01775124,clean_negative,0.35
clean_negative/clean_10_80.jpg,train,clean_negative,0,clean_negative,0.01477427,clean_negative,0.35
clean_negative/clean_10_81.jpg,train,clean_negative,0,clean_negative,0.00764732,clean_negative,0.35
clean_negative/clean_10_82.jpg,train,clean_negative,0,clean_negative,0.01786872,clean_negative,0.35
clean_negative/clean_10_83.jpg,train,clean_negative,0,clean_negative,0.03667394,clean_negative,0.35
clean_negative/clean_10_84.jpg,train,clean_negative,0,clean_negative,0.06704927,clean_negative,0.35
clean_negative/clean_10_85.jpg,train,clean_negative,0,clean_negative,0.00686595,clean_negative,0.35
clean_negative/clean_10_86.jpg,train,clean_negative,0,clean_negative,0.00354087,clean_negative,0.35
clean_negative/clean_10_87.jpg,train,clean_negative,0,clean_negative,0.00009446,clean_negative,0.35
clean_negative/clean_10_88.jpg,train,clean_negative,0,clean_negative,0.01543639,clean_negative,0.35
clean_negative/clean_10_89.jpg,train,clean_negative,0,clean_negative,0.01056679,clean_negative,0.35
clean_negative/clean_10_90.jpg,train,clean_negative,0,clean_negative,0.00379187,clean_negative,0.35
clean_negative/clean_10_91.jpg,train,clean_negative,0,clean_negative,0.00136131,clean_negative,0.35
clean_negative/clean_10_92.jpg,train,clean_negative,0,clean_negative,0.00042233,clean_negative,0.35
clean_negative/clean_10_93.jpg,train,clean_negative,0,clean_negative,0.00050832,clean_negative,0.35
clean_negative/clean_10_94.jpg,train,clean_negative,0,clean_negative,0.01144603,clean_negative,0.35
clean_negative/clean_10_95.jpg,train,clean_negative,0,clean_negative,0.02850213,clean_negative,0.35
clean_negative/clean_10_96.jpg,train,clean_negative,0,clean_negative,0.05316141,clean_negative,0.35
clean_negative/clean_10_97.jpg,train,clean_negative,0,clean_negative,0.10763881,clean_negative,0.35
clean_negative/clean_10_98.jpg,train,clean_negative,0,clean_negative,0.03075723,clean_negative,0.35
clean_negative/clean_10_99.jpg,train,clean_negative,0,clean_negative,0.00576494,clean_negative,0.35
clean_negative/clean_10_100.jpg,train,clean_negative,0,clean_negative,0.00146100,clean_negative,0.35
clean_negative/clean_10_101.jpg,train,clean_negative,0,clean_negative,0.00099316,clean_negative,0.35
clean_negative/clean_10_102.jpg,train,clean_negative,0,clean_negative,0.00034831,clean_negative,0.35
clean_negative/clean_10_103.jpg,train,clean_negative,0,clean_negative,0.00001249,clean_negative,0.35
clean_negative/clean_10_104.jpg,train,clean_negative,0,clean_negative,0.00001409,clean_negative,0.35
clean_negative/clean_10_105.jpg,train,clean_negative,0,clean_negative,0.12400189,clean_negative,0.35
clean_negative/clean_10_106.jpg,train,clean_negative,0,clean_negative,0.40019158,dirty_positive,0.35
clean_negative/clean_10_107.jpg,train,clean_negative,0,clean_negative,0.77606109,dirty_positive,0.35
clean_negative/clean_10_108.jpg,train,clean_negative,0,clean_negative,0.86390645,dirty_positive,0.35
clean_negative/clean_10_109.jpg,train,clean_negative,0,clean_negative,0.44963427,dirty_positive,0.35
clean_negative/clean_10_110.jpg,train,clean_negative,0,clean_negative,0.20676037,clean_negative,0.35
clean_negative/clean_10_111.jpg,train,clean_negative,0,clean_negative,0.58871638,dirty_positive,0.35
clean_negative/clean_10_112.jpg,train,clean_negative,0,clean_negative,0.58899020,dirty_positive,0.35
clean_negative/clean_10_113.jpg,train,clean_negative,0,clean_negative,0.00803187,clean_negative,0.35
clean_negative/clean_10_114.jpg,train,clean_negative,0,clean_negative,0.02156881,clean_negative,0.35
clean_negative/clean_10_115.jpg,train,clean_negative,0,clean_negative,0.03631386,clean_negative,0.35
clean_negative/clean_10_116.jpg,train,clean_negative,0,clean_negative,0.65807610,dirty_positive,0.35
clean_negative/clean_10_117.jpg,train,clean_negative,0,clean_negative,0.77999179,dirty_positive,0.35
clean_negative/clean_10_118.jpg,train,clean_negative,0,clean_negative,0.98357047,dirty_positive,0.35
clean_negative/clean_10_119.jpg,train,clean_negative,0,clean_negative,0.91283254,dirty_positive,0.35
clean_negative/clean_10_120.jpg,train,clean_negative,0,clean_negative,0.78639091,dirty_positive,0.35
clean_negative/clean_10_121.jpg,train,clean_negative,0,clean_negative,0.75520303,dirty_positive,0.35
clean_negative/clean_10_122.jpg,train,clean_negative,0,clean_negative,0.70407198,dirty_positive,0.35
clean_negative/clean_10_123.jpg,train,clean_negative,0,clean_negative,0.16587638,clean_negative,0.35
clean_negative/clean_10_124.jpg,train,clean_negative,0,clean_negative,0.05549000,clean_negative,0.35
clean_negative/clean_10_125.jpg,train,clean_negative,0,clean_negative,0.01194183,clean_negative,0.35
clean_negative/clean_10_126.jpg,train,clean_negative,0,clean_negative,0.00032385,clean_negative,0.35
clean_negative/clean_10_127.jpg,train,clean_negative,0,clean_negative,0.00002300,clean_negative,0.35
clean_negative/clean_10_128.jpg,train,clean_negative,0,clean_negative,0.00001029,clean_negative,0.35
clean_negative/clean_10_129.jpg,train,clean_negative,0,clean_negative,0.00000487,clean_negative,0.35
clean_negative/clean_10_130.jpg,train,clean_negative,0,clean_negative,0.00000681,clean_negative,0.35
clean_negative/clean_10_131.jpg,train,clean_negative,0,clean_negative,0.00001927,clean_negative,0.35
dirty_positive/dirty_10_1.jpg,train,dirty_positive,1,clean_negative,0.97734068,dirty_positive,0.35
dirty_positive/dirty_10_2.jpg,train,dirty_positive,1,clean_negative,0.99532113,dirty_positive,0.35
dirty_positive/dirty_10_3.jpg,train,dirty_positive,1,clean_negative,0.99864886,dirty_positive,0.35
dirty_positive/dirty_10_4.jpg,train,dirty_positive,1,clean_negative,0.99985684,dirty_positive,0.35
dirty_positive/dirty_10_5.jpg,train,dirty_positive,1,clean_negative,0.78012226,dirty_positive,0.35
dirty_positive/dirty_10_6.jpg,train,dirty_positive,1,clean_negative,0.84573598,dirty_positive,0.35
dirty_positive/dirty_10_7.jpg,train,dirty_positive,1,clean_negative,0.81996851,dirty_positive,0.35
dirty_positive/dirty_10_8.jpg,train,dirty_positive,1,clean_negative,0.92507685,dirty_positive,0.35
dirty_positive/dirty_10_9.jpg,train,dirty_positive,1,clean_negative,0.89135648,dirty_positive,0.35
dirty_positive/dirty_10_10.jpg,train,dirty_positive,1,clean_negative,0.99342642,dirty_positive,0.35
dirty_positive/dirty_10_11.jpg,train,dirty_positive,1,clean_negative,0.96624467,dirty_positive,0.35
dirty_positive/dirty_10_12.jpg,train,dirty_positive,1,clean_negative,0.96731758,dirty_positive,0.35
dirty_positive/dirty_10_13.jpg,train,dirty_positive,1,clean_negative,0.28567815,clean_negative,0.35
dirty_positive/dirty_10_14.jpg,train,dirty_positive,1,clean_negative,0.46898104,dirty_positive,0.35
dirty_positive/dirty_10_15.jpg,train,dirty_positive,1,clean_negative,0.88207748,dirty_positive,0.35
dirty_positive/dirty_10_16.jpg,train,dirty_positive,1,clean_negative,0.99578543,dirty_positive,0.35
dirty_positive/dirty_10_17.jpg,train,dirty_positive,1,clean_negative,0.30563879,clean_negative,0.35
dirty_positive/dirty_10_18.jpg,train,dirty_positive,1,clean_negative,0.86738754,dirty_positive,0.35
dirty_positive/dirty_10_19.jpg,train,dirty_positive,1,clean_negative,0.68989471,dirty_positive,0.35
dirty_positive/dirty_10_20.jpg,train,dirty_positive,1,clean_negative,0.56699672,dirty_positive,0.35
dirty_positive/dirty_10_21.jpg,train,dirty_positive,1,clean_negative,0.89871392,dirty_positive,0.35
dirty_positive/dirty_10_22.jpg,train,dirty_positive,1,clean_negative,0.32394109,clean_negative,0.35
dirty_positive/dirty_10_23.jpg,train,dirty_positive,1,clean_negative,0.91355408,dirty_positive,0.35
dirty_positive/dirty_10_24.jpg,train,dirty_positive,1,clean_negative,0.74550199,dirty_positive,0.35
dirty_positive/dirty_10_25.jpg,train,dirty_positive,1,clean_negative,0.69476905,dirty_positive,0.35
dirty_positive/dirty_10_26.jpg,train,dirty_positive,1,clean_negative,0.92330338,dirty_positive,0.35
dirty_positive/dirty_10_27.jpg,train,dirty_positive,1,clean_negative,0.91740291,dirty_positive,0.35
dirty_positive/dirty_10_28.jpg,train,dirty_positive,1,clean_negative,0.92460165,dirty_positive,0.35
dirty_positive/dirty_10_29.jpg,train,dirty_positive,1,clean_negative,0.65659278,dirty_positive,0.35
dirty_positive/dirty_10_30.jpg,train,dirty_positive,1,clean_negative,0.83766643,dirty_positive,0.35
dirty_positive/dirty_10_31.jpg,train,dirty_positive,1,clean_negative,0.88529417,dirty_positive,0.35
dirty_positive/dirty_10_32.jpg,train,dirty_positive,1,clean_negative,0.92329061,dirty_positive,0.35
dirty_positive/dirty_10_33.jpg,train,dirty_positive,1,clean_negative,0.41419562,dirty_positive,0.35
dirty_positive/dirty_10_34.jpg,train,dirty_positive,1,clean_negative,0.53427697,dirty_positive,0.35
dirty_positive/dirty_10_35.jpg,train,dirty_positive,1,clean_negative,0.81017466,dirty_positive,0.35
dirty_positive/dirty_10_36.jpg,train,dirty_positive,1,clean_negative,0.50771667,dirty_positive,0.35
dirty_positive/dirty_10_37.jpg,train,dirty_positive,1,clean_negative,0.74146092,dirty_positive,0.35
dirty_positive/dirty_10_38.jpg,train,dirty_positive,1,clean_negative,0.85215799,dirty_positive,0.35
dirty_positive/dirty_10_39.jpg,train,dirty_positive,1,clean_negative,0.79590375,dirty_positive,0.35
dirty_positive/dirty_10_40.jpg,train,dirty_positive,1,clean_negative,0.70839086,dirty_positive,0.35
dirty_positive/dirty_10_41.jpg,train,dirty_positive,1,clean_negative,0.69004211,dirty_positive,0.35
dirty_positive/dirty_10_42.jpg,train,dirty_positive,1,clean_negative,0.90213709,dirty_positive,0.35
dirty_positive/dirty_10_43.jpg,train,dirty_positive,1,clean_negative,0.99970813,dirty_positive,0.35
dirty_positive/dirty_10_44.jpg,train,dirty_positive,1,clean_negative,0.67897647,dirty_positive,0.35
dirty_positive/dirty_10_45.jpg,train,dirty_positive,1,clean_negative,0.46894474,dirty_positive,0.35
dirty_positive/dirty_10_46.jpg,train,dirty_positive,1,clean_negative,0.98377751,dirty_positive,0.35
dirty_positive/dirty_10_47.jpg,train,dirty_positive,1,clean_negative,0.61303488,dirty_positive,0.35
dirty_positive/dirty_10_48.jpg,train,dirty_positive,1,clean_negative,0.54759085,dirty_positive,0.35
dirty_positive/dirty_10_49.jpg,train,dirty_positive,1,clean_negative,0.89878741,dirty_positive,0.35
dirty_positive/dirty_10_50.jpg,train,dirty_positive,1,clean_negative,0.81138892,dirty_positive,0.35
dirty_positive/dirty_10_51.jpg,train,dirty_positive,1,clean_negative,0.97079573,dirty_positive,0.35
dirty_positive/dirty_10_52.jpg,train,dirty_positive,1,clean_negative,0.96070050,dirty_positive,0.35
dirty_positive/dirty_10_53.jpg,train,dirty_positive,1,clean_negative,0.85465933,dirty_positive,0.35
dirty_positive/dirty_10_54.jpg,train,dirty_positive,1,clean_negative,0.97377171,dirty_positive,0.35
dirty_positive/dirty_10_55.jpg,train,dirty_positive,1,clean_negative,0.95999638,dirty_positive,0.35
dirty_positive/dirty_10_56.jpg,train,dirty_positive,1,clean_negative,0.82727697,dirty_positive,0.35
dirty_positive/dirty_10_57.jpg,train,dirty_positive,1,clean_negative,0.99965164,dirty_positive,0.35
dirty_positive/dirty_10_58.jpg,train,dirty_positive,1,clean_negative,0.99129422,dirty_positive,0.35
dirty_positive/dirty_10_59.jpg,train,dirty_positive,1,clean_negative,0.99973378,dirty_positive,0.35
dirty_positive/dirty_10_60.jpg,train,dirty_positive,1,clean_negative,0.99462021,dirty_positive,0.35
dirty_positive/dirty_10_61.jpg,train,dirty_positive,1,clean_negative,0.62650417,dirty_positive,0.35
dirty_positive/dirty_10_62.jpg,train,dirty_positive,1,clean_negative,0.90987578,dirty_positive,0.35
dirty_positive/dirty_10_63.jpg,train,dirty_positive,1,clean_negative,0.95511916,dirty_positive,0.35
dirty_positive/dirty_10_64.jpg,train,dirty_positive,1,clean_negative,0.94501413,dirty_positive,0.35
dirty_positive/dirty_10_65.jpg,train,dirty_positive,1,clean_negative,0.99972152,dirty_positive,0.35
dirty_positive/dirty_10_66.jpg,train,dirty_positive,1,clean_negative,0.99766322,dirty_positive,0.35
dirty_positive/dirty_10_67.jpg,train,dirty_positive,1,clean_negative,0.99987021,dirty_positive,0.35
dirty_positive/dirty_10_68.jpg,train,dirty_positive,1,clean_negative,0.36677608,dirty_positive,0.35
dirty_positive/dirty_10_69.jpg,train,dirty_positive,1,clean_negative,0.57188252,dirty_positive,0.35
dirty_positive/dirty_10_70.jpg,train,dirty_positive,1,clean_negative,0.71961958,dirty_positive,0.35
dirty_positive/dirty_10_71.jpg,train,dirty_positive,1,clean_negative,0.12041731,clean_negative,0.35
dirty_positive/dirty_10_72.jpg,train,dirty_positive,1,clean_negative,0.51997675,dirty_positive,0.35
dirty_positive/dirty_10_73.jpg,train,dirty_positive,1,clean_negative,0.44616770,dirty_positive,0.35
dirty_positive/dirty_10_74.jpg,train,dirty_positive,1,clean_negative,0.94832814,dirty_positive,0.35
dirty_positive/dirty_10_75.jpg,train,dirty_positive,1,clean_negative,0.72994778,dirty_positive,0.35
dirty_positive/dirty_10_76.jpg,train,dirty_positive,1,clean_negative,0.31653591,clean_negative,0.35
dirty_positive/dirty_10_77.jpg,train,dirty_positive,1,clean_negative,0.45882169,dirty_positive,0.35
dirty_positive/dirty_10_78.jpg,train,dirty_positive,1,clean_negative,0.37614745,dirty_positive,0.35
dirty_positive/dirty_10_79.jpg,train,dirty_positive,1,clean_negative,0.66816783,dirty_positive,0.35
dirty_positive/dirty_10_80.jpg,train,dirty_positive,1,clean_negative,0.73912831,dirty_positive,0.35
clean_negative/clean_12_1.jpg,train,clean_negative,0,clean_negative,0.01175631,clean_negative,0.35
clean_negative/clean_12_2.jpg,train,clean_negative,0,clean_negative,0.01464807,clean_negative,0.35
clean_negative/clean_12_3.jpg,train,clean_negative,0,clean_negative,0.05006144,clean_negative,0.35
clean_negative/clean_12_4.jpg,train,clean_negative,0,clean_negative,0.06260365,clean_negative,0.35
clean_negative/clean_12_5.jpg,train,clean_negative,0,clean_negative,0.09904605,clean_negative,0.35
clean_negative/clean_12_6.jpg,train,clean_negative,0,clean_negative,0.12554743,clean_negative,0.35
clean_negative/clean_12_7.jpg,train,clean_negative,0,clean_negative,0.49117261,dirty_positive,0.35
clean_negative/clean_12_8.jpg,train,clean_negative,0,clean_negative,0.71758704,dirty_positive,0.35
clean_negative/clean_12_9.jpg,train,clean_negative,0,clean_negative,0.69217211,dirty_positive,0.35
clean_negative/clean_12_10.jpg,train,clean_negative,0,clean_negative,0.64498969,dirty_positive,0.35
clean_negative/clean_12_11.jpg,train,clean_negative,0,clean_negative,0.61462156,dirty_positive,0.35
clean_negative/clean_12_12.jpg,train,clean_negative,0,clean_negative,0.70556438,dirty_positive,0.35
clean_negative/clean_12_13.jpg,train,clean_negative,0,clean_negative,0.68728707,dirty_positive,0.35
clean_negative/clean_12_14.jpg,train,clean_negative,0,clean_negative,0.58046486,dirty_positive,0.35
clean_negative/clean_12_15.jpg,train,clean_negative,0,clean_negative,0.47637695,dirty_positive,0.35
clean_negative/clean_12_16.jpg,train,clean_negative,0,clean_negative,0.29572339,clean_negative,0.35
clean_negative/clean_12_17.jpg,train,clean_negative,0,clean_negative,0.52902041,dirty_positive,0.35
clean_negative/clean_12_18.jpg,train,clean_negative,0,clean_negative,0.48821421,dirty_positive,0.35
clean_negative/clean_12_19.jpg,train,clean_negative,0,clean_negative,0.37444035,dirty_positive,0.35
clean_negative/clean_12_20.jpg,train,clean_negative,0,clean_negative,0.26404247,clean_negative,0.35
clean_negative/clean_12_21.jpg,train,clean_negative,0,clean_negative,0.10607415,clean_negative,0.35
clean_negative/clean_12_22.jpg,train,clean_negative,0,clean_negative,0.18322277,clean_negative,0.35
clean_negative/clean_12_23.jpg,train,clean_negative,0,clean_negative,0.21790551,clean_negative,0.35
clean_negative/clean_12_24.jpg,train,clean_negative,0,clean_negative,0.09601834,clean_negative,0.35
clean_negative/clean_12_25.jpg,train,clean_negative,0,clean_negative,0.03302761,clean_negative,0.35
clean_negative/clean_12_26.jpg,train,clean_negative,0,clean_negative,0.21818193,clean_negative,0.35
clean_negative/clean_12_27.jpg,train,clean_negative,0,clean_negative,0.18525639,clean_negative,0.35
clean_negative/clean_12_28.jpg,train,clean_negative,0,clean_negative,0.07789148,clean_negative,0.35
clean_negative/clean_12_29.jpg,train,clean_negative,0,clean_negative,0.03047407,clean_negative,0.35
clean_negative/clean_12_30.jpg,train,clean_negative,0,clean_negative,0.01581759,clean_negative,0.35
clean_negative/clean_12_31.jpg,train,clean_negative,0,clean_negative,0.00210822,clean_negative,0.35
clean_negative/clean_12_32.jpg,train,clean_negative,0,clean_negative,0.00850966,clean_negative,0.35
clean_negative/clean_12_33.jpg,train,clean_negative,0,clean_negative,0.05164926,clean_negative,0.35
clean_negative/clean_12_34.jpg,train,clean_negative,0,clean_negative,0.02396133,clean_negative,0.35
clean_negative/clean_12_35.jpg,train,clean_negative,0,clean_negative,0.03574936,clean_negative,0.35
clean_negative/clean_12_36.jpg,train,clean_negative,0,clean_negative,0.12706793,clean_negative,0.35
clean_negative/clean_12_37.jpg,train,clean_negative,0,clean_negative,0.06686222,clean_negative,0.35
clean_negative/clean_12_38.jpg,train,clean_negative,0,clean_negative,0.02716974,clean_negative,0.35
clean_negative/clean_12_39.jpg,train,clean_negative,0,clean_negative,0.01256975,clean_negative,0.35
clean_negative/clean_12_40.jpg,train,clean_negative,0,clean_negative,0.00114126,clean_negative,0.35
clean_negative/clean_12_41.jpg,train,clean_negative,0,clean_negative,0.01286769,clean_negative,0.35
clean_negative/clean_12_42.jpg,train,clean_negative,0,clean_negative,0.00318667,clean_negative,0.35
clean_negative/clean_12_43.jpg,train,clean_negative,0,clean_negative,0.00709148,clean_negative,0.35
clean_negative/clean_12_44.jpg,train,clean_negative,0,clean_negative,0.01322624,clean_negative,0.35
clean_negative/clean_12_45.jpg,train,clean_negative,0,clean_negative,0.00915191,clean_negative,0.35
clean_negative/clean_12_46.jpg,train,clean_negative,0,clean_negative,0.05374167,clean_negative,0.35
clean_negative/clean_12_47.jpg,train,clean_negative,0,clean_negative,0.04966878,clean_negative,0.35
clean_negative/clean_12_48.jpg,train,clean_negative,0,clean_negative,0.01381029,clean_negative,0.35
clean_negative/clean_12_49.jpg,train,clean_negative,0,clean_negative,0.00045399,clean_negative,0.35
clean_negative/clean_12_50.jpg,train,clean_negative,0,clean_negative,0.00023092,clean_negative,0.35
clean_negative/clean_12_51.jpg,train,clean_negative,0,clean_negative,0.13249841,clean_negative,0.35
clean_negative/clean_12_52.jpg,train,clean_negative,0,clean_negative,0.15117267,clean_negative,0.35
clean_negative/clean_12_53.jpg,train,clean_negative,0,clean_negative,0.17406407,clean_negative,0.35
dirty_positive/dirty_12_1.jpg,train,dirty_positive,1,clean_negative,0.50702101,dirty_positive,0.35
dirty_positive/dirty_12_2.jpg,train,dirty_positive,1,clean_negative,0.26594712,clean_negative,0.35
dirty_positive/dirty_12_3.jpg,train,dirty_positive,1,clean_negative,0.67216636,dirty_positive,0.35
dirty_positive/dirty_12_4.jpg,train,dirty_positive,1,clean_negative,0.91233686,dirty_positive,0.35
dirty_positive/dirty_12_5.jpg,train,dirty_positive,1,clean_negative,0.78706806,dirty_positive,0.35
dirty_positive/dirty_12_6.jpg,train,dirty_positive,1,clean_negative,0.97575261,dirty_positive,0.35
dirty_positive/dirty_12_7.jpg,train,dirty_positive,1,clean_negative,0.97366740,dirty_positive,0.35
dirty_positive/dirty_12_8.jpg,train,dirty_positive,1,clean_negative,0.84756458,dirty_positive,0.35
dirty_positive/dirty_12_9.jpg,train,dirty_positive,1,clean_negative,0.99179515,dirty_positive,0.35
dirty_positive/dirty_12_10.jpg,train,dirty_positive,1,clean_negative,0.99704016,dirty_positive,0.35
dirty_positive/dirty_12_11.jpg,train,dirty_positive,1,clean_negative,0.99814033,dirty_positive,0.35
dirty_positive/dirty_12_12.jpg,train,dirty_positive,1,clean_negative,0.88967416,dirty_positive,0.35
dirty_positive/dirty_12_13.jpg,train,dirty_positive,1,clean_negative,0.98533074,dirty_positive,0.35
dirty_positive/dirty_12_14.jpg,train,dirty_positive,1,clean_negative,0.99102068,dirty_positive,0.35
dirty_positive/dirty_12_15.jpg,train,dirty_positive,1,clean_negative,0.98363684,dirty_positive,0.35
dirty_positive/dirty_12_16.jpg,train,dirty_positive,1,clean_negative,0.98681247,dirty_positive,0.35
dirty_positive/dirty_12_17.jpg,train,dirty_positive,1,clean_negative,0.76763543,dirty_positive,0.35
dirty_positive/dirty_12_18.jpg,train,dirty_positive,1,clean_negative,0.66305963,dirty_positive,0.35
dirty_positive/dirty_12_19.jpg,train,dirty_positive,1,clean_negative,0.60176918,dirty_positive,0.35
dirty_positive/dirty_12_20.jpg,train,dirty_positive,1,clean_negative,0.98785706,dirty_positive,0.35
dirty_positive/dirty_12_21.jpg,train,dirty_positive,1,clean_negative,0.98749413,dirty_positive,0.35
dirty_positive/dirty_12_22.jpg,train,dirty_positive,1,clean_negative,0.99050432,dirty_positive,0.35
dirty_positive/dirty_12_23.jpg,train,dirty_positive,1,clean_negative,0.77367602,dirty_positive,0.35
dirty_positive/dirty_12_24.jpg,train,dirty_positive,1,clean_negative,0.96691826,dirty_positive,0.35
dirty_positive/dirty_12_25.jpg,train,dirty_positive,1,clean_negative,0.98673515,dirty_positive,0.35
dirty_positive/dirty_12_26.jpg,train,dirty_positive,1,clean_negative,0.98266506,dirty_positive,0.35
dirty_positive/dirty_12_27.jpg,train,dirty_positive,1,clean_negative,0.97374276,dirty_positive,0.35
dirty_positive/dirty_12_28.jpg,train,dirty_positive,1,clean_negative,0.98657375,dirty_positive,0.35
dirty_positive/dirty_12_29.jpg,train,dirty_positive,1,clean_negative,0.97332696,dirty_positive,0.35
dirty_positive/dirty_12_30.jpg,train,dirty_positive,1,clean_negative,0.95384198,dirty_positive,0.35
dirty_positive/dirty_12_31.jpg,train,dirty_positive,1,clean_negative,0.98313763,dirty_positive,0.35
dirty_positive/dirty_12_32.jpg,train,dirty_positive,1,clean_negative,0.92097598,dirty_positive,0.35
dirty_positive/dirty_12_33.jpg,train,dirty_positive,1,clean_negative,0.91993604,dirty_positive,0.35
dirty_positive/dirty_12_34.jpg,train,dirty_positive,1,clean_negative,0.95679902,dirty_positive,0.35
dirty_positive/dirty_12_35.jpg,train,dirty_positive,1,clean_negative,0.90539863,dirty_positive,0.35
dirty_positive/dirty_12_36.jpg,train,dirty_positive,1,clean_negative,0.97227719,dirty_positive,0.35
dirty_positive/dirty_12_37.jpg,train,dirty_positive,1,clean_negative,0.99267686,dirty_positive,0.35
dirty_positive/dirty_12_38.jpg,train,dirty_positive,1,clean_negative,0.98893497,dirty_positive,0.35
dirty_positive/dirty_12_39.jpg,train,dirty_positive,1,clean_negative,0.99257320,dirty_positive,0.35
dirty_positive/dirty_12_40.jpg,train,dirty_positive,1,clean_negative,0.98340225,dirty_positive,0.35
dirty_positive/dirty_12_41.jpg,train,dirty_positive,1,clean_negative,0.87785694,dirty_positive,0.35
dirty_positive/dirty_12_42.jpg,train,dirty_positive,1,clean_negative,0.29078002,clean_negative,0.35
dirty_positive/dirty_12_43.jpg,train,dirty_positive,1,clean_negative,0.49117910,dirty_positive,0.35
dirty_positive/dirty_12_44.jpg,train,dirty_positive,1,clean_negative,0.99000198,dirty_positive,0.35
dirty_positive/dirty_12_45.jpg,train,dirty_positive,1,clean_negative,0.97438911,dirty_positive,0.35
dirty_positive/dirty_12_46.jpg,train,dirty_positive,1,clean_negative,0.96811231,dirty_positive,0.35
dirty_positive/dirty_12_47.jpg,train,dirty_positive,1,clean_negative,0.98038757,dirty_positive,0.35
dirty_positive/dirty_12_48.jpg,train,dirty_positive,1,clean_negative,0.97958346,dirty_positive,0.35
dirty_positive/dirty_12_49.jpg,train,dirty_positive,1,clean_negative,0.96992220,dirty_positive,0.35
dirty_positive/dirty_12_50.jpg,train,dirty_positive,1,clean_negative,0.97438462,dirty_positive,0.35
dirty_positive/dirty_12_51.jpg,train,dirty_positive,1,clean_negative,0.96639637,dirty_positive,0.35
dirty_positive/dirty_12_52.jpg,train,dirty_positive,1,clean_negative,0.94597895,dirty_positive,0.35
dirty_positive/dirty_12_53.jpg,train,dirty_positive,1,clean_negative,0.97097522,dirty_positive,0.35
dirty_positive/dirty_12_54.jpg,train,dirty_positive,1,clean_negative,0.97938496,dirty_positive,0.35
dirty_positive/dirty_12_55.jpg,train,dirty_positive,1,clean_negative,0.98786124,dirty_positive,0.35
dirty_positive/dirty_12_56.jpg,train,dirty_positive,1,clean_negative,0.98228231,dirty_positive,0.35
dirty_positive/dirty_12_57.jpg,train,dirty_positive,1,clean_negative,0.97092410,dirty_positive,0.35
dirty_positive/dirty_12_58.jpg,train,dirty_positive,1,clean_negative,0.97448228,dirty_positive,0.35
dirty_positive/dirty_12_59.jpg,train,dirty_positive,1,clean_negative,0.99138549,dirty_positive,0.35
dirty_positive/dirty_12_60.jpg,train,dirty_positive,1,clean_negative,0.98430575,dirty_positive,0.35
dirty_positive/dirty_12_61.jpg,train,dirty_positive,1,clean_negative,0.96807428,dirty_positive,0.35
dirty_positive/dirty_12_62.jpg,train,dirty_positive,1,clean_negative,0.58101051,dirty_positive,0.35
dirty_positive/dirty_12_63.jpg,train,dirty_positive,1,clean_negative,0.68184658,dirty_positive,0.35
dirty_positive/dirty_12_64.jpg,train,dirty_positive,1,clean_negative,0.96789334,dirty_positive,0.35
dirty_positive/dirty_12_65.jpg,train,dirty_positive,1,clean_negative,0.69779496,dirty_positive,0.35
dirty_positive/dirty_12_66.jpg,train,dirty_positive,1,clean_negative,0.78113924,dirty_positive,0.35
dirty_positive/dirty_12_67.jpg,train,dirty_positive,1,clean_negative,0.78988219,dirty_positive,0.35
dirty_positive/dirty_12_68.jpg,train,dirty_positive,1,clean_negative,0.63384151,dirty_positive,0.35
dirty_positive/dirty_12_69.jpg,train,dirty_positive,1,clean_negative,0.96359157,dirty_positive,0.35
dirty_positive/dirty_12_70.jpg,train,dirty_positive,1,clean_negative,0.83804668,dirty_positive,0.35
dirty_positive/dirty_12_71.jpg,train,dirty_positive,1,clean_negative,0.95944710,dirty_positive,0.35
dirty_positive/dirty_12_72.jpg,train,dirty_positive,1,clean_negative,0.96539969,dirty_positive,0.35
dirty_positive/dirty_12_73.jpg,train,dirty_positive,1,clean_negative,0.74867864,dirty_positive,0.35
dirty_positive/dirty_12_74.jpg,train,dirty_positive,1,clean_negative,0.84345161,dirty_positive,0.35
dirty_positive/dirty_12_75.jpg,train,dirty_positive,1,clean_negative,0.99154052,dirty_positive,0.35
dirty_positive/dirty_12_76.jpg,train,dirty_positive,1,clean_negative,0.76994055,dirty_positive,0.35
dirty_positive/dirty_12_77.jpg,train,dirty_positive,1,clean_negative,0.72909454,dirty_positive,0.35
dirty_positive/dirty_12_78.jpg,train,dirty_positive,1,clean_negative,0.98342985,dirty_positive,0.35
dirty_positive/dirty_12_79.jpg,train,dirty_positive,1,clean_negative,0.75055677,dirty_positive,0.35
dirty_positive/dirty_12_80.jpg,train,dirty_positive,1,clean_negative,0.98467321,dirty_positive,0.35
dirty_positive/dirty_12_81.jpg,train,dirty_positive,1,clean_negative,0.93929141,dirty_positive,0.35
dirty_positive/dirty_12_82.jpg,train,dirty_positive,1,clean_negative,0.96604314,dirty_positive,0.35
dirty_positive/dirty_12_83.jpg,train,dirty_positive,1,clean_negative,0.98404222,dirty_positive,0.35
dirty_positive/dirty_12_84.jpg,train,dirty_positive,1,clean_negative,0.98102736,dirty_positive,0.35
dirty_positive/dirty_12_85.jpg,train,dirty_positive,1,clean_negative,0.98436163,dirty_positive,0.35
dirty_positive/dirty_12_86.jpg,train,dirty_positive,1,clean_negative,0.87240641,dirty_positive,0.35
dirty_positive/dirty_12_87.jpg,train,dirty_positive,1,clean_negative,0.91498866,dirty_positive,0.35
dirty_positive/dirty_12_88.jpg,train,dirty_positive,1,clean_negative,0.87545936,dirty_positive,0.35
dirty_positive/dirty_12_89.jpg,train,dirty_positive,1,clean_negative,0.99527804,dirty_positive,0.35
dirty_positive/dirty_12_90.jpg,train,dirty_positive,1,clean_negative,0.98576377,dirty_positive,0.35
dirty_positive/dirty_12_91.jpg,train,dirty_positive,1,clean_negative,0.96785195,dirty_positive,0.35
dirty_positive/dirty_12_92.jpg,train,dirty_positive,1,clean_negative,0.98637487,dirty_positive,0.35
dirty_positive/dirty_12_93.jpg,train,dirty_positive,1,clean_negative,0.88486827,dirty_positive,0.35
dirty_positive/dirty_12_94.jpg,train,dirty_positive,1,clean_negative,0.83957355,dirty_positive,0.35
dirty_positive/dirty_12_95.jpg,train,dirty_positive,1,clean_negative,0.75723997,dirty_positive,0.35
dirty_positive/dirty_12_96.jpg,train,dirty_positive,1,clean_negative,0.88223344,dirty_positive,0.35
dirty_positive/dirty_12_97.jpg,train,dirty_positive,1,clean_negative,0.80810665,dirty_positive,0.35
dirty_positive/dirty_12_98.jpg,train,dirty_positive,1,clean_negative,0.99329876,dirty_positive,0.35
dirty_positive/dirty_12_99.jpg,train,dirty_positive,1,clean_negative,0.84824772,dirty_positive,0.35
dirty_positive/dirty_12_100.jpg,train,dirty_positive,1,clean_negative,0.98831487,dirty_positive,0.35
dirty_positive/dirty_12_101.jpg,train,dirty_positive,1,clean_negative,0.61022576,dirty_positive,0.35
dirty_positive/dirty_12_102.jpg,train,dirty_positive,1,clean_negative,0.94620321,dirty_positive,0.35
dirty_positive/dirty_12_103.jpg,train,dirty_positive,1,clean_negative,0.69481953,dirty_positive,0.35
dirty_positive/dirty_12_104.jpg,train,dirty_positive,1,clean_negative,0.89481300,dirty_positive,0.35
dirty_positive/dirty_12_105.jpg,train,dirty_positive,1,clean_negative,0.99404608,dirty_positive,0.35
dirty_positive/dirty_12_106.jpg,train,dirty_positive,1,clean_negative,0.68509029,dirty_positive,0.35
dirty_positive/dirty_12_107.jpg,train,dirty_positive,1,clean_negative,0.75497820,dirty_positive,0.35
dirty_positive/dirty_12_108.jpg,train,dirty_positive,1,clean_negative,0.99382209,dirty_positive,0.35
dirty_positive/dirty_12_109.jpg,train,dirty_positive,1,clean_negative,0.96478166,dirty_positive,0.35
dirty_positive/dirty_12_110.jpg,train,dirty_positive,1,clean_negative,0.91898292,dirty_positive,0.35
dirty_positive/dirty_12_111.jpg,train,dirty_positive,1,clean_negative,0.88234367,dirty_positive,0.35
dirty_positive/dirty_12_112.jpg,train,dirty_positive,1,clean_negative,0.25802063,clean_negative,0.35
dirty_positive/dirty_12_113.jpg,train,dirty_positive,1,clean_negative,0.62418721,dirty_positive,0.35
dirty_positive/dirty_12_114.jpg,train,dirty_positive,1,clean_negative,0.82144071,dirty_positive,0.35
dirty_positive/dirty_12_115.jpg,train,dirty_positive,1,clean_negative,0.41040485,dirty_positive,0.35
dirty_positive/dirty_12_116.jpg,train,dirty_positive,1,clean_negative,0.77344788,dirty_positive,0.35
dirty_positive/dirty_12_117.jpg,train,dirty_positive,1,clean_negative,0.93626401,dirty_positive,0.35
dirty_positive/dirty_12_118.jpg,train,dirty_positive,1,clean_negative,0.88533255,dirty_positive,0.35
dirty_positive/dirty_12_119.jpg,train,dirty_positive,1,clean_negative,0.97451366,dirty_positive,0.35
dirty_positive/dirty_12_120.jpg,train,dirty_positive,1,clean_negative,0.75707988,dirty_positive,0.35
dirty_positive/dirty_12_121.jpg,train,dirty_positive,1,clean_negative,0.42863215,dirty_positive,0.35
dirty_positive/dirty_12_122.jpg,train,dirty_positive,1,clean_negative,0.99938421,dirty_positive,0.35
dirty_positive/dirty_12_123.jpg,train,dirty_positive,1,clean_negative,0.44134463,dirty_positive,0.35
dirty_positive/dirty_12_124.jpg,train,dirty_positive,1,clean_negative,0.58815019,dirty_positive,0.35
dirty_positive/dirty_12_125.jpg,train,dirty_positive,1,clean_negative,0.99813848,dirty_positive,0.35
dirty_positive/dirty_12_126.jpg,train,dirty_positive,1,clean_negative,0.94522246,dirty_positive,0.35
dirty_positive/dirty_12_127.jpg,train,dirty_positive,1,clean_negative,0.94485208,dirty_positive,0.35
dirty_positive/dirty_12_128.jpg,train,dirty_positive,1,clean_negative,0.94511540,dirty_positive,0.35
dirty_positive/dirty_12_129.jpg,train,dirty_positive,1,clean_negative,0.65299712,dirty_positive,0.35
dirty_positive/dirty_12_130.jpg,train,dirty_positive,1,clean_negative,0.63434907,dirty_positive,0.35
dirty_positive/dirty_12_131.jpg,train,dirty_positive,1,clean_negative,0.40998445,dirty_positive,0.35
dirty_positive/dirty_12_132.jpg,train,dirty_positive,1,clean_negative,0.82807176,dirty_positive,0.35
dirty_positive/dirty_12_133.jpg,train,dirty_positive,1,clean_negative,0.99913344,dirty_positive,0.35
dirty_positive/dirty_12_134.jpg,train,dirty_positive,1,clean_negative,0.99918029,dirty_positive,0.35
dirty_positive/dirty_12_135.jpg,train,dirty_positive,1,clean_negative,0.99549296,dirty_positive,0.35
dirty_positive/dirty_12_136.jpg,train,dirty_positive,1,clean_negative,0.99874363,dirty_positive,0.35
dirty_positive/dirty_12_137.jpg,train,dirty_positive,1,clean_negative,0.99772964,dirty_positive,0.35
dirty_positive/dirty_12_138.jpg,train,dirty_positive,1,clean_negative,0.99716431,dirty_positive,0.35
dirty_positive/dirty_12_139.jpg,train,dirty_positive,1,clean_negative,0.99272537,dirty_positive,0.35
dirty_positive/dirty_12_140.jpg,train,dirty_positive,1,clean_negative,0.99566027,dirty_positive,0.35
dirty_positive/dirty_12_141.jpg,train,dirty_positive,1,clean_negative,0.81034131,dirty_positive,0.35
dirty_positive/dirty_12_142.jpg,train,dirty_positive,1,clean_negative,0.77093143,dirty_positive,0.35
dirty_positive/dirty_12_143.jpg,train,dirty_positive,1,clean_negative,0.76643372,dirty_positive,0.35
dirty_positive/dirty_12_144.jpg,train,dirty_positive,1,clean_negative,0.90903091,dirty_positive,0.35
dirty_positive/dirty_12_145.jpg,train,dirty_positive,1,clean_negative,0.99285875,dirty_positive,0.35
dirty_positive/dirty_12_146.jpg,train,dirty_positive,1,clean_negative,0.97675584,dirty_positive,0.35
dirty_positive/dirty_12_147.jpg,train,dirty_positive,1,clean_negative,0.99899991,dirty_positive,0.35
dirty_positive/dirty_12_148.jpg,train,dirty_positive,1,clean_negative,0.98547064,dirty_positive,0.35
dirty_positive/dirty_12_149.jpg,train,dirty_positive,1,clean_negative,0.84949444,dirty_positive,0.35
dirty_positive/dirty_12_150.jpg,train,dirty_positive,1,clean_negative,0.79984897,dirty_positive,0.35
dirty_positive/dirty_12_151.jpg,train,dirty_positive,1,clean_negative,0.55563590,dirty_positive,0.35
dirty_positive/dirty_12_152.jpg,train,dirty_positive,1,clean_negative,0.89511664,dirty_positive,0.35
dirty_positive/dirty_12_153.jpg,train,dirty_positive,1,clean_negative,0.71736434,dirty_positive,0.35
dirty_positive/dirty_12_154.jpg,train,dirty_positive,1,clean_negative,0.66401686,dirty_positive,0.35
dirty_positive/dirty_12_155.jpg,train,dirty_positive,1,clean_negative,0.90867137,dirty_positive,0.35
dirty_positive/dirty_12_156.jpg,train,dirty_positive,1,clean_negative,0.86771192,dirty_positive,0.35
clean_negative/clean_14_1.jpg,train,clean_negative,0,clean_negative,0.00150549,clean_negative,0.35
clean_negative/clean_14_2.jpg,train,clean_negative,0,clean_negative,0.02007716,clean_negative,0.35
clean_negative/clean_14_3.jpg,train,clean_negative,0,clean_negative,0.04293850,clean_negative,0.35
clean_negative/clean_14_4.jpg,train,clean_negative,0,clean_negative,0.48913559,dirty_positive,0.35
clean_negative/clean_14_5.jpg,train,clean_negative,0,clean_negative,0.03635322,clean_negative,0.35
clean_negative/clean_14_6.jpg,train,clean_negative,0,clean_negative,0.02423260,clean_negative,0.35
clean_negative/clean_14_7.jpg,train,clean_negative,0,clean_negative,0.01742916,clean_negative,0.35
clean_negative/clean_14_8.jpg,train,clean_negative,0,clean_negative,0.03396648,clean_negative,0.35
clean_negative/clean_14_9.jpg,train,clean_negative,0,clean_negative,0.03498550,clean_negative,0.35
clean_negative/clean_14_10.jpg,train,clean_negative,0,clean_negative,0.00120440,clean_negative,0.35
clean_negative/clean_14_11.jpg,train,clean_negative,0,clean_negative,0.01955691,clean_negative,0.35
clean_negative/clean_14_12.jpg,train,clean_negative,0,clean_negative,0.14260808,clean_negative,0.35
clean_negative/clean_14_13.jpg,train,clean_negative,0,clean_negative,0.55718558,dirty_positive,0.35
clean_negative/clean_14_14.jpg,train,clean_negative,0,clean_negative,0.03938777,clean_negative,0.35
clean_negative/clean_14_15.jpg,train,clean_negative,0,clean_negative,0.02968851,clean_negative,0.35
clean_negative/clean_14_16.jpg,train,clean_negative,0,clean_negative,0.02045965,clean_negative,0.35
clean_negative/clean_14_17.jpg,train,clean_negative,0,clean_negative,0.03512947,clean_negative,0.35
clean_negative/clean_14_18.jpg,train,clean_negative,0,clean_negative,0.03330003,clean_negative,0.35
clean_negative/clean_14_19.jpg,train,clean_negative,0,clean_negative,0.00069688,clean_negative,0.35
clean_negative/clean_14_20.jpg,train,clean_negative,0,clean_negative,0.02581814,clean_negative,0.35
clean_negative/clean_14_21.jpg,train,clean_negative,0,clean_negative,0.17901550,clean_negative,0.35
clean_negative/clean_14_22.jpg,train,clean_negative,0,clean_negative,0.60648418,dirty_positive,0.35
clean_negative/clean_14_23.jpg,train,clean_negative,0,clean_negative,0.06870907,clean_negative,0.35
clean_negative/clean_14_24.jpg,train,clean_negative,0,clean_negative,0.03266989,clean_negative,0.35
clean_negative/clean_14_25.jpg,train,clean_negative,0,clean_negative,0.02373669,clean_negative,0.35
clean_negative/clean_14_26.jpg,train,clean_negative,0,clean_negative,0.04913045,clean_negative,0.35
clean_negative/clean_14_27.jpg,train,clean_negative,0,clean_negative,0.03277978,clean_negative,0.35
clean_negative/clean_14_28.jpg,train,clean_negative,0,clean_negative,0.10667636,clean_negative,0.35
clean_negative/clean_14_29.jpg,train,clean_negative,0,clean_negative,0.04775554,clean_negative,0.35
clean_negative/clean_14_30.jpg,train,clean_negative,0,clean_negative,0.03844147,clean_negative,0.35
clean_negative/clean_14_31.jpg,train,clean_negative,0,clean_negative,0.11764583,clean_negative,0.35
clean_negative/clean_14_32.jpg,train,clean_negative,0,clean_negative,0.00269544,clean_negative,0.35
clean_negative/clean_14_33.jpg,train,clean_negative,0,clean_negative,0.02795655,clean_negative,0.35
clean_negative/clean_14_34.jpg,train,clean_negative,0,clean_negative,0.17814246,clean_negative,0.35
clean_negative/clean_14_35.jpg,train,clean_negative,0,clean_negative,0.18428153,clean_negative,0.35
clean_negative/clean_14_36.jpg,train,clean_negative,0,clean_negative,0.03483186,clean_negative,0.35
clean_negative/clean_14_37.jpg,train,clean_negative,0,clean_negative,0.11071050,clean_negative,0.35
clean_negative/clean_14_38.jpg,train,clean_negative,0,clean_negative,0.00231922,clean_negative,0.35
clean_negative/clean_14_39.jpg,train,clean_negative,0,clean_negative,0.05625614,clean_negative,0.35
clean_negative/clean_14_40.jpg,train,clean_negative,0,clean_negative,0.14599878,clean_negative,0.35
clean_negative/clean_14_41.jpg,train,clean_negative,0,clean_negative,0.18323984,clean_negative,0.35
clean_negative/clean_14_42.jpg,train,clean_negative,0,clean_negative,0.07688961,clean_negative,0.35
clean_negative/clean_14_43.jpg,train,clean_negative,0,clean_negative,0.22843690,clean_negative,0.35
clean_negative/clean_14_44.jpg,train,clean_negative,0,clean_negative,0.36981682,dirty_positive,0.35
clean_negative/clean_14_45.jpg,train,clean_negative,0,clean_negative,0.40967401,dirty_positive,0.35
clean_negative/clean_14_46.jpg,train,clean_negative,0,clean_negative,0.06169568,clean_negative,0.35
clean_negative/clean_14_47.jpg,train,clean_negative,0,clean_negative,0.17584061,clean_negative,0.35
clean_negative/clean_14_48.jpg,train,clean_negative,0,clean_negative,0.28728228,clean_negative,0.35
clean_negative/clean_14_49.jpg,train,clean_negative,0,clean_negative,0.31508168,clean_negative,0.35
clean_negative/clean_14_50.jpg,train,clean_negative,0,clean_negative,0.04051324,clean_negative,0.35
clean_negative/clean_14_51.jpg,train,clean_negative,0,clean_negative,0.13520078,clean_negative,0.35
clean_negative/clean_14_52.jpg,train,clean_negative,0,clean_negative,0.24540301,clean_negative,0.35
clean_negative/clean_14_53.jpg,train,clean_negative,0,clean_negative,0.25066086,clean_negative,0.35
clean_negative/clean_14_54.jpg,train,clean_negative,0,clean_negative,0.04049905,clean_negative,0.35
clean_negative/clean_14_55.jpg,train,clean_negative,0,clean_negative,0.15046948,clean_negative,0.35
clean_negative/clean_14_56.jpg,train,clean_negative,0,clean_negative,0.25327064,clean_negative,0.35
clean_negative/clean_14_57.jpg,train,clean_negative,0,clean_negative,0.18935673,clean_negative,0.35
clean_negative/clean_14_58.jpg,train,clean_negative,0,clean_negative,0.04479028,clean_negative,0.35
clean_negative/clean_14_59.jpg,train,clean_negative,0,clean_negative,0.15194284,clean_negative,0.35
clean_negative/clean_14_60.jpg,train,clean_negative,0,clean_negative,0.24710738,clean_negative,0.35
clean_negative/clean_14_61.jpg,train,clean_negative,0,clean_negative,0.24676294,clean_negative,0.35
clean_negative/clean_14_62.jpg,train,clean_negative,0,clean_negative,0.23876894,clean_negative,0.35
clean_negative/clean_14_63.jpg,train,clean_negative,0,clean_negative,0.04376564,clean_negative,0.35
clean_negative/clean_14_64.jpg,train,clean_negative,0,clean_negative,0.11181350,clean_negative,0.35
clean_negative/clean_14_65.jpg,train,clean_negative,0,clean_negative,0.17039748,clean_negative,0.35
clean_negative/clean_14_66.jpg,train,clean_negative,0,clean_negative,0.19916988,clean_negative,0.35
clean_negative/clean_14_67.jpg,train,clean_negative,0,clean_negative,0.18564363,clean_negative,0.35
clean_negative/clean_14_68.jpg,train,clean_negative,0,clean_negative,0.01884749,clean_negative,0.35
clean_negative/clean_14_69.jpg,train,clean_negative,0,clean_negative,0.04511055,clean_negative,0.35
clean_negative/clean_14_70.jpg,train,clean_negative,0,clean_negative,0.08289737,clean_negative,0.35
clean_negative/clean_14_71.jpg,train,clean_negative,0,clean_negative,0.09919305,clean_negative,0.35
clean_negative/clean_14_72.jpg,train,clean_negative,0,clean_negative,0.15687772,clean_negative,0.35
clean_negative/clean_14_73.jpg,train,clean_negative,0,clean_negative,0.02467896,clean_negative,0.35
clean_negative/clean_14_74.jpg,train,clean_negative,0,clean_negative,0.06177928,clean_negative,0.35
clean_negative/clean_14_75.jpg,train,clean_negative,0,clean_negative,0.09967274,clean_negative,0.35
clean_negative/clean_14_76.jpg,train,clean_negative,0,clean_negative,0.13085404,clean_negative,0.35
clean_negative/clean_14_77.jpg,train,clean_negative,0,clean_negative,0.16741857,clean_negative,0.35
clean_negative/clean_14_78.jpg,train,clean_negative,0,clean_negative,0.18696614,clean_negative,0.35
clean_negative/clean_14_79.jpg,train,clean_negative,0,clean_negative,0.12613746,clean_negative,0.35
clean_negative/clean_14_80.jpg,train,clean_negative,0,clean_negative,0.10784698,clean_negative,0.35
clean_negative/clean_14_81.jpg,train,clean_negative,0,clean_negative,0.03272821,clean_negative,0.35
clean_negative/clean_14_82.jpg,train,clean_negative,0,clean_negative,0.06009885,clean_negative,0.35
clean_negative/clean_14_83.jpg,train,clean_negative,0,clean_negative,0.08980461,clean_negative,0.35
clean_negative/clean_14_84.jpg,train,clean_negative,0,clean_negative,0.11409574,clean_negative,0.35
clean_negative/clean_14_85.jpg,train,clean_negative,0,clean_negative,0.18420645,clean_negative,0.35
clean_negative/clean_14_86.jpg,train,clean_negative,0,clean_negative,0.44449773,dirty_positive,0.35
clean_negative/clean_14_87.jpg,train,clean_negative,0,clean_negative,0.58213002,dirty_positive,0.35
clean_negative/clean_14_88.jpg,train,clean_negative,0,clean_negative,0.36516499,dirty_positive,0.35
clean_negative/clean_14_89.jpg,train,clean_negative,0,clean_negative,0.38193987,dirty_positive,0.35
clean_negative/clean_14_90.jpg,train,clean_negative,0,clean_negative,0.02368771,clean_negative,0.35
clean_negative/clean_14_91.jpg,train,clean_negative,0,clean_negative,0.10004037,clean_negative,0.35
clean_negative/clean_14_92.jpg,train,clean_negative,0,clean_negative,0.07448756,clean_negative,0.35
clean_negative/clean_14_93.jpg,train,clean_negative,0,clean_negative,0.05634360,clean_negative,0.35
clean_negative/clean_14_94.jpg,train,clean_negative,0,clean_negative,0.10621916,clean_negative,0.35
clean_negative/clean_14_95.jpg,train,clean_negative,0,clean_negative,0.01714510,clean_negative,0.35
clean_negative/clean_14_96.jpg,train,clean_negative,0,clean_negative,0.29927512,clean_negative,0.35
clean_negative/clean_14_97.jpg,train,clean_negative,0,clean_negative,0.33621086,clean_negative,0.35
clean_negative/clean_14_98.jpg,train,clean_negative,0,clean_negative,0.35457541,dirty_positive,0.35
clean_negative/clean_14_99.jpg,train,clean_negative,0,clean_negative,0.37235024,dirty_positive,0.35
clean_negative/clean_14_100.jpg,train,clean_negative,0,clean_negative,0.38217755,dirty_positive,0.35
clean_negative/clean_14_101.jpg,train,clean_negative,0,clean_negative,0.76840121,dirty_positive,0.35
clean_negative/clean_14_102.jpg,train,clean_negative,0,clean_negative,0.01710259,clean_negative,0.35
clean_negative/clean_14_103.jpg,train,clean_negative,0,clean_negative,0.01935928,clean_negative,0.35
clean_negative/clean_14_104.jpg,train,clean_negative,0,clean_negative,0.03759398,clean_negative,0.35
clean_negative/clean_14_105.jpg,train,clean_negative,0,clean_negative,0.04861620,clean_negative,0.35
clean_negative/clean_14_106.jpg,train,clean_negative,0,clean_negative,0.00725043,clean_negative,0.35
clean_negative/clean_14_107.jpg,train,clean_negative,0,clean_negative,0.01070823,clean_negative,0.35
clean_negative/clean_14_108.jpg,train,clean_negative,0,clean_negative,0.54827908,dirty_positive,0.35
clean_negative/clean_14_109.jpg,train,clean_negative,0,clean_negative,0.00001738,clean_negative,0.35
clean_negative/clean_14_110.jpg,train,clean_negative,0,clean_negative,0.35712450,dirty_positive,0.35
clean_negative/clean_14_111.jpg,train,clean_negative,0,clean_negative,0.46457392,dirty_positive,0.35
clean_negative/clean_14_112.jpg,train,clean_negative,0,clean_negative,0.43538256,dirty_positive,0.35
clean_negative/clean_14_113.jpg,train,clean_negative,0,clean_negative,0.51978762,dirty_positive,0.35
clean_negative/clean_14_114.jpg,train,clean_negative,0,clean_negative,0.20403608,clean_negative,0.35
clean_negative/clean_14_115.jpg,train,clean_negative,0,clean_negative,0.48806592,dirty_positive,0.35
clean_negative/clean_14_116.jpg,train,clean_negative,0,clean_negative,0.00007049,clean_negative,0.35
clean_negative/clean_14_117.jpg,train,clean_negative,0,clean_negative,0.00035157,clean_negative,0.35
clean_negative/clean_14_118.jpg,train,clean_negative,0,clean_negative,0.00377628,clean_negative,0.35
clean_negative/clean_14_119.jpg,train,clean_negative,0,clean_negative,0.01330072,clean_negative,0.35
clean_negative/clean_14_120.jpg,train,clean_negative,0,clean_negative,0.11653312,clean_negative,0.35
clean_negative/clean_14_121.jpg,train,clean_negative,0,clean_negative,0.11700902,clean_negative,0.35
clean_negative/clean_14_122.jpg,train,clean_negative,0,clean_negative,0.00001172,clean_negative,0.35
clean_negative/clean_14_123.jpg,train,clean_negative,0,clean_negative,0.00007095,clean_negative,0.35
clean_negative/clean_14_124.jpg,train,clean_negative,0,clean_negative,0.00041063,clean_negative,0.35
clean_negative/clean_14_125.jpg,train,clean_negative,0,clean_negative,0.01078969,clean_negative,0.35
clean_negative/clean_14_126.jpg,train,clean_negative,0,clean_negative,0.03368610,clean_negative,0.35
clean_negative/clean_14_127.jpg,train,clean_negative,0,clean_negative,0.06605955,clean_negative,0.35
clean_negative/clean_14_128.jpg,train,clean_negative,0,clean_negative,0.08587062,clean_negative,0.35
clean_negative/clean_14_129.jpg,train,clean_negative,0,clean_negative,0.36994650,dirty_positive,0.35
clean_negative/clean_14_130.jpg,train,clean_negative,0,clean_negative,0.51032950,dirty_positive,0.35
clean_negative/clean_14_131.jpg,train,clean_negative,0,clean_negative,0.29131687,clean_negative,0.35
clean_negative/clean_14_132.jpg,train,clean_negative,0,clean_negative,0.53241724,dirty_positive,0.35
clean_negative/clean_14_133.jpg,train,clean_negative,0,clean_negative,0.47485994,dirty_positive,0.35
clean_negative/clean_14_134.jpg,train,clean_negative,0,clean_negative,0.00000045,clean_negative,0.35
clean_negative/clean_14_135.jpg,train,clean_negative,0,clean_negative,0.00000027,clean_negative,0.35
clean_negative/clean_14_136.jpg,train,clean_negative,0,clean_negative,0.00000058,clean_negative,0.35
clean_negative/clean_14_137.jpg,train,clean_negative,0,clean_negative,0.29019737,clean_negative,0.35
clean_negative/clean_14_138.jpg,train,clean_negative,0,clean_negative,0.20232936,clean_negative,0.35
clean_negative/clean_14_139.jpg,train,clean_negative,0,clean_negative,0.00424794,clean_negative,0.35
clean_negative/clean_14_140.jpg,train,clean_negative,0,clean_negative,0.00118174,clean_negative,0.35
clean_negative/clean_14_141.jpg,train,clean_negative,0,clean_negative,0.00004366,clean_negative,0.35
clean_negative/clean_14_142.jpg,train,clean_negative,0,clean_negative,0.00000722,clean_negative,0.35
clean_negative/clean_14_143.jpg,train,clean_negative,0,clean_negative,0.00001852,clean_negative,0.35
clean_negative/clean_14_144.jpg,train,clean_negative,0,clean_negative,0.00011790,clean_negative,0.35
clean_negative/clean_14_145.jpg,train,clean_negative,0,clean_negative,0.00200315,clean_negative,0.35
clean_negative/clean_14_146.jpg,train,clean_negative,0,clean_negative,0.01262875,clean_negative,0.35
clean_negative/clean_14_147.jpg,train,clean_negative,0,clean_negative,0.04296883,clean_negative,0.35
clean_negative/clean_14_148.jpg,train,clean_negative,0,clean_negative,0.20374711,clean_negative,0.35
clean_negative/clean_14_149.jpg,train,clean_negative,0,clean_negative,0.34584931,clean_negative,0.35
clean_negative/clean_14_150.jpg,train,clean_negative,0,clean_negative,0.47807829,dirty_positive,0.35
clean_negative/clean_14_151.jpg,train,clean_negative,0,clean_negative,0.24533442,clean_negative,0.35
clean_negative/clean_14_152.jpg,train,clean_negative,0,clean_negative,0.39270661,dirty_positive,0.35
clean_negative/clean_14_153.jpg,train,clean_negative,0,clean_negative,0.30356973,clean_negative,0.35
clean_negative/clean_14_154.jpg,train,clean_negative,0,clean_negative,0.21964201,clean_negative,0.35
clean_negative/clean_14_155.jpg,train,clean_negative,0,clean_negative,0.13538077,clean_negative,0.35
clean_negative/clean_14_156.jpg,train,clean_negative,0,clean_negative,0.00274654,clean_negative,0.35
clean_negative/clean_14_157.jpg,train,clean_negative,0,clean_negative,0.00086338,clean_negative,0.35
clean_negative/clean_14_158.jpg,train,clean_negative,0,clean_negative,0.00002082,clean_negative,0.35
clean_negative/clean_14_159.jpg,train,clean_negative,0,clean_negative,0.00000027,clean_negative,0.35
clean_negative/clean_14_160.jpg,train,clean_negative,0,clean_negative,0.00000013,clean_negative,0.35
dirty_positive/dirty_14_1.jpg,train,dirty_positive,1,clean_negative,0.73914268,dirty_positive,0.35
dirty_positive/dirty_14_2.jpg,train,dirty_positive,1,clean_negative,0.43782863,dirty_positive,0.35
dirty_positive/dirty_14_3.jpg,train,dirty_positive,1,clean_negative,0.62003044,dirty_positive,0.35
dirty_positive/dirty_14_4.jpg,train,dirty_positive,1,clean_negative,0.37493079,dirty_positive,0.35
dirty_positive/dirty_14_5.jpg,train,dirty_positive,1,clean_negative,0.55461296,dirty_positive,0.35
dirty_positive/dirty_14_6.jpg,train,dirty_positive,1,clean_negative,0.99150253,dirty_positive,0.35
dirty_positive/dirty_14_7.jpg,train,dirty_positive,1,clean_negative,0.69575022,dirty_positive,0.35
dirty_positive/dirty_14_8.jpg,train,dirty_positive,1,clean_negative,0.69537040,dirty_positive,0.35
dirty_positive/dirty_14_9.jpg,train,dirty_positive,1,clean_negative,0.87799052,dirty_positive,0.35
dirty_positive/dirty_14_10.jpg,train,dirty_positive,1,clean_negative,0.99779926,dirty_positive,0.35
dirty_positive/dirty_14_11.jpg,train,dirty_positive,1,clean_negative,0.99341371,dirty_positive,0.35
dirty_positive/dirty_14_12.jpg,train,dirty_positive,1,clean_negative,0.84869914,dirty_positive,0.35
dirty_positive/dirty_14_13.jpg,train,dirty_positive,1,clean_negative,0.45982310,dirty_positive,0.35
dirty_positive/dirty_14_14.jpg,train,dirty_positive,1,clean_negative,0.89000647,dirty_positive,0.35
dirty_positive/dirty_14_15.jpg,train,dirty_positive,1,clean_negative,0.93097946,dirty_positive,0.35
dirty_positive/dirty_14_16.jpg,train,dirty_positive,1,clean_negative,0.46602647,dirty_positive,0.35
dirty_positive/dirty_14_17.jpg,train,dirty_positive,1,clean_negative,0.69647685,dirty_positive,0.35
dirty_positive/dirty_14_18.jpg,train,dirty_positive,1,clean_negative,0.81387882,dirty_positive,0.35
dirty_positive/dirty_14_19.jpg,train,dirty_positive,1,clean_negative,0.77013475,dirty_positive,0.35
dirty_positive/dirty_14_20.jpg,train,dirty_positive,1,clean_negative,0.95124271,dirty_positive,0.35
dirty_positive/dirty_14_21.jpg,train,dirty_positive,1,clean_negative,0.97599787,dirty_positive,0.35
dirty_positive/dirty_14_22.jpg,train,dirty_positive,1,clean_negative,0.95152844,dirty_positive,0.35
dirty_positive/dirty_14_23.jpg,train,dirty_positive,1,clean_negative,0.97911106,dirty_positive,0.35
dirty_positive/dirty_14_24.jpg,train,dirty_positive,1,clean_negative,0.97196465,dirty_positive,0.35
dirty_positive/dirty_14_25.jpg,train,dirty_positive,1,clean_negative,0.94081447,dirty_positive,0.35
dirty_positive/dirty_14_26.jpg,train,dirty_positive,1,clean_negative,0.95907542,dirty_positive,0.35
dirty_positive/dirty_14_27.jpg,train,dirty_positive,1,clean_negative,0.96398220,dirty_positive,0.35
dirty_positive/dirty_14_28.jpg,train,dirty_positive,1,clean_negative,0.99126508,dirty_positive,0.35
dirty_positive/dirty_14_29.jpg,train,dirty_positive,1,clean_negative,0.99330184,dirty_positive,0.35
dirty_positive/dirty_14_30.jpg,train,dirty_positive,1,clean_negative,0.98842033,dirty_positive,0.35
dirty_positive/dirty_14_31.jpg,train,dirty_positive,1,clean_negative,0.97781689,dirty_positive,0.35
dirty_positive/dirty_14_32.jpg,train,dirty_positive,1,clean_negative,0.99327679,dirty_positive,0.35
dirty_positive/dirty_14_33.jpg,train,dirty_positive,1,clean_negative,0.91970756,dirty_positive,0.35
dirty_positive/dirty_14_34.jpg,train,dirty_positive,1,clean_negative,0.39984580,dirty_positive,0.35
dirty_positive/dirty_14_35.jpg,train,dirty_positive,1,clean_negative,0.96453100,dirty_positive,0.35
dirty_positive/dirty_14_36.jpg,train,dirty_positive,1,clean_negative,0.78894152,dirty_positive,0.35
dirty_positive/dirty_14_37.jpg,train,dirty_positive,1,clean_negative,0.96613138,dirty_positive,0.35
dirty_positive/dirty_14_38.jpg,train,dirty_positive,1,clean_negative,0.86387054,dirty_positive,0.35
dirty_positive/dirty_14_39.jpg,train,dirty_positive,1,clean_negative,0.81498269,dirty_positive,0.35
dirty_positive/dirty_14_40.jpg,train,dirty_positive,1,clean_negative,0.95682663,dirty_positive,0.35
dirty_positive/dirty_14_41.jpg,train,dirty_positive,1,clean_negative,0.54728009,dirty_positive,0.35
dirty_positive/dirty_14_42.jpg,train,dirty_positive,1,clean_negative,0.54924838,dirty_positive,0.35
dirty_positive/dirty_14_43.jpg,train,dirty_positive,1,clean_negative,0.42712168,dirty_positive,0.35
dirty_positive/dirty_14_44.jpg,train,dirty_positive,1,clean_negative,0.28622969,clean_negative,0.35
dirty_positive/dirty_14_45.jpg,train,dirty_positive,1,clean_negative,0.73664635,dirty_positive,0.35
dirty_positive/dirty_14_46.jpg,train,dirty_positive,1,clean_negative,0.68281469,dirty_positive,0.35
dirty_positive/dirty_14_47.jpg,train,dirty_positive,1,clean_negative,0.95765771,dirty_positive,0.35
dirty_positive/dirty_14_48.jpg,train,dirty_positive,1,clean_negative,0.87663337,dirty_positive,0.35
dirty_positive/dirty_14_49.jpg,train,dirty_positive,1,clean_negative,0.97258359,dirty_positive,0.35
dirty_positive/dirty_14_50.jpg,train,dirty_positive,1,clean_negative,0.96135246,dirty_positive,0.35
dirty_positive/dirty_14_51.jpg,train,dirty_positive,1,clean_negative,0.48810658,dirty_positive,0.35
dirty_positive/dirty_14_52.jpg,train,dirty_positive,1,clean_negative,0.62625681,dirty_positive,0.35
dirty_positive/dirty_14_53.jpg,train,dirty_positive,1,clean_negative,0.82282868,dirty_positive,0.35
dirty_positive/dirty_14_54.jpg,train,dirty_positive,1,clean_negative,0.79150301,dirty_positive,0.35
dirty_positive/dirty_14_55.jpg,train,dirty_positive,1,clean_negative,0.36852424,dirty_positive,0.35
dirty_positive/dirty_14_56.jpg,train,dirty_positive,1,clean_negative,0.46455582,dirty_positive,0.35
dirty_positive/dirty_14_57.jpg,train,dirty_positive,1,clean_negative,0.47955059,dirty_positive,0.35
dirty_positive/dirty_14_58.jpg,train,dirty_positive,1,clean_negative,0.26647884,clean_negative,0.35
dirty_positive/dirty_14_59.jpg,train,dirty_positive,1,clean_negative,0.06433512,clean_negative,0.35
dirty_positive/dirty_14_60.jpg,train,dirty_positive,1,clean_negative,0.13062868,clean_negative,0.35
clean_negative/clean_15_1.jpg,train,clean_negative,0,clean_negative,0.01810576,clean_negative,0.35
clean_negative/clean_15_2.jpg,train,clean_negative,0,clean_negative,0.01896595,clean_negative,0.35
clean_negative/clean_15_3.jpg,train,clean_negative,0,clean_negative,0.01798872,clean_negative,0.35
clean_negative/clean_15_4.jpg,train,clean_negative,0,clean_negative,0.23656553,clean_negative,0.35
clean_negative/clean_15_5.jpg,train,clean_negative,0,clean_negative,0.21199432,clean_negative,0.35
clean_negative/clean_15_6.jpg,train,clean_negative,0,clean_negative,0.15481054,clean_negative,0.35
clean_negative/clean_15_7.jpg,train,clean_negative,0,clean_negative,0.16740425,clean_negative,0.35
clean_negative/clean_15_8.jpg,train,clean_negative,0,clean_negative,0.14677484,clean_negative,0.35
clean_negative/clean_15_9.jpg,train,clean_negative,0,clean_negative,0.16653213,clean_negative,0.35
clean_negative/clean_15_10.jpg,train,clean_negative,0,clean_negative,0.25907661,clean_negative,0.35
clean_negative/clean_15_11.jpg,train,clean_negative,0,clean_negative,0.43854310,dirty_positive,0.35
clean_negative/clean_15_12.jpg,train,clean_negative,0,clean_negative,0.47549004,dirty_positive,0.35
clean_negative/clean_15_13.jpg,train,clean_negative,0,clean_negative,0.32417242,clean_negative,0.35
clean_negative/clean_15_14.jpg,train,clean_negative,0,clean_negative,0.16651709,clean_negative,0.35
clean_negative/clean_15_15.jpg,train,clean_negative,0,clean_negative,0.42136071,dirty_positive,0.35
clean_negative/clean_15_16.jpg,train,clean_negative,0,clean_negative,0.44185701,dirty_positive,0.35
clean_negative/clean_15_17.jpg,train,clean_negative,0,clean_negative,0.29723143,clean_negative,0.35
clean_negative/clean_15_18.jpg,train,clean_negative,0,clean_negative,0.52591757,dirty_positive,0.35
clean_negative/clean_15_19.jpg,train,clean_negative,0,clean_negative,0.55845886,dirty_positive,0.35
clean_negative/clean_15_20.jpg,train,clean_negative,0,clean_negative,0.21564055,clean_negative,0.35
clean_negative/clean_15_21.jpg,train,clean_negative,0,clean_negative,0.39558698,dirty_positive,0.35
clean_negative/clean_15_22.jpg,train,clean_negative,0,clean_negative,0.62125699,dirty_positive,0.35
clean_negative/clean_15_23.jpg,train,clean_negative,0,clean_negative,0.62416829,dirty_positive,0.35
clean_negative/clean_15_24.jpg,train,clean_negative,0,clean_negative,0.95654297,dirty_positive,0.35
clean_negative/clean_15_25.jpg,train,clean_negative,0,clean_negative,0.12002491,clean_negative,0.35
clean_negative/clean_15_26.jpg,train,clean_negative,0,clean_negative,0.19991926,clean_negative,0.35
clean_negative/clean_15_27.jpg,train,clean_negative,0,clean_negative,0.34915391,clean_negative,0.35
clean_negative/clean_15_28.jpg,train,clean_negative,0,clean_negative,0.53870693,dirty_positive,0.35
clean_negative/clean_15_29.jpg,train,clean_negative,0,clean_negative,0.94505813,dirty_positive,0.35
clean_negative/clean_15_30.jpg,train,clean_negative,0,clean_negative,0.03996377,clean_negative,0.35
clean_negative/clean_15_31.jpg,train,clean_negative,0,clean_negative,0.06189547,clean_negative,0.35
clean_negative/clean_15_32.jpg,train,clean_negative,0,clean_negative,0.13830206,clean_negative,0.35
clean_negative/clean_15_33.jpg,train,clean_negative,0,clean_negative,0.28215788,clean_negative,0.35
clean_negative/clean_15_34.jpg,train,clean_negative,0,clean_negative,0.49298929,dirty_positive,0.35
clean_negative/clean_15_35.jpg,train,clean_negative,0,clean_negative,0.57865882,dirty_positive,0.35
clean_negative/clean_15_36.jpg,train,clean_negative,0,clean_negative,0.97668799,dirty_positive,0.35
clean_negative/clean_15_37.jpg,train,clean_negative,0,clean_negative,0.00575035,clean_negative,0.35
clean_negative/clean_15_38.jpg,train,clean_negative,0,clean_negative,0.01990688,clean_negative,0.35
clean_negative/clean_15_39.jpg,train,clean_negative,0,clean_negative,0.05890638,clean_negative,0.35
clean_negative/clean_15_40.jpg,train,clean_negative,0,clean_negative,0.16357359,clean_negative,0.35
clean_negative/clean_15_41.jpg,train,clean_negative,0,clean_negative,0.35559437,dirty_positive,0.35
clean_negative/clean_15_42.jpg,train,clean_negative,0,clean_negative,0.28460773,clean_negative,0.35
clean_negative/clean_15_43.jpg,train,clean_negative,0,clean_negative,0.85745040,dirty_positive,0.35
clean_negative/clean_15_44.jpg,train,clean_negative,0,clean_negative,0.05225407,clean_negative,0.35
clean_negative/clean_15_45.jpg,train,clean_negative,0,clean_negative,0.03989444,clean_negative,0.35
clean_negative/clean_15_46.jpg,train,clean_negative,0,clean_negative,0.00695813,clean_negative,0.35
clean_negative/clean_15_47.jpg,train,clean_negative,0,clean_negative,0.00294747,clean_negative,0.35
clean_negative/clean_15_48.jpg,train,clean_negative,0,clean_negative,0.00055912,clean_negative,0.35
clean_negative/clean_15_49.jpg,train,clean_negative,0,clean_negative,0.00012310,clean_negative,0.35
clean_negative/clean_15_50.jpg,train,clean_negative,0,clean_negative,0.09280327,clean_negative,0.35
clean_negative/clean_15_51.jpg,train,clean_negative,0,clean_negative,0.00080868,clean_negative,0.35
clean_negative/clean_15_52.jpg,train,clean_negative,0,clean_negative,0.08381178,clean_negative,0.35
clean_negative/clean_15_53.jpg,train,clean_negative,0,clean_negative,0.23655548,clean_negative,0.35
clean_negative/clean_15_54.jpg,train,clean_negative,0,clean_negative,0.51962521,dirty_positive,0.35
clean_negative/clean_15_55.jpg,train,clean_negative,0,clean_negative,0.73073856,dirty_positive,0.35
clean_negative/clean_15_56.jpg,train,clean_negative,0,clean_negative,0.89720109,dirty_positive,0.35
clean_negative/clean_15_57.jpg,train,clean_negative,0,clean_negative,0.76197992,dirty_positive,0.35
clean_negative/clean_15_58.jpg,train,clean_negative,0,clean_negative,0.04336558,clean_negative,0.35
clean_negative/clean_15_59.jpg,train,clean_negative,0,clean_negative,0.01701708,clean_negative,0.35
clean_negative/clean_15_60.jpg,train,clean_negative,0,clean_negative,0.00380359,clean_negative,0.35
clean_negative/clean_15_61.jpg,train,clean_negative,0,clean_negative,0.00066187,clean_negative,0.35
clean_negative/clean_15_62.jpg,train,clean_negative,0,clean_negative,0.00011062,clean_negative,0.35
clean_negative/clean_15_63.jpg,train,clean_negative,0,clean_negative,0.06594926,clean_negative,0.35
clean_negative/clean_15_64.jpg,train,clean_negative,0,clean_negative,0.19543702,clean_negative,0.35
clean_negative/clean_15_65.jpg,train,clean_negative,0,clean_negative,0.00052447,clean_negative,0.35
clean_negative/clean_15_66.jpg,train,clean_negative,0,clean_negative,0.07906732,clean_negative,0.35
clean_negative/clean_15_67.jpg,train,clean_negative,0,clean_negative,0.18943139,clean_negative,0.35
clean_negative/clean_15_68.jpg,train,clean_negative,0,clean_negative,0.44306945,dirty_positive,0.35
clean_negative/clean_15_69.jpg,train,clean_negative,0,clean_negative,0.64790780,dirty_positive,0.35
clean_negative/clean_15_70.jpg,train,clean_negative,0,clean_negative,0.85130444,dirty_positive,0.35
clean_negative/clean_15_71.jpg,train,clean_negative,0,clean_negative,0.16805424,clean_negative,0.35
clean_negative/clean_15_72.jpg,train,clean_negative,0,clean_negative,0.07188828,clean_negative,0.35
clean_negative/clean_15_73.jpg,train,clean_negative,0,clean_negative,0.03194387,clean_negative,0.35
clean_negative/clean_15_74.jpg,train,clean_negative,0,clean_negative,0.01693490,clean_negative,0.35
clean_negative/clean_15_75.jpg,train,clean_negative,0,clean_negative,0.00578063,clean_negative,0.35
clean_negative/clean_15_76.jpg,train,clean_negative,0,clean_negative,0.00101034,clean_negative,0.35
clean_negative/clean_15_77.jpg,train,clean_negative,0,clean_negative,0.00016829,clean_negative,0.35
clean_negative/clean_15_78.jpg,train,clean_negative,0,clean_negative,0.09163515,clean_negative,0.35
clean_negative/clean_15_79.jpg,train,clean_negative,0,clean_negative,0.27727018,clean_negative,0.35
clean_negative/clean_15_80.jpg,train,clean_negative,0,clean_negative,0.27202348,clean_negative,0.35
clean_negative/clean_15_81.jpg,train,clean_negative,0,clean_negative,0.41168476,dirty_positive,0.35
clean_negative/clean_15_82.jpg,train,clean_negative,0,clean_negative,0.35352131,dirty_positive,0.35
clean_negative/clean_15_83.jpg,train,clean_negative,0,clean_negative,0.28445547,clean_negative,0.35
clean_negative/clean_15_84.jpg,train,clean_negative,0,clean_negative,0.00043838,clean_negative,0.35
clean_negative/clean_15_85.jpg,train,clean_negative,0,clean_negative,0.06180359,clean_negative,0.35
clean_negative/clean_15_86.jpg,train,clean_negative,0,clean_negative,0.16158404,clean_negative,0.35
clean_negative/clean_15_87.jpg,train,clean_negative,0,clean_negative,0.44211653,dirty_positive,0.35
clean_negative/clean_15_88.jpg,train,clean_negative,0,clean_negative,0.61708713,dirty_positive,0.35
clean_negative/clean_15_89.jpg,train,clean_negative,0,clean_negative,0.83315521,dirty_positive,0.35
clean_negative/clean_15_90.jpg,train,clean_negative,0,clean_negative,0.15568487,clean_negative,0.35
clean_negative/clean_15_91.jpg,train,clean_negative,0,clean_negative,0.48083111,dirty_positive,0.35
clean_negative/clean_15_92.jpg,train,clean_negative,0,clean_negative,0.45202005,dirty_positive,0.35
clean_negative/clean_15_93.jpg,train,clean_negative,0,clean_negative,0.35935200,dirty_positive,0.35
clean_negative/clean_15_94.jpg,train,clean_negative,0,clean_negative,0.17937990,clean_negative,0.35
clean_negative/clean_15_95.jpg,train,clean_negative,0,clean_negative,0.10658307,clean_negative,0.35
clean_negative/clean_15_96.jpg,train,clean_negative,0,clean_negative,0.07806956,clean_negative,0.35
clean_negative/clean_15_97.jpg,train,clean_negative,0,clean_negative,0.05682771,clean_negative,0.35
clean_negative/clean_15_98.jpg,train,clean_negative,0,clean_negative,0.02601019,clean_negative,0.35
clean_negative/clean_15_99.jpg,train,clean_negative,0,clean_negative,0.01650100,clean_negative,0.35
clean_negative/clean_15_100.jpg,train,clean_negative,0,clean_negative,0.00386094,clean_negative,0.35
clean_negative/clean_15_101.jpg,train,clean_negative,0,clean_negative,0.00063518,clean_negative,0.35
clean_negative/clean_15_102.jpg,train,clean_negative,0,clean_negative,0.00002015,clean_negative,0.35
dirty_positive/dirty_15_1.jpg,train,dirty_positive,1,clean_negative,0.16412362,clean_negative,0.35
dirty_positive/dirty_15_2.jpg,train,dirty_positive,1,clean_negative,0.22033276,clean_negative,0.35
dirty_positive/dirty_15_3.jpg,train,dirty_positive,1,clean_negative,0.99565722,dirty_positive,0.35
dirty_positive/dirty_15_4.jpg,train,dirty_positive,1,clean_negative,0.59126135,dirty_positive,0.35
dirty_positive/dirty_15_5.jpg,train,dirty_positive,1,clean_negative,0.45351015,dirty_positive,0.35
dirty_positive/dirty_15_6.jpg,train,dirty_positive,1,clean_negative,0.52755725,dirty_positive,0.35
dirty_positive/dirty_15_7.jpg,train,dirty_positive,1,clean_negative,0.51939356,dirty_positive,0.35
dirty_positive/dirty_15_8.jpg,train,dirty_positive,1,clean_negative,0.32008460,clean_negative,0.35
dirty_positive/dirty_15_9.jpg,train,dirty_positive,1,clean_negative,0.75679704,dirty_positive,0.35
dirty_positive/dirty_15_10.jpg,train,dirty_positive,1,clean_negative,0.92279809,dirty_positive,0.35
dirty_positive/dirty_15_11.jpg,train,dirty_positive,1,clean_negative,0.83774805,dirty_positive,0.35
dirty_positive/dirty_15_12.jpg,train,dirty_positive,1,clean_negative,0.99657444,dirty_positive,0.35
dirty_positive/dirty_15_13.jpg,train,dirty_positive,1,clean_negative,0.99053061,dirty_positive,0.35
dirty_positive/dirty_15_14.jpg,train,dirty_positive,1,clean_negative,0.83733118,dirty_positive,0.35
dirty_positive/dirty_15_15.jpg,train,dirty_positive,1,clean_negative,0.98764445,dirty_positive,0.35
dirty_positive/dirty_15_16.jpg,train,dirty_positive,1,clean_negative,0.83826728,dirty_positive,0.35
dirty_positive/dirty_15_17.jpg,train,dirty_positive,1,clean_negative,0.99112051,dirty_positive,0.35
dirty_positive/dirty_15_18.jpg,train,dirty_positive,1,clean_negative,0.99503340,dirty_positive,0.35
dirty_positive/dirty_15_19.jpg,train,dirty_positive,1,clean_negative,0.92030118,dirty_positive,0.35
dirty_positive/dirty_15_20.jpg,train,dirty_positive,1,clean_negative,0.99659080,dirty_positive,0.35
dirty_positive/dirty_15_21.jpg,train,dirty_positive,1,clean_negative,0.98197229,dirty_positive,0.35
dirty_positive/dirty_15_22.jpg,train,dirty_positive,1,clean_negative,0.98714609,dirty_positive,0.35
dirty_positive/dirty_15_23.jpg,train,dirty_positive,1,clean_negative,0.99086193,dirty_positive,0.35
dirty_positive/dirty_15_24.jpg,train,dirty_positive,1,clean_negative,0.99291020,dirty_positive,0.35
dirty_positive/dirty_15_25.jpg,train,dirty_positive,1,clean_negative,0.99372940,dirty_positive,0.35
dirty_positive/dirty_15_26.jpg,train,dirty_positive,1,clean_negative,0.99540722,dirty_positive,0.35
dirty_positive/dirty_15_27.jpg,train,dirty_positive,1,clean_negative,0.99433698,dirty_positive,0.35
dirty_positive/dirty_15_28.jpg,train,dirty_positive,1,clean_negative,0.98691308,dirty_positive,0.35
dirty_positive/dirty_15_29.jpg,train,dirty_positive,1,clean_negative,1.00000000,dirty_positive,0.35
dirty_positive/dirty_15_30.jpg,train,dirty_positive,1,clean_negative,0.99999999,dirty_positive,0.35
dirty_positive/dirty_15_31.jpg,train,dirty_positive,1,clean_negative,1.00000000,dirty_positive,0.35
dirty_positive/dirty_15_32.jpg,train,dirty_positive,1,clean_negative,1.00000000,dirty_positive,0.35
dirty_positive/dirty_15_33.jpg,train,dirty_positive,1,clean_negative,0.88152591,dirty_positive,0.35
dirty_positive/dirty_15_34.jpg,train,dirty_positive,1,clean_negative,0.76443351,dirty_positive,0.35
dirty_positive/dirty_15_35.jpg,train,dirty_positive,1,clean_negative,0.78931982,dirty_positive,0.35
dirty_positive/dirty_15_36.jpg,train,dirty_positive,1,clean_negative,0.79904285,dirty_positive,0.35
dirty_positive/dirty_15_37.jpg,train,dirty_positive,1,clean_negative,0.68207637,dirty_positive,0.35
dirty_positive/dirty_15_38.jpg,train,dirty_positive,1,clean_negative,0.21599471,clean_negative,0.35
dirty_positive/dirty_15_39.jpg,train,dirty_positive,1,clean_negative,0.76582939,dirty_positive,0.35
dirty_positive/dirty_15_40.jpg,train,dirty_positive,1,clean_negative,0.12726886,clean_negative,0.35
dirty_positive/dirty_15_41.jpg,train,dirty_positive,1,clean_negative,0.80209732,dirty_positive,0.35
dirty_positive/dirty_15_42.jpg,train,dirty_positive,1,clean_negative,0.27202846,clean_negative,0.35
dirty_positive/dirty_15_43.jpg,train,dirty_positive,1,clean_negative,0.77157622,dirty_positive,0.35
dirty_positive/dirty_15_44.jpg,train,dirty_positive,1,clean_negative,0.84147696,dirty_positive,0.35
dirty_positive/dirty_15_45.jpg,train,dirty_positive,1,clean_negative,0.93156406,dirty_positive,0.35
dirty_positive/dirty_15_46.jpg,train,dirty_positive,1,clean_negative,0.99210450,dirty_positive,0.35
dirty_positive/dirty_15_47.jpg,train,dirty_positive,1,clean_negative,0.95404874,dirty_positive,0.35
dirty_positive/dirty_15_48.jpg,train,dirty_positive,1,clean_negative,0.96887013,dirty_positive,0.35
dirty_positive/dirty_15_49.jpg,train,dirty_positive,1,clean_negative,0.99301559,dirty_positive,0.35
dirty_positive/dirty_15_50.jpg,train,dirty_positive,1,clean_negative,0.98582615,dirty_positive,0.35
dirty_positive/dirty_15_51.jpg,train,dirty_positive,1,clean_negative,0.90187684,dirty_positive,0.35
dirty_positive/dirty_15_52.jpg,train,dirty_positive,1,clean_negative,0.83384562,dirty_positive,0.35
dirty_positive/dirty_15_53.jpg,train,dirty_positive,1,clean_negative,0.96046834,dirty_positive,0.35
dirty_positive/dirty_15_54.jpg,train,dirty_positive,1,clean_negative,0.96330287,dirty_positive,0.35
dirty_positive/dirty_15_55.jpg,train,dirty_positive,1,clean_negative,0.99465315,dirty_positive,0.35
dirty_positive/dirty_15_56.jpg,train,dirty_positive,1,clean_negative,0.97283439,dirty_positive,0.35
dirty_positive/dirty_15_57.jpg,train,dirty_positive,1,clean_negative,0.82468157,dirty_positive,0.35
dirty_positive/dirty_15_58.jpg,train,dirty_positive,1,clean_negative,0.95364850,dirty_positive,0.35
dirty_positive/dirty_15_59.jpg,train,dirty_positive,1,clean_negative,0.58392510,dirty_positive,0.35
dirty_positive/dirty_15_60.jpg,train,dirty_positive,1,clean_negative,0.89810917,dirty_positive,0.35
dirty_positive/dirty_15_61.jpg,train,dirty_positive,1,clean_negative,0.78945628,dirty_positive,0.35
dirty_positive/dirty_15_62.jpg,train,dirty_positive,1,clean_negative,0.89818766,dirty_positive,0.35
dirty_positive/dirty_15_63.jpg,train,dirty_positive,1,clean_negative,0.64168000,dirty_positive,0.35
dirty_positive/dirty_15_64.jpg,train,dirty_positive,1,clean_negative,0.86356721,dirty_positive,0.35
dirty_positive/dirty_15_65.jpg,train,dirty_positive,1,clean_negative,0.99236612,dirty_positive,0.35
dirty_positive/dirty_15_66.jpg,train,dirty_positive,1,clean_negative,0.20291099,clean_negative,0.35
dirty_positive/dirty_15_67.jpg,train,dirty_positive,1,clean_negative,0.95376320,dirty_positive,0.35
dirty_positive/dirty_15_68.jpg,train,dirty_positive,1,clean_negative,0.15719833,clean_negative,0.35
dirty_positive/dirty_15_69.jpg,train,dirty_positive,1,clean_negative,0.87179413,dirty_positive,0.35
dirty_positive/dirty_15_70.jpg,train,dirty_positive,1,clean_negative,0.99956501,dirty_positive,0.35
dirty_positive/dirty_15_71.jpg,train,dirty_positive,1,clean_negative,0.99997029,dirty_positive,0.35
dirty_positive/dirty_15_72.jpg,train,dirty_positive,1,clean_negative,0.99690967,dirty_positive,0.35
dirty_positive/dirty_15_73.jpg,train,dirty_positive,1,clean_negative,0.53701012,dirty_positive,0.35
dirty_positive/dirty_15_74.jpg,train,dirty_positive,1,clean_negative,0.98929615,dirty_positive,0.35
dirty_positive/dirty_15_75.jpg,train,dirty_positive,1,clean_negative,0.92858573,dirty_positive,0.35
dirty_positive/dirty_15_76.jpg,train,dirty_positive,1,clean_negative,0.93861543,dirty_positive,0.35
dirty_positive/dirty_15_77.jpg,train,dirty_positive,1,clean_negative,0.99325625,dirty_positive,0.35
dirty_positive/dirty_15_78.jpg,train,dirty_positive,1,clean_negative,0.99973593,dirty_positive,0.35
dirty_positive/dirty_15_79.jpg,train,dirty_positive,1,clean_negative,0.99974621,dirty_positive,0.35
dirty_positive/dirty_15_80.jpg,train,dirty_positive,1,clean_negative,0.99997591,dirty_positive,0.35
dirty_positive/dirty_15_81.jpg,train,dirty_positive,1,clean_negative,0.97686117,dirty_positive,0.35
dirty_positive/dirty_15_82.jpg,train,dirty_positive,1,clean_negative,0.99997846,dirty_positive,0.35
dirty_positive/dirty_15_83.jpg,train,dirty_positive,1,clean_negative,0.99964950,dirty_positive,0.35
dirty_positive/dirty_15_84.jpg,train,dirty_positive,1,clean_negative,0.95100142,dirty_positive,0.35
dirty_positive/dirty_15_85.jpg,train,dirty_positive,1,clean_negative,0.63353703,dirty_positive,0.35
dirty_positive/dirty_15_86.jpg,train,dirty_positive,1,clean_negative,0.71711410,dirty_positive,0.35
dirty_positive/dirty_15_87.jpg,train,dirty_positive,1,clean_negative,0.82607408,dirty_positive,0.35
dirty_positive/dirty_15_88.jpg,train,dirty_positive,1,clean_negative,0.68179009,dirty_positive,0.35
dirty_positive/dirty_15_89.jpg,train,dirty_positive,1,clean_negative,0.88857889,dirty_positive,0.35
dirty_positive/dirty_15_90.jpg,train,dirty_positive,1,clean_negative,0.81993958,dirty_positive,0.35
dirty_positive/dirty_15_91.jpg,train,dirty_positive,1,clean_negative,0.91209880,dirty_positive,0.35
dirty_positive/dirty_15_92.jpg,train,dirty_positive,1,clean_negative,0.92101249,dirty_positive,0.35
dirty_positive/dirty_15_93.jpg,train,dirty_positive,1,clean_negative,0.95115478,dirty_positive,0.35
dirty_positive/dirty_15_94.jpg,train,dirty_positive,1,clean_negative,0.81818135,dirty_positive,0.35
dirty_positive/dirty_15_95.jpg,train,dirty_positive,1,clean_negative,0.91897702,dirty_positive,0.35
dirty_positive/dirty_15_96.jpg,train,dirty_positive,1,clean_negative,0.83931555,dirty_positive,0.35
clean_negative/clean_9_1.jpg,validation,clean_negative,0,clean_negative,0.00000434,clean_negative,0.35
clean_negative/clean_9_2.jpg,validation,clean_negative,0,clean_negative,0.00000726,clean_negative,0.35
clean_negative/clean_9_3.jpg,validation,clean_negative,0,clean_negative,0.00002061,clean_negative,0.35
clean_negative/clean_9_4.jpg,validation,clean_negative,0,clean_negative,0.00048134,clean_negative,0.35
clean_negative/clean_9_5.jpg,validation,clean_negative,0,clean_negative,0.00057743,clean_negative,0.35
clean_negative/clean_9_6.jpg,validation,clean_negative,0,clean_negative,0.00805559,clean_negative,0.35
clean_negative/clean_9_7.jpg,validation,clean_negative,0,clean_negative,0.02401970,clean_negative,0.35
clean_negative/clean_9_8.jpg,validation,clean_negative,0,clean_negative,0.02531791,clean_negative,0.35
clean_negative/clean_9_9.jpg,validation,clean_negative,0,clean_negative,0.02438692,clean_negative,0.35
clean_negative/clean_9_10.jpg,validation,clean_negative,0,clean_negative,0.02830491,clean_negative,0.35
clean_negative/clean_9_11.jpg,validation,clean_negative,0,clean_negative,0.02995741,clean_negative,0.35
clean_negative/clean_9_12.jpg,validation,clean_negative,0,clean_negative,0.02591081,clean_negative,0.35
clean_negative/clean_9_13.jpg,validation,clean_negative,0,clean_negative,0.01737368,clean_negative,0.35
clean_negative/clean_9_14.jpg,validation,clean_negative,0,clean_negative,0.01677524,clean_negative,0.35
clean_negative/clean_9_15.jpg,validation,clean_negative,0,clean_negative,0.00898060,clean_negative,0.35
clean_negative/clean_9_16.jpg,validation,clean_negative,0,clean_negative,0.00642142,clean_negative,0.35
clean_negative/clean_9_17.jpg,validation,clean_negative,0,clean_negative,0.00904216,clean_negative,0.35
clean_negative/clean_9_18.jpg,validation,clean_negative,0,clean_negative,0.00737974,clean_negative,0.35
clean_negative/clean_9_19.jpg,validation,clean_negative,0,clean_negative,0.00824237,clean_negative,0.35
clean_negative/clean_9_20.jpg,validation,clean_negative,0,clean_negative,0.00000321,clean_negative,0.35
clean_negative/clean_9_21.jpg,validation,clean_negative,0,clean_negative,0.00000968,clean_negative,0.35
clean_negative/clean_9_22.jpg,validation,clean_negative,0,clean_negative,0.00006635,clean_negative,0.35
clean_negative/clean_9_23.jpg,validation,clean_negative,0,clean_negative,0.00102515,clean_negative,0.35
clean_negative/clean_9_24.jpg,validation,clean_negative,0,clean_negative,0.00198599,clean_negative,0.35
clean_negative/clean_9_25.jpg,validation,clean_negative,0,clean_negative,0.02931118,clean_negative,0.35
clean_negative/clean_9_26.jpg,validation,clean_negative,0,clean_negative,0.37813635,dirty_positive,0.35
clean_negative/clean_9_27.jpg,validation,clean_negative,0,clean_negative,0.21580228,clean_negative,0.35
clean_negative/clean_9_28.jpg,validation,clean_negative,0,clean_negative,0.19093398,clean_negative,0.35
clean_negative/clean_9_29.jpg,validation,clean_negative,0,clean_negative,0.24301269,clean_negative,0.35
clean_negative/clean_9_30.jpg,validation,clean_negative,0,clean_negative,0.25215186,clean_negative,0.35
clean_negative/clean_9_31.jpg,validation,clean_negative,0,clean_negative,0.03666067,clean_negative,0.35
clean_negative/clean_9_32.jpg,validation,clean_negative,0,clean_negative,0.02658453,clean_negative,0.35
clean_negative/clean_9_33.jpg,validation,clean_negative,0,clean_negative,0.01265436,clean_negative,0.35
clean_negative/clean_9_34.jpg,validation,clean_negative,0,clean_negative,0.00482742,clean_negative,0.35
clean_negative/clean_9_35.jpg,validation,clean_negative,0,clean_negative,0.00110501,clean_negative,0.35
clean_negative/clean_9_36.jpg,validation,clean_negative,0,clean_negative,0.00122603,clean_negative,0.35
clean_negative/clean_9_37.jpg,validation,clean_negative,0,clean_negative,0.00154755,clean_negative,0.35
clean_negative/clean_9_38.jpg,validation,clean_negative,0,clean_negative,0.00171199,clean_negative,0.35
clean_negative/clean_9_39.jpg,validation,clean_negative,0,clean_negative,0.00000372,clean_negative,0.35
clean_negative/clean_9_40.jpg,validation,clean_negative,0,clean_negative,0.00001471,clean_negative,0.35
clean_negative/clean_9_41.jpg,validation,clean_negative,0,clean_negative,0.00017599,clean_negative,0.35
clean_negative/clean_9_42.jpg,validation,clean_negative,0,clean_negative,0.00194134,clean_negative,0.35
clean_negative/clean_9_43.jpg,validation,clean_negative,0,clean_negative,0.03528638,clean_negative,0.35
clean_negative/clean_9_44.jpg,validation,clean_negative,0,clean_negative,0.04414688,clean_negative,0.35
clean_negative/clean_9_45.jpg,validation,clean_negative,0,clean_negative,0.23945025,clean_negative,0.35
clean_negative/clean_9_46.jpg,validation,clean_negative,0,clean_negative,0.18798727,clean_negative,0.35
clean_negative/clean_9_47.jpg,validation,clean_negative,0,clean_negative,0.18547541,clean_negative,0.35
clean_negative/clean_9_48.jpg,validation,clean_negative,0,clean_negative,0.15405611,clean_negative,0.35
clean_negative/clean_9_49.jpg,validation,clean_negative,0,clean_negative,0.16877021,clean_negative,0.35
clean_negative/clean_9_50.jpg,validation,clean_negative,0,clean_negative,0.05995668,clean_negative,0.35
clean_negative/clean_9_51.jpg,validation,clean_negative,0,clean_negative,0.03222105,clean_negative,0.35
clean_negative/clean_9_52.jpg,validation,clean_negative,0,clean_negative,0.02227242,clean_negative,0.35
clean_negative/clean_9_53.jpg,validation,clean_negative,0,clean_negative,0.01138437,clean_negative,0.35
clean_negative/clean_9_54.jpg,validation,clean_negative,0,clean_negative,0.00071311,clean_negative,0.35
clean_negative/clean_9_55.jpg,validation,clean_negative,0,clean_negative,0.00075491,clean_negative,0.35
clean_negative/clean_9_56.jpg,validation,clean_negative,0,clean_negative,0.00099841,clean_negative,0.35
clean_negative/clean_9_57.jpg,validation,clean_negative,0,clean_negative,0.00128081,clean_negative,0.35
clean_negative/clean_9_58.jpg,validation,clean_negative,0,clean_negative,0.00002260,clean_negative,0.35
clean_negative/clean_9_59.jpg,validation,clean_negative,0,clean_negative,0.00018903,clean_negative,0.35
clean_negative/clean_9_60.jpg,validation,clean_negative,0,clean_negative,0.00125518,clean_negative,0.35
clean_negative/clean_9_61.jpg,validation,clean_negative,0,clean_negative,0.00517127,clean_negative,0.35
clean_negative/clean_9_62.jpg,validation,clean_negative,0,clean_negative,0.08088576,clean_negative,0.35
clean_negative/clean_9_63.jpg,validation,clean_negative,0,clean_negative,0.03675161,clean_negative,0.35
clean_negative/clean_9_64.jpg,validation,clean_negative,0,clean_negative,0.22868187,clean_negative,0.35
clean_negative/clean_9_65.jpg,validation,clean_negative,0,clean_negative,0.18407452,clean_negative,0.35
clean_negative/clean_9_66.jpg,validation,clean_negative,0,clean_negative,0.23556294,clean_negative,0.35
clean_negative/clean_9_67.jpg,validation,clean_negative,0,clean_negative,0.22607406,clean_negative,0.35
clean_negative/clean_9_68.jpg,validation,clean_negative,0,clean_negative,0.21937268,clean_negative,0.35
clean_negative/clean_9_69.jpg,validation,clean_negative,0,clean_negative,0.18661952,clean_negative,0.35
clean_negative/clean_9_70.jpg,validation,clean_negative,0,clean_negative,0.11172947,clean_negative,0.35
clean_negative/clean_9_71.jpg,validation,clean_negative,0,clean_negative,0.06892343,clean_negative,0.35
clean_negative/clean_9_72.jpg,validation,clean_negative,0,clean_negative,0.04038780,clean_negative,0.35
clean_negative/clean_9_73.jpg,validation,clean_negative,0,clean_negative,0.00082483,clean_negative,0.35
clean_negative/clean_9_74.jpg,validation,clean_negative,0,clean_negative,0.00086247,clean_negative,0.35
clean_negative/clean_9_75.jpg,validation,clean_negative,0,clean_negative,0.00093817,clean_negative,0.35
clean_negative/clean_9_76.jpg,validation,clean_negative,0,clean_negative,0.00098443,clean_negative,0.35
clean_negative/clean_9_77.jpg,validation,clean_negative,0,clean_negative,0.10182898,clean_negative,0.35
clean_negative/clean_9_78.jpg,validation,clean_negative,0,clean_negative,0.11419332,clean_negative,0.35
clean_negative/clean_9_79.jpg,validation,clean_negative,0,clean_negative,0.00049815,clean_negative,0.35
clean_negative/clean_9_80.jpg,validation,clean_negative,0,clean_negative,0.00288407,clean_negative,0.35
clean_negative/clean_9_81.jpg,validation,clean_negative,0,clean_negative,0.01419454,clean_negative,0.35
clean_negative/clean_9_82.jpg,validation,clean_negative,0,clean_negative,0.03787993,clean_negative,0.35
clean_negative/clean_9_83.jpg,validation,clean_negative,0,clean_negative,0.07913536,clean_negative,0.35
clean_negative/clean_9_84.jpg,validation,clean_negative,0,clean_negative,0.09552001,clean_negative,0.35
clean_negative/clean_9_85.jpg,validation,clean_negative,0,clean_negative,0.22484186,clean_negative,0.35
clean_negative/clean_9_86.jpg,validation,clean_negative,0,clean_negative,0.21105057,clean_negative,0.35
clean_negative/clean_9_87.jpg,validation,clean_negative,0,clean_negative,0.29242378,clean_negative,0.35
clean_negative/clean_9_88.jpg,validation,clean_negative,0,clean_negative,0.00574639,clean_negative,0.35
clean_negative/clean_9_89.jpg,validation,clean_negative,0,clean_negative,0.00363661,clean_negative,0.35
clean_negative/clean_9_90.jpg,validation,clean_negative,0,clean_negative,0.00286079,clean_negative,0.35
clean_negative/clean_9_91.jpg,validation,clean_negative,0,clean_negative,0.00213680,clean_negative,0.35
clean_negative/clean_9_92.jpg,validation,clean_negative,0,clean_negative,0.00249562,clean_negative,0.35
clean_negative/clean_9_93.jpg,validation,clean_negative,0,clean_negative,0.22828357,clean_negative,0.35
clean_negative/clean_9_94.jpg,validation,clean_negative,0,clean_negative,0.21209944,clean_negative,0.35
clean_negative/clean_9_95.jpg,validation,clean_negative,0,clean_negative,0.12169926,clean_negative,0.35
clean_negative/clean_9_96.jpg,validation,clean_negative,0,clean_negative,0.20781058,clean_negative,0.35
clean_negative/clean_9_97.jpg,validation,clean_negative,0,clean_negative,0.20998139,clean_negative,0.35
clean_negative/clean_9_98.jpg,validation,clean_negative,0,clean_negative,0.08751982,clean_negative,0.35
clean_negative/clean_9_99.jpg,validation,clean_negative,0,clean_negative,0.03931099,clean_negative,0.35
clean_negative/clean_9_100.jpg,validation,clean_negative,0,clean_negative,0.06072649,clean_negative,0.35
clean_negative/clean_9_101.jpg,validation,clean_negative,0,clean_negative,0.01205765,clean_negative,0.35
clean_negative/clean_9_102.jpg,validation,clean_negative,0,clean_negative,0.00966334,clean_negative,0.35
clean_negative/clean_9_103.jpg,validation,clean_negative,0,clean_negative,0.00569976,clean_negative,0.35
clean_negative/clean_9_104.jpg,validation,clean_negative,0,clean_negative,0.00471649,clean_negative,0.35
clean_negative/clean_9_105.jpg,validation,clean_negative,0,clean_negative,0.00454322,clean_negative,0.35
clean_negative/clean_9_106.jpg,validation,clean_negative,0,clean_negative,0.02774740,clean_negative,0.35
clean_negative/clean_9_107.jpg,validation,clean_negative,0,clean_negative,0.01032606,clean_negative,0.35
clean_negative/clean_9_108.jpg,validation,clean_negative,0,clean_negative,0.01207470,clean_negative,0.35
clean_negative/clean_9_109.jpg,validation,clean_negative,0,clean_negative,0.00660192,clean_negative,0.35
clean_negative/clean_9_110.jpg,validation,clean_negative,0,clean_negative,0.10107674,clean_negative,0.35
clean_negative/clean_9_111.jpg,validation,clean_negative,0,clean_negative,0.00302622,clean_negative,0.35
clean_negative/clean_9_112.jpg,validation,clean_negative,0,clean_negative,0.11257251,clean_negative,0.35
clean_negative/clean_9_113.jpg,validation,clean_negative,0,clean_negative,0.00248203,clean_negative,0.35
clean_negative/clean_9_114.jpg,validation,clean_negative,0,clean_negative,0.19480970,clean_negative,0.35
clean_negative/clean_9_115.jpg,validation,clean_negative,0,clean_negative,0.22444801,clean_negative,0.35
clean_negative/clean_9_116.jpg,validation,clean_negative,0,clean_negative,0.00396635,clean_negative,0.35
clean_negative/clean_9_117.jpg,validation,clean_negative,0,clean_negative,0.00303937,clean_negative,0.35
clean_negative/clean_9_118.jpg,validation,clean_negative,0,clean_negative,0.00405439,clean_negative,0.35
clean_negative/clean_9_119.jpg,validation,clean_negative,0,clean_negative,0.00317780,clean_negative,0.35
clean_negative/clean_9_120.jpg,validation,clean_negative,0,clean_negative,0.29694296,clean_negative,0.35
clean_negative/clean_9_121.jpg,validation,clean_negative,0,clean_negative,0.32806543,clean_negative,0.35
clean_negative/clean_9_122.jpg,validation,clean_negative,0,clean_negative,0.36130043,dirty_positive,0.35
clean_negative/clean_9_123.jpg,validation,clean_negative,0,clean_negative,0.40379522,dirty_positive,0.35
clean_negative/clean_9_124.jpg,validation,clean_negative,0,clean_negative,0.03722812,clean_negative,0.35
clean_negative/clean_9_125.jpg,validation,clean_negative,0,clean_negative,0.04472150,clean_negative,0.35
clean_negative/clean_9_126.jpg,validation,clean_negative,0,clean_negative,0.10357970,clean_negative,0.35
clean_negative/clean_9_127.jpg,validation,clean_negative,0,clean_negative,0.48096785,dirty_positive,0.35
clean_negative/clean_9_128.jpg,validation,clean_negative,0,clean_negative,0.33533795,clean_negative,0.35
clean_negative/clean_9_129.jpg,validation,clean_negative,0,clean_negative,0.30565943,clean_negative,0.35
clean_negative/clean_9_130.jpg,validation,clean_negative,0,clean_negative,0.37097975,dirty_positive,0.35
clean_negative/clean_9_131.jpg,validation,clean_negative,0,clean_negative,0.01473686,clean_negative,0.35
clean_negative/clean_9_132.jpg,validation,clean_negative,0,clean_negative,0.13800042,clean_negative,0.35
clean_negative/clean_9_133.jpg,validation,clean_negative,0,clean_negative,0.25121464,clean_negative,0.35
clean_negative/clean_9_134.jpg,validation,clean_negative,0,clean_negative,0.17754542,clean_negative,0.35
clean_negative/clean_9_135.jpg,validation,clean_negative,0,clean_negative,0.26196252,clean_negative,0.35
clean_negative/clean_9_136.jpg,validation,clean_negative,0,clean_negative,0.33631096,clean_negative,0.35
clean_negative/clean_9_137.jpg,validation,clean_negative,0,clean_negative,0.01297569,clean_negative,0.35
clean_negative/clean_9_138.jpg,validation,clean_negative,0,clean_negative,0.01330959,clean_negative,0.35
clean_negative/clean_9_139.jpg,validation,clean_negative,0,clean_negative,0.02396828,clean_negative,0.35
clean_negative/clean_9_140.jpg,validation,clean_negative,0,clean_negative,0.05294798,clean_negative,0.35
clean_negative/clean_9_141.jpg,validation,clean_negative,0,clean_negative,0.17449944,clean_negative,0.35
clean_negative/clean_9_142.jpg,validation,clean_negative,0,clean_negative,0.10974928,clean_negative,0.35
clean_negative/clean_9_143.jpg,validation,clean_negative,0,clean_negative,0.25411700,clean_negative,0.35
clean_negative/clean_9_144.jpg,validation,clean_negative,0,clean_negative,0.26758550,clean_negative,0.35
clean_negative/clean_9_145.jpg,validation,clean_negative,0,clean_negative,0.01105462,clean_negative,0.35
clean_negative/clean_9_146.jpg,validation,clean_negative,0,clean_negative,0.00890106,clean_negative,0.35
clean_negative/clean_9_147.jpg,validation,clean_negative,0,clean_negative,0.04443243,clean_negative,0.35
clean_negative/clean_9_148.jpg,validation,clean_negative,0,clean_negative,0.04603165,clean_negative,0.35
clean_negative/clean_9_149.jpg,validation,clean_negative,0,clean_negative,0.06784440,clean_negative,0.35
clean_negative/clean_9_150.jpg,validation,clean_negative,0,clean_negative,0.12866023,clean_negative,0.35
clean_negative/clean_9_151.jpg,validation,clean_negative,0,clean_negative,0.13660640,clean_negative,0.35
clean_negative/clean_9_152.jpg,validation,clean_negative,0,clean_negative,0.06590749,clean_negative,0.35
clean_negative/clean_9_153.jpg,validation,clean_negative,0,clean_negative,0.14840781,clean_negative,0.35
clean_negative/clean_9_154.jpg,validation,clean_negative,0,clean_negative,0.12892877,clean_negative,0.35
clean_negative/clean_9_155.jpg,validation,clean_negative,0,clean_negative,0.24715615,clean_negative,0.35
clean_negative/clean_9_156.jpg,validation,clean_negative,0,clean_negative,0.22885262,clean_negative,0.35
clean_negative/clean_9_157.jpg,validation,clean_negative,0,clean_negative,0.01033164,clean_negative,0.35
clean_negative/clean_9_158.jpg,validation,clean_negative,0,clean_negative,0.00736211,clean_negative,0.35
clean_negative/clean_9_159.jpg,validation,clean_negative,0,clean_negative,0.04742931,clean_negative,0.35
clean_negative/clean_9_160.jpg,validation,clean_negative,0,clean_negative,0.05093765,clean_negative,0.35
clean_negative/clean_9_161.jpg,validation,clean_negative,0,clean_negative,0.02482075,clean_negative,0.35
clean_negative/clean_9_162.jpg,validation,clean_negative,0,clean_negative,0.04717947,clean_negative,0.35
clean_negative/clean_9_163.jpg,validation,clean_negative,0,clean_negative,0.03881208,clean_negative,0.35
clean_negative/clean_9_164.jpg,validation,clean_negative,0,clean_negative,0.31561257,clean_negative,0.35
clean_negative/clean_9_165.jpg,validation,clean_negative,0,clean_negative,0.03856583,clean_negative,0.35
clean_negative/clean_9_166.jpg,validation,clean_negative,0,clean_negative,0.09960709,clean_negative,0.35
clean_negative/clean_9_167.jpg,validation,clean_negative,0,clean_negative,0.12322273,clean_negative,0.35
clean_negative/clean_9_168.jpg,validation,clean_negative,0,clean_negative,0.22696555,clean_negative,0.35
clean_negative/clean_9_169.jpg,validation,clean_negative,0,clean_negative,0.19575250,clean_negative,0.35
clean_negative/clean_9_170.jpg,validation,clean_negative,0,clean_negative,0.00062404,clean_negative,0.35
clean_negative/clean_9_171.jpg,validation,clean_negative,0,clean_negative,0.00285109,clean_negative,0.35
clean_negative/clean_9_172.jpg,validation,clean_negative,0,clean_negative,0.01201986,clean_negative,0.35
clean_negative/clean_9_173.jpg,validation,clean_negative,0,clean_negative,0.01741391,clean_negative,0.35
clean_negative/clean_9_174.jpg,validation,clean_negative,0,clean_negative,0.05018776,clean_negative,0.35
clean_negative/clean_9_175.jpg,validation,clean_negative,0,clean_negative,0.05987554,clean_negative,0.35
clean_negative/clean_9_176.jpg,validation,clean_negative,0,clean_negative,0.35008889,dirty_positive,0.35
clean_negative/clean_9_177.jpg,validation,clean_negative,0,clean_negative,0.00395205,clean_negative,0.35
clean_negative/clean_9_178.jpg,validation,clean_negative,0,clean_negative,0.01366336,clean_negative,0.35
clean_negative/clean_9_179.jpg,validation,clean_negative,0,clean_negative,0.02616823,clean_negative,0.35
clean_negative/clean_9_180.jpg,validation,clean_negative,0,clean_negative,0.03689449,clean_negative,0.35
clean_negative/clean_9_181.jpg,validation,clean_negative,0,clean_negative,0.18894757,clean_negative,0.35
clean_negative/clean_9_182.jpg,validation,clean_negative,0,clean_negative,0.05199556,clean_negative,0.35
clean_negative/clean_9_183.jpg,validation,clean_negative,0,clean_negative,0.00014984,clean_negative,0.35
clean_negative/clean_9_184.jpg,validation,clean_negative,0,clean_negative,0.00042431,clean_negative,0.35
clean_negative/clean_9_185.jpg,validation,clean_negative,0,clean_negative,0.00268488,clean_negative,0.35
clean_negative/clean_9_186.jpg,validation,clean_negative,0,clean_negative,0.00965584,clean_negative,0.35
clean_negative/clean_9_187.jpg,validation,clean_negative,0,clean_negative,0.03004752,clean_negative,0.35
clean_negative/clean_9_188.jpg,validation,clean_negative,0,clean_negative,0.12263444,clean_negative,0.35
clean_negative/clean_9_189.jpg,validation,clean_negative,0,clean_negative,0.19408545,clean_negative,0.35
clean_negative/clean_9_190.jpg,validation,clean_negative,0,clean_negative,0.00025513,clean_negative,0.35
clean_negative/clean_9_191.jpg,validation,clean_negative,0,clean_negative,0.01458599,clean_negative,0.35
clean_negative/clean_9_192.jpg,validation,clean_negative,0,clean_negative,0.00781738,clean_negative,0.35
clean_negative/clean_9_193.jpg,validation,clean_negative,0,clean_negative,0.00040949,clean_negative,0.35
clean_negative/clean_9_194.jpg,validation,clean_negative,0,clean_negative,0.00021334,clean_negative,0.35
clean_negative/clean_9_195.jpg,validation,clean_negative,0,clean_negative,0.00032596,clean_negative,0.35
clean_negative/clean_9_196.jpg,validation,clean_negative,0,clean_negative,0.00049153,clean_negative,0.35
clean_negative/clean_9_197.jpg,validation,clean_negative,0,clean_negative,0.00393855,clean_negative,0.35
clean_negative/clean_9_198.jpg,validation,clean_negative,0,clean_negative,0.00788630,clean_negative,0.35
clean_negative/clean_9_199.jpg,validation,clean_negative,0,clean_negative,0.01493429,clean_negative,0.35
clean_negative/clean_9_200.jpg,validation,clean_negative,0,clean_negative,0.09728717,clean_negative,0.35
clean_negative/clean_9_201.jpg,validation,clean_negative,0,clean_negative,0.06817637,clean_negative,0.35
clean_negative/clean_9_202.jpg,validation,clean_negative,0,clean_negative,0.03447492,clean_negative,0.35
clean_negative/clean_9_203.jpg,validation,clean_negative,0,clean_negative,0.01535479,clean_negative,0.35
clean_negative/clean_9_204.jpg,validation,clean_negative,0,clean_negative,0.00129222,clean_negative,0.35
clean_negative/clean_9_205.jpg,validation,clean_negative,0,clean_negative,0.00010427,clean_negative,0.35
clean_negative/clean_9_206.jpg,validation,clean_negative,0,clean_negative,0.00001925,clean_negative,0.35
clean_negative/clean_9_207.jpg,validation,clean_negative,0,clean_negative,0.00002725,clean_negative,0.35
clean_negative/clean_9_208.jpg,validation,clean_negative,0,clean_negative,0.00000192,clean_negative,0.35
clean_negative/clean_9_209.jpg,validation,clean_negative,0,clean_negative,0.00000252,clean_negative,0.35
clean_negative/clean_9_210.jpg,validation,clean_negative,0,clean_negative,0.00001501,clean_negative,0.35
clean_negative/clean_9_211.jpg,validation,clean_negative,0,clean_negative,0.00369950,clean_negative,0.35
clean_negative/clean_9_212.jpg,validation,clean_negative,0,clean_negative,0.02911395,clean_negative,0.35
clean_negative/clean_9_213.jpg,validation,clean_negative,0,clean_negative,0.11082842,clean_negative,0.35
clean_negative/clean_9_214.jpg,validation,clean_negative,0,clean_negative,0.23343847,clean_negative,0.35
clean_negative/clean_9_215.jpg,validation,clean_negative,0,clean_negative,0.30139604,clean_negative,0.35
clean_negative/clean_9_216.jpg,validation,clean_negative,0,clean_negative,0.00133135,clean_negative,0.35
clean_negative/clean_9_217.jpg,validation,clean_negative,0,clean_negative,0.00247733,clean_negative,0.35
clean_negative/clean_9_218.jpg,validation,clean_negative,0,clean_negative,0.00428968,clean_negative,0.35
clean_negative/clean_9_219.jpg,validation,clean_negative,0,clean_negative,0.00560034,clean_negative,0.35
clean_negative/clean_9_220.jpg,validation,clean_negative,0,clean_negative,0.00398665,clean_negative,0.35
clean_negative/clean_9_221.jpg,validation,clean_negative,0,clean_negative,0.00108778,clean_negative,0.35
clean_negative/clean_9_222.jpg,validation,clean_negative,0,clean_negative,0.00059390,clean_negative,0.35
clean_negative/clean_9_223.jpg,validation,clean_negative,0,clean_negative,0.00008832,clean_negative,0.35
clean_negative/clean_9_224.jpg,validation,clean_negative,0,clean_negative,0.00000435,clean_negative,0.35
clean_negative/clean_9_225.jpg,validation,clean_negative,0,clean_negative,0.00000125,clean_negative,0.35
clean_negative/clean_9_226.jpg,validation,clean_negative,0,clean_negative,0.00000169,clean_negative,0.35
clean_negative/clean_9_227.jpg,validation,clean_negative,0,clean_negative,0.00000155,clean_negative,0.35
clean_negative/clean_9_228.jpg,validation,clean_negative,0,clean_negative,0.00000233,clean_negative,0.35
clean_negative/clean_9_229.jpg,validation,clean_negative,0,clean_negative,0.00001268,clean_negative,0.35
clean_negative/clean_9_230.jpg,validation,clean_negative,0,clean_negative,0.00006986,clean_negative,0.35
clean_negative/clean_9_231.jpg,validation,clean_negative,0,clean_negative,0.00004924,clean_negative,0.35
clean_negative/clean_9_232.jpg,validation,clean_negative,0,clean_negative,0.00016049,clean_negative,0.35
clean_negative/clean_9_233.jpg,validation,clean_negative,0,clean_negative,0.00059393,clean_negative,0.35
clean_negative/clean_9_234.jpg,validation,clean_negative,0,clean_negative,0.00075644,clean_negative,0.35
clean_negative/clean_9_235.jpg,validation,clean_negative,0,clean_negative,0.00035725,clean_negative,0.35
clean_negative/clean_9_236.jpg,validation,clean_negative,0,clean_negative,0.00048493,clean_negative,0.35
clean_negative/clean_9_237.jpg,validation,clean_negative,0,clean_negative,0.00050554,clean_negative,0.35
clean_negative/clean_9_238.jpg,validation,clean_negative,0,clean_negative,0.00081481,clean_negative,0.35
clean_negative/clean_9_239.jpg,validation,clean_negative,0,clean_negative,0.00065648,clean_negative,0.35
clean_negative/clean_9_240.jpg,validation,clean_negative,0,clean_negative,0.00004698,clean_negative,0.35
clean_negative/clean_9_241.jpg,validation,clean_negative,0,clean_negative,0.00003644,clean_negative,0.35
clean_negative/clean_9_242.jpg,validation,clean_negative,0,clean_negative,0.00000709,clean_negative,0.35
clean_negative/clean_9_243.jpg,validation,clean_negative,0,clean_negative,0.00001216,clean_negative,0.35
clean_negative/clean_9_244.jpg,validation,clean_negative,0,clean_negative,0.00002660,clean_negative,0.35
clean_negative/clean_9_245.jpg,validation,clean_negative,0,clean_negative,0.00003757,clean_negative,0.35
clean_negative/clean_9_246.jpg,validation,clean_negative,0,clean_negative,0.00004352,clean_negative,0.35
clean_negative/clean_9_247.jpg,validation,clean_negative,0,clean_negative,0.00012506,clean_negative,0.35
clean_negative/clean_9_248.jpg,validation,clean_negative,0,clean_negative,0.00012034,clean_negative,0.35
clean_negative/clean_9_249.jpg,validation,clean_negative,0,clean_negative,0.00015048,clean_negative,0.35
clean_negative/clean_9_250.jpg,validation,clean_negative,0,clean_negative,0.00006226,clean_negative,0.35
clean_negative/clean_9_251.jpg,validation,clean_negative,0,clean_negative,0.00020797,clean_negative,0.35
clean_negative/clean_9_252.jpg,validation,clean_negative,0,clean_negative,0.00073038,clean_negative,0.35
clean_negative/clean_9_253.jpg,validation,clean_negative,0,clean_negative,0.00097576,clean_negative,0.35
dirty_positive/dirty_9_1.jpg,validation,dirty_positive,1,clean_negative,0.96829133,dirty_positive,0.35
dirty_positive/dirty_9_2.jpg,validation,dirty_positive,1,clean_negative,0.83728091,dirty_positive,0.35
dirty_positive/dirty_9_3.jpg,validation,dirty_positive,1,clean_negative,0.11289388,clean_negative,0.35
dirty_positive/dirty_9_4.jpg,validation,dirty_positive,1,clean_negative,0.20120365,clean_negative,0.35
dirty_positive/dirty_9_5.jpg,validation,dirty_positive,1,clean_negative,0.38402754,dirty_positive,0.35
dirty_positive/dirty_9_6.jpg,validation,dirty_positive,1,clean_negative,0.93499073,dirty_positive,0.35
dirty_positive/dirty_9_7.jpg,validation,dirty_positive,1,clean_negative,0.24720396,clean_negative,0.35
dirty_positive/dirty_9_8.jpg,validation,dirty_positive,1,clean_negative,0.38596917,dirty_positive,0.35
dirty_positive/dirty_9_9.jpg,validation,dirty_positive,1,clean_negative,0.25443861,clean_negative,0.35
dirty_positive/dirty_9_10.jpg,validation,dirty_positive,1,clean_negative,0.17395041,clean_negative,0.35
dirty_positive/dirty_9_11.jpg,validation,dirty_positive,1,clean_negative,0.19930100,clean_negative,0.35
dirty_positive/dirty_9_12.jpg,validation,dirty_positive,1,clean_negative,0.28654202,clean_negative,0.35
dirty_positive/dirty_9_13.jpg,validation,dirty_positive,1,clean_negative,0.21787457,clean_negative,0.35
dirty_positive/dirty_9_14.jpg,validation,dirty_positive,1,clean_negative,0.33222171,clean_negative,0.35
dirty_positive/dirty_9_15.jpg,validation,dirty_positive,1,clean_negative,0.29370818,clean_negative,0.35
dirty_positive/dirty_9_16.jpg,validation,dirty_positive,1,clean_negative,0.18839783,clean_negative,0.35
dirty_positive/dirty_9_17.jpg,validation,dirty_positive,1,clean_negative,0.93006873,dirty_positive,0.35
dirty_positive/dirty_9_18.jpg,validation,dirty_positive,1,clean_negative,0.93429151,dirty_positive,0.35
dirty_positive/dirty_9_19.jpg,validation,dirty_positive,1,clean_negative,0.83417543,dirty_positive,0.35
dirty_positive/dirty_9_20.jpg,validation,dirty_positive,1,clean_negative,0.92773108,dirty_positive,0.35
dirty_positive/dirty_9_21.jpg,validation,dirty_positive,1,clean_negative,0.90827471,dirty_positive,0.35
dirty_positive/dirty_9_22.jpg,validation,dirty_positive,1,clean_negative,0.92948610,dirty_positive,0.35
dirty_positive/dirty_9_23.jpg,validation,dirty_positive,1,clean_negative,0.86599591,dirty_positive,0.35
dirty_positive/dirty_9_24.jpg,validation,dirty_positive,1,clean_negative,0.94565719,dirty_positive,0.35
dirty_positive/dirty_9_25.jpg,validation,dirty_positive,1,clean_negative,0.27177779,clean_negative,0.35
dirty_positive/dirty_9_26.jpg,validation,dirty_positive,1,clean_negative,0.82185643,dirty_positive,0.35
dirty_positive/dirty_9_27.jpg,validation,dirty_positive,1,clean_negative,0.78982439,dirty_positive,0.35
dirty_positive/dirty_9_28.jpg,validation,dirty_positive,1,clean_negative,0.81410735,dirty_positive,0.35
dirty_positive/dirty_9_29.jpg,validation,dirty_positive,1,clean_negative,0.20217584,clean_negative,0.35
dirty_positive/dirty_9_30.jpg,validation,dirty_positive,1,clean_negative,0.13942734,clean_negative,0.35
dirty_positive/dirty_9_31.jpg,validation,dirty_positive,1,clean_negative,0.32527330,clean_negative,0.35
dirty_positive/dirty_9_32.jpg,validation,dirty_positive,1,clean_negative,0.24719829,clean_negative,0.35
dirty_positive/dirty_9_33.jpg,validation,dirty_positive,1,clean_negative,0.92636363,dirty_positive,0.35
dirty_positive/dirty_9_34.jpg,validation,dirty_positive,1,clean_negative,0.81247035,dirty_positive,0.35
dirty_positive/dirty_9_35.jpg,validation,dirty_positive,1,clean_negative,0.85881125,dirty_positive,0.35
dirty_positive/dirty_9_36.jpg,validation,dirty_positive,1,clean_negative,0.87575363,dirty_positive,0.35
dirty_positive/dirty_9_37.jpg,validation,dirty_positive,1,clean_negative,0.16992235,clean_negative,0.35
dirty_positive/dirty_9_38.jpg,validation,dirty_positive,1,clean_negative,0.26267632,clean_negative,0.35
dirty_positive/dirty_9_39.jpg,validation,dirty_positive,1,clean_negative,0.20918399,clean_negative,0.35
dirty_positive/dirty_9_40.jpg,validation,dirty_positive,1,clean_negative,0.16630686,clean_negative,0.35
dirty_positive/dirty_9_41.jpg,validation,dirty_positive,1,clean_negative,0.44967026,dirty_positive,0.35
dirty_positive/dirty_9_42.jpg,validation,dirty_positive,1,clean_negative,0.89465183,dirty_positive,0.35
dirty_positive/dirty_9_43.jpg,validation,dirty_positive,1,clean_negative,0.48175602,dirty_positive,0.35
dirty_positive/dirty_9_44.jpg,validation,dirty_positive,1,clean_negative,0.53708871,dirty_positive,0.35
dirty_positive/dirty_9_45.jpg,validation,dirty_positive,1,clean_negative,0.78340496,dirty_positive,0.35
dirty_positive/dirty_9_46.jpg,validation,dirty_positive,1,clean_negative,0.03437045,clean_negative,0.35
dirty_positive/dirty_9_47.jpg,validation,dirty_positive,1,clean_negative,0.03960935,clean_negative,0.35
dirty_positive/dirty_9_48.jpg,validation,dirty_positive,1,clean_negative,0.02344826,clean_negative,0.35
dirty_positive/dirty_9_49.jpg,validation,dirty_positive,1,clean_negative,0.08034018,clean_negative,0.35
dirty_positive/dirty_9_50.jpg,validation,dirty_positive,1,clean_negative,0.13431288,clean_negative,0.35
dirty_positive/dirty_9_51.jpg,validation,dirty_positive,1,clean_negative,0.04849151,clean_negative,0.35
dirty_positive/dirty_9_52.jpg,validation,dirty_positive,1,clean_negative,0.10779974,clean_negative,0.35
clean_negative/clean_11_1.jpg,test,clean_negative,0,clean_negative,0.26907269,clean_negative,0.35
clean_negative/clean_11_2.jpg,test,clean_negative,0,clean_negative,0.34129559,clean_negative,0.35
clean_negative/clean_11_3.jpg,test,clean_negative,0,clean_negative,0.38680014,dirty_positive,0.35
clean_negative/clean_11_4.jpg,test,clean_negative,0,clean_negative,0.58969731,dirty_positive,0.35
clean_negative/clean_11_5.jpg,test,clean_negative,0,clean_negative,0.74197086,dirty_positive,0.35
clean_negative/clean_11_6.jpg,test,clean_negative,0,clean_negative,0.73125152,dirty_positive,0.35
clean_negative/clean_11_7.jpg,test,clean_negative,0,clean_negative,0.62925852,dirty_positive,0.35
clean_negative/clean_11_8.jpg,test,clean_negative,0,clean_negative,0.47643958,dirty_positive,0.35
clean_negative/clean_11_9.jpg,test,clean_negative,0,clean_negative,0.09365572,clean_negative,0.35
clean_negative/clean_11_10.jpg,test,clean_negative,0,clean_negative,0.01859474,clean_negative,0.35
clean_negative/clean_11_11.jpg,test,clean_negative,0,clean_negative,0.00442787,clean_negative,0.35
clean_negative/clean_11_12.jpg,test,clean_negative,0,clean_negative,0.00076325,clean_negative,0.35
clean_negative/clean_11_13.jpg,test,clean_negative,0,clean_negative,0.26952736,clean_negative,0.35
clean_negative/clean_11_14.jpg,test,clean_negative,0,clean_negative,0.44574191,dirty_positive,0.35
clean_negative/clean_11_15.jpg,test,clean_negative,0,clean_negative,0.45746773,dirty_positive,0.35
clean_negative/clean_11_16.jpg,test,clean_negative,0,clean_negative,0.36446778,dirty_positive,0.35
clean_negative/clean_11_17.jpg,test,clean_negative,0,clean_negative,0.04395973,clean_negative,0.35
clean_negative/clean_11_18.jpg,test,clean_negative,0,clean_negative,0.01149037,clean_negative,0.35
clean_negative/clean_11_19.jpg,test,clean_negative,0,clean_negative,0.00244438,clean_negative,0.35
clean_negative/clean_11_20.jpg,test,clean_negative,0,clean_negative,0.00041665,clean_negative,0.35
clean_negative/clean_11_21.jpg,test,clean_negative,0,clean_negative,0.52513067,dirty_positive,0.35
clean_negative/clean_11_22.jpg,test,clean_negative,0,clean_negative,0.49623814,dirty_positive,0.35
clean_negative/clean_11_23.jpg,test,clean_negative,0,clean_negative,0.61106454,dirty_positive,0.35
clean_negative/clean_11_24.jpg,test,clean_negative,0,clean_negative,0.56815506,dirty_positive,0.35
clean_negative/clean_11_25.jpg,test,clean_negative,0,clean_negative,0.39997502,dirty_positive,0.35
clean_negative/clean_11_26.jpg,test,clean_negative,0,clean_negative,0.36274724,dirty_positive,0.35
clean_negative/clean_11_27.jpg,test,clean_negative,0,clean_negative,0.37677790,dirty_positive,0.35
clean_negative/clean_11_28.jpg,test,clean_negative,0,clean_negative,0.77016981,dirty_positive,0.35
clean_negative/clean_11_29.jpg,test,clean_negative,0,clean_negative,0.53318678,dirty_positive,0.35
clean_negative/clean_11_30.jpg,test,clean_negative,0,clean_negative,0.46489751,dirty_positive,0.35
clean_negative/clean_11_31.jpg,test,clean_negative,0,clean_negative,0.23605045,clean_negative,0.35
clean_negative/clean_11_32.jpg,test,clean_negative,0,clean_negative,0.22162631,clean_negative,0.35
clean_negative/clean_11_33.jpg,test,clean_negative,0,clean_negative,0.25955506,clean_negative,0.35
clean_negative/clean_11_34.jpg,test,clean_negative,0,clean_negative,0.28123104,clean_negative,0.35
clean_negative/clean_11_35.jpg,test,clean_negative,0,clean_negative,0.47670039,dirty_positive,0.35
clean_negative/clean_11_36.jpg,test,clean_negative,0,clean_negative,0.25815958,clean_negative,0.35
clean_negative/clean_11_37.jpg,test,clean_negative,0,clean_negative,0.16454840,clean_negative,0.35
clean_negative/clean_11_38.jpg,test,clean_negative,0,clean_negative,0.17623937,clean_negative,0.35
clean_negative/clean_11_39.jpg,test,clean_negative,0,clean_negative,0.09725370,clean_negative,0.35
clean_negative/clean_11_40.jpg,test,clean_negative,0,clean_negative,0.08941561,clean_negative,0.35
clean_negative/clean_11_41.jpg,test,clean_negative,0,clean_negative,0.50674341,dirty_positive,0.35
clean_negative/clean_11_42.jpg,test,clean_negative,0,clean_negative,0.26285898,clean_negative,0.35
clean_negative/clean_11_43.jpg,test,clean_negative,0,clean_negative,0.17466494,clean_negative,0.35
clean_negative/clean_11_44.jpg,test,clean_negative,0,clean_negative,0.14645904,clean_negative,0.35
clean_negative/clean_11_45.jpg,test,clean_negative,0,clean_negative,0.05623408,clean_negative,0.35
clean_negative/clean_11_46.jpg,test,clean_negative,0,clean_negative,0.01848406,clean_negative,0.35
clean_negative/clean_11_47.jpg,test,clean_negative,0,clean_negative,0.00049262,clean_negative,0.35
clean_negative/clean_11_48.jpg,test,clean_negative,0,clean_negative,0.02035910,clean_negative,0.35
clean_negative/clean_11_49.jpg,test,clean_negative,0,clean_negative,0.00478337,clean_negative,0.35
clean_negative/clean_11_50.jpg,test,clean_negative,0,clean_negative,0.00243266,clean_negative,0.35
clean_negative/clean_11_51.jpg,test,clean_negative,0,clean_negative,0.00315533,clean_negative,0.35
clean_negative/clean_11_52.jpg,test,clean_negative,0,clean_negative,0.02033546,clean_negative,0.35
clean_negative/clean_11_53.jpg,test,clean_negative,0,clean_negative,0.00650883,clean_negative,0.35
clean_negative/clean_11_54.jpg,test,clean_negative,0,clean_negative,0.00164695,clean_negative,0.35
clean_negative/clean_11_55.jpg,test,clean_negative,0,clean_negative,0.00067364,clean_negative,0.35
clean_negative/clean_11_56.jpg,test,clean_negative,0,clean_negative,0.00036173,clean_negative,0.35
clean_negative/clean_11_57.jpg,test,clean_negative,0,clean_negative,0.04695691,clean_negative,0.35
clean_negative/clean_11_58.jpg,test,clean_negative,0,clean_negative,0.01754572,clean_negative,0.35
clean_negative/clean_11_59.jpg,test,clean_negative,0,clean_negative,0.00112992,clean_negative,0.35
clean_negative/clean_11_60.jpg,test,clean_negative,0,clean_negative,0.00083151,clean_negative,0.35
clean_negative/clean_11_61.jpg,test,clean_negative,0,clean_negative,0.00031071,clean_negative,0.35
clean_negative/clean_11_62.jpg,test,clean_negative,0,clean_negative,0.00661782,clean_negative,0.35
clean_negative/clean_11_63.jpg,test,clean_negative,0,clean_negative,0.00140815,clean_negative,0.35
clean_negative/clean_11_64.jpg,test,clean_negative,0,clean_negative,0.00070861,clean_negative,0.35
clean_negative/clean_11_65.jpg,test,clean_negative,0,clean_negative,0.00013886,clean_negative,0.35
clean_negative/clean_11_66.jpg,test,clean_negative,0,clean_negative,0.00005876,clean_negative,0.35
dirty_positive/dirty_11_1.jpg,test,dirty_positive,1,clean_negative,0.90206672,dirty_positive,0.35
dirty_positive/dirty_11_2.jpg,test,dirty_positive,1,clean_negative,0.95403260,dirty_positive,0.35
dirty_positive/dirty_11_3.jpg,test,dirty_positive,1,clean_negative,0.82434517,dirty_positive,0.35
dirty_positive/dirty_11_4.jpg,test,dirty_positive,1,clean_negative,0.79874943,dirty_positive,0.35
dirty_positive/dirty_11_5.jpg,test,dirty_positive,1,clean_negative,0.88354944,dirty_positive,0.35
dirty_positive/dirty_11_6.jpg,test,dirty_positive,1,clean_negative,0.83440818,dirty_positive,0.35
dirty_positive/dirty_11_7.jpg,test,dirty_positive,1,clean_negative,0.84063447,dirty_positive,0.35
dirty_positive/dirty_11_8.jpg,test,dirty_positive,1,clean_negative,0.91188346,dirty_positive,0.35
dirty_positive/dirty_11_9.jpg,test,dirty_positive,1,clean_negative,0.91032931,dirty_positive,0.35
dirty_positive/dirty_11_10.jpg,test,dirty_positive,1,clean_negative,0.99620493,dirty_positive,0.35
dirty_positive/dirty_11_11.jpg,test,dirty_positive,1,clean_negative,0.99846819,dirty_positive,0.35
dirty_positive/dirty_11_12.jpg,test,dirty_positive,1,clean_negative,0.75667804,dirty_positive,0.35
dirty_positive/dirty_11_13.jpg,test,dirty_positive,1,clean_negative,0.94852039,dirty_positive,0.35
dirty_positive/dirty_11_14.jpg,test,dirty_positive,1,clean_negative,0.97660312,dirty_positive,0.35
dirty_positive/dirty_11_15.jpg,test,dirty_positive,1,clean_negative,0.84786273,dirty_positive,0.35
dirty_positive/dirty_11_16.jpg,test,dirty_positive,1,clean_negative,0.93429657,dirty_positive,0.35
dirty_positive/dirty_11_17.jpg,test,dirty_positive,1,clean_negative,0.99957632,dirty_positive,0.35
dirty_positive/dirty_11_18.jpg,test,dirty_positive,1,clean_negative,0.99680657,dirty_positive,0.35
dirty_positive/dirty_11_19.jpg,test,dirty_positive,1,clean_negative,0.99606462,dirty_positive,0.35
dirty_positive/dirty_11_20.jpg,test,dirty_positive,1,clean_negative,0.99196541,dirty_positive,0.35
dirty_positive/dirty_11_21.jpg,test,dirty_positive,1,clean_negative,0.94381507,dirty_positive,0.35
dirty_positive/dirty_11_22.jpg,test,dirty_positive,1,clean_negative,0.94436459,dirty_positive,0.35
dirty_positive/dirty_11_23.jpg,test,dirty_positive,1,clean_negative,0.98234844,dirty_positive,0.35
dirty_positive/dirty_11_24.jpg,test,dirty_positive,1,clean_negative,0.96371448,dirty_positive,0.35
dirty_positive/dirty_11_25.jpg,test,dirty_positive,1,clean_negative,0.78843368,dirty_positive,0.35
dirty_positive/dirty_11_26.jpg,test,dirty_positive,1,clean_negative,0.80624487,dirty_positive,0.35
dirty_positive/dirty_11_27.jpg,test,dirty_positive,1,clean_negative,0.42697084,dirty_positive,0.35
dirty_positive/dirty_11_28.jpg,test,dirty_positive,1,clean_negative,0.83938291,dirty_positive,0.35
dirty_positive/dirty_11_29.jpg,test,dirty_positive,1,clean_negative,0.70448800,dirty_positive,0.35
dirty_positive/dirty_11_30.jpg,test,dirty_positive,1,clean_negative,0.83275098,dirty_positive,0.35
dirty_positive/dirty_11_31.jpg,test,dirty_positive,1,clean_negative,0.58139802,dirty_positive,0.35
dirty_positive/dirty_11_32.jpg,test,dirty_positive,1,clean_negative,0.77094599,dirty_positive,0.35
dirty_positive/dirty_11_33.jpg,test,dirty_positive,1,clean_negative,0.99901494,dirty_positive,0.35
dirty_positive/dirty_11_34.jpg,test,dirty_positive,1,clean_negative,0.99541958,dirty_positive,0.35
dirty_positive/dirty_11_35.jpg,test,dirty_positive,1,clean_negative,0.99028057,dirty_positive,0.35
dirty_positive/dirty_11_36.jpg,test,dirty_positive,1,clean_negative,0.99913743,dirty_positive,0.35
dirty_positive/dirty_11_37.jpg,test,dirty_positive,1,clean_negative,0.64804835,dirty_positive,0.35
dirty_positive/dirty_11_38.jpg,test,dirty_positive,1,clean_negative,0.25155939,clean_negative,0.35
dirty_positive/dirty_11_39.jpg,test,dirty_positive,1,clean_negative,0.83249991,dirty_positive,0.35
dirty_positive/dirty_11_40.jpg,test,dirty_positive,1,clean_negative,0.83466836,dirty_positive,0.35
dirty_positive/dirty_11_41.jpg,test,dirty_positive,1,clean_negative,0.77124470,dirty_positive,0.35
dirty_positive/dirty_11_42.jpg,test,dirty_positive,1,clean_negative,0.75766478,dirty_positive,0.35
dirty_positive/dirty_11_43.jpg,test,dirty_positive,1,clean_negative,0.63241312,dirty_positive,0.35
dirty_positive/dirty_11_44.jpg,test,dirty_positive,1,clean_negative,0.81219561,dirty_positive,0.35
dirty_positive/dirty_11_45.jpg,test,dirty_positive,1,clean_negative,0.87659474,dirty_positive,0.35
dirty_positive/dirty_11_46.jpg,test,dirty_positive,1,clean_negative,0.94588378,dirty_positive,0.35
dirty_positive/dirty_11_47.jpg,test,dirty_positive,1,clean_negative,0.87959063,dirty_positive,0.35
dirty_positive/dirty_11_48.jpg,test,dirty_positive,1,clean_negative,0.92934112,dirty_positive,0.35
dirty_positive/dirty_11_49.jpg,test,dirty_positive,1,clean_negative,0.99313592,dirty_positive,0.35
dirty_positive/dirty_11_50.jpg,test,dirty_positive,1,clean_negative,0.99324417,dirty_positive,0.35
dirty_positive/dirty_11_51.jpg,test,dirty_positive,1,clean_negative,0.98728017,dirty_positive,0.35
dirty_positive/dirty_11_52.jpg,test,dirty_positive,1,clean_negative,0.98843057,dirty_positive,0.35
dirty_positive/dirty_11_53.jpg,test,dirty_positive,1,clean_negative,0.99994621,dirty_positive,0.35
dirty_positive/dirty_11_54.jpg,test,dirty_positive,1,clean_negative,0.99663199,dirty_positive,0.35
dirty_positive/dirty_11_55.jpg,test,dirty_positive,1,clean_negative,0.99998141,dirty_positive,0.35
dirty_positive/dirty_11_56.jpg,test,dirty_positive,1,clean_negative,0.98921924,dirty_positive,0.35
dirty_positive/dirty_11_57.jpg,test,dirty_positive,1,clean_negative,0.60688447,dirty_positive,0.35
dirty_positive/dirty_11_58.jpg,test,dirty_positive,1,clean_negative,0.41430699,dirty_positive,0.35
dirty_positive/dirty_11_59.jpg,test,dirty_positive,1,clean_negative,0.56953858,dirty_positive,0.35
dirty_positive/dirty_11_60.jpg,test,dirty_positive,1,clean_negative,0.70308262,dirty_positive,0.35
dirty_positive/dirty_11_61.jpg,test,dirty_positive,1,clean_negative,0.98843057,dirty_positive,0.35
dirty_positive/dirty_11_62.jpg,test,dirty_positive,1,clean_negative,0.98824016,dirty_positive,0.35
dirty_positive/dirty_11_63.jpg,test,dirty_positive,1,clean_negative,0.98824381,dirty_positive,0.35
dirty_positive/dirty_11_64.jpg,test,dirty_positive,1,clean_negative,0.99973259,dirty_positive,0.35
dirty_positive/dirty_11_65.jpg,test,dirty_positive,1,clean_negative,0.89969522,dirty_positive,0.35
dirty_positive/dirty_11_66.jpg,test,dirty_positive,1,clean_negative,0.74409879,dirty_positive,0.35
dirty_positive/dirty_11_67.jpg,test,dirty_positive,1,clean_negative,0.89768091,dirty_positive,0.35
dirty_positive/dirty_11_68.jpg,test,dirty_positive,1,clean_negative,0.61994926,dirty_positive,0.35
dirty_positive/dirty_11_69.jpg,test,dirty_positive,1,clean_negative,0.99643053,dirty_positive,0.35
dirty_positive/dirty_11_70.jpg,test,dirty_positive,1,clean_negative,0.95004759,dirty_positive,0.35
dirty_positive/dirty_11_71.jpg,test,dirty_positive,1,clean_negative,0.97446117,dirty_positive,0.35
dirty_positive/dirty_11_72.jpg,test,dirty_positive,1,clean_negative,0.99562110,dirty_positive,0.35
dirty_positive/dirty_11_73.jpg,test,dirty_positive,1,clean_negative,0.99480672,dirty_positive,0.35
dirty_positive/dirty_11_74.jpg,test,dirty_positive,1,clean_negative,0.98908938,dirty_positive,0.35
dirty_positive/dirty_11_75.jpg,test,dirty_positive,1,clean_negative,0.98718801,dirty_positive,0.35
dirty_positive/dirty_11_76.jpg,test,dirty_positive,1,clean_negative,0.98890497,dirty_positive,0.35
dirty_positive/dirty_11_77.jpg,test,dirty_positive,1,clean_negative,0.98227730,dirty_positive,0.35
dirty_positive/dirty_11_78.jpg,test,dirty_positive,1,clean_negative,0.98237811,dirty_positive,0.35
dirty_positive/dirty_11_79.jpg,test,dirty_positive,1,clean_negative,0.96355546,dirty_positive,0.35
dirty_positive/dirty_11_80.jpg,test,dirty_positive,1,clean_negative,0.97762146,dirty_positive,0.35
dirty_positive/dirty_11_81.jpg,test,dirty_positive,1,clean_negative,0.97158180,dirty_positive,0.35
dirty_positive/dirty_11_82.jpg,test,dirty_positive,1,clean_negative,0.99032766,dirty_positive,0.35
dirty_positive/dirty_11_83.jpg,test,dirty_positive,1,clean_negative,0.95643627,dirty_positive,0.35
dirty_positive/dirty_11_84.jpg,test,dirty_positive,1,clean_negative,0.98801140,dirty_positive,0.35
dirty_positive/dirty_11_85.jpg,test,dirty_positive,1,clean_negative,0.43515278,dirty_positive,0.35
dirty_positive/dirty_11_86.jpg,test,dirty_positive,1,clean_negative,0.55816745,dirty_positive,0.35
dirty_positive/dirty_11_87.jpg,test,dirty_positive,1,clean_negative,0.63559694,dirty_positive,0.35
dirty_positive/dirty_11_88.jpg,test,dirty_positive,1,clean_negative,0.68372504,dirty_positive,0.35
dirty_positive/dirty_11_89.jpg,test,dirty_positive,1,clean_negative,0.98826813,dirty_positive,0.35
dirty_positive/dirty_11_90.jpg,test,dirty_positive,1,clean_negative,0.98573994,dirty_positive,0.35
dirty_positive/dirty_11_91.jpg,test,dirty_positive,1,clean_negative,0.91840848,dirty_positive,0.35
dirty_positive/dirty_11_92.jpg,test,dirty_positive,1,clean_negative,0.98912070,dirty_positive,0.35
dirty_positive/dirty_11_93.jpg,test,dirty_positive,1,clean_negative,0.35450815,dirty_positive,0.35
dirty_positive/dirty_11_94.jpg,test,dirty_positive,1,clean_negative,0.90160251,dirty_positive,0.35
dirty_positive/dirty_11_95.jpg,test,dirty_positive,1,clean_negative,0.99566765,dirty_positive,0.35
dirty_positive/dirty_11_96.jpg,test,dirty_positive,1,clean_negative,0.99792758,dirty_positive,0.35
dirty_positive/dirty_11_97.jpg,test,dirty_positive,1,clean_negative,0.99831696,dirty_positive,0.35
dirty_positive/dirty_11_98.jpg,test,dirty_positive,1,clean_negative,0.43115624,dirty_positive,0.35
dirty_positive/dirty_11_99.jpg,test,dirty_positive,1,clean_negative,0.99470554,dirty_positive,0.35
dirty_positive/dirty_11_100.jpg,test,dirty_positive,1,clean_negative,0.99628406,dirty_positive,0.35
dirty_positive/dirty_11_101.jpg,test,dirty_positive,1,clean_negative,0.16758332,clean_negative,0.35
dirty_positive/dirty_11_102.jpg,test,dirty_positive,1,clean_negative,0.65919296,dirty_positive,0.35
dirty_positive/dirty_11_103.jpg,test,dirty_positive,1,clean_negative,0.22052244,clean_negative,0.35
dirty_positive/dirty_11_104.jpg,test,dirty_positive,1,clean_negative,0.10118886,clean_negative,0.35
dirty_positive/dirty_11_105.jpg,test,dirty_positive,1,clean_negative,0.94570927,dirty_positive,0.35
dirty_positive/dirty_11_106.jpg,test,dirty_positive,1,clean_negative,0.97309953,dirty_positive,0.35
dirty_positive/dirty_11_107.jpg,test,dirty_positive,1,clean_negative,0.99062313,dirty_positive,0.35
dirty_positive/dirty_11_108.jpg,test,dirty_positive,1,clean_negative,0.94156771,dirty_positive,0.35
dirty_positive/dirty_11_109.jpg,test,dirty_positive,1,clean_negative,0.97539728,dirty_positive,0.35
dirty_positive/dirty_11_110.jpg,test,dirty_positive,1,clean_negative,0.98691011,dirty_positive,0.35
dirty_positive/dirty_11_111.jpg,test,dirty_positive,1,clean_negative,0.99873030,dirty_positive,0.35
dirty_positive/dirty_11_112.jpg,test,dirty_positive,1,clean_negative,0.99297671,dirty_positive,0.35
dirty_positive/dirty_11_113.jpg,test,dirty_positive,1,clean_negative,0.99302711,dirty_positive,0.35
dirty_positive/dirty_11_114.jpg,test,dirty_positive,1,clean_negative,0.99325480,dirty_positive,0.35
dirty_positive/dirty_11_115.jpg,test,dirty_positive,1,clean_negative,0.99854716,dirty_positive,0.35
dirty_positive/dirty_11_116.jpg,test,dirty_positive,1,clean_negative,0.99997659,dirty_positive,0.35
dirty_positive/dirty_11_117.jpg,test,dirty_positive,1,clean_negative,0.04093406,clean_negative,0.35
dirty_positive/dirty_11_118.jpg,test,dirty_positive,1,clean_negative,0.04229966,clean_negative,0.35
dirty_positive/dirty_11_119.jpg,test,dirty_positive,1,clean_negative,0.01486385,clean_negative,0.35
dirty_positive/dirty_11_120.jpg,test,dirty_positive,1,clean_negative,0.02544818,clean_negative,0.35
dirty_positive/dirty_11_121.jpg,test,dirty_positive,1,clean_negative,0.42249057,dirty_positive,0.35
dirty_positive/dirty_11_122.jpg,test,dirty_positive,1,clean_negative,0.16556115,clean_negative,0.35
dirty_positive/dirty_11_123.jpg,test,dirty_positive,1,clean_negative,0.26256172,clean_negative,0.35
dirty_positive/dirty_11_124.jpg,test,dirty_positive,1,clean_negative,0.07427125,clean_negative,0.35
clean_negative/clean_13_1.jpg,test,clean_negative,0,clean_negative,0.00145254,clean_negative,0.35
clean_negative/clean_13_2.jpg,test,clean_negative,0,clean_negative,0.00170338,clean_negative,0.35
clean_negative/clean_13_3.jpg,test,clean_negative,0,clean_negative,0.00284651,clean_negative,0.35
clean_negative/clean_13_4.jpg,test,clean_negative,0,clean_negative,0.00825969,clean_negative,0.35
clean_negative/clean_13_5.jpg,test,clean_negative,0,clean_negative,0.01927971,clean_negative,0.35
clean_negative/clean_13_6.jpg,test,clean_negative,0,clean_negative,0.02658451,clean_negative,0.35
clean_negative/clean_13_7.jpg,test,clean_negative,0,clean_negative,0.02932629,clean_negative,0.35
clean_negative/clean_13_8.jpg,test,clean_negative,0,clean_negative,0.02241941,clean_negative,0.35
clean_negative/clean_13_9.jpg,test,clean_negative,0,clean_negative,0.01843640,clean_negative,0.35
clean_negative/clean_13_10.jpg,test,clean_negative,0,clean_negative,0.02236534,clean_negative,0.35
clean_negative/clean_13_11.jpg,test,clean_negative,0,clean_negative,0.02857505,clean_negative,0.35
clean_negative/clean_13_12.jpg,test,clean_negative,0,clean_negative,0.04722869,clean_negative,0.35
clean_negative/clean_13_13.jpg,test,clean_negative,0,clean_negative,0.07566289,clean_negative,0.35
clean_negative/clean_13_14.jpg,test,clean_negative,0,clean_negative,0.13679099,clean_negative,0.35
clean_negative/clean_13_15.jpg,test,clean_negative,0,clean_negative,0.18267117,clean_negative,0.35
clean_negative/clean_13_16.jpg,test,clean_negative,0,clean_negative,0.35966617,dirty_positive,0.35
clean_negative/clean_13_17.jpg,test,clean_negative,0,clean_negative,0.40873584,dirty_positive,0.35
clean_negative/clean_13_18.jpg,test,clean_negative,0,clean_negative,0.52418534,dirty_positive,0.35
clean_negative/clean_13_19.jpg,test,clean_negative,0,clean_negative,0.54659184,dirty_positive,0.35
clean_negative/clean_13_20.jpg,test,clean_negative,0,clean_negative,0.00060045,clean_negative,0.35
clean_negative/clean_13_21.jpg,test,clean_negative,0,clean_negative,0.00509300,clean_negative,0.35
clean_negative/clean_13_22.jpg,test,clean_negative,0,clean_negative,0.00897678,clean_negative,0.35
clean_negative/clean_13_23.jpg,test,clean_negative,0,clean_negative,0.01346739,clean_negative,0.35
clean_negative/clean_13_24.jpg,test,clean_negative,0,clean_negative,0.03164400,clean_negative,0.35
clean_negative/clean_13_25.jpg,test,clean_negative,0,clean_negative,0.03898687,clean_negative,0.35
clean_negative/clean_13_26.jpg,test,clean_negative,0,clean_negative,0.05120400,clean_negative,0.35
clean_negative/clean_13_27.jpg,test,clean_negative,0,clean_negative,0.05643456,clean_negative,0.35
clean_negative/clean_13_28.jpg,test,clean_negative,0,clean_negative,0.01800274,clean_negative,0.35
clean_negative/clean_13_29.jpg,test,clean_negative,0,clean_negative,0.01222043,clean_negative,0.35
clean_negative/clean_13_30.jpg,test,clean_negative,0,clean_negative,0.00778387,clean_negative,0.35
clean_negative/clean_13_31.jpg,test,clean_negative,0,clean_negative,0.00915350,clean_negative,0.35
clean_negative/clean_13_32.jpg,test,clean_negative,0,clean_negative,0.01292180,clean_negative,0.35
clean_negative/clean_13_33.jpg,test,clean_negative,0,clean_negative,0.01924615,clean_negative,0.35
clean_negative/clean_13_34.jpg,test,clean_negative,0,clean_negative,0.03286708,clean_negative,0.35
clean_negative/clean_13_35.jpg,test,clean_negative,0,clean_negative,0.04980501,clean_negative,0.35
clean_negative/clean_13_36.jpg,test,clean_negative,0,clean_negative,0.08696121,clean_negative,0.35
clean_negative/clean_13_37.jpg,test,clean_negative,0,clean_negative,0.08820538,clean_negative,0.35
clean_negative/clean_13_38.jpg,test,clean_negative,0,clean_negative,0.14857702,clean_negative,0.35
clean_negative/clean_13_39.jpg,test,clean_negative,0,clean_negative,0.00079239,clean_negative,0.35
clean_negative/clean_13_40.jpg,test,clean_negative,0,clean_negative,0.00510480,clean_negative,0.35
clean_negative/clean_13_41.jpg,test,clean_negative,0,clean_negative,0.01987004,clean_negative,0.35
clean_negative/clean_13_42.jpg,test,clean_negative,0,clean_negative,0.02595720,clean_negative,0.35
clean_negative/clean_13_43.jpg,test,clean_negative,0,clean_negative,0.02914461,clean_negative,0.35
clean_negative/clean_13_44.jpg,test,clean_negative,0,clean_negative,0.35289641,dirty_positive,0.35
clean_negative/clean_13_45.jpg,test,clean_negative,0,clean_negative,0.28316843,clean_negative,0.35
clean_negative/clean_13_46.jpg,test,clean_negative,0,clean_negative,0.11725955,clean_negative,0.35
clean_negative/clean_13_47.jpg,test,clean_negative,0,clean_negative,0.02510376,clean_negative,0.35
clean_negative/clean_13_48.jpg,test,clean_negative,0,clean_negative,0.01115298,clean_negative,0.35
clean_negative/clean_13_49.jpg,test,clean_negative,0,clean_negative,0.00516705,clean_negative,0.35
clean_negative/clean_13_50.jpg,test,clean_negative,0,clean_negative,0.00276877,clean_negative,0.35
clean_negative/clean_13_51.jpg,test,clean_negative,0,clean_negative,0.00199502,clean_negative,0.35
clean_negative/clean_13_52.jpg,test,clean_negative,0,clean_negative,0.00207560,clean_negative,0.35
clean_negative/clean_13_53.jpg,test,clean_negative,0,clean_negative,0.00220632,clean_negative,0.35
clean_negative/clean_13_54.jpg,test,clean_negative,0,clean_negative,0.00353163,clean_negative,0.35
clean_negative/clean_13_55.jpg,test,clean_negative,0,clean_negative,0.00643333,clean_negative,0.35
clean_negative/clean_13_56.jpg,test,clean_negative,0,clean_negative,0.01886484,clean_negative,0.35
clean_negative/clean_13_57.jpg,test,clean_negative,0,clean_negative,0.02625241,clean_negative,0.35
clean_negative/clean_13_58.jpg,test,clean_negative,0,clean_negative,0.04340251,clean_negative,0.35
clean_negative/clean_13_59.jpg,test,clean_negative,0,clean_negative,0.24744569,clean_negative,0.35
clean_negative/clean_13_60.jpg,test,clean_negative,0,clean_negative,0.15817510,clean_negative,0.35
clean_negative/clean_13_61.jpg,test,clean_negative,0,clean_negative,0.09763766,clean_negative,0.35
clean_negative/clean_13_62.jpg,test,clean_negative,0,clean_negative,0.02020418,clean_negative,0.35
clean_negative/clean_13_63.jpg,test,clean_negative,0,clean_negative,0.00963172,clean_negative,0.35
clean_negative/clean_13_64.jpg,test,clean_negative,0,clean_negative,0.00231451,clean_negative,0.35
clean_negative/clean_13_65.jpg,test,clean_negative,0,clean_negative,0.00144989,clean_negative,0.35
clean_negative/clean_13_66.jpg,test,clean_negative,0,clean_negative,0.00185267,clean_negative,0.35
clean_negative/clean_13_67.jpg,test,clean_negative,0,clean_negative,0.00187051,clean_negative,0.35
clean_negative/clean_13_68.jpg,test,clean_negative,0,clean_negative,0.00322395,clean_negative,0.35
clean_negative/clean_13_69.jpg,test,clean_negative,0,clean_negative,0.00509985,clean_negative,0.35
clean_negative/clean_13_70.jpg,test,clean_negative,0,clean_negative,0.00535455,clean_negative,0.35
clean_negative/clean_13_71.jpg,test,clean_negative,0,clean_negative,0.00535786,clean_negative,0.35
clean_negative/clean_13_72.jpg,test,clean_negative,0,clean_negative,0.01437296,clean_negative,0.35
clean_negative/clean_13_73.jpg,test,clean_negative,0,clean_negative,0.04329778,clean_negative,0.35
clean_negative/clean_13_74.jpg,test,clean_negative,0,clean_negative,0.04290655,clean_negative,0.35
clean_negative/clean_13_75.jpg,test,clean_negative,0,clean_negative,0.01451998,clean_negative,0.35
clean_negative/clean_13_76.jpg,test,clean_negative,0,clean_negative,0.00102692,clean_negative,0.35
clean_negative/clean_13_77.jpg,test,clean_negative,0,clean_negative,0.00744196,clean_negative,0.35
clean_negative/clean_13_78.jpg,test,clean_negative,0,clean_negative,0.00551287,clean_negative,0.35
clean_negative/clean_13_79.jpg,test,clean_negative,0,clean_negative,0.00977792,clean_negative,0.35
clean_negative/clean_13_80.jpg,test,clean_negative,0,clean_negative,0.01408599,clean_negative,0.35
clean_negative/clean_13_81.jpg,test,clean_negative,0,clean_negative,0.00580031,clean_negative,0.35
clean_negative/clean_13_82.jpg,test,clean_negative,0,clean_negative,0.00857890,clean_negative,0.35
clean_negative/clean_13_83.jpg,test,clean_negative,0,clean_negative,0.00242840,clean_negative,0.35
clean_negative/clean_13_84.jpg,test,clean_negative,0,clean_negative,0.00080246,clean_negative,0.35
clean_negative/clean_13_85.jpg,test,clean_negative,0,clean_negative,0.00647682,clean_negative,0.35
clean_negative/clean_13_86.jpg,test,clean_negative,0,clean_negative,0.00171858,clean_negative,0.35
clean_negative/clean_13_87.jpg,test,clean_negative,0,clean_negative,0.00781780,clean_negative,0.35
clean_negative/clean_13_88.jpg,test,clean_negative,0,clean_negative,0.00578365,clean_negative,0.35
clean_negative/clean_13_89.jpg,test,clean_negative,0,clean_negative,0.21956124,clean_negative,0.35
clean_negative/clean_13_90.jpg,test,clean_negative,0,clean_negative,0.09985970,clean_negative,0.35
clean_negative/clean_13_91.jpg,test,clean_negative,0,clean_negative,0.00062860,clean_negative,0.35
clean_negative/clean_13_92.jpg,test,clean_negative,0,clean_negative,0.00087088,clean_negative,0.35
clean_negative/clean_13_93.jpg,test,clean_negative,0,clean_negative,0.00213460,clean_negative,0.35
clean_negative/clean_13_94.jpg,test,clean_negative,0,clean_negative,0.00005008,clean_negative,0.35
clean_negative/clean_13_95.jpg,test,clean_negative,0,clean_negative,0.00007297,clean_negative,0.35
clean_negative/clean_13_96.jpg,test,clean_negative,0,clean_negative,0.00008644,clean_negative,0.35
clean_negative/clean_13_97.jpg,test,clean_negative,0,clean_negative,0.22794398,clean_negative,0.35
clean_negative/clean_13_98.jpg,test,clean_negative,0,clean_negative,0.17881670,clean_negative,0.35
clean_negative/clean_13_99.jpg,test,clean_negative,0,clean_negative,0.29714372,clean_negative,0.35
clean_negative/clean_13_100.jpg,test,clean_negative,0,clean_negative,0.10396414,clean_negative,0.35
clean_negative/clean_13_101.jpg,test,clean_negative,0,clean_negative,0.18103877,clean_negative,0.35
clean_negative/clean_13_102.jpg,test,clean_negative,0,clean_negative,0.00007449,clean_negative,0.35
clean_negative/clean_13_103.jpg,test,clean_negative,0,clean_negative,0.00010740,clean_negative,0.35
clean_negative/clean_13_104.jpg,test,clean_negative,0,clean_negative,0.00004409,clean_negative,0.35
clean_negative/clean_13_105.jpg,test,clean_negative,0,clean_negative,0.19961412,clean_negative,0.35
clean_negative/clean_13_106.jpg,test,clean_negative,0,clean_negative,0.16361129,clean_negative,0.35
clean_negative/clean_13_107.jpg,test,clean_negative,0,clean_negative,0.13093193,clean_negative,0.35
clean_negative/clean_13_108.jpg,test,clean_negative,0,clean_negative,0.20854212,clean_negative,0.35
clean_negative/clean_13_109.jpg,test,clean_negative,0,clean_negative,0.24640931,clean_negative,0.35
clean_negative/clean_13_110.jpg,test,clean_negative,0,clean_negative,0.00170423,clean_negative,0.35
clean_negative/clean_13_111.jpg,test,clean_negative,0,clean_negative,0.00825796,clean_negative,0.35
clean_negative/clean_13_112.jpg,test,clean_negative,0,clean_negative,0.01557889,clean_negative,0.35
clean_negative/clean_13_113.jpg,test,clean_negative,0,clean_negative,0.06403043,clean_negative,0.35
clean_negative/clean_13_114.jpg,test,clean_negative,0,clean_negative,0.29675747,clean_negative,0.35
clean_negative/clean_13_115.jpg,test,clean_negative,0,clean_negative,0.00013111,clean_negative,0.35
clean_negative/clean_13_116.jpg,test,clean_negative,0,clean_negative,0.00007897,clean_negative,0.35
clean_negative/clean_13_117.jpg,test,clean_negative,0,clean_negative,0.00020330,clean_negative,0.35
clean_negative/clean_13_118.jpg,test,clean_negative,0,clean_negative,0.00138111,clean_negative,0.35
clean_negative/clean_13_119.jpg,test,clean_negative,0,clean_negative,0.00600990,clean_negative,0.35
clean_negative/clean_13_120.jpg,test,clean_negative,0,clean_negative,0.01113055,clean_negative,0.35
clean_negative/clean_13_121.jpg,test,clean_negative,0,clean_negative,0.01952488,clean_negative,0.35
clean_negative/clean_13_122.jpg,test,clean_negative,0,clean_negative,0.10449511,clean_negative,0.35
clean_negative/clean_13_123.jpg,test,clean_negative,0,clean_negative,0.11838270,clean_negative,0.35
clean_negative/clean_13_124.jpg,test,clean_negative,0,clean_negative,0.09825746,clean_negative,0.35
clean_negative/clean_13_125.jpg,test,clean_negative,0,clean_negative,0.08003362,clean_negative,0.35
clean_negative/clean_13_126.jpg,test,clean_negative,0,clean_negative,0.06646486,clean_negative,0.35
clean_negative/clean_13_127.jpg,test,clean_negative,0,clean_negative,0.10226663,clean_negative,0.35
dirty_positive/dirty_13_1.jpg,test,dirty_positive,1,clean_negative,0.95447509,dirty_positive,0.35
dirty_positive/dirty_13_2.jpg,test,dirty_positive,1,clean_negative,0.91910225,dirty_positive,0.35
dirty_positive/dirty_13_3.jpg,test,dirty_positive,1,clean_negative,0.82296420,dirty_positive,0.35
dirty_positive/dirty_13_4.jpg,test,dirty_positive,1,clean_negative,0.12456431,clean_negative,0.35
dirty_positive/dirty_13_5.jpg,test,dirty_positive,1,clean_negative,0.76834869,dirty_positive,0.35
dirty_positive/dirty_13_6.jpg,test,dirty_positive,1,clean_negative,0.87402048,dirty_positive,0.35
dirty_positive/dirty_13_7.jpg,test,dirty_positive,1,clean_negative,0.74028719,dirty_positive,0.35
dirty_positive/dirty_13_8.jpg,test,dirty_positive,1,clean_negative,0.87949828,dirty_positive,0.35
dirty_positive/dirty_13_9.jpg,test,dirty_positive,1,clean_negative,0.99349960,dirty_positive,0.35
dirty_positive/dirty_13_10.jpg,test,dirty_positive,1,clean_negative,0.99914433,dirty_positive,0.35
dirty_positive/dirty_13_11.jpg,test,dirty_positive,1,clean_negative,0.99845639,dirty_positive,0.35
dirty_positive/dirty_13_12.jpg,test,dirty_positive,1,clean_negative,0.88853788,dirty_positive,0.35
dirty_positive/dirty_13_13.jpg,test,dirty_positive,1,clean_negative,0.86326450,dirty_positive,0.35
dirty_positive/dirty_13_14.jpg,test,dirty_positive,1,clean_negative,0.70085772,dirty_positive,0.35
dirty_positive/dirty_13_15.jpg,test,dirty_positive,1,clean_negative,0.92307978,dirty_positive,0.35
dirty_positive/dirty_13_16.jpg,test,dirty_positive,1,clean_negative,0.79201986,dirty_positive,0.35
dirty_positive/dirty_13_17.jpg,test,dirty_positive,1,clean_negative,0.97435381,dirty_positive,0.35
dirty_positive/dirty_13_18.jpg,test,dirty_positive,1,clean_negative,0.97526497,dirty_positive,0.35
dirty_positive/dirty_13_19.jpg,test,dirty_positive,1,clean_negative,0.93620127,dirty_positive,0.35
dirty_positive/dirty_13_20.jpg,test,dirty_positive,1,clean_negative,0.99130228,dirty_positive,0.35
dirty_positive/dirty_13_21.jpg,test,dirty_positive,1,clean_negative,0.97584385,dirty_positive,0.35
dirty_positive/dirty_13_22.jpg,test,dirty_positive,1,clean_negative,0.96449177,dirty_positive,0.35
dirty_positive/dirty_13_23.jpg,test,dirty_positive,1,clean_negative,0.97697883,dirty_positive,0.35
dirty_positive/dirty_13_24.jpg,test,dirty_positive,1,clean_negative,0.90512108,dirty_positive,0.35
dirty_positive/dirty_13_25.jpg,test,dirty_positive,1,clean_negative,0.99718812,dirty_positive,0.35
dirty_positive/dirty_13_26.jpg,test,dirty_positive,1,clean_negative,0.99916361,dirty_positive,0.35
dirty_positive/dirty_13_27.jpg,test,dirty_positive,1,clean_negative,0.99334124,dirty_positive,0.35
dirty_positive/dirty_13_28.jpg,test,dirty_positive,1,clean_negative,0.99628338,dirty_positive,0.35
dirty_positive/dirty_13_29.jpg,test,dirty_positive,1,clean_negative,0.99698623,dirty_positive,0.35
dirty_positive/dirty_13_30.jpg,test,dirty_positive,1,clean_negative,0.99846880,dirty_positive,0.35
dirty_positive/dirty_13_31.jpg,test,dirty_positive,1,clean_negative,0.97579340,dirty_positive,0.35
dirty_positive/dirty_13_32.jpg,test,dirty_positive,1,clean_negative,0.99574237,dirty_positive,0.35
dirty_positive/dirty_13_33.jpg,test,dirty_positive,1,clean_negative,0.98821638,dirty_positive,0.35
dirty_positive/dirty_13_34.jpg,test,dirty_positive,1,clean_negative,0.99257258,dirty_positive,0.35
dirty_positive/dirty_13_35.jpg,test,dirty_positive,1,clean_negative,0.98937985,dirty_positive,0.35
dirty_positive/dirty_13_36.jpg,test,dirty_positive,1,clean_negative,0.99288772,dirty_positive,0.35
dirty_positive/dirty_13_37.jpg,test,dirty_positive,1,clean_negative,0.96931211,dirty_positive,0.35
dirty_positive/dirty_13_38.jpg,test,dirty_positive,1,clean_negative,0.99224452,dirty_positive,0.35
dirty_positive/dirty_13_39.jpg,test,dirty_positive,1,clean_negative,0.98111623,dirty_positive,0.35
dirty_positive/dirty_13_40.jpg,test,dirty_positive,1,clean_negative,0.91062505,dirty_positive,0.35
dirty_positive/dirty_13_41.jpg,test,dirty_positive,1,clean_negative,0.97887833,dirty_positive,0.35
dirty_positive/dirty_13_42.jpg,test,dirty_positive,1,clean_negative,0.76191916,dirty_positive,0.35
dirty_positive/dirty_13_43.jpg,test,dirty_positive,1,clean_negative,0.81013559,dirty_positive,0.35
dirty_positive/dirty_13_44.jpg,test,dirty_positive,1,clean_negative,0.81136418,dirty_positive,0.35
dirty_positive/dirty_13_45.jpg,test,dirty_positive,1,clean_negative,0.98908329,dirty_positive,0.35
dirty_positive/dirty_13_46.jpg,test,dirty_positive,1,clean_negative,0.99289886,dirty_positive,0.35
dirty_positive/dirty_13_47.jpg,test,dirty_positive,1,clean_negative,0.99372389,dirty_positive,0.35
dirty_positive/dirty_13_48.jpg,test,dirty_positive,1,clean_negative,0.99267090,dirty_positive,0.35
dirty_positive/dirty_13_49.jpg,test,dirty_positive,1,clean_negative,0.78480336,dirty_positive,0.35
dirty_positive/dirty_13_50.jpg,test,dirty_positive,1,clean_negative,0.71824228,dirty_positive,0.35
dirty_positive/dirty_13_51.jpg,test,dirty_positive,1,clean_negative,0.61367966,dirty_positive,0.35
dirty_positive/dirty_13_52.jpg,test,dirty_positive,1,clean_negative,0.62016841,dirty_positive,0.35
dirty_positive/dirty_13_53.jpg,test,dirty_positive,1,clean_negative,0.43068489,dirty_positive,0.35
dirty_positive/dirty_13_54.jpg,test,dirty_positive,1,clean_negative,0.70292263,dirty_positive,0.35
dirty_positive/dirty_13_55.jpg,test,dirty_positive,1,clean_negative,0.89887532,dirty_positive,0.35
dirty_positive/dirty_13_56.jpg,test,dirty_positive,1,clean_negative,0.51296866,dirty_positive,0.35
dirty_positive/dirty_13_57.jpg,test,dirty_positive,1,clean_negative,0.73773758,dirty_positive,0.35
dirty_positive/dirty_13_58.jpg,test,dirty_positive,1,clean_negative,0.85626527,dirty_positive,0.35
dirty_positive/dirty_13_59.jpg,test,dirty_positive,1,clean_negative,0.74705744,dirty_positive,0.35
dirty_positive/dirty_13_60.jpg,test,dirty_positive,1,clean_negative,0.77532649,dirty_positive,0.35
dirty_positive/dirty_13_61.jpg,test,dirty_positive,1,clean_negative,0.67659081,dirty_positive,0.35
dirty_positive/dirty_13_62.jpg,test,dirty_positive,1,clean_negative,0.82241177,dirty_positive,0.35
dirty_positive/dirty_13_63.jpg,test,dirty_positive,1,clean_negative,0.68757478,dirty_positive,0.35
dirty_positive/dirty_13_64.jpg,test,dirty_positive,1,clean_negative,0.59153956,dirty_positive,0.35
dirty_positive/dirty_13_65.jpg,test,dirty_positive,1,clean_negative,0.01247371,clean_negative,0.35
dirty_positive/dirty_13_66.jpg,test,dirty_positive,1,clean_negative,0.01571575,clean_negative,0.35
dirty_positive/dirty_13_67.jpg,test,dirty_positive,1,clean_negative,0.01473060,clean_negative,0.35
dirty_positive/dirty_13_68.jpg,test,dirty_positive,1,clean_negative,0.01487024,clean_negative,0.35
dirty_positive/dirty_13_69.jpg,test,dirty_positive,1,clean_negative,0.74522760,dirty_positive,0.35
dirty_positive/dirty_13_70.jpg,test,dirty_positive,1,clean_negative,0.72936875,dirty_positive,0.35
dirty_positive/dirty_13_71.jpg,test,dirty_positive,1,clean_negative,0.27568363,clean_negative,0.35
dirty_positive/dirty_13_72.jpg,test,dirty_positive,1,clean_negative,0.69448738,dirty_positive,0.35
dirty_positive/dirty_13_73.jpg,test,dirty_positive,1,clean_negative,0.99065258,dirty_positive,0.35
dirty_positive/dirty_13_74.jpg,test,dirty_positive,1,clean_negative,0.99438805,dirty_positive,0.35
dirty_positive/dirty_13_75.jpg,test,dirty_positive,1,clean_negative,0.94324663,dirty_positive,0.35
dirty_positive/dirty_13_76.jpg,test,dirty_positive,1,clean_negative,0.99432522,dirty_positive,0.35
dirty_positive/dirty_13_77.jpg,test,dirty_positive,1,clean_negative,0.57204633,dirty_positive,0.35
dirty_positive/dirty_13_78.jpg,test,dirty_positive,1,clean_negative,0.71799755,dirty_positive,0.35
dirty_positive/dirty_13_79.jpg,test,dirty_positive,1,clean_negative,0.05419453,clean_negative,0.35
dirty_positive/dirty_13_80.jpg,test,dirty_positive,1,clean_negative,0.17437306,clean_negative,0.35
