source_id,source_image,marked_image,output_file,label,x,y,width,height,patch_size,source_width,source_height,dirty_spot_id,dirty_center_x,dirty_center_y,blue_component_area,generation_method,marked_x,marked_y,original_x,original_y,original_match_score,resolved_image_id,resolved_source_image,dataset_split,pass_fail_status,lineage_status,traceability_level,audit_notes
1,1.jpg,1m.jpg,clean_negative/clean_1_1.jpg,clean_negative,0,0,256,256,256,1108,1476,,,,,sliding_window_clean,,,,,,1,1.jpg,train,PASS,resolved,source-level only,clean-negative source split is traceable; defect-free status is not re-proven by this audit
1,1.jpg,1m.jpg,clean_negative/clean_1_2.jpg,clean_negative,352,0,256,256,256,1108,1476,,,,,sliding_window_clean,,,,,,1,1.jpg,train,PASS,resolved,source-level only,clean-negative source split is traceable; defect-free status is not re-proven by this audit
1,1.jpg,1m.jpg,clean_negative/clean_1_3.jpg,clean_negative,385,0,256,256,256,1108,1476,,,,,sliding_window_clean,,,,,,1,1.jpg,train,PASS,resolved,source-level only,clean-negative source split is traceable; defect-free status is not re-proven by this audit
1,1.jpg,1m.jpg,clean_negative/clean_1_4.jpg,clean_negative,418,0,256,256,256,1108,1476,,,,,sliding_window_clean,,,,,,1,1.jpg,train,PASS,resolved,source-level only,clean-negative source split is traceable; defect-free status is not re-proven by this audit
1,1.jpg,1m.jpg,clean_negative/clean_1_5.jpg,clean_negative,816,0,256,256,256,1108,1476,,,,,sliding_window_clean,,,,,,1,1.jpg,train,PASS,resolved,source-level only,clean-negative source split is traceable; defect-free status is not re-proven by this audit
1,1.jpg,1m.jpg,clean_negative/clean_1_6.jpg,clean_negative,852,0,256,256,256,1108,1476,,,,,sliding_window_clean,,,,,,1,1.jpg,train,PASS,resolved,source-level only,clean-negative source split is traceable; defect-free status is not re-proven by this audit
1,1.jpg,1m.jpg,clean_negative/clean_1_7.jpg,clean_negative,0,48,256,256,256,1108,1476,,,,,sliding_window_clean,,,,,,1,1.jpg,train,PASS,resolved,source-level only,clean-negative source split is traceable; defect-free status is not re-proven by this audit
1,1.jpg,1m.jpg,clean_negative/clean_1_8.jpg,clean_negative,352,48,256,256,256,1108,1476,,,,,sliding_window_clean,,,,,,1,1.jpg,train,PASS,resolved,source-level only,clean-negative source split is traceable; defect-free status is not re-proven by this audit
1,1.jpg,1m.jpg,clean_negative/clean_1_9.jpg,clean_negative,385,48,256,256,256,1108,1476,,,,,sliding_window_clean,,,,,,1,1.jpg,train,PASS,resolved,source-level only,clean-negative source split is traceable; defect-free status is not re-proven by this audit
1,1.jpg,1m.jpg,clean_negative/clean_1_10.jpg,clean_negative,418,48,256,256,256,1108,1476,,,,,sliding_window_clean,,,,,,1,1.jpg,train,PASS,resolved,source-level only,clean-negative source split is traceable; defect-free status is not re-proven by this audit
1,1.jpg,1m.jpg,clean_negative/clean_1_11.jpg,clean_negative,816,48,256,256,256,1108,1476,,,,,sliding_window_clean,,,,,,1,1.jpg,train,PASS,resolved,source-level only,clean-negative source split is traceable; defect-free status is not re-proven by this audit
1,1.jpg,1m.jpg,clean_negative/clean_1_12.jpg,clean_negative,852,48,256,256,256,1108,1476,,,,,sliding_window_clean,,,,,,1,1.jpg,train,PASS,resolved,source-level only,clean-negative source split is traceable; defect-free status is not re-proven by this audit
1,1.jpg,1m.jpg,clean_negative/clean_1_13.jpg,clean_negative,417,92,256,256,256,1108,1476,,,,,sliding_window_clean,,,,,,1,1.jpg,train,PASS,resolved,source-level only,clean-negative source split is traceable; defect-free status is not re-proven by this audit
1,1.jpg,1m.jpg,clean_negative/clean_1_14.jpg,clean_negative,0,96,256,256,256,1108,1476,,,,,sliding_window_clean,,,,,,1,1.jpg,train,PASS,resolved,source-level only,clean-negative source split is traceable; defect-free status is not re-proven by this audit
1,1.jpg,1m.jpg,clean_negative/clean_1_15.jpg,clean_negative,352,96,256,256,256,1108,1476,,,,,sliding_window_clean,,,,,,1,1.jpg,train,PASS,resolved,source-level only,clean-negative source split is traceable; defect-free status is not re-proven by this audit
1,1.jpg,1m.jpg,clean_negative/clean_1_16.jpg,clean_negative,385,96,256,256,256,1108,1476,,,,,sliding_window_clean,,,,,,1,1.jpg,train,PASS,resolved,source-level only,clean-negative source split is traceable; defect-free status is not re-proven by this audit
1,1.jpg,1m.jpg,clean_negative/clean_1_17.jpg,clean_negative,816,96,256,256,256,1108,1476,,,,,sliding_window_clean,,,,,,1,1.jpg,train,PASS,resolved,source-level only,clean-negative source split is traceable; defect-free status is not re-proven by this audit
1,1.jpg,1m.jpg,clean_negative/clean_1_18.jpg,clean_negative,852,96,256,256,256,1108,1476,,,,,sliding_window_clean,,,,,,1,1.jpg,train,PASS,resolved,source-level only,clean-negative source split is traceable; defect-free status is not re-proven by this audit
1,1.jpg,1m.jpg,clean_negative/clean_1_19.jpg,clean_negative,0,130,256,256,256,1108,1476,,,,,sliding_window_clean,,,,,,1,1.jpg,train,PASS,resolved,source-level only,clean-negative source split is traceable; defect-free status is not re-proven by this audit
1,1.jpg,1m.jpg,clean_negative/clean_1_20.jpg,clean_negative,352,144,256,256,256,1108,1476,,,,,sliding_window_clean,,,,,,1,1.jpg,train,PASS,resolved,source-level only,clean-negative source split is traceable; defect-free status is not re-proven by this audit
1,1.jpg,1m.jpg,clean_negative/clean_1_21.jpg,clean_negative,385,144,256,256,256,1108,1476,,,,,sliding_window_clean,,,,,,1,1.jpg,train,PASS,resolved,source-level only,clean-negative source split is traceable; defect-free status is not re-proven by this audit
1,1.jpg,1m.jpg,clean_negative/clean_1_22.jpg,clean_negative,389,144,256,256,256,1108,1476,,,,,sliding_window_clean,,,,,,1,1.jpg,train,PASS,resolved,source-level only,clean-negative source split is traceable; defect-free status is not re-proven by this audit
1,1.jpg,1m.jpg,clean_negative/clean_1_23.jpg,clean_negative,816,144,256,256,256,1108,1476,,,,,sliding_window_clean,,,,,,1,1.jpg,train,PASS,resolved,source-level only,clean-negative source split is traceable; defect-free status is not re-proven by this audit
1,1.jpg,1m.jpg,clean_negative/clean_1_24.jpg,clean_negative,852,144,256,256,256,1108,1476,,,,,sliding_window_clean,,,,,,1,1.jpg,train,PASS,resolved,source-level only,clean-negative source split is traceable; defect-free status is not re-proven by this audit
1,1.jpg,1m.jpg,clean_negative/clean_1_25.jpg,clean_negative,821,191,256,256,256,1108,1476,,,,,sliding_window_clean,,,,,,1,1.jpg,train,PASS,resolved,source-level only,clean-negative source split is traceable; defect-free status is not re-proven by this audit
1,1.jpg,1m.jpg,clean_negative/clean_1_26.jpg,clean_negative,352,192,256,256,256,1108,1476,,,,,sliding_window_clean,,,,,,1,1.jpg,train,PASS,resolved,source-level only,clean-negative source split is traceable; defect-free status is not re-proven by this audit
1,1.jpg,1m.jpg,clean_negative/clean_1_27.jpg,clean_negative,385,192,256,256,256,1108,1476,,,,,sliding_window_clean,,,,,,1,1.jpg,train,PASS,resolved,source-level only,clean-negative source split is traceable; defect-free status is not re-proven by this audit
1,1.jpg,1m.jpg,clean_negative/clean_1_28.jpg,clean_negative,389,192,256,256,256,1108,1476,,,,,sliding_window_clean,,,,,,1,1.jpg,train,PASS,resolved,source-level only,clean-negative source split is traceable; defect-free status is not re-proven by this audit
1,1.jpg,1m.jpg,clean_negative/clean_1_29.jpg,clean_negative,852,192,256,256,256,1108,1476,,,,,sliding_window_clean,,,,,,1,1.jpg,train,PASS,resolved,source-level only,clean-negative source split is traceable; defect-free status is not re-proven by this audit
1,1.jpg,1m.jpg,clean_negative/clean_1_30.jpg,clean_negative,823,231,256,256,256,1108,1476,,,,,sliding_window_clean,,,,,,1,1.jpg,train,PASS,resolved,source-level only,clean-negative source split is traceable; defect-free status is not re-proven by this audit
1,1.jpg,1m.jpg,clean_negative/clean_1_31.jpg,clean_negative,337,240,256,256,256,1108,1476,,,,,sliding_window_clean,,,,,,1,1.jpg,train,PASS,resolved,source-level only,clean-negative source split is traceable; defect-free status is not re-proven by this audit
1,1.jpg,1m.jpg,clean_negative/clean_1_32.jpg,clean_negative,385,240,256,256,256,1108,1476,,,,,sliding_window_clean,,,,,,1,1.jpg,train,PASS,resolved,source-level only,clean-negative source split is traceable; defect-free status is not re-proven by this audit
1,1.jpg,1m.jpg,clean_negative/clean_1_33.jpg,clean_negative,389,240,256,256,256,1108,1476,,,,,sliding_window_clean,,,,,,1,1.jpg,train,PASS,resolved,source-level only,clean-negative source split is traceable; defect-free status is not re-proven by this audit
1,1.jpg,1m.jpg,clean_negative/clean_1_34.jpg,clean_negative,852,240,256,256,256,1108,1476,,,,,sliding_window_clean,,,,,,1,1.jpg,train,PASS,resolved,source-level only,clean-negative source split is traceable; defect-free status is not re-proven by this audit
1,1.jpg,1m.jpg,clean_negative/clean_1_35.jpg,clean_negative,249,256,256,256,256,1108,1476,,,,,sliding_window_clean,,,,,,1,1.jpg,train,PASS,resolved,source-level only,clean-negative source split is traceable; defect-free status is not re-proven by this audit
1,1.jpg,1m.jpg,clean_negative/clean_1_36.jpg,clean_negative,289,256,256,256,256,1108,1476,,,,,sliding_window_clean,,,,,,1,1.jpg,train,PASS,resolved,source-level only,clean-negative source split is traceable; defect-free status is not re-proven by this audit
1,1.jpg,1m.jpg,clean_negative/clean_1_37.jpg,clean_negative,249,288,256,256,256,1108,1476,,,,,sliding_window_clean,,,,,,1,1.jpg,train,PASS,resolved,source-level only,clean-negative source split is traceable; defect-free status is not re-proven by this audit
1,1.jpg,1m.jpg,clean_negative/clean_1_38.jpg,clean_negative,289,288,256,256,256,1108,1476,,,,,sliding_window_clean,,,,,,1,1.jpg,train,PASS,resolved,source-level only,clean-negative source split is traceable; defect-free status is not re-proven by this audit
1,1.jpg,1m.jpg,clean_negative/clean_1_39.jpg,clean_negative,337,288,256,256,256,1108,1476,,,,,sliding_window_clean,,,,,,1,1.jpg,train,PASS,resolved,source-level only,clean-negative source split is traceable; defect-free status is not re-proven by this audit
1,1.jpg,1m.jpg,clean_negative/clean_1_40.jpg,clean_negative,385,288,256,256,256,1108,1476,,,,,sliding_window_clean,,,,,,1,1.jpg,train,PASS,resolved,source-level only,clean-negative source split is traceable; defect-free status is not re-proven by this audit
1,1.jpg,1m.jpg,clean_negative/clean_1_41.jpg,clean_negative,389,288,256,256,256,1108,1476,,,,,sliding_window_clean,,,,,,1,1.jpg,train,PASS,resolved,source-level only,clean-negative source split is traceable; defect-free status is not re-proven by this audit
1,1.jpg,1m.jpg,clean_negative/clean_1_42.jpg,clean_negative,249,336,256,256,256,1108,1476,,,,,sliding_window_clean,,,,,,1,1.jpg,train,PASS,resolved,source-level only,clean-negative source split is traceable; defect-free status is not re-proven by this audit
1,1.jpg,1m.jpg,clean_negative/clean_1_43.jpg,clean_negative,289,336,256,256,256,1108,1476,,,,,sliding_window_clean,,,,,,1,1.jpg,train,PASS,resolved,source-level only,clean-negative source split is traceable; defect-free status is not re-proven by this audit
1,1.jpg,1m.jpg,clean_negative/clean_1_44.jpg,clean_negative,337,336,256,256,256,1108,1476,,,,,sliding_window_clean,,,,,,1,1.jpg,train,PASS,resolved,source-level only,clean-negative source split is traceable; defect-free status is not re-proven by this audit
1,1.jpg,1m.jpg,clean_negative/clean_1_45.jpg,clean_negative,385,336,256,256,256,1108,1476,,,,,sliding_window_clean,,,,,,1,1.jpg,train,PASS,resolved,source-level only,clean-negative source split is traceable; defect-free status is not re-proven by this audit
1,1.jpg,1m.jpg,clean_negative/clean_1_46.jpg,clean_negative,389,336,256,256,256,1108,1476,,,,,sliding_window_clean,,,,,,1,1.jpg,train,PASS,resolved,source-level only,clean-negative source split is traceable; defect-free status is not re-proven by this audit
1,1.jpg,1m.jpg,clean_negative/clean_1_47.jpg,clean_negative,385,348,256,256,256,1108,1476,,,,,sliding_window_clean,,,,,,1,1.jpg,train,PASS,resolved,source-level only,clean-negative source split is traceable; defect-free status is not re-proven by this audit
1,1.jpg,1m.jpg,clean_negative/clean_1_48.jpg,clean_negative,389,348,256,256,256,1108,1476,,,,,sliding_window_clean,,,,,,1,1.jpg,train,PASS,resolved,source-level only,clean-negative source split is traceable; defect-free status is not re-proven by this audit
1,1.jpg,1m.jpg,clean_negative/clean_1_49.jpg,clean_negative,327,351,256,256,256,1108,1476,,,,,sliding_window_clean,,,,,,1,1.jpg,train,PASS,resolved,source-level only,clean-negative source split is traceable; defect-free status is not re-proven by this audit
1,1.jpg,1m.jpg,clean_negative/clean_1_50.jpg,clean_negative,285,380,256,256,256,1108,1476,,,,,sliding_window_clean,,,,,,1,1.jpg,train,PASS,resolved,source-level only,clean-negative source split is traceable; defect-free status is not re-proven by this audit
1,1.jpg,1m.jpg,clean_negative/clean_1_51.jpg,clean_negative,249,384,256,256,256,1108,1476,,,,,sliding_window_clean,,,,,,1,1.jpg,train,PASS,resolved,source-level only,clean-negative source split is traceable; defect-free status is not re-proven by this audit
1,1.jpg,1m.jpg,clean_negative/clean_1_52.jpg,clean_negative,249,432,256,256,256,1108,1476,,,,,sliding_window_clean,,,,,,1,1.jpg,train,PASS,resolved,source-level only,clean-negative source split is traceable; defect-free status is not re-proven by this audit
1,1.jpg,1m.jpg,clean_negative/clean_1_53.jpg,clean_negative,268,432,256,256,256,1108,1476,,,,,sliding_window_clean,,,,,,1,1.jpg,train,PASS,resolved,source-level only,clean-negative source split is traceable; defect-free status is not re-proven by this audit
1,1.jpg,1m.jpg,clean_negative/clean_1_54.jpg,clean_negative,268,480,256,256,256,1108,1476,,,,,sliding_window_clean,,,,,,1,1.jpg,train,PASS,resolved,source-level only,clean-negative source split is traceable; defect-free status is not re-proven by this audit
1,1.jpg,1m.jpg,clean_negative/clean_1_55.jpg,clean_negative,246,481,256,256,256,1108,1476,,,,,sliding_window_clean,,,,,,1,1.jpg,train,PASS,resolved,source-level only,clean-negative source split is traceable; defect-free status is not re-proven by this audit
1,1.jpg,1m.jpg,clean_negative/clean_1_56.jpg,clean_negative,241,528,256,256,256,1108,1476,,,,,sliding_window_clean,,,,,,1,1.jpg,train,PASS,resolved,source-level only,clean-negative source split is traceable; defect-free status is not re-proven by this audit
1,1.jpg,1m.jpg,clean_negative/clean_1_57.jpg,clean_negative,268,528,256,256,256,1108,1476,,,,,sliding_window_clean,,,,,,1,1.jpg,train,PASS,resolved,source-level only,clean-negative source split is traceable; defect-free status is not re-proven by this audit
1,1.jpg,1m.jpg,clean_negative/clean_1_58.jpg,clean_negative,241,576,256,256,256,1108,1476,,,,,sliding_window_clean,,,,,,1,1.jpg,train,PASS,resolved,source-level only,clean-negative source split is traceable; defect-free status is not re-proven by this audit
1,1.jpg,1m.jpg,clean_negative/clean_1_59.jpg,clean_negative,268,576,256,256,256,1108,1476,,,,,sliding_window_clean,,,,,,1,1.jpg,train,PASS,resolved,source-level only,clean-negative source split is traceable; defect-free status is not re-proven by this audit
1,1.jpg,1m.jpg,clean_negative/clean_1_60.jpg,clean_negative,241,624,256,256,256,1108,1476,,,,,sliding_window_clean,,,,,,1,1.jpg,train,PASS,resolved,source-level only,clean-negative source split is traceable; defect-free status is not re-proven by this audit
1,1.jpg,1m.jpg,clean_negative/clean_1_61.jpg,clean_negative,268,624,256,256,256,1108,1476,,,,,sliding_window_clean,,,,,,1,1.jpg,train,PASS,resolved,source-level only,clean-negative source split is traceable; defect-free status is not re-proven by this audit
1,1.jpg,1m.jpg,clean_negative/clean_1_62.jpg,clean_negative,0,705,256,256,256,1108,1476,,,,,sliding_window_clean,,,,,,1,1.jpg,train,PASS,resolved,source-level only,clean-negative source split is traceable; defect-free status is not re-proven by this audit
1,1.jpg,1m.jpg,clean_negative/clean_1_63.jpg,clean_negative,48,705,256,256,256,1108,1476,,,,,sliding_window_clean,,,,,,1,1.jpg,train,PASS,resolved,source-level only,clean-negative source split is traceable; defect-free status is not re-proven by this audit
1,1.jpg,1m.jpg,clean_negative/clean_1_64.jpg,clean_negative,81,705,256,256,256,1108,1476,,,,,sliding_window_clean,,,,,,1,1.jpg,train,PASS,resolved,source-level only,clean-negative source split is traceable; defect-free status is not re-proven by this audit
1,1.jpg,1m.jpg,clean_negative/clean_1_65.jpg,clean_negative,440,730,256,256,256,1108,1476,,,,,sliding_window_clean,,,,,,1,1.jpg,train,PASS,resolved,source-level only,clean-negative source split is traceable; defect-free status is not re-proven by this audit
1,1.jpg,1m.jpg,clean_negative/clean_1_66.jpg,clean_negative,488,730,256,256,256,1108,1476,,,,,sliding_window_clean,,,,,,1,1.jpg,train,PASS,resolved,source-level only,clean-negative source split is traceable; defect-free status is not re-proven by this audit
1,1.jpg,1m.jpg,clean_negative/clean_1_67.jpg,clean_negative,535,730,256,256,256,1108,1476,,,,,sliding_window_clean,,,,,,1,1.jpg,train,PASS,resolved,source-level only,clean-negative source split is traceable; defect-free status is not re-proven by this audit
1,1.jpg,1m.jpg,clean_negative/clean_1_68.jpg,clean_negative,852,753,256,256,256,1108,1476,,,,,sliding_window_clean,,,,,,1,1.jpg,train,PASS,resolved,source-level only,clean-negative source split is traceable; defect-free status is not re-proven by this audit
1,1.jpg,1m.jpg,clean_negative/clean_1_69.jpg,clean_negative,831,760,256,256,256,1108,1476,,,,,sliding_window_clean,,,,,,1,1.jpg,train,PASS,resolved,source-level only,clean-negative source split is traceable; defect-free status is not re-proven by this audit
1,1.jpg,1m.jpg,clean_negative/clean_1_70.jpg,clean_negative,584,761,256,256,256,1108,1476,,,,,sliding_window_clean,,,,,,1,1.jpg,train,PASS,resolved,source-level only,clean-negative source split is traceable; defect-free status is not re-proven by this audit
1,1.jpg,1m.jpg,clean_negative/clean_1_71.jpg,clean_negative,632,761,256,256,256,1108,1476,,,,,sliding_window_clean,,,,,,1,1.jpg,train,PASS,resolved,source-level only,clean-negative source split is traceable; defect-free status is not re-proven by this audit
1,1.jpg,1m.jpg,clean_negative/clean_1_72.jpg,clean_negative,680,761,256,256,256,1108,1476,,,,,sliding_window_clean,,,,,,1,1.jpg,train,PASS,resolved,source-level only,clean-negative source split is traceable; defect-free status is not re-proven by this audit
1,1.jpg,1m.jpg,clean_negative/clean_1_73.jpg,clean_negative,728,761,256,256,256,1108,1476,,,,,sliding_window_clean,,,,,,1,1.jpg,train,PASS,resolved,source-level only,clean-negative source split is traceable; defect-free status is not re-proven by this audit
1,1.jpg,1m.jpg,clean_negative/clean_1_74.jpg,clean_negative,776,761,256,256,256,1108,1476,,,,,sliding_window_clean,,,,,,1,1.jpg,train,PASS,resolved,source-level only,clean-negative source split is traceable; defect-free status is not re-proven by this audit
1,1.jpg,1m.jpg,clean_negative/clean_1_75.jpg,clean_negative,440,778,256,256,256,1108,1476,,,,,sliding_window_clean,,,,,,1,1.jpg,train,PASS,resolved,source-level only,clean-negative source split is traceable; defect-free status is not re-proven by this audit
1,1.jpg,1m.jpg,clean_negative/clean_1_76.jpg,clean_negative,488,778,256,256,256,1108,1476,,,,,sliding_window_clean,,,,,,1,1.jpg,train,PASS,resolved,source-level only,clean-negative source split is traceable; defect-free status is not re-proven by this audit
1,1.jpg,1m.jpg,clean_negative/clean_1_77.jpg,clean_negative,536,778,256,256,256,1108,1476,,,,,sliding_window_clean,,,,,,1,1.jpg,train,PASS,resolved,source-level only,clean-negative source split is traceable; defect-free status is not re-proven by this audit
1,1.jpg,1m.jpg,clean_negative/clean_1_78.jpg,clean_negative,584,778,256,256,256,1108,1476,,,,,sliding_window_clean,,,,,,1,1.jpg,train,PASS,resolved,source-level only,clean-negative source split is traceable; defect-free status is not re-proven by this audit
1,1.jpg,1m.jpg,clean_negative/clean_1_79.jpg,clean_negative,632,778,256,256,256,1108,1476,,,,,sliding_window_clean,,,,,,1,1.jpg,train,PASS,resolved,source-level only,clean-negative source split is traceable; defect-free status is not re-proven by this audit
1,1.jpg,1m.jpg,clean_negative/clean_1_80.jpg,clean_negative,680,778,256,256,256,1108,1476,,,,,sliding_window_clean,,,,,,1,1.jpg,train,PASS,resolved,source-level only,clean-negative source split is traceable; defect-free status is not re-proven by this audit
1,1.jpg,1m.jpg,clean_negative/clean_1_81.jpg,clean_negative,728,778,256,256,256,1108,1476,,,,,sliding_window_clean,,,,,,1,1.jpg,train,PASS,resolved,source-level only,clean-negative source split is traceable; defect-free status is not re-proven by this audit
1,1.jpg,1m.jpg,clean_negative/clean_1_82.jpg,clean_negative,776,778,256,256,256,1108,1476,,,,,sliding_window_clean,,,,,,1,1.jpg,train,PASS,resolved,source-level only,clean-negative source split is traceable; defect-free status is not re-proven by this audit
1,1.jpg,1m.jpg,clean_negative/clean_1_83.jpg,clean_negative,824,778,256,256,256,1108,1476,,,,,sliding_window_clean,,,,,,1,1.jpg,train,PASS,resolved,source-level only,clean-negative source split is traceable; defect-free status is not re-proven by this audit
1,1.jpg,1m.jpg,clean_negative/clean_1_84.jpg,clean_negative,852,778,256,256,256,1108,1476,,,,,sliding_window_clean,,,,,,1,1.jpg,train,PASS,resolved,source-level only,clean-negative source split is traceable; defect-free status is not re-proven by this audit
1,1.jpg,1m.jpg,clean_negative/clean_1_85.jpg,clean_negative,728,785,256,256,256,1108,1476,,,,,sliding_window_clean,,,,,,1,1.jpg,train,PASS,resolved,source-level only,clean-negative source split is traceable; defect-free status is not re-proven by this audit
1,1.jpg,1m.jpg,clean_negative/clean_1_86.jpg,clean_negative,776,785,256,256,256,1108,1476,,,,,sliding_window_clean,,,,,,1,1.jpg,train,PASS,resolved,source-level only,clean-negative source split is traceable; defect-free status is not re-proven by this audit
1,1.jpg,1m.jpg,clean_negative/clean_1_87.jpg,clean_negative,824,785,256,256,256,1108,1476,,,,,sliding_window_clean,,,,,,1,1.jpg,train,PASS,resolved,source-level only,clean-negative source split is traceable; defect-free status is not re-proven by this audit
1,1.jpg,1m.jpg,clean_negative/clean_1_88.jpg,clean_negative,852,785,256,256,256,1108,1476,,,,,sliding_window_clean,,,,,,1,1.jpg,train,PASS,resolved,source-level only,clean-negative source split is traceable; defect-free status is not re-proven by this audit
1,1.jpg,1m.jpg,clean_negative/clean_1_89.jpg,clean_negative,667,820,256,256,256,1108,1476,,,,,sliding_window_clean,,,,,,1,1.jpg,train,PASS,resolved,source-level only,clean-negative source split is traceable; defect-free status is not re-proven by this audit
1,1.jpg,1m.jpg,clean_negative/clean_1_90.jpg,clean_negative,440,826,256,256,256,1108,1476,,,,,sliding_window_clean,,,,,,1,1.jpg,train,PASS,resolved,source-level only,clean-negative source split is traceable; defect-free status is not re-proven by this audit
1,1.jpg,1m.jpg,clean_negative/clean_1_91.jpg,clean_negative,488,826,256,256,256,1108,1476,,,,,sliding_window_clean,,,,,,1,1.jpg,train,PASS,resolved,source-level only,clean-negative source split is traceable; defect-free status is not re-proven by this audit
1,1.jpg,1m.jpg,clean_negative/clean_1_92.jpg,clean_negative,536,826,256,256,256,1108,1476,,,,,sliding_window_clean,,,,,,1,1.jpg,train,PASS,resolved,source-level only,clean-negative source split is traceable; defect-free status is not re-proven by this audit
1,1.jpg,1m.jpg,clean_negative/clean_1_93.jpg,clean_negative,584,826,256,256,256,1108,1476,,,,,sliding_window_clean,,,,,,1,1.jpg,train,PASS,resolved,source-level only,clean-negative source split is traceable; defect-free status is not re-proven by this audit
1,1.jpg,1m.jpg,clean_negative/clean_1_94.jpg,clean_negative,632,826,256,256,256,1108,1476,,,,,sliding_window_clean,,,,,,1,1.jpg,train,PASS,resolved,source-level only,clean-negative source split is traceable; defect-free status is not re-proven by this audit
1,1.jpg,1m.jpg,clean_negative/clean_1_95.jpg,clean_negative,440,832,256,256,256,1108,1476,,,,,sliding_window_clean,,,,,,1,1.jpg,train,PASS,resolved,source-level only,clean-negative source split is traceable; defect-free status is not re-proven by this audit
1,1.jpg,1m.jpg,clean_negative/clean_1_96.jpg,clean_negative,488,832,256,256,256,1108,1476,,,,,sliding_window_clean,,,,,,1,1.jpg,train,PASS,resolved,source-level only,clean-negative source split is traceable; defect-free status is not re-proven by this audit
1,1.jpg,1m.jpg,clean_negative/clean_1_97.jpg,clean_negative,536,832,256,256,256,1108,1476,,,,,sliding_window_clean,,,,,,1,1.jpg,train,PASS,resolved,source-level only,clean-negative source split is traceable; defect-free status is not re-proven by this audit
1,1.jpg,1m.jpg,clean_negative/clean_1_98.jpg,clean_negative,584,874,256,256,256,1108,1476,,,,,sliding_window_clean,,,,,,1,1.jpg,train,PASS,resolved,source-level only,clean-negative source split is traceable; defect-free status is not re-proven by this audit
1,1.jpg,1m.jpg,clean_negative/clean_1_99.jpg,clean_negative,632,874,256,256,256,1108,1476,,,,,sliding_window_clean,,,,,,1,1.jpg,train,PASS,resolved,source-level only,clean-negative source split is traceable; defect-free status is not re-proven by this audit
1,1.jpg,1m.jpg,clean_negative/clean_1_100.jpg,clean_negative,663,874,256,256,256,1108,1476,,,,,sliding_window_clean,,,,,,1,1.jpg,train,PASS,resolved,source-level only,clean-negative source split is traceable; defect-free status is not re-proven by this audit
1,1.jpg,1m.jpg,clean_negative/clean_1_101.jpg,clean_negative,580,922,256,256,256,1108,1476,,,,,sliding_window_clean,,,,,,1,1.jpg,train,PASS,resolved,source-level only,clean-negative source split is traceable; defect-free status is not re-proven by this audit
1,1.jpg,1m.jpg,clean_negative/clean_1_102.jpg,clean_negative,584,922,256,256,256,1108,1476,,,,,sliding_window_clean,,,,,,1,1.jpg,train,PASS,resolved,source-level only,clean-negative source split is traceable; defect-free status is not re-proven by this audit
1,1.jpg,1m.jpg,clean_negative/clean_1_103.jpg,clean_negative,632,922,256,256,256,1108,1476,,,,,sliding_window_clean,,,,,,1,1.jpg,train,PASS,resolved,source-level only,clean-negative source split is traceable; defect-free status is not re-proven by this audit
1,1.jpg,1m.jpg,clean_negative/clean_1_104.jpg,clean_negative,663,922,256,256,256,1108,1476,,,,,sliding_window_clean,,,,,,1,1.jpg,train,PASS,resolved,source-level only,clean-negative source split is traceable; defect-free status is not re-proven by this audit
1,1.jpg,1m.jpg,clean_negative/clean_1_105.jpg,clean_negative,580,954,256,256,256,1108,1476,,,,,sliding_window_clean,,,,,,1,1.jpg,train,PASS,resolved,source-level only,clean-negative source split is traceable; defect-free status is not re-proven by this audit
1,1.jpg,1m.jpg,clean_negative/clean_1_106.jpg,clean_negative,584,954,256,256,256,1108,1476,,,,,sliding_window_clean,,,,,,1,1.jpg,train,PASS,resolved,source-level only,clean-negative source split is traceable; defect-free status is not re-proven by this audit
1,1.jpg,1m.jpg,clean_negative/clean_1_107.jpg,clean_negative,632,954,256,256,256,1108,1476,,,,,sliding_window_clean,,,,,,1,1.jpg,train,PASS,resolved,source-level only,clean-negative source split is traceable; defect-free status is not re-proven by this audit
1,1.jpg,1m.jpg,clean_negative/clean_1_108.jpg,clean_negative,663,954,256,256,256,1108,1476,,,,,sliding_window_clean,,,,,,1,1.jpg,train,PASS,resolved,source-level only,clean-negative source split is traceable; defect-free status is not re-proven by this audit
1,1.jpg,1m.jpg,clean_negative/clean_1_109.jpg,clean_negative,850,1133,256,256,256,1108,1476,,,,,sliding_window_clean,,,,,,1,1.jpg,train,PASS,resolved,source-level only,clean-negative source split is traceable; defect-free status is not re-proven by this audit
1,1.jpg,1m.jpg,clean_negative/clean_1_110.jpg,clean_negative,850,1181,256,256,256,1108,1476,,,,,sliding_window_clean,,,,,,1,1.jpg,train,PASS,resolved,source-level only,clean-negative source split is traceable; defect-free status is not re-proven by this audit
1,1.jpg,1m.jpg,clean_negative/clean_1_111.jpg,clean_negative,850,1220,256,256,256,1108,1476,,,,,sliding_window_clean,,,,,,1,1.jpg,train,PASS,resolved,source-level only,clean-negative source split is traceable; defect-free status is not re-proven by this audit
1,1.jpg,1m.jpg,dirty_positive/dirty_1_1.jpg,dirty_positive,579,121,256,256,256,1108,1476,1,707,159,327,centered_positive,579,121,registered,registered,homography_inliers=1451/1484,1,1.jpg,train,PASS,resolved,exact,
1,1.jpg,1m.jpg,dirty_positive/dirty_1_2.jpg,dirty_positive,543,120,256,256,256,1108,1476,1,707,159,327,jittered_positive,543,120,registered,registered,homography_inliers=1451/1484,1,1.jpg,train,PASS,resolved,exact,
1,1.jpg,1m.jpg,dirty_positive/dirty_1_3.jpg,dirty_positive,584,121,256,256,256,1108,1476,1,707,159,327,jittered_positive,584,121,registered,registered,homography_inliers=1451/1484,1,1.jpg,train,PASS,resolved,exact,
1,1.jpg,1m.jpg,dirty_positive/dirty_1_4.jpg,dirty_positive,572,121,256,256,256,1108,1476,1,707,159,327,jittered_positive,572,121,registered,registered,homography_inliers=1451/1484,1,1.jpg,train,PASS,resolved,exact,
1,1.jpg,1m.jpg,dirty_positive/dirty_1_5.jpg,dirty_positive,175,110,256,256,256,1108,1476,2,305,209,709,centered_positive,175,110,registered,registered,homography_inliers=1451/1484,1,1.jpg,train,PASS,resolved,exact,
1,1.jpg,1m.jpg,dirty_positive/dirty_1_6.jpg,dirty_positive,138,109,256,256,256,1108,1476,2,305,209,709,jittered_positive,138,109,registered,registered,homography_inliers=1451/1484,1,1.jpg,train,PASS,resolved,exact,
1,1.jpg,1m.jpg,dirty_positive/dirty_1_7.jpg,dirty_positive,212,111,256,256,256,1108,1476,2,305,209,709,jittered_positive,212,111,registered,registered,homography_inliers=1451/1484,1,1.jpg,train,PASS,resolved,exact,
1,1.jpg,1m.jpg,dirty_positive/dirty_1_8.jpg,dirty_positive,120,109,256,256,256,1108,1476,2,305,209,709,jittered_positive,120,109,registered,registered,homography_inliers=1451/1484,1,1.jpg,train,PASS,resolved,exact,
1,1.jpg,1m.jpg,dirty_positive/dirty_1_9.jpg,dirty_positive,641,123,256,256,256,1108,1476,3,769,217,814,centered_positive,641,123,registered,registered,homography_inliers=1451/1484,1,1.jpg,train,PASS,resolved,exact,
1,1.jpg,1m.jpg,dirty_positive/dirty_1_10.jpg,dirty_positive,632,123,256,256,256,1108,1476,3,769,217,814,jittered_positive,632,123,registered,registered,homography_inliers=1451/1484,1,1.jpg,train,PASS,resolved,exact,
1,1.jpg,1m.jpg,dirty_positive/dirty_1_11.jpg,dirty_positive,583,121,256,256,256,1108,1476,3,769,217,814,jittered_positive,583,121,registered,registered,homography_inliers=1451/1484,1,1.jpg,train,PASS,resolved,exact,
1,1.jpg,1m.jpg,dirty_positive/dirty_1_12.jpg,dirty_positive,684,124,256,256,256,1108,1476,3,769,217,814,jittered_positive,684,124,registered,registered,homography_inliers=1451/1484,1,1.jpg,train,PASS,resolved,exact,
1,1.jpg,1m.jpg,dirty_positive/dirty_1_13.jpg,dirty_positive,558,258,256,256,256,1108,1476,4,686,386,562,centered_positive,558,258,registered,registered,homography_inliers=1451/1484,1,1.jpg,train,PASS,resolved,exact,
1,1.jpg,1m.jpg,dirty_positive/dirty_1_14.jpg,dirty_positive,608,265,256,256,256,1108,1476,4,686,386,562,jittered_positive,608,265,registered,registered,homography_inliers=1451/1484,1,1.jpg,train,PASS,resolved,exact,
1,1.jpg,1m.jpg,dirty_positive/dirty_1_15.jpg,dirty_positive,495,234,256,256,256,1108,1476,4,686,386,562,jittered_positive,495,234,registered,registered,homography_inliers=1451/1484,1,1.jpg,train,PASS,resolved,exact,
1,1.jpg,1m.jpg,dirty_positive/dirty_1_16.jpg,dirty_positive,602,281,256,256,256,1108,1476,4,686,386,562,jittered_positive,602,281,registered,registered,homography_inliers=1451/1484,1,1.jpg,train,PASS,resolved,exact,
1,1.jpg,1m.jpg,dirty_positive/dirty_1_17.jpg,dirty_positive,31,292,256,256,256,1108,1476,5,159,420,343,centered_positive,31,292,registered,registered,homography_inliers=1451/1484,1,1.jpg,train,PASS,resolved,exact,
1,1.jpg,1m.jpg,dirty_positive/dirty_1_18.jpg,dirty_positive,38,267,256,256,256,1108,1476,5,159,420,343,jittered_positive,38,267,registered,registered,homography_inliers=1451/1484,1,1.jpg,train,PASS,resolved,exact,
1,1.jpg,1m.jpg,dirty_positive/dirty_1_19.jpg,dirty_positive,22,314,256,256,256,1108,1476,5,159,420,343,jittered_positive,22,314,registered,registered,homography_inliers=1451/1484,1,1.jpg,train,PASS,resolved,exact,
1,1.jpg,1m.jpg,dirty_positive/dirty_1_20.jpg,dirty_positive,13,251,256,256,256,1108,1476,5,159,420,343,jittered_positive,13,251,registered,registered,homography_inliers=1451/1484,1,1.jpg,train,PASS,resolved,exact,
1,1.jpg,1m.jpg,dirty_positive/dirty_1_21.jpg,dirty_positive,646,339,256,256,256,1108,1476,6,774,467,796,centered_positive,646,339,registered,registered,homography_inliers=1451/1484,1,1.jpg,train,PASS,resolved,exact,
1,1.jpg,1m.jpg,dirty_positive/dirty_1_22.jpg,dirty_positive,679,299,256,256,256,1108,1476,6,774,467,796,jittered_positive,679,299,registered,registered,homography_inliers=1451/1484,1,1.jpg,train,PASS,resolved,exact,
1,1.jpg,1m.jpg,dirty_positive/dirty_1_23.jpg,dirty_positive,673,363,256,256,256,1108,1476,6,774,467,796,jittered_positive,673,363,registered,registered,homography_inliers=1451/1484,1,1.jpg,train,PASS,resolved,exact,
1,1.jpg,1m.jpg,dirty_positive/dirty_1_24.jpg,dirty_positive,649,286,256,256,256,1108,1476,6,774,467,796,jittered_positive,649,286,registered,registered,homography_inliers=1451/1484,1,1.jpg,train,PASS,resolved,exact,
1,1.jpg,1m.jpg,dirty_positive/dirty_1_25.jpg,dirty_positive,74,349,256,256,256,1108,1476,7,202,477,699,centered_positive,74,349,registered,registered,homography_inliers=1451/1484,1,1.jpg,train,PASS,resolved,exact,
1,1.jpg,1m.jpg,dirty_positive/dirty_1_26.jpg,dirty_positive,127,316,256,256,256,1108,1476,7,202,477,699,jittered_positive,127,316,registered,registered,homography_inliers=1451/1484,1,1.jpg,train,PASS,resolved,exact,
1,1.jpg,1m.jpg,dirty_positive/dirty_1_27.jpg,dirty_positive,106,305,256,256,256,1108,1476,7,202,477,699,jittered_positive,106,305,registered,registered,homography_inliers=1451/1484,1,1.jpg,train,PASS,resolved,exact,
1,1.jpg,1m.jpg,dirty_positive/dirty_1_28.jpg,dirty_positive,85,377,256,256,256,1108,1476,7,202,477,699,jittered_positive,85,377,registered,registered,homography_inliers=1451/1484,1,1.jpg,train,PASS,resolved,exact,
1,1.jpg,1m.jpg,dirty_positive/dirty_1_29.jpg,dirty_positive,692,400,256,256,256,1108,1476,8,820,528,587,centered_positive,692,400,registered,registered,homography_inliers=1451/1484,1,1.jpg,train,PASS,resolved,exact,
1,1.jpg,1m.jpg,dirty_positive/dirty_1_30.jpg,dirty_positive,677,353,256,256,256,1108,1476,8,820,528,587,jittered_positive,677,353,registered,registered,homography_inliers=1451/1484,1,1.jpg,train,PASS,resolved,exact,
1,1.jpg,1m.jpg,dirty_positive/dirty_1_31.jpg,dirty_positive,639,394,256,256,256,1108,1476,8,820,528,587,jittered_positive,639,394,registered,registered,homography_inliers=1451/1484,1,1.jpg,train,PASS,resolved,exact,
1,1.jpg,1m.jpg,dirty_positive/dirty_1_32.jpg,dirty_positive,702,356,256,256,256,1108,1476,8,820,528,587,jittered_positive,702,356,registered,registered,homography_inliers=1451/1484,1,1.jpg,train,PASS,resolved,exact,
1,1.jpg,1m.jpg,dirty_positive/dirty_1_33.jpg,dirty_positive,41,449,256,256,256,1108,1476,9,169,577,530,centered_positive,41,449,registered,registered,homography_inliers=1451/1484,1,1.jpg,train,PASS,resolved,exact,
1,1.jpg,1m.jpg,dirty_positive/dirty_1_34.jpg,dirty_positive,36,410,256,256,256,1108,1476,9,169,577,530,jittered_positive,36,410,registered,registered,homography_inliers=1451/1484,1,1.jpg,train,PASS,resolved,exact,
1,1.jpg,1m.jpg,dirty_positive/dirty_1_35.jpg,dirty_positive,74,456,256,256,256,1108,1476,9,169,577,530,jittered_positive,74,456,registered,registered,homography_inliers=1451/1484,1,1.jpg,train,PASS,resolved,exact,
1,1.jpg,1m.jpg,dirty_positive/dirty_1_36.jpg,dirty_positive,93,478,256,256,256,1108,1476,9,169,577,530,jittered_positive,93,478,registered,registered,homography_inliers=1451/1484,1,1.jpg,train,PASS,resolved,exact,
1,1.jpg,1m.jpg,dirty_positive/dirty_1_37.jpg,dirty_positive,459,539,256,256,256,1108,1476,10,587,667,1211,centered_positive,459,539,registered,registered,homography_inliers=1451/1484,1,1.jpg,train,PASS,resolved,exact,
1,1.jpg,1m.jpg,dirty_positive/dirty_1_38.jpg,dirty_positive,436,569,256,256,256,1108,1476,10,587,667,1211,jittered_positive,436,569,registered,registered,homography_inliers=1451/1484,1,1.jpg,train,PASS,resolved,exact,
1,1.jpg,1m.jpg,dirty_positive/dirty_1_39.jpg,dirty_positive,485,528,256,256,256,1108,1476,10,587,667,1211,jittered_positive,485,528,registered,registered,homography_inliers=1451/1484,1,1.jpg,train,PASS,resolved,exact,
1,1.jpg,1m.jpg,dirty_positive/dirty_1_40.jpg,dirty_positive,463,493,256,256,256,1108,1476,10,587,667,1211,jittered_positive,463,493,registered,registered,homography_inliers=1451/1484,1,1.jpg,train,PASS,resolved,exact,
1,1.jpg,1m.jpg,dirty_positive/dirty_1_41.jpg,dirty_positive,69,534,256,256,256,1108,1476,11,197,662,632,centered_positive,69,534,registered,registered,homography_inliers=1451/1484,1,1.jpg,train,PASS,resolved,exact,
1,1.jpg,1m.jpg,dirty_positive/dirty_1_42.jpg,dirty_positive,48,532,256,256,256,1108,1476,11,197,662,632,jittered_positive,48,532,registered,registered,homography_inliers=1451/1484,1,1.jpg,train,PASS,resolved,exact,
1,1.jpg,1m.jpg,dirty_positive/dirty_1_43.jpg,dirty_positive,46,588,256,256,256,1108,1476,11,197,662,632,jittered_positive,46,588,registered,registered,homography_inliers=1451/1484,1,1.jpg,train,PASS,resolved,exact,
1,1.jpg,1m.jpg,dirty_positive/dirty_1_44.jpg,dirty_positive,102,539,256,256,256,1108,1476,11,197,662,632,jittered_positive,102,539,registered,registered,homography_inliers=1451/1484,1,1.jpg,train,PASS,resolved,exact,
1,1.jpg,1m.jpg,dirty_positive/dirty_1_45.jpg,dirty_positive,705,590,256,256,256,1108,1476,12,833,718,605,centered_positive,705,590,registered,registered,homography_inliers=1451/1484,1,1.jpg,train,PASS,resolved,exact,
1,1.jpg,1m.jpg,dirty_positive/dirty_1_46.jpg,dirty_positive,697,609,256,256,256,1108,1476,12,833,718,605,jittered_positive,697,609,registered,registered,homography_inliers=1451/1484,1,1.jpg,train,PASS,resolved,exact,
1,1.jpg,1m.jpg,dirty_positive/dirty_1_47.jpg,dirty_positive,655,584,256,256,256,1108,1476,12,833,718,605,jittered_positive,655,584,registered,registered,homography_inliers=1451/1484,1,1.jpg,train,PASS,resolved,exact,
1,1.jpg,1m.jpg,dirty_positive/dirty_1_48.jpg,dirty_positive,649,606,256,256,256,1108,1476,12,833,718,605,jittered_positive,649,606,registered,registered,homography_inliers=1451/1484,1,1.jpg,train,PASS,resolved,exact,
1,1.jpg,1m.jpg,dirty_positive/dirty_1_49.jpg,dirty_positive,260,824,256,256,256,1108,1476,13,388,952,847,centered_positive,260,824,registered,registered,homography_inliers=1451/1484,1,1.jpg,train,PASS,resolved,exact,
1,1.jpg,1m.jpg,dirty_positive/dirty_1_50.jpg,dirty_positive,298,828,256,256,256,1108,1476,13,388,952,847,jittered_positive,298,828,registered,registered,homography_inliers=1451/1484,1,1.jpg,train,PASS,resolved,exact,
1,1.jpg,1m.jpg,dirty_positive/dirty_1_51.jpg,dirty_positive,212,814,256,256,256,1108,1476,13,388,952,847,jittered_positive,212,814,registered,registered,homography_inliers=1451/1484,1,1.jpg,train,PASS,resolved,exact,
1,1.jpg,1m.jpg,dirty_positive/dirty_1_52.jpg,dirty_positive,276,814,256,256,256,1108,1476,13,388,952,847,jittered_positive,276,814,registered,registered,homography_inliers=1451/1484,1,1.jpg,train,PASS,resolved,exact,
1,1.jpg,1m.jpg,dirty_positive/dirty_1_53.jpg,dirty_positive,233,876,256,256,256,1108,1476,14,361,1004,585,centered_positive,233,876,registered,registered,homography_inliers=1451/1484,1,1.jpg,train,PASS,resolved,exact,
1,1.jpg,1m.jpg,dirty_positive/dirty_1_54.jpg,dirty_positive,296,913,256,256,256,1108,1476,14,361,1004,585,jittered_positive,296,913,registered,registered,homography_inliers=1451/1484,1,1.jpg,train,PASS,resolved,exact,
1,1.jpg,1m.jpg,dirty_positive/dirty_1_55.jpg,dirty_positive,286,848,256,256,256,1108,1476,14,361,1004,585,jittered_positive,286,848,registered,registered,homography_inliers=1451/1484,1,1.jpg,train,PASS,resolved,exact,
1,1.jpg,1m.jpg,dirty_positive/dirty_1_56.jpg,dirty_positive,236,847,256,256,256,1108,1476,14,361,1004,585,jittered_positive,236,847,registered,registered,homography_inliers=1451/1484,1,1.jpg,train,PASS,resolved,exact,
1,1.jpg,1m.jpg,dirty_positive/dirty_1_57.jpg,dirty_positive,0,889,256,256,256,1108,1476,15,111,1017,746,centered_positive,0,889,registered,registered,homography_inliers=1451/1484,1,1.jpg,train,PASS,resolved,exact,
1,1.jpg,1m.jpg,dirty_positive/dirty_1_58.jpg,dirty_positive,0,892,256,256,256,1108,1476,15,111,1017,746,jittered_positive,0,892,registered,registered,homography_inliers=1451/1484,1,1.jpg,train,PASS,resolved,exact,
1,1.jpg,1m.jpg,dirty_positive/dirty_1_59.jpg,dirty_positive,45,927,256,256,256,1108,1476,15,111,1017,746,jittered_positive,45,927,registered,registered,homography_inliers=1451/1484,1,1.jpg,train,PASS,resolved,exact,
1,1.jpg,1m.jpg,dirty_positive/dirty_1_60.jpg,dirty_positive,28,881,256,256,256,1108,1476,15,111,1017,746,jittered_positive,28,881,registered,registered,homography_inliers=1451/1484,1,1.jpg,train,PASS,resolved,exact,
1,1.jpg,1m.jpg,dirty_positive/dirty_1_61.jpg,dirty_positive,811,958,256,256,256,1108,1476,16,968,1086,809,centered_positive,811,958,registered,registered,homography_inliers=1451/1484,1,1.jpg,train,PASS,resolved,exact,
1,1.jpg,1m.jpg,dirty_positive/dirty_1_62.jpg,dirty_positive,810,1020,256,256,256,1108,1476,16,968,1086,809,jittered_positive,810,1020,registered,registered,homography_inliers=1451/1484,1,1.jpg,train,PASS,resolved,exact,
1,1.jpg,1m.jpg,dirty_positive/dirty_1_63.jpg,dirty_positive,799,906,256,256,256,1108,1476,16,968,1086,809,jittered_positive,799,906,registered,registered,homography_inliers=1451/1484,1,1.jpg,train,PASS,resolved,exact,
1,1.jpg,1m.jpg,dirty_positive/dirty_1_64.jpg,dirty_positive,804,933,256,256,256,1108,1476,16,968,1086,809,jittered_positive,804,933,registered,registered,homography_inliers=1451/1484,1,1.jpg,train,PASS,resolved,exact,
1,1.jpg,1m.jpg,dirty_positive/dirty_1_65.jpg,dirty_positive,0,984,256,256,256,1108,1476,17,120,1112,733,centered_positive,0,984,registered,registered,homography_inliers=1451/1484,1,1.jpg,train,PASS,resolved,exact,
1,1.jpg,1m.jpg,dirty_positive/dirty_1_66.jpg,dirty_positive,0,1028,256,256,256,1108,1476,17,120,1112,733,jittered_positive,0,1028,registered,registered,homography_inliers=1451/1484,1,1.jpg,train,PASS,resolved,exact,
1,1.jpg,1m.jpg,dirty_positive/dirty_1_67.jpg,dirty_positive,0,1018,256,256,256,1108,1476,17,120,1112,733,jittered_positive,0,1018,registered,registered,homography_inliers=1451/1484,1,1.jpg,train,PASS,resolved,exact,
1,1.jpg,1m.jpg,dirty_positive/dirty_1_68.jpg,dirty_positive,33,1039,256,256,256,1108,1476,17,120,1112,733,jittered_positive,33,1039,registered,registered,homography_inliers=1451/1484,1,1.jpg,train,PASS,resolved,exact,
1,1.jpg,1m.jpg,dirty_positive/dirty_1_69.jpg,dirty_positive,402,1009,256,256,256,1108,1476,18,530,1137,822,centered_positive,402,1009,registered,registered,homography_inliers=1451/1484,1,1.jpg,train,PASS,resolved,exact,
1,1.jpg,1m.jpg,dirty_positive/dirty_1_70.jpg,dirty_positive,402,947,256,256,256,1108,1476,18,530,1137,822,jittered_positive,402,947,registered,registered,homography_inliers=1451/1484,1,1.jpg,train,PASS,resolved,exact,
1,1.jpg,1m.jpg,dirty_positive/dirty_1_71.jpg,dirty_positive,367,1013,256,256,256,1108,1476,18,530,1137,822,jittered_positive,367,1013,registered,registered,homography_inliers=1451/1484,1,1.jpg,train,PASS,resolved,exact,
1,1.jpg,1m.jpg,dirty_positive/dirty_1_72.jpg,dirty_positive,425,973,256,256,256,1108,1476,18,530,1137,822,jittered_positive,425,973,registered,registered,homography_inliers=1451/1484,1,1.jpg,train,PASS,resolved,exact,
1,1.jpg,1m.jpg,dirty_positive/dirty_1_73.jpg,dirty_positive,61,1022,256,256,256,1108,1476,19,189,1150,817,centered_positive,61,1022,registered,registered,homography_inliers=1451/1484,1,1.jpg,train,PASS,resolved,exact,
1,1.jpg,1m.jpg,dirty_positive/dirty_1_74.jpg,dirty_positive,72,1069,256,256,256,1108,1476,19,189,1150,817,jittered_positive,72,1069,registered,registered,homography_inliers=1451/1484,1,1.jpg,train,PASS,resolved,exact,
1,1.jpg,1m.jpg,dirty_positive/dirty_1_75.jpg,dirty_positive,37,1074,256,256,256,1108,1476,19,189,1150,817,jittered_positive,37,1074,registered,registered,homography_inliers=1451/1484,1,1.jpg,train,PASS,resolved,exact,
1,1.jpg,1m.jpg,dirty_positive/dirty_1_76.jpg,dirty_positive,0,1025,256,256,256,1108,1476,19,189,1150,817,jittered_positive,0,1025,registered,registered,homography_inliers=1451/1484,1,1.jpg,train,PASS,resolved,exact,
1,1.jpg,1m.jpg,dirty_positive/dirty_1_77.jpg,dirty_positive,189,1038,256,256,256,1108,1476,20,317,1166,546,centered_positive,189,1038,registered,registered,homography_inliers=1451/1484,1,1.jpg,train,PASS,resolved,exact,
1,1.jpg,1m.jpg,dirty_positive/dirty_1_78.jpg,dirty_positive,253,1019,256,256,256,1108,1476,20,317,1166,546,jittered_positive,253,1019,registered,registered,homography_inliers=1451/1484,1,1.jpg,train,PASS,resolved,exact,
1,1.jpg,1m.jpg,dirty_positive/dirty_1_79.jpg,dirty_positive,152,1050,256,256,256,1108,1476,20,317,1166,546,jittered_positive,152,1050,registered,registered,homography_inliers=1451/1484,1,1.jpg,train,PASS,resolved,exact,
1,1.jpg,1m.jpg,dirty_positive/dirty_1_80.jpg,dirty_positive,175,1013,256,256,256,1108,1476,20,317,1166,546,jittered_positive,175,1013,registered,registered,homography_inliers=1451/1484,1,1.jpg,train,PASS,resolved,exact,
1,1.jpg,1m.jpg,dirty_positive/dirty_1_81.jpg,dirty_positive,0,1048,256,256,256,1108,1476,21,97,1176,700,centered_positive,0,1048,registered,registered,homography_inliers=1451/1484,1,1.jpg,train,PASS,resolved,exact,
1,1.jpg,1m.jpg,dirty_positive/dirty_1_82.jpg,dirty_positive,31,1025,256,256,256,1108,1476,21,97,1176,700,jittered_positive,31,1025,registered,registered,homography_inliers=1451/1484,1,1.jpg,train,PASS,resolved,exact,
1,1.jpg,1m.jpg,dirty_positive/dirty_1_83.jpg,dirty_positive,0,1066,256,256,256,1108,1476,21,97,1176,700,jittered_positive,0,1066,registered,registered,homography_inliers=1451/1484,1,1.jpg,train,PASS,resolved,exact,
1,1.jpg,1m.jpg,dirty_positive/dirty_1_84.jpg,dirty_positive,61,988,256,256,256,1108,1476,21,97,1176,700,jittered_positive,61,988,registered,registered,homography_inliers=1451/1484,1,1.jpg,train,PASS,resolved,exact,
1,1.jpg,1m.jpg,dirty_positive/dirty_1_85.jpg,dirty_positive,166,1094,256,256,256,1108,1476,22,294,1222,1057,centered_positive,166,1094,registered,registered,homography_inliers=1451/1484,1,1.jpg,train,PASS,resolved,exact,
1,1.jpg,1m.jpg,dirty_positive/dirty_1_86.jpg,dirty_positive,130,1122,256,256,256,1108,1476,22,294,1222,1057,jittered_positive,130,1122,registered,registered,homography_inliers=1451/1484,1,1.jpg,train,PASS,resolved,exact,
1,1.jpg,1m.jpg,dirty_positive/dirty_1_87.jpg,dirty_positive,180,1091,256,256,256,1108,1476,22,294,1222,1057,jittered_positive,180,1091,registered,registered,homography_inliers=1451/1484,1,1.jpg,train,PASS,resolved,exact,
1,1.jpg,1m.jpg,dirty_positive/dirty_1_88.jpg,dirty_positive,116,1091,256,256,256,1108,1476,22,294,1222,1057,jittered_positive,116,1091,registered,registered,homography_inliers=1451/1484,1,1.jpg,train,PASS,resolved,exact,
1,1.jpg,1m.jpg,dirty_positive/dirty_1_89.jpg,dirty_positive,264,1091,256,256,256,1108,1476,23,392,1219,610,centered_positive,264,1091,registered,registered,homography_inliers=1451/1484,1,1.jpg,train,PASS,resolved,exact,
1,1.jpg,1m.jpg,dirty_positive/dirty_1_90.jpg,dirty_positive,220,1048,256,256,256,1108,1476,23,392,1219,610,jittered_positive,220,1048,registered,registered,homography_inliers=1451/1484,1,1.jpg,train,PASS,resolved,exact,
1,1.jpg,1m.jpg,dirty_positive/dirty_1_91.jpg,dirty_positive,324,1044,256,256,256,1108,1476,23,392,1219,610,jittered_positive,324,1044,registered,registered,homography_inliers=1451/1484,1,1.jpg,train,PASS,resolved,exact,
1,1.jpg,1m.jpg,dirty_positive/dirty_1_92.jpg,dirty_positive,232,1059,256,256,256,1108,1476,23,392,1219,610,jittered_positive,232,1059,registered,registered,homography_inliers=1451/1484,1,1.jpg,train,PASS,resolved,exact,
1,1.jpg,1m.jpg,dirty_positive/dirty_1_93.jpg,dirty_positive,682,1122,256,256,256,1108,1476,24,810,1250,541,centered_positive,682,1122,registered,registered,homography_inliers=1451/1484,1,1.jpg,train,PASS,resolved,exact,
1,1.jpg,1m.jpg,dirty_positive/dirty_1_94.jpg,dirty_positive,739,1100,256,256,256,1108,1476,24,810,1250,541,jittered_positive,739,1100,registered,registered,homography_inliers=1451/1484,1,1.jpg,train,PASS,resolved,exact,
1,1.jpg,1m.jpg,dirty_positive/dirty_1_95.jpg,dirty_positive,685,1166,256,256,256,1108,1476,24,810,1250,541,jittered_positive,685,1166,registered,registered,homography_inliers=1451/1484,1,1.jpg,train,PASS,resolved,exact,
1,1.jpg,1m.jpg,dirty_positive/dirty_1_96.jpg,dirty_positive,672,1109,256,256,256,1108,1476,24,810,1250,541,jittered_positive,672,1109,registered,registered,homography_inliers=1451/1484,1,1.jpg,train,PASS,resolved,exact,
1,1.jpg,1m.jpg,dirty_positive/dirty_1_97.jpg,dirty_positive,17,1144,256,256,256,1108,1476,25,145,1272,824,centered_positive,17,1144,registered,registered,homography_inliers=1451/1484,1,1.jpg,train,PASS,resolved,exact,
1,1.jpg,1m.jpg,dirty_positive/dirty_1_98.jpg,dirty_positive,32,1182,256,256,256,1108,1476,25,145,1272,824,jittered_positive,32,1182,registered,registered,homography_inliers=1451/1484,1,1.jpg,train,PASS,resolved,exact,
1,1.jpg,1m.jpg,dirty_positive/dirty_1_99.jpg,dirty_positive,48,1192,256,256,256,1108,1476,25,145,1272,824,jittered_positive,48,1192,registered,registered,homography_inliers=1451/1484,1,1.jpg,train,PASS,resolved,exact,
1,1.jpg,1m.jpg,dirty_positive/dirty_1_100.jpg,dirty_positive,68,1110,256,256,256,1108,1476,25,145,1272,824,jittered_positive,68,1110,registered,registered,homography_inliers=1451/1484,1,1.jpg,train,PASS,resolved,exact,
1,1.jpg,1m.jpg,dirty_positive/dirty_1_101.jpg,dirty_positive,352,1220,256,256,256,1108,1476,26,480,1392,1432,centered_positive,352,1220,registered,registered,homography_inliers=1451/1484,1,1.jpg,train,PASS,resolved,exact,
1,1.jpg,1m.jpg,dirty_positive/dirty_1_102.jpg,dirty_positive,351,1213,256,256,256,1108,1476,26,480,1392,1432,jittered_positive,351,1213,registered,registered,homography_inliers=1451/1484,1,1.jpg,train,PASS,resolved,exact,
1,1.jpg,1m.jpg,dirty_positive/dirty_1_103.jpg,dirty_positive,304,1220,256,256,256,1108,1476,26,480,1392,1432,jittered_positive,304,1220,registered,registered,homography_inliers=1451/1484,1,1.jpg,train,PASS,resolved,exact,
1,1.jpg,1m.jpg,dirty_positive/dirty_1_104.jpg,dirty_positive,293,1214,256,256,256,1108,1476,26,480,1392,1432,jittered_positive,293,1214,registered,registered,homography_inliers=1451/1484,1,1.jpg,train,PASS,resolved,exact,
2,2.jpg,2m.jpg,clean_negative/clean_2_1.jpg,clean_negative,0,0,256,256,256,1108,1476,,,,,sliding_window_clean,,,,,,2,2.jpg,train,FAIL,resolved,source-level only,clean-negative source split is traceable; defect-free status is not re-proven by this audit
2,2.jpg,2m.jpg,clean_negative/clean_2_2.jpg,clean_negative,48,0,256,256,256,1108,1476,,,,,sliding_window_clean,,,,,,2,2.jpg,train,FAIL,resolved,source-level only,clean-negative source split is traceable; defect-free status is not re-proven by this audit
2,2.jpg,2m.jpg,clean_negative/clean_2_3.jpg,clean_negative,697,0,256,256,256,1108,1476,,,,,sliding_window_clean,,,,,,2,2.jpg,train,FAIL,resolved,source-level only,clean-negative source split is traceable; defect-free status is not re-proven by this audit
2,2.jpg,2m.jpg,clean_negative/clean_2_4.jpg,clean_negative,734,0,256,256,256,1108,1476,,,,,sliding_window_clean,,,,,,2,2.jpg,train,FAIL,resolved,source-level only,clean-negative source split is traceable; defect-free status is not re-proven by this audit
2,2.jpg,2m.jpg,clean_negative/clean_2_5.jpg,clean_negative,708,43,256,256,256,1108,1476,,,,,sliding_window_clean,,,,,,2,2.jpg,train,FAIL,resolved,source-level only,clean-negative source split is traceable; defect-free status is not re-proven by this audit
2,2.jpg,2m.jpg,clean_negative/clean_2_6.jpg,clean_negative,727,43,256,256,256,1108,1476,,,,,sliding_window_clean,,,,,,2,2.jpg,train,FAIL,resolved,source-level only,clean-negative source split is traceable; defect-free status is not re-proven by this audit
2,2.jpg,2m.jpg,clean_negative/clean_2_7.jpg,clean_negative,0,48,256,256,256,1108,1476,,,,,sliding_window_clean,,,,,,2,2.jpg,train,FAIL,resolved,source-level only,clean-negative source split is traceable; defect-free status is not re-proven by this audit
2,2.jpg,2m.jpg,clean_negative/clean_2_8.jpg,clean_negative,48,48,256,256,256,1108,1476,,,,,sliding_window_clean,,,,,,2,2.jpg,train,FAIL,resolved,source-level only,clean-negative source split is traceable; defect-free status is not re-proven by this audit
2,2.jpg,2m.jpg,clean_negative/clean_2_9.jpg,clean_negative,0,96,256,256,256,1108,1476,,,,,sliding_window_clean,,,,,,2,2.jpg,train,FAIL,resolved,source-level only,clean-negative source split is traceable; defect-free status is not re-proven by this audit
2,2.jpg,2m.jpg,clean_negative/clean_2_10.jpg,clean_negative,48,96,256,256,256,1108,1476,,,,,sliding_window_clean,,,,,,2,2.jpg,train,FAIL,resolved,source-level only,clean-negative source split is traceable; defect-free status is not re-proven by this audit
2,2.jpg,2m.jpg,clean_negative/clean_2_11.jpg,clean_negative,0,144,256,256,256,1108,1476,,,,,sliding_window_clean,,,,,,2,2.jpg,train,FAIL,resolved,source-level only,clean-negative source split is traceable; defect-free status is not re-proven by this audit
2,2.jpg,2m.jpg,clean_negative/clean_2_12.jpg,clean_negative,48,144,256,256,256,1108,1476,,,,,sliding_window_clean,,,,,,2,2.jpg,train,FAIL,resolved,source-level only,clean-negative source split is traceable; defect-free status is not re-proven by this audit
2,2.jpg,2m.jpg,clean_negative/clean_2_13.jpg,clean_negative,150,1080,256,256,256,1108,1476,,,,,sliding_window_clean,,,,,,2,2.jpg,train,FAIL,resolved,source-level only,clean-negative source split is traceable; defect-free status is not re-proven by this audit
2,2.jpg,2m.jpg,clean_negative/clean_2_14.jpg,clean_negative,192,1089,256,256,256,1108,1476,,,,,sliding_window_clean,,,,,,2,2.jpg,train,FAIL,resolved,source-level only,clean-negative source split is traceable; defect-free status is not re-proven by this audit
2,2.jpg,2m.jpg,clean_negative/clean_2_15.jpg,clean_negative,240,1089,256,256,256,1108,1476,,,,,sliding_window_clean,,,,,,2,2.jpg,train,FAIL,resolved,source-level only,clean-negative source split is traceable; defect-free status is not re-proven by this audit
2,2.jpg,2m.jpg,clean_negative/clean_2_16.jpg,clean_negative,283,1089,256,256,256,1108,1476,,,,,sliding_window_clean,,,,,,2,2.jpg,train,FAIL,resolved,source-level only,clean-negative source split is traceable; defect-free status is not re-proven by this audit
2,2.jpg,2m.jpg,clean_negative/clean_2_17.jpg,clean_negative,852,1113,256,256,256,1108,1476,,,,,sliding_window_clean,,,,,,2,2.jpg,train,FAIL,resolved,source-level only,clean-negative source split is traceable; defect-free status is not re-proven by this audit
2,2.jpg,2m.jpg,clean_negative/clean_2_18.jpg,clean_negative,150,1128,256,256,256,1108,1476,,,,,sliding_window_clean,,,,,,2,2.jpg,train,FAIL,resolved,source-level only,clean-negative source split is traceable; defect-free status is not re-proven by this audit
2,2.jpg,2m.jpg,clean_negative/clean_2_19.jpg,clean_negative,192,1128,256,256,256,1108,1476,,,,,sliding_window_clean,,,,,,2,2.jpg,train,FAIL,resolved,source-level only,clean-negative source split is traceable; defect-free status is not re-proven by this audit
2,2.jpg,2m.jpg,clean_negative/clean_2_20.jpg,clean_negative,240,1128,256,256,256,1108,1476,,,,,sliding_window_clean,,,,,,2,2.jpg,train,FAIL,resolved,source-level only,clean-negative source split is traceable; defect-free status is not re-proven by this audit
2,2.jpg,2m.jpg,clean_negative/clean_2_21.jpg,clean_negative,283,1128,256,256,256,1108,1476,,,,,sliding_window_clean,,,,,,2,2.jpg,train,FAIL,resolved,source-level only,clean-negative source split is traceable; defect-free status is not re-proven by this audit
2,2.jpg,2m.jpg,clean_negative/clean_2_22.jpg,clean_negative,664,1131,256,256,256,1108,1476,,,,,sliding_window_clean,,,,,,2,2.jpg,train,FAIL,resolved,source-level only,clean-negative source split is traceable; defect-free status is not re-proven by this audit
2,2.jpg,2m.jpg,clean_negative/clean_2_23.jpg,clean_negative,712,1131,256,256,256,1108,1476,,,,,sliding_window_clean,,,,,,2,2.jpg,train,FAIL,resolved,source-level only,clean-negative source split is traceable; defect-free status is not re-proven by this audit
2,2.jpg,2m.jpg,clean_negative/clean_2_24.jpg,clean_negative,760,1131,256,256,256,1108,1476,,,,,sliding_window_clean,,,,,,2,2.jpg,train,FAIL,resolved,source-level only,clean-negative source split is traceable; defect-free status is not re-proven by this audit
2,2.jpg,2m.jpg,clean_negative/clean_2_25.jpg,clean_negative,808,1131,256,256,256,1108,1476,,,,,sliding_window_clean,,,,,,2,2.jpg,train,FAIL,resolved,source-level only,clean-negative source split is traceable; defect-free status is not re-proven by this audit
2,2.jpg,2m.jpg,clean_negative/clean_2_26.jpg,clean_negative,664,1161,256,256,256,1108,1476,,,,,sliding_window_clean,,,,,,2,2.jpg,train,FAIL,resolved,source-level only,clean-negative source split is traceable; defect-free status is not re-proven by this audit
2,2.jpg,2m.jpg,clean_negative/clean_2_27.jpg,clean_negative,712,1161,256,256,256,1108,1476,,,,,sliding_window_clean,,,,,,2,2.jpg,train,FAIL,resolved,source-level only,clean-negative source split is traceable; defect-free status is not re-proven by this audit
2,2.jpg,2m.jpg,clean_negative/clean_2_28.jpg,clean_negative,760,1161,256,256,256,1108,1476,,,,,sliding_window_clean,,,,,,2,2.jpg,train,FAIL,resolved,source-level only,clean-negative source split is traceable; defect-free status is not re-proven by this audit
2,2.jpg,2m.jpg,clean_negative/clean_2_29.jpg,clean_negative,808,1161,256,256,256,1108,1476,,,,,sliding_window_clean,,,,,,2,2.jpg,train,FAIL,resolved,source-level only,clean-negative source split is traceable; defect-free status is not re-proven by this audit
2,2.jpg,2m.jpg,clean_negative/clean_2_30.jpg,clean_negative,852,1161,256,256,256,1108,1476,,,,,sliding_window_clean,,,,,,2,2.jpg,train,FAIL,resolved,source-level only,clean-negative source split is traceable; defect-free status is not re-proven by this audit
2,2.jpg,2m.jpg,clean_negative/clean_2_31.jpg,clean_negative,150,1176,256,256,256,1108,1476,,,,,sliding_window_clean,,,,,,2,2.jpg,train,FAIL,resolved,source-level only,clean-negative source split is traceable; defect-free status is not re-proven by this audit
2,2.jpg,2m.jpg,clean_negative/clean_2_32.jpg,clean_negative,192,1176,256,256,256,1108,1476,,,,,sliding_window_clean,,,,,,2,2.jpg,train,FAIL,resolved,source-level only,clean-negative source split is traceable; defect-free status is not re-proven by this audit
2,2.jpg,2m.jpg,clean_negative/clean_2_33.jpg,clean_negative,240,1176,256,256,256,1108,1476,,,,,sliding_window_clean,,,,,,2,2.jpg,train,FAIL,resolved,source-level only,clean-negative source split is traceable; defect-free status is not re-proven by this audit
2,2.jpg,2m.jpg,clean_negative/clean_2_34.jpg,clean_negative,283,1176,256,256,256,1108,1476,,,,,sliding_window_clean,,,,,,2,2.jpg,train,FAIL,resolved,source-level only,clean-negative source split is traceable; defect-free status is not re-proven by this audit
2,2.jpg,2m.jpg,clean_negative/clean_2_35.jpg,clean_negative,0,1203,256,256,256,1108,1476,,,,,sliding_window_clean,,,,,,2,2.jpg,train,FAIL,resolved,source-level only,clean-negative source split is traceable; defect-free status is not re-proven by this audit
2,2.jpg,2m.jpg,clean_negative/clean_2_36.jpg,clean_negative,48,1203,256,256,256,1108,1476,,,,,sliding_window_clean,,,,,,2,2.jpg,train,FAIL,resolved,source-level only,clean-negative source split is traceable; defect-free status is not re-proven by this audit
2,2.jpg,2m.jpg,clean_negative/clean_2_37.jpg,clean_negative,96,1203,256,256,256,1108,1476,,,,,sliding_window_clean,,,,,,2,2.jpg,train,FAIL,resolved,source-level only,clean-negative source split is traceable; defect-free status is not re-proven by this audit
2,2.jpg,2m.jpg,clean_negative/clean_2_38.jpg,clean_negative,664,1209,256,256,256,1108,1476,,,,,sliding_window_clean,,,,,,2,2.jpg,train,FAIL,resolved,source-level only,clean-negative source split is traceable; defect-free status is not re-proven by this audit
2,2.jpg,2m.jpg,clean_negative/clean_2_39.jpg,clean_negative,712,1209,256,256,256,1108,1476,,,,,sliding_window_clean,,,,,,2,2.jpg,train,FAIL,resolved,source-level only,clean-negative source split is traceable; defect-free status is not re-proven by this audit
2,2.jpg,2m.jpg,clean_negative/clean_2_40.jpg,clean_negative,760,1209,256,256,256,1108,1476,,,,,sliding_window_clean,,,,,,2,2.jpg,train,FAIL,resolved,source-level only,clean-negative source split is traceable; defect-free status is not re-proven by this audit
2,2.jpg,2m.jpg,clean_negative/clean_2_41.jpg,clean_negative,808,1209,256,256,256,1108,1476,,,,,sliding_window_clean,,,,,,2,2.jpg,train,FAIL,resolved,source-level only,clean-negative source split is traceable; defect-free status is not re-proven by this audit
2,2.jpg,2m.jpg,clean_negative/clean_2_42.jpg,clean_negative,852,1209,256,256,256,1108,1476,,,,,sliding_window_clean,,,,,,2,2.jpg,train,FAIL,resolved,source-level only,clean-negative source split is traceable; defect-free status is not re-proven by this audit
2,2.jpg,2m.jpg,clean_negative/clean_2_43.jpg,clean_negative,0,1220,256,256,256,1108,1476,,,,,sliding_window_clean,,,,,,2,2.jpg,train,FAIL,resolved,source-level only,clean-negative source split is traceable; defect-free status is not re-proven by this audit
2,2.jpg,2m.jpg,clean_negative/clean_2_44.jpg,clean_negative,48,1220,256,256,256,1108,1476,,,,,sliding_window_clean,,,,,,2,2.jpg,train,FAIL,resolved,source-level only,clean-negative source split is traceable; defect-free status is not re-proven by this audit
2,2.jpg,2m.jpg,clean_negative/clean_2_45.jpg,clean_negative,96,1220,256,256,256,1108,1476,,,,,sliding_window_clean,,,,,,2,2.jpg,train,FAIL,resolved,source-level only,clean-negative source split is traceable; defect-free status is not re-proven by this audit
2,2.jpg,2m.jpg,clean_negative/clean_2_46.jpg,clean_negative,144,1220,256,256,256,1108,1476,,,,,sliding_window_clean,,,,,,2,2.jpg,train,FAIL,resolved,source-level only,clean-negative source split is traceable; defect-free status is not re-proven by this audit
2,2.jpg,2m.jpg,clean_negative/clean_2_47.jpg,clean_negative,192,1220,256,256,256,1108,1476,,,,,sliding_window_clean,,,,,,2,2.jpg,train,FAIL,resolved,source-level only,clean-negative source split is traceable; defect-free status is not re-proven by this audit
2,2.jpg,2m.jpg,clean_negative/clean_2_48.jpg,clean_negative,240,1220,256,256,256,1108,1476,,,,,sliding_window_clean,,,,,,2,2.jpg,train,FAIL,resolved,source-level only,clean-negative source split is traceable; defect-free status is not re-proven by this audit
2,2.jpg,2m.jpg,clean_negative/clean_2_49.jpg,clean_negative,283,1220,256,256,256,1108,1476,,,,,sliding_window_clean,,,,,,2,2.jpg,train,FAIL,resolved,source-level only,clean-negative source split is traceable; defect-free status is not re-proven by this audit
2,2.jpg,2m.jpg,dirty_positive/dirty_2_1.jpg,dirty_positive,229,149,256,256,256,1108,1476,1,357,277,988,centered_positive,229,149,registered,registered,homography_inliers=2306/2315,2,2.jpg,train,FAIL,resolved,exact,
2,2.jpg,2m.jpg,dirty_positive/dirty_2_2.jpg,dirty_positive,221,86,256,256,256,1108,1476,1,357,277,988,jittered_positive,221,86,registered,registered,homography_inliers=2306/2315,2,2.jpg,train,FAIL,resolved,exact,
2,2.jpg,2m.jpg,dirty_positive/dirty_2_3.jpg,dirty_positive,183,100,256,256,256,1108,1476,1,357,277,988,jittered_positive,183,100,registered,registered,homography_inliers=2306/2315,2,2.jpg,train,FAIL,resolved,exact,
2,2.jpg,2m.jpg,dirty_positive/dirty_2_4.jpg,dirty_positive,223,102,256,256,256,1108,1476,1,357,277,988,jittered_positive,223,102,registered,registered,homography_inliers=2306/2315,2,2.jpg,train,FAIL,resolved,exact,
2,2.jpg,2m.jpg,dirty_positive/dirty_2_5.jpg,dirty_positive,846,145,256,256,256,1108,1476,2,1026,273,592,centered_positive,846,145,registered,registered,homography_inliers=2306/2315,2,2.jpg,train,FAIL,resolved,exact,
2,2.jpg,2m.jpg,dirty_positive/dirty_2_6.jpg,dirty_positive,796,165,256,256,256,1108,1476,2,1026,273,592,jittered_positive,796,165,registered,registered,homography_inliers=2306/2315,2,2.jpg,train,FAIL,resolved,exact,
2,2.jpg,2m.jpg,dirty_positive/dirty_2_7.jpg,dirty_positive,806,141,256,256,256,1108,1476,2,1026,273,592,jittered_positive,806,141,registered,registered,homography_inliers=2306/2315,2,2.jpg,train,FAIL,resolved,exact,
2,2.jpg,2m.jpg,dirty_positive/dirty_2_8.jpg,dirty_positive,847,207,256,256,256,1108,1476,2,1026,273,592,jittered_positive,847,207,registered,registered,homography_inliers=2306/2315,2,2.jpg,train,FAIL,resolved,exact,
2,2.jpg,2m.jpg,dirty_positive/dirty_2_9.jpg,dirty_positive,532,157,256,256,256,1108,1476,3,660,285,720,centered_positive,532,157,registered,registered,homography_inliers=2306/2315,2,2.jpg,train,FAIL,resolved,exact,
2,2.jpg,2m.jpg,dirty_positive/dirty_2_10.jpg,dirty_positive,522,126,256,256,256,1108,1476,3,660,285,720,jittered_positive,522,126,registered,registered,homography_inliers=2306/2315,2,2.jpg,train,FAIL,resolved,exact,
2,2.jpg,2m.jpg,dirty_positive/dirty_2_11.jpg,dirty_positive,589,155,256,256,256,1108,1476,3,660,285,720,jittered_positive,589,155,registered,registered,homography_inliers=2306/2315,2,2.jpg,train,FAIL,resolved,exact,
2,2.jpg,2m.jpg,dirty_positive/dirty_2_12.jpg,dirty_positive,589,197,256,256,256,1108,1476,3,660,285,720,jittered_positive,589,197,registered,registered,homography_inliers=2306/2315,2,2.jpg,train,FAIL,resolved,exact,
2,2.jpg,2m.jpg,dirty_positive/dirty_2_13.jpg,dirty_positive,377,174,256,256,256,1108,1476,4,505,302,727,centered_positive,377,174,registered,registered,homography_inliers=2306/2315,2,2.jpg,train,FAIL,resolved,exact,
2,2.jpg,2m.jpg,dirty_positive/dirty_2_14.jpg,dirty_positive,361,134,256,256,256,1108,1476,4,505,302,727,jittered_positive,361,134,registered,registered,homography_inliers=2306/2315,2,2.jpg,train,FAIL,resolved,exact,
2,2.jpg,2m.jpg,dirty_positive/dirty_2_15.jpg,dirty_positive,337,220,256,256,256,1108,1476,4,505,302,727,jittered_positive,337,220,registered,registered,homography_inliers=2306/2315,2,2.jpg,train,FAIL,resolved,exact,
2,2.jpg,2m.jpg,dirty_positive/dirty_2_16.jpg,dirty_positive,403,218,256,256,256,1108,1476,4,505,302,727,jittered_positive,403,218,registered,registered,homography_inliers=2306/2315,2,2.jpg,train,FAIL,resolved,exact,
2,2.jpg,2m.jpg,dirty_positive/dirty_2_17.jpg,dirty_positive,432,209,256,256,256,1108,1476,5,560,337,527,centered_positive,432,209,registered,registered,homography_inliers=2306/2315,2,2.jpg,train,FAIL,resolved,exact,
2,2.jpg,2m.jpg,dirty_positive/dirty_2_18.jpg,dirty_positive,473,264,256,256,256,1108,1476,5,560,337,527,jittered_positive,473,264,registered,registered,homography_inliers=2306/2315,2,2.jpg,train,FAIL,resolved,exact,
2,2.jpg,2m.jpg,dirty_positive/dirty_2_19.jpg,dirty_positive,381,170,256,256,256,1108,1476,5,560,337,527,jittered_positive,381,170,registered,registered,homography_inliers=2306/2315,2,2.jpg,train,FAIL,resolved,exact,
2,2.jpg,2m.jpg,dirty_positive/dirty_2_20.jpg,dirty_positive,383,248,256,256,256,1108,1476,5,560,337,527,jittered_positive,383,248,registered,registered,homography_inliers=2306/2315,2,2.jpg,train,FAIL,resolved,exact,
2,2.jpg,2m.jpg,dirty_positive/dirty_2_21.jpg,dirty_positive,758,210,256,256,256,1108,1476,6,886,338,550,centered_positive,758,210,registered,registered,homography_inliers=2306/2315,2,2.jpg,train,FAIL,resolved,exact,
2,2.jpg,2m.jpg,dirty_positive/dirty_2_22.jpg,dirty_positive,780,173,256,256,256,1108,1476,6,886,338,550,jittered_positive,780,173,registered,registered,homography_inliers=2306/2315,2,2.jpg,train,FAIL,resolved,exact,
2,2.jpg,2m.jpg,dirty_positive/dirty_2_23.jpg,dirty_positive,757,195,256,256,256,1108,1476,6,886,338,550,jittered_positive,757,195,registered,registered,homography_inliers=2306/2315,2,2.jpg,train,FAIL,resolved,exact,
2,2.jpg,2m.jpg,dirty_positive/dirty_2_24.jpg,dirty_positive,742,260,256,256,256,1108,1476,6,886,338,550,jittered_positive,742,260,registered,registered,homography_inliers=2306/2315,2,2.jpg,train,FAIL,resolved,exact,
2,2.jpg,2m.jpg,dirty_positive/dirty_2_25.jpg,dirty_positive,505,223,256,256,256,1108,1476,7,633,351,812,centered_positive,505,223,registered,registered,homography_inliers=2306/2315,2,2.jpg,train,FAIL,resolved,exact,
2,2.jpg,2m.jpg,dirty_positive/dirty_2_26.jpg,dirty_positive,476,267,256,256,256,1108,1476,7,633,351,812,jittered_positive,476,267,registered,registered,homography_inliers=2306/2315,2,2.jpg,train,FAIL,resolved,exact,
2,2.jpg,2m.jpg,dirty_positive/dirty_2_27.jpg,dirty_positive,487,230,256,256,256,1108,1476,7,633,351,812,jittered_positive,487,230,registered,registered,homography_inliers=2306/2315,2,2.jpg,train,FAIL,resolved,exact,
2,2.jpg,2m.jpg,dirty_positive/dirty_2_28.jpg,dirty_positive,559,222,256,256,256,1108,1476,7,633,351,812,jittered_positive,559,222,registered,registered,homography_inliers=2306/2315,2,2.jpg,train,FAIL,resolved,exact,
2,2.jpg,2m.jpg,dirty_positive/dirty_2_29.jpg,dirty_positive,380,238,256,256,256,1108,1476,8,508,366,664,centered_positive,380,238,registered,registered,homography_inliers=2306/2315,2,2.jpg,train,FAIL,resolved,exact,
2,2.jpg,2m.jpg,dirty_positive/dirty_2_30.jpg,dirty_positive,335,287,256,256,256,1108,1476,8,508,366,664,jittered_positive,335,287,registered,registered,homography_inliers=2306/2315,2,2.jpg,train,FAIL,resolved,exact,
2,2.jpg,2m.jpg,dirty_positive/dirty_2_31.jpg,dirty_positive,341,186,256,256,256,1108,1476,8,508,366,664,jittered_positive,341,186,registered,registered,homography_inliers=2306/2315,2,2.jpg,train,FAIL,resolved,exact,
2,2.jpg,2m.jpg,dirty_positive/dirty_2_32.jpg,dirty_positive,319,197,256,256,256,1108,1476,8,508,366,664,jittered_positive,319,197,registered,registered,homography_inliers=2306/2315,2,2.jpg,train,FAIL,resolved,exact,
2,2.jpg,2m.jpg,dirty_positive/dirty_2_33.jpg,dirty_positive,436,322,256,256,256,1108,1476,9,564,450,531,centered_positive,436,322,registered,registered,homography_inliers=2306/2315,2,2.jpg,train,FAIL,resolved,exact,
2,2.jpg,2m.jpg,dirty_positive/dirty_2_34.jpg,dirty_positive,432,300,256,256,256,1108,1476,9,564,450,531,jittered_positive,432,300,registered,registered,homography_inliers=2306/2315,2,2.jpg,train,FAIL,resolved,exact,
2,2.jpg,2m.jpg,dirty_positive/dirty_2_35.jpg,dirty_positive,476,382,256,256,256,1108,1476,9,564,450,531,jittered_positive,476,382,registered,registered,homography_inliers=2306/2315,2,2.jpg,train,FAIL,resolved,exact,
2,2.jpg,2m.jpg,dirty_positive/dirty_2_36.jpg,dirty_positive,495,312,256,256,256,1108,1476,9,564,450,531,jittered_positive,495,312,registered,registered,homography_inliers=2306/2315,2,2.jpg,train,FAIL,resolved,exact,
2,2.jpg,2m.jpg,dirty_positive/dirty_2_37.jpg,dirty_positive,33,330,256,256,256,1108,1476,10,161,458,446,centered_positive,33,330,registered,registered,homography_inliers=2306/2315,2,2.jpg,train,FAIL,resolved,exact,
2,2.jpg,2m.jpg,dirty_positive/dirty_2_38.jpg,dirty_positive,71,281,256,256,256,1108,1476,10,161,458,446,jittered_positive,71,281,registered,registered,homography_inliers=2306/2315,2,2.jpg,train,FAIL,resolved,exact,
2,2.jpg,2m.jpg,dirty_positive/dirty_2_39.jpg,dirty_positive,21,363,256,256,256,1108,1476,10,161,458,446,jittered_positive,21,363,registered,registered,homography_inliers=2306/2315,2,2.jpg,train,FAIL,resolved,exact,
2,2.jpg,2m.jpg,dirty_positive/dirty_2_40.jpg,dirty_positive,21,365,256,256,256,1108,1476,10,161,458,446,jittered_positive,21,365,registered,registered,homography_inliers=2306/2315,2,2.jpg,train,FAIL,resolved,exact,
2,2.jpg,2m.jpg,dirty_positive/dirty_2_41.jpg,dirty_positive,776,350,256,256,256,1108,1476,11,904,478,687,centered_positive,776,350,registered,registered,homography_inliers=2306/2315,2,2.jpg,train,FAIL,resolved,exact,
2,2.jpg,2m.jpg,dirty_positive/dirty_2_42.jpg,dirty_positive,779,402,256,256,256,1108,1476,11,904,478,687,jittered_positive,779,402,registered,registered,homography_inliers=2306/2315,2,2.jpg,train,FAIL,resolved,exact,
2,2.jpg,2m.jpg,dirty_positive/dirty_2_43.jpg,dirty_positive,785,394,256,256,256,1108,1476,11,904,478,687,jittered_positive,785,394,registered,registered,homography_inliers=2306/2315,2,2.jpg,train,FAIL,resolved,exact,
2,2.jpg,2m.jpg,dirty_positive/dirty_2_44.jpg,dirty_positive,836,325,256,256,256,1108,1476,11,904,478,687,jittered_positive,836,325,registered,registered,homography_inliers=2306/2315,2,2.jpg,train,FAIL,resolved,exact,
2,2.jpg,2m.jpg,dirty_positive/dirty_2_45.jpg,dirty_positive,847,415,256,256,256,1108,1476,12,1008,543,532,centered_positive,847,415,registered,registered,homography_inliers=2306/2315,2,2.jpg,train,FAIL,resolved,exact,
2,2.jpg,2m.jpg,dirty_positive/dirty_2_46.jpg,dirty_positive,836,426,256,256,256,1108,1476,12,1008,543,532,jittered_positive,836,426,registered,registered,homography_inliers=2306/2315,2,2.jpg,train,FAIL,resolved,exact,
2,2.jpg,2m.jpg,dirty_positive/dirty_2_47.jpg,dirty_positive,843,365,256,256,256,1108,1476,12,1008,543,532,jittered_positive,843,365,registered,registered,homography_inliers=2306/2315,2,2.jpg,train,FAIL,resolved,exact,
2,2.jpg,2m.jpg,dirty_positive/dirty_2_48.jpg,dirty_positive,803,431,256,256,256,1108,1476,12,1008,543,532,jittered_positive,803,431,registered,registered,homography_inliers=2306/2315,2,2.jpg,train,FAIL,resolved,exact,
2,2.jpg,2m.jpg,dirty_positive/dirty_2_49.jpg,dirty_positive,824,436,256,256,256,1108,1476,13,952,564,551,centered_positive,824,436,registered,registered,homography_inliers=2306/2315,2,2.jpg,train,FAIL,resolved,exact,
2,2.jpg,2m.jpg,dirty_positive/dirty_2_50.jpg,dirty_positive,774,384,256,256,256,1108,1476,13,952,564,551,jittered_positive,774,384,registered,registered,homography_inliers=2306/2315,2,2.jpg,train,FAIL,resolved,exact,
2,2.jpg,2m.jpg,dirty_positive/dirty_2_51.jpg,dirty_positive,848,500,256,256,256,1108,1476,13,952,564,551,jittered_positive,848,500,registered,registered,homography_inliers=2306/2315,2,2.jpg,train,FAIL,resolved,exact,
2,2.jpg,2m.jpg,dirty_positive/dirty_2_52.jpg,dirty_positive,800,386,256,256,256,1108,1476,13,952,564,551,jittered_positive,800,386,registered,registered,homography_inliers=2306/2315,2,2.jpg,train,FAIL,resolved,exact,
2,2.jpg,2m.jpg,dirty_positive/dirty_2_53.jpg,dirty_positive,21,441,256,256,256,1108,1476,14,118,569,482,centered_positive,21,441,registered,registered,homography_inliers=2306/2315,2,2.jpg,train,FAIL,resolved,exact,
2,2.jpg,2m.jpg,dirty_positive/dirty_2_54.jpg,dirty_positive,21,424,256,256,256,1108,1476,14,118,569,482,jittered_positive,21,424,registered,registered,homography_inliers=2306/2315,2,2.jpg,train,FAIL,resolved,exact,
2,2.jpg,2m.jpg,dirty_positive/dirty_2_55.jpg,dirty_positive,21,394,256,256,256,1108,1476,14,118,569,482,jittered_positive,21,394,registered,registered,homography_inliers=2306/2315,2,2.jpg,train,FAIL,resolved,exact,
2,2.jpg,2m.jpg,dirty_positive/dirty_2_56.jpg,dirty_positive,21,480,256,256,256,1108,1476,14,118,569,482,jittered_positive,21,480,registered,registered,homography_inliers=2306/2315,2,2.jpg,train,FAIL,resolved,exact,
2,2.jpg,2m.jpg,dirty_positive/dirty_2_57.jpg,dirty_positive,246,438,256,256,256,1108,1476,15,374,566,340,centered_positive,246,438,registered,registered,homography_inliers=2306/2315,2,2.jpg,train,FAIL,resolved,exact,
2,2.jpg,2m.jpg,dirty_positive/dirty_2_58.jpg,dirty_positive,212,437,256,256,256,1108,1476,15,374,566,340,jittered_positive,212,437,registered,registered,homography_inliers=2306/2315,2,2.jpg,train,FAIL,resolved,exact,
2,2.jpg,2m.jpg,dirty_positive/dirty_2_59.jpg,dirty_positive,192,394,256,256,256,1108,1476,15,374,566,340,jittered_positive,192,394,registered,registered,homography_inliers=2306/2315,2,2.jpg,train,FAIL,resolved,exact,
2,2.jpg,2m.jpg,dirty_positive/dirty_2_60.jpg,dirty_positive,289,454,256,256,256,1108,1476,15,374,566,340,jittered_positive,289,454,registered,registered,homography_inliers=2306/2315,2,2.jpg,train,FAIL,resolved,exact,
2,2.jpg,2m.jpg,dirty_positive/dirty_2_61.jpg,dirty_positive,438,465,256,256,256,1108,1476,16,566,593,416,centered_positive,438,465,registered,registered,homography_inliers=2306/2315,2,2.jpg,train,FAIL,resolved,exact,
2,2.jpg,2m.jpg,dirty_positive/dirty_2_62.jpg,dirty_positive,440,453,256,256,256,1108,1476,16,566,593,416,jittered_positive,440,453,registered,registered,homography_inliers=2306/2315,2,2.jpg,train,FAIL,resolved,exact,
2,2.jpg,2m.jpg,dirty_positive/dirty_2_63.jpg,dirty_positive,454,462,256,256,256,1108,1476,16,566,593,416,jittered_positive,454,462,registered,registered,homography_inliers=2306/2315,2,2.jpg,train,FAIL,resolved,exact,
2,2.jpg,2m.jpg,dirty_positive/dirty_2_64.jpg,dirty_positive,441,502,256,256,256,1108,1476,16,566,593,416,jittered_positive,441,502,registered,registered,homography_inliers=2306/2315,2,2.jpg,train,FAIL,resolved,exact,
2,2.jpg,2m.jpg,dirty_positive/dirty_2_65.jpg,dirty_positive,335,477,256,256,256,1108,1476,17,463,605,405,centered_positive,335,477,registered,registered,homography_inliers=2306/2315,2,2.jpg,train,FAIL,resolved,exact,
2,2.jpg,2m.jpg,dirty_positive/dirty_2_66.jpg,dirty_positive,304,489,256,256,256,1108,1476,17,463,605,405,jittered_positive,304,489,registered,registered,homography_inliers=2306/2315,2,2.jpg,train,FAIL,resolved,exact,
2,2.jpg,2m.jpg,dirty_positive/dirty_2_67.jpg,dirty_positive,388,493,256,256,256,1108,1476,17,463,605,405,jittered_positive,388,493,registered,registered,homography_inliers=2306/2315,2,2.jpg,train,FAIL,resolved,exact,
2,2.jpg,2m.jpg,dirty_positive/dirty_2_68.jpg,dirty_positive,289,415,256,256,256,1108,1476,17,463,605,405,jittered_positive,289,415,registered,registered,homography_inliers=2306/2315,2,2.jpg,train,FAIL,resolved,exact,
2,2.jpg,2m.jpg,dirty_positive/dirty_2_69.jpg,dirty_positive,399,496,256,256,256,1108,1476,18,527,624,456,centered_positive,399,496,registered,registered,homography_inliers=2306/2315,2,2.jpg,train,FAIL,resolved,exact,
2,2.jpg,2m.jpg,dirty_positive/dirty_2_70.jpg,dirty_positive,452,457,256,256,256,1108,1476,18,527,624,456,jittered_positive,452,457,registered,registered,homography_inliers=2306/2315,2,2.jpg,train,FAIL,resolved,exact,
2,2.jpg,2m.jpg,dirty_positive/dirty_2_71.jpg,dirty_positive,353,486,256,256,256,1108,1476,18,527,624,456,jittered_positive,353,486,registered,registered,homography_inliers=2306/2315,2,2.jpg,train,FAIL,resolved,exact,
2,2.jpg,2m.jpg,dirty_positive/dirty_2_72.jpg,dirty_positive,402,465,256,256,256,1108,1476,18,527,624,456,jittered_positive,402,465,registered,registered,homography_inliers=2306/2315,2,2.jpg,train,FAIL,resolved,exact,
2,2.jpg,2m.jpg,dirty_positive/dirty_2_73.jpg,dirty_positive,304,510,256,256,256,1108,1476,19,432,638,487,centered_positive,304,510,registered,registered,homography_inliers=2306/2315,2,2.jpg,train,FAIL,resolved,exact,
2,2.jpg,2m.jpg,dirty_positive/dirty_2_74.jpg,dirty_positive,329,463,256,256,256,1108,1476,19,432,638,487,jittered_positive,329,463,registered,registered,homography_inliers=2306/2315,2,2.jpg,train,FAIL,resolved,exact,
2,2.jpg,2m.jpg,dirty_positive/dirty_2_75.jpg,dirty_positive,302,540,256,256,256,1108,1476,19,432,638,487,jittered_positive,302,540,registered,registered,homography_inliers=2306/2315,2,2.jpg,train,FAIL,resolved,exact,
2,2.jpg,2m.jpg,dirty_positive/dirty_2_76.jpg,dirty_positive,312,486,256,256,256,1108,1476,19,432,638,487,jittered_positive,312,486,registered,registered,homography_inliers=2306/2315,2,2.jpg,train,FAIL,resolved,exact,
2,2.jpg,2m.jpg,dirty_positive/dirty_2_77.jpg,dirty_positive,196,531,256,256,256,1108,1476,20,324,659,559,centered_positive,196,531,registered,registered,homography_inliers=2306/2315,2,2.jpg,train,FAIL,resolved,exact,
2,2.jpg,2m.jpg,dirty_positive/dirty_2_78.jpg,dirty_positive,244,544,256,256,256,1108,1476,20,324,659,559,jittered_positive,244,544,registered,registered,homography_inliers=2306/2315,2,2.jpg,train,FAIL,resolved,exact,
2,2.jpg,2m.jpg,dirty_positive/dirty_2_79.jpg,dirty_positive,134,543,256,256,256,1108,1476,20,324,659,559,jittered_positive,134,543,registered,registered,homography_inliers=2306/2315,2,2.jpg,train,FAIL,resolved,exact,
2,2.jpg,2m.jpg,dirty_positive/dirty_2_80.jpg,dirty_positive,158,501,256,256,256,1108,1476,20,324,659,559,jittered_positive,158,501,registered,registered,homography_inliers=2306/2315,2,2.jpg,train,FAIL,resolved,exact,
2,2.jpg,2m.jpg,dirty_positive/dirty_2_81.jpg,dirty_positive,461,550,256,256,256,1108,1476,21,589,678,1635,centered_positive,461,550,registered,registered,homography_inliers=2306/2315,2,2.jpg,train,FAIL,resolved,exact,
2,2.jpg,2m.jpg,dirty_positive/dirty_2_82.jpg,dirty_positive,464,515,256,256,256,1108,1476,21,589,678,1635,jittered_positive,464,515,registered,registered,homography_inliers=2306/2315,2,2.jpg,train,FAIL,resolved,exact,
2,2.jpg,2m.jpg,dirty_positive/dirty_2_83.jpg,dirty_positive,424,525,256,256,256,1108,1476,21,589,678,1635,jittered_positive,424,525,registered,registered,homography_inliers=2306/2315,2,2.jpg,train,FAIL,resolved,exact,
2,2.jpg,2m.jpg,dirty_positive/dirty_2_84.jpg,dirty_positive,466,558,256,256,256,1108,1476,21,589,678,1635,jittered_positive,466,558,registered,registered,homography_inliers=2306/2315,2,2.jpg,train,FAIL,resolved,exact,
2,2.jpg,2m.jpg,dirty_positive/dirty_2_85.jpg,dirty_positive,52,559,256,256,256,1108,1476,22,180,687,540,centered_positive,52,559,registered,registered,homography_inliers=2306/2315,2,2.jpg,train,FAIL,resolved,exact,
2,2.jpg,2m.jpg,dirty_positive/dirty_2_86.jpg,dirty_positive,41,582,256,256,256,1108,1476,22,180,687,540,jittered_positive,41,582,registered,registered,homography_inliers=2306/2315,2,2.jpg,train,FAIL,resolved,exact,
2,2.jpg,2m.jpg,dirty_positive/dirty_2_87.jpg,dirty_positive,40,562,256,256,256,1108,1476,22,180,687,540,jittered_positive,40,562,registered,registered,homography_inliers=2306/2315,2,2.jpg,train,FAIL,resolved,exact,
2,2.jpg,2m.jpg,dirty_positive/dirty_2_88.jpg,dirty_positive,113,559,256,256,256,1108,1476,22,180,687,540,jittered_positive,113,559,registered,registered,homography_inliers=2306/2315,2,2.jpg,train,FAIL,resolved,exact,
2,2.jpg,2m.jpg,dirty_positive/dirty_2_89.jpg,dirty_positive,346,554,256,256,256,1108,1476,23,474,682,320,centered_positive,346,554,registered,registered,homography_inliers=2306/2315,2,2.jpg,train,FAIL,resolved,exact,
2,2.jpg,2m.jpg,dirty_positive/dirty_2_90.jpg,dirty_positive,295,513,256,256,256,1108,1476,23,474,682,320,jittered_positive,295,513,registered,registered,homography_inliers=2306/2315,2,2.jpg,train,FAIL,resolved,exact,
2,2.jpg,2m.jpg,dirty_positive/dirty_2_91.jpg,dirty_positive,390,560,256,256,256,1108,1476,23,474,682,320,jittered_positive,390,560,registered,registered,homography_inliers=2306/2315,2,2.jpg,train,FAIL,resolved,exact,
2,2.jpg,2m.jpg,dirty_positive/dirty_2_92.jpg,dirty_positive,293,490,256,256,256,1108,1476,23,474,682,320,jittered_positive,293,490,registered,registered,homography_inliers=2306/2315,2,2.jpg,train,FAIL,resolved,exact,
2,2.jpg,2m.jpg,dirty_positive/dirty_2_93.jpg,dirty_positive,504,578,256,256,256,1108,1476,24,632,706,562,centered_positive,504,578,registered,registered,homography_inliers=2306/2315,2,2.jpg,train,FAIL,resolved,exact,
2,2.jpg,2m.jpg,dirty_positive/dirty_2_94.jpg,dirty_positive,525,547,256,256,256,1108,1476,24,632,706,562,jittered_positive,525,547,registered,registered,homography_inliers=2306/2315,2,2.jpg,train,FAIL,resolved,exact,
2,2.jpg,2m.jpg,dirty_positive/dirty_2_95.jpg,dirty_positive,507,555,256,256,256,1108,1476,24,632,706,562,jittered_positive,507,555,registered,registered,homography_inliers=2306/2315,2,2.jpg,train,FAIL,resolved,exact,
2,2.jpg,2m.jpg,dirty_positive/dirty_2_96.jpg,dirty_positive,553,623,256,256,256,1108,1476,24,632,706,562,jittered_positive,553,623,registered,registered,homography_inliers=2306/2315,2,2.jpg,train,FAIL,resolved,exact,
2,2.jpg,2m.jpg,dirty_positive/dirty_2_97.jpg,dirty_positive,392,616,256,256,256,1108,1476,25,520,744,1413,centered_positive,392,616,registered,registered,homography_inliers=2306/2315,2,2.jpg,train,FAIL,resolved,exact,
2,2.jpg,2m.jpg,dirty_positive/dirty_2_98.jpg,dirty_positive,330,580,256,256,256,1108,1476,25,520,744,1413,jittered_positive,330,580,registered,registered,homography_inliers=2306/2315,2,2.jpg,train,FAIL,resolved,exact,
2,2.jpg,2m.jpg,dirty_positive/dirty_2_99.jpg,dirty_positive,347,590,256,256,256,1108,1476,25,520,744,1413,jittered_positive,347,590,registered,registered,homography_inliers=2306/2315,2,2.jpg,train,FAIL,resolved,exact,
2,2.jpg,2m.jpg,dirty_positive/dirty_2_100.jpg,dirty_positive,337,646,256,256,256,1108,1476,25,520,744,1413,jittered_positive,337,646,registered,registered,homography_inliers=2306/2315,2,2.jpg,train,FAIL,resolved,exact,
2,2.jpg,2m.jpg,dirty_positive/dirty_2_101.jpg,dirty_positive,675,696,256,256,256,1108,1476,26,803,824,578,centered_positive,675,696,registered,registered,homography_inliers=2306/2315,2,2.jpg,train,FAIL,resolved,exact,
2,2.jpg,2m.jpg,dirty_positive/dirty_2_102.jpg,dirty_positive,648,742,256,256,256,1108,1476,26,803,824,578,jittered_positive,648,742,registered,registered,homography_inliers=2306/2315,2,2.jpg,train,FAIL,resolved,exact,
2,2.jpg,2m.jpg,dirty_positive/dirty_2_103.jpg,dirty_positive,643,642,256,256,256,1108,1476,26,803,824,578,jittered_positive,643,642,registered,registered,homography_inliers=2306/2315,2,2.jpg,train,FAIL,resolved,exact,
2,2.jpg,2m.jpg,dirty_positive/dirty_2_104.jpg,dirty_positive,689,725,256,256,256,1108,1476,26,803,824,578,jittered_positive,689,725,registered,registered,homography_inliers=2306/2315,2,2.jpg,train,FAIL,resolved,exact,
2,2.jpg,2m.jpg,dirty_positive/dirty_2_105.jpg,dirty_positive,157,741,256,256,256,1108,1476,27,285,869,571,centered_positive,157,741,registered,registered,homography_inliers=2306/2315,2,2.jpg,train,FAIL,resolved,exact,
2,2.jpg,2m.jpg,dirty_positive/dirty_2_106.jpg,dirty_positive,103,768,256,256,256,1108,1476,27,285,869,571,jittered_positive,103,768,registered,registered,homography_inliers=2306/2315,2,2.jpg,train,FAIL,resolved,exact,
2,2.jpg,2m.jpg,dirty_positive/dirty_2_107.jpg,dirty_positive,146,740,256,256,256,1108,1476,27,285,869,571,jittered_positive,146,740,registered,registered,homography_inliers=2306/2315,2,2.jpg,train,FAIL,resolved,exact,
2,2.jpg,2m.jpg,dirty_positive/dirty_2_108.jpg,dirty_positive,119,767,256,256,256,1108,1476,27,285,869,571,jittered_positive,119,767,registered,registered,homography_inliers=2306/2315,2,2.jpg,train,FAIL,resolved,exact,
2,2.jpg,2m.jpg,dirty_positive/dirty_2_109.jpg,dirty_positive,773,757,256,256,256,1108,1476,28,901,885,656,centered_positive,773,757,registered,registered,homography_inliers=2306/2315,2,2.jpg,train,FAIL,resolved,exact,
2,2.jpg,2m.jpg,dirty_positive/dirty_2_110.jpg,dirty_positive,813,732,256,256,256,1108,1476,28,901,885,656,jittered_positive,813,732,registered,registered,homography_inliers=2306/2315,2,2.jpg,train,FAIL,resolved,exact,
2,2.jpg,2m.jpg,dirty_positive/dirty_2_111.jpg,dirty_positive,769,734,256,256,256,1108,1476,28,901,885,656,jittered_positive,769,734,registered,registered,homography_inliers=2306/2315,2,2.jpg,train,FAIL,resolved,exact,
2,2.jpg,2m.jpg,dirty_positive/dirty_2_112.jpg,dirty_positive,754,798,256,256,256,1108,1476,28,901,885,656,jittered_positive,754,798,registered,registered,homography_inliers=2306/2315,2,2.jpg,train,FAIL,resolved,exact,
2,2.jpg,2m.jpg,dirty_positive/dirty_2_113.jpg,dirty_positive,265,753,256,256,256,1108,1476,29,393,881,440,centered_positive,265,753,registered,registered,homography_inliers=2306/2315,2,2.jpg,train,FAIL,resolved,exact,
2,2.jpg,2m.jpg,dirty_positive/dirty_2_114.jpg,dirty_positive,207,734,256,256,256,1108,1476,29,393,881,440,jittered_positive,207,734,registered,registered,homography_inliers=2306/2315,2,2.jpg,train,FAIL,resolved,exact,
2,2.jpg,2m.jpg,dirty_positive/dirty_2_115.jpg,dirty_positive,286,794,256,256,256,1108,1476,29,393,881,440,jittered_positive,286,794,registered,registered,homography_inliers=2306/2315,2,2.jpg,train,FAIL,resolved,exact,
2,2.jpg,2m.jpg,dirty_positive/dirty_2_116.jpg,dirty_positive,264,757,256,256,256,1108,1476,29,393,881,440,jittered_positive,264,757,registered,registered,homography_inliers=2306/2315,2,2.jpg,train,FAIL,resolved,exact,
2,2.jpg,2m.jpg,dirty_positive/dirty_2_117.jpg,dirty_positive,643,770,256,256,256,1108,1476,30,771,898,708,centered_positive,643,770,registered,registered,homography_inliers=2306/2315,2,2.jpg,train,FAIL,resolved,exact,
2,2.jpg,2m.jpg,dirty_positive/dirty_2_118.jpg,dirty_positive,619,733,256,256,256,1108,1476,30,771,898,708,jittered_positive,619,733,registered,registered,homography_inliers=2306/2315,2,2.jpg,train,FAIL,resolved,exact,
2,2.jpg,2m.jpg,dirty_positive/dirty_2_119.jpg,dirty_positive,676,715,256,256,256,1108,1476,30,771,898,708,jittered_positive,676,715,registered,registered,homography_inliers=2306/2315,2,2.jpg,train,FAIL,resolved,exact,
2,2.jpg,2m.jpg,dirty_positive/dirty_2_120.jpg,dirty_positive,699,762,256,256,256,1108,1476,30,771,898,708,jittered_positive,699,762,registered,registered,homography_inliers=2306/2315,2,2.jpg,train,FAIL,resolved,exact,
2,2.jpg,2m.jpg,dirty_positive/dirty_2_121.jpg,dirty_positive,849,785,256,256,256,1108,1476,31,1000,913,501,centered_positive,849,785,registered,registered,homography_inliers=2306/2315,2,2.jpg,train,FAIL,resolved,exact,
2,2.jpg,2m.jpg,dirty_positive/dirty_2_122.jpg,dirty_positive,839,838,256,256,256,1108,1476,31,1000,913,501,jittered_positive,839,838,registered,registered,homography_inliers=2306/2315,2,2.jpg,train,FAIL,resolved,exact,
2,2.jpg,2m.jpg,dirty_positive/dirty_2_123.jpg,dirty_positive,849,799,256,256,256,1108,1476,31,1000,913,501,jittered_positive,849,799,registered,registered,homography_inliers=2306/2315,2,2.jpg,train,FAIL,resolved,exact,
2,2.jpg,2m.jpg,dirty_positive/dirty_2_124.jpg,dirty_positive,846,778,256,256,256,1108,1476,31,1000,913,501,jittered_positive,846,778,registered,registered,homography_inliers=2306/2315,2,2.jpg,train,FAIL,resolved,exact,
2,2.jpg,2m.jpg,dirty_positive/dirty_2_125.jpg,dirty_positive,331,805,256,256,256,1108,1476,32,459,933,505,centered_positive,331,805,registered,registered,homography_inliers=2306/2315,2,2.jpg,train,FAIL,resolved,exact,
2,2.jpg,2m.jpg,dirty_positive/dirty_2_126.jpg,dirty_positive,273,790,256,256,256,1108,1476,32,459,933,505,jittered_positive,273,790,registered,registered,homography_inliers=2306/2315,2,2.jpg,train,FAIL,resolved,exact,
2,2.jpg,2m.jpg,dirty_positive/dirty_2_127.jpg,dirty_positive,369,825,256,256,256,1108,1476,32,459,933,505,jittered_positive,369,825,registered,registered,homography_inliers=2306/2315,2,2.jpg,train,FAIL,resolved,exact,
2,2.jpg,2m.jpg,dirty_positive/dirty_2_128.jpg,dirty_positive,338,758,256,256,256,1108,1476,32,459,933,505,jittered_positive,338,758,registered,registered,homography_inliers=2306/2315,2,2.jpg,train,FAIL,resolved,exact,
2,2.jpg,2m.jpg,dirty_positive/dirty_2_129.jpg,dirty_positive,171,849,256,256,256,1108,1476,33,299,977,709,centered_positive,171,849,registered,registered,homography_inliers=2306/2315,2,2.jpg,train,FAIL,resolved,exact,
2,2.jpg,2m.jpg,dirty_positive/dirty_2_130.jpg,dirty_positive,178,874,256,256,256,1108,1476,33,299,977,709,jittered_positive,178,874,registered,registered,homography_inliers=2306/2315,2,2.jpg,train,FAIL,resolved,exact,
2,2.jpg,2m.jpg,dirty_positive/dirty_2_131.jpg,dirty_positive,209,869,256,256,256,1108,1476,33,299,977,709,jittered_positive,209,869,registered,registered,homography_inliers=2306/2315,2,2.jpg,train,FAIL,resolved,exact,
2,2.jpg,2m.jpg,dirty_positive/dirty_2_132.jpg,dirty_positive,114,814,256,256,256,1108,1476,33,299,977,709,jittered_positive,114,814,registered,registered,homography_inliers=2306/2315,2,2.jpg,train,FAIL,resolved,exact,
2,2.jpg,2m.jpg,dirty_positive/dirty_2_133.jpg,dirty_positive,223,848,256,256,256,1108,1476,34,351,976,377,centered_positive,223,848,registered,registered,homography_inliers=2306/2315,2,2.jpg,train,FAIL,resolved,exact,
2,2.jpg,2m.jpg,dirty_positive/dirty_2_134.jpg,dirty_positive,225,829,256,256,256,1108,1476,34,351,976,377,jittered_positive,225,829,registered,registered,homography_inliers=2306/2315,2,2.jpg,train,FAIL,resolved,exact,
2,2.jpg,2m.jpg,dirty_positive/dirty_2_135.jpg,dirty_positive,226,793,256,256,256,1108,1476,34,351,976,377,jittered_positive,226,793,registered,registered,homography_inliers=2306/2315,2,2.jpg,train,FAIL,resolved,exact,
2,2.jpg,2m.jpg,dirty_positive/dirty_2_136.jpg,dirty_positive,186,895,256,256,256,1108,1476,34,351,976,377,jittered_positive,186,895,registered,registered,homography_inliers=2306/2315,2,2.jpg,train,FAIL,resolved,exact,
2,2.jpg,2m.jpg,dirty_positive/dirty_2_137.jpg,dirty_positive,849,860,256,256,256,1108,1476,35,980,988,611,centered_positive,849,860,registered,registered,homography_inliers=2306/2315,2,2.jpg,train,FAIL,resolved,exact,
2,2.jpg,2m.jpg,dirty_positive/dirty_2_138.jpg,dirty_positive,849,876,256,256,256,1108,1476,35,980,988,611,jittered_positive,849,876,registered,registered,homography_inliers=2306/2315,2,2.jpg,train,FAIL,resolved,exact,
2,2.jpg,2m.jpg,dirty_positive/dirty_2_139.jpg,dirty_positive,849,825,256,256,256,1108,1476,35,980,988,611,jittered_positive,849,825,registered,registered,homography_inliers=2306/2315,2,2.jpg,train,FAIL,resolved,exact,
2,2.jpg,2m.jpg,dirty_positive/dirty_2_140.jpg,dirty_positive,849,844,256,256,256,1108,1476,35,980,988,611,jittered_positive,849,844,registered,registered,homography_inliers=2306/2315,2,2.jpg,train,FAIL,resolved,exact,
2,2.jpg,2m.jpg,dirty_positive/dirty_2_141.jpg,dirty_positive,558,860,256,256,256,1108,1476,36,686,988,615,centered_positive,558,860,registered,registered,homography_inliers=2306/2315,2,2.jpg,train,FAIL,resolved,exact,
2,2.jpg,2m.jpg,dirty_positive/dirty_2_142.jpg,dirty_positive,559,807,256,256,256,1108,1476,36,686,988,615,jittered_positive,559,807,registered,registered,homography_inliers=2306/2315,2,2.jpg,train,FAIL,resolved,exact,
2,2.jpg,2m.jpg,dirty_positive/dirty_2_143.jpg,dirty_positive,605,796,256,256,256,1108,1476,36,686,988,615,jittered_positive,605,796,registered,registered,homography_inliers=2306/2315,2,2.jpg,train,FAIL,resolved,exact,
2,2.jpg,2m.jpg,dirty_positive/dirty_2_144.jpg,dirty_positive,544,889,256,256,256,1108,1476,36,686,988,615,jittered_positive,544,889,registered,registered,homography_inliers=2306/2315,2,2.jpg,train,FAIL,resolved,exact,
2,2.jpg,2m.jpg,dirty_positive/dirty_2_145.jpg,dirty_positive,362,875,256,256,256,1108,1476,37,490,1003,474,centered_positive,362,875,registered,registered,homography_inliers=2306/2315,2,2.jpg,train,FAIL,resolved,exact,
2,2.jpg,2m.jpg,dirty_positive/dirty_2_146.jpg,dirty_positive,408,828,256,256,256,1108,1476,37,490,1003,474,jittered_positive,408,828,registered,registered,homography_inliers=2306/2315,2,2.jpg,train,FAIL,resolved,exact,
2,2.jpg,2m.jpg,dirty_positive/dirty_2_147.jpg,dirty_positive,382,891,256,256,256,1108,1476,37,490,1003,474,jittered_positive,382,891,registered,registered,homography_inliers=2306/2315,2,2.jpg,train,FAIL,resolved,exact,
2,2.jpg,2m.jpg,dirty_positive/dirty_2_148.jpg,dirty_positive,329,887,256,256,256,1108,1476,37,490,1003,474,jittered_positive,329,887,registered,registered,homography_inliers=2306/2315,2,2.jpg,train,FAIL,resolved,exact,
2,2.jpg,2m.jpg,dirty_positive/dirty_2_149.jpg,dirty_positive,160,892,256,256,256,1108,1476,38,288,1020,480,centered_positive,160,892,registered,registered,homography_inliers=2306/2315,2,2.jpg,train,FAIL,resolved,exact,
2,2.jpg,2m.jpg,dirty_positive/dirty_2_150.jpg,dirty_positive,175,932,256,256,256,1108,1476,38,288,1020,480,jittered_positive,175,932,registered,registered,homography_inliers=2306/2315,2,2.jpg,train,FAIL,resolved,exact,
2,2.jpg,2m.jpg,dirty_positive/dirty_2_151.jpg,dirty_positive,179,931,256,256,256,1108,1476,38,288,1020,480,jittered_positive,179,931,registered,registered,homography_inliers=2306/2315,2,2.jpg,train,FAIL,resolved,exact,
2,2.jpg,2m.jpg,dirty_positive/dirty_2_152.jpg,dirty_positive,171,860,256,256,256,1108,1476,38,288,1020,480,jittered_positive,171,860,registered,registered,homography_inliers=2306/2315,2,2.jpg,train,FAIL,resolved,exact,
2,2.jpg,2m.jpg,dirty_positive/dirty_2_153.jpg,dirty_positive,305,915,256,256,256,1108,1476,39,433,1043,677,centered_positive,305,915,registered,registered,homography_inliers=2306/2315,2,2.jpg,train,FAIL,resolved,exact,
2,2.jpg,2m.jpg,dirty_positive/dirty_2_154.jpg,dirty_positive,290,958,256,256,256,1108,1476,39,433,1043,677,jittered_positive,290,958,registered,registered,homography_inliers=2306/2315,2,2.jpg,train,FAIL,resolved,exact,
2,2.jpg,2m.jpg,dirty_positive/dirty_2_155.jpg,dirty_positive,338,895,256,256,256,1108,1476,39,433,1043,677,jittered_positive,338,895,registered,registered,homography_inliers=2306/2315,2,2.jpg,train,FAIL,resolved,exact,
2,2.jpg,2m.jpg,dirty_positive/dirty_2_156.jpg,dirty_positive,318,954,256,256,256,1108,1476,39,433,1043,677,jittered_positive,318,954,registered,registered,homography_inliers=2306/2315,2,2.jpg,train,FAIL,resolved,exact,
2,2.jpg,2m.jpg,dirty_positive/dirty_2_157.jpg,dirty_positive,697,954,256,256,256,1108,1476,40,825,1082,668,centered_positive,697,954,registered,registered,homography_inliers=2306/2315,2,2.jpg,train,FAIL,resolved,exact,
2,2.jpg,2m.jpg,dirty_positive/dirty_2_158.jpg,dirty_positive,633,967,256,256,256,1108,1476,40,825,1082,668,jittered_positive,633,967,registered,registered,homography_inliers=2306/2315,2,2.jpg,train,FAIL,resolved,exact,
2,2.jpg,2m.jpg,dirty_positive/dirty_2_159.jpg,dirty_positive,706,943,256,256,256,1108,1476,40,825,1082,668,jittered_positive,706,943,registered,registered,homography_inliers=2306/2315,2,2.jpg,train,FAIL,resolved,exact,
2,2.jpg,2m.jpg,dirty_positive/dirty_2_160.jpg,dirty_positive,743,972,256,256,256,1108,1476,40,825,1082,668,jittered_positive,743,972,registered,registered,homography_inliers=2306/2315,2,2.jpg,train,FAIL,resolved,exact,
2,2.jpg,2m.jpg,dirty_positive/dirty_2_161.jpg,dirty_positive,474,1103,256,256,256,1108,1476,41,602,1231,1174,centered_positive,474,1103,registered,registered,homography_inliers=2306/2315,2,2.jpg,train,FAIL,resolved,exact,
2,2.jpg,2m.jpg,dirty_positive/dirty_2_162.jpg,dirty_positive,529,1152,256,256,256,1108,1476,41,602,1231,1174,jittered_positive,529,1152,registered,registered,homography_inliers=2306/2315,2,2.jpg,train,FAIL,resolved,exact,
2,2.jpg,2m.jpg,dirty_positive/dirty_2_163.jpg,dirty_positive,523,1093,256,256,256,1108,1476,41,602,1231,1174,jittered_positive,523,1093,registered,registered,homography_inliers=2306/2315,2,2.jpg,train,FAIL,resolved,exact,
2,2.jpg,2m.jpg,dirty_positive/dirty_2_164.jpg,dirty_positive,531,1082,256,256,256,1108,1476,41,602,1231,1174,jittered_positive,531,1082,registered,registered,homography_inliers=2306/2315,2,2.jpg,train,FAIL,resolved,exact,
3,3.jpg,3m.jpg,clean_negative/clean_3_1.jpg,clean_negative,614,0,256,256,256,1108,1476,,,,,sliding_window_clean,,,,,,3,3.jpg,train,FAIL,resolved,source-level only,clean-negative source split is traceable; defect-free status is not re-proven by this audit
3,3.jpg,3m.jpg,clean_negative/clean_3_2.jpg,clean_negative,662,0,256,256,256,1108,1476,,,,,sliding_window_clean,,,,,,3,3.jpg,train,FAIL,resolved,source-level only,clean-negative source split is traceable; defect-free status is not re-proven by this audit
3,3.jpg,3m.jpg,clean_negative/clean_3_3.jpg,clean_negative,710,0,256,256,256,1108,1476,,,,,sliding_window_clean,,,,,,3,3.jpg,train,FAIL,resolved,source-level only,clean-negative source split is traceable; defect-free status is not re-proven by this audit
3,3.jpg,3m.jpg,clean_negative/clean_3_4.jpg,clean_negative,758,0,256,256,256,1108,1476,,,,,sliding_window_clean,,,,,,3,3.jpg,train,FAIL,resolved,source-level only,clean-negative source split is traceable; defect-free status is not re-proven by this audit
3,3.jpg,3m.jpg,clean_negative/clean_3_5.jpg,clean_negative,806,0,256,256,256,1108,1476,,,,,sliding_window_clean,,,,,,3,3.jpg,train,FAIL,resolved,source-level only,clean-negative source split is traceable; defect-free status is not re-proven by this audit
3,3.jpg,3m.jpg,clean_negative/clean_3_6.jpg,clean_negative,852,0,256,256,256,1108,1476,,,,,sliding_window_clean,,,,,,3,3.jpg,train,FAIL,resolved,source-level only,clean-negative source split is traceable; defect-free status is not re-proven by this audit
3,3.jpg,3m.jpg,clean_negative/clean_3_7.jpg,clean_negative,614,48,256,256,256,1108,1476,,,,,sliding_window_clean,,,,,,3,3.jpg,train,FAIL,resolved,source-level only,clean-negative source split is traceable; defect-free status is not re-proven by this audit
3,3.jpg,3m.jpg,clean_negative/clean_3_8.jpg,clean_negative,662,48,256,256,256,1108,1476,,,,,sliding_window_clean,,,,,,3,3.jpg,train,FAIL,resolved,source-level only,clean-negative source split is traceable; defect-free status is not re-proven by this audit
3,3.jpg,3m.jpg,clean_negative/clean_3_9.jpg,clean_negative,710,48,256,256,256,1108,1476,,,,,sliding_window_clean,,,,,,3,3.jpg,train,FAIL,resolved,source-level only,clean-negative source split is traceable; defect-free status is not re-proven by this audit
3,3.jpg,3m.jpg,clean_negative/clean_3_10.jpg,clean_negative,758,48,256,256,256,1108,1476,,,,,sliding_window_clean,,,,,,3,3.jpg,train,FAIL,resolved,source-level only,clean-negative source split is traceable; defect-free status is not re-proven by this audit
3,3.jpg,3m.jpg,clean_negative/clean_3_11.jpg,clean_negative,806,48,256,256,256,1108,1476,,,,,sliding_window_clean,,,,,,3,3.jpg,train,FAIL,resolved,source-level only,clean-negative source split is traceable; defect-free status is not re-proven by this audit
3,3.jpg,3m.jpg,clean_negative/clean_3_12.jpg,clean_negative,852,48,256,256,256,1108,1476,,,,,sliding_window_clean,,,,,,3,3.jpg,train,FAIL,resolved,source-level only,clean-negative source split is traceable; defect-free status is not re-proven by this audit
3,3.jpg,3m.jpg,clean_negative/clean_3_13.jpg,clean_negative,850,443,256,256,256,1108,1476,,,,,sliding_window_clean,,,,,,3,3.jpg,train,FAIL,resolved,source-level only,clean-negative source split is traceable; defect-free status is not re-proven by this audit
3,3.jpg,3m.jpg,clean_negative/clean_3_14.jpg,clean_negative,799,462,256,256,256,1108,1476,,,,,sliding_window_clean,,,,,,3,3.jpg,train,FAIL,resolved,source-level only,clean-negative source split is traceable; defect-free status is not re-proven by this audit
3,3.jpg,3m.jpg,clean_negative/clean_3_15.jpg,clean_negative,799,489,256,256,256,1108,1476,,,,,sliding_window_clean,,,,,,3,3.jpg,train,FAIL,resolved,source-level only,clean-negative source split is traceable; defect-free status is not re-proven by this audit
3,3.jpg,3m.jpg,clean_negative/clean_3_16.jpg,clean_negative,847,489,256,256,256,1108,1476,,,,,sliding_window_clean,,,,,,3,3.jpg,train,FAIL,resolved,source-level only,clean-negative source split is traceable; defect-free status is not re-proven by this audit
3,3.jpg,3m.jpg,clean_negative/clean_3_17.jpg,clean_negative,0,744,256,256,256,1108,1476,,,,,sliding_window_clean,,,,,,3,3.jpg,train,FAIL,resolved,source-level only,clean-negative source split is traceable; defect-free status is not re-proven by this audit
3,3.jpg,3m.jpg,clean_negative/clean_3_18.jpg,clean_negative,28,744,256,256,256,1108,1476,,,,,sliding_window_clean,,,,,,3,3.jpg,train,FAIL,resolved,source-level only,clean-negative source split is traceable; defect-free status is not re-proven by this audit
3,3.jpg,3m.jpg,clean_negative/clean_3_19.jpg,clean_negative,0,792,256,256,256,1108,1476,,,,,sliding_window_clean,,,,,,3,3.jpg,train,FAIL,resolved,source-level only,clean-negative source split is traceable; defect-free status is not re-proven by this audit
3,3.jpg,3m.jpg,clean_negative/clean_3_20.jpg,clean_negative,28,792,256,256,256,1108,1476,,,,,sliding_window_clean,,,,,,3,3.jpg,train,FAIL,resolved,source-level only,clean-negative source split is traceable; defect-free status is not re-proven by this audit
3,3.jpg,3m.jpg,clean_negative/clean_3_21.jpg,clean_negative,96,832,256,256,256,1108,1476,,,,,sliding_window_clean,,,,,,3,3.jpg,train,FAIL,resolved,source-level only,clean-negative source split is traceable; defect-free status is not re-proven by this audit
3,3.jpg,3m.jpg,clean_negative/clean_3_22.jpg,clean_negative,144,832,256,256,256,1108,1476,,,,,sliding_window_clean,,,,,,3,3.jpg,train,FAIL,resolved,source-level only,clean-negative source split is traceable; defect-free status is not re-proven by this audit
3,3.jpg,3m.jpg,clean_negative/clean_3_23.jpg,clean_negative,0,840,256,256,256,1108,1476,,,,,sliding_window_clean,,,,,,3,3.jpg,train,FAIL,resolved,source-level only,clean-negative source split is traceable; defect-free status is not re-proven by this audit
3,3.jpg,3m.jpg,clean_negative/clean_3_24.jpg,clean_negative,48,840,256,256,256,1108,1476,,,,,sliding_window_clean,,,,,,3,3.jpg,train,FAIL,resolved,source-level only,clean-negative source split is traceable; defect-free status is not re-proven by this audit
3,3.jpg,3m.jpg,clean_negative/clean_3_25.jpg,clean_negative,96,840,256,256,256,1108,1476,,,,,sliding_window_clean,,,,,,3,3.jpg,train,FAIL,resolved,source-level only,clean-negative source split is traceable; defect-free status is not re-proven by this audit
3,3.jpg,3m.jpg,clean_negative/clean_3_26.jpg,clean_negative,144,840,256,256,256,1108,1476,,,,,sliding_window_clean,,,,,,3,3.jpg,train,FAIL,resolved,source-level only,clean-negative source split is traceable; defect-free status is not re-proven by this audit
3,3.jpg,3m.jpg,clean_negative/clean_3_27.jpg,clean_negative,469,846,256,256,256,1108,1476,,,,,sliding_window_clean,,,,,,3,3.jpg,train,FAIL,resolved,source-level only,clean-negative source split is traceable; defect-free status is not re-proven by this audit
3,3.jpg,3m.jpg,clean_negative/clean_3_28.jpg,clean_negative,480,846,256,256,256,1108,1476,,,,,sliding_window_clean,,,,,,3,3.jpg,train,FAIL,resolved,source-level only,clean-negative source split is traceable; defect-free status is not re-proven by this audit
3,3.jpg,3m.jpg,clean_negative/clean_3_29.jpg,clean_negative,528,846,256,256,256,1108,1476,,,,,sliding_window_clean,,,,,,3,3.jpg,train,FAIL,resolved,source-level only,clean-negative source split is traceable; defect-free status is not re-proven by this audit
3,3.jpg,3m.jpg,clean_negative/clean_3_30.jpg,clean_negative,576,846,256,256,256,1108,1476,,,,,sliding_window_clean,,,,,,3,3.jpg,train,FAIL,resolved,source-level only,clean-negative source split is traceable; defect-free status is not re-proven by this audit
3,3.jpg,3m.jpg,clean_negative/clean_3_31.jpg,clean_negative,604,846,256,256,256,1108,1476,,,,,sliding_window_clean,,,,,,3,3.jpg,train,FAIL,resolved,source-level only,clean-negative source split is traceable; defect-free status is not re-proven by this audit
3,3.jpg,3m.jpg,clean_negative/clean_3_32.jpg,clean_negative,192,862,256,256,256,1108,1476,,,,,sliding_window_clean,,,,,,3,3.jpg,train,FAIL,resolved,source-level only,clean-negative source split is traceable; defect-free status is not re-proven by this audit
3,3.jpg,3m.jpg,clean_negative/clean_3_33.jpg,clean_negative,240,862,256,256,256,1108,1476,,,,,sliding_window_clean,,,,,,3,3.jpg,train,FAIL,resolved,source-level only,clean-negative source split is traceable; defect-free status is not re-proven by this audit
3,3.jpg,3m.jpg,clean_negative/clean_3_34.jpg,clean_negative,288,862,256,256,256,1108,1476,,,,,sliding_window_clean,,,,,,3,3.jpg,train,FAIL,resolved,source-level only,clean-negative source split is traceable; defect-free status is not re-proven by this audit
3,3.jpg,3m.jpg,clean_negative/clean_3_35.jpg,clean_negative,336,862,256,256,256,1108,1476,,,,,sliding_window_clean,,,,,,3,3.jpg,train,FAIL,resolved,source-level only,clean-negative source split is traceable; defect-free status is not re-proven by this audit
3,3.jpg,3m.jpg,clean_negative/clean_3_36.jpg,clean_negative,384,862,256,256,256,1108,1476,,,,,sliding_window_clean,,,,,,3,3.jpg,train,FAIL,resolved,source-level only,clean-negative source split is traceable; defect-free status is not re-proven by this audit
3,3.jpg,3m.jpg,clean_negative/clean_3_37.jpg,clean_negative,432,862,256,256,256,1108,1476,,,,,sliding_window_clean,,,,,,3,3.jpg,train,FAIL,resolved,source-level only,clean-negative source split is traceable; defect-free status is not re-proven by this audit
3,3.jpg,3m.jpg,clean_negative/clean_3_38.jpg,clean_negative,0,888,256,256,256,1108,1476,,,,,sliding_window_clean,,,,,,3,3.jpg,train,FAIL,resolved,source-level only,clean-negative source split is traceable; defect-free status is not re-proven by this audit
3,3.jpg,3m.jpg,clean_negative/clean_3_39.jpg,clean_negative,48,888,256,256,256,1108,1476,,,,,sliding_window_clean,,,,,,3,3.jpg,train,FAIL,resolved,source-level only,clean-negative source split is traceable; defect-free status is not re-proven by this audit
3,3.jpg,3m.jpg,clean_negative/clean_3_40.jpg,clean_negative,96,888,256,256,256,1108,1476,,,,,sliding_window_clean,,,,,,3,3.jpg,train,FAIL,resolved,source-level only,clean-negative source split is traceable; defect-free status is not re-proven by this audit
3,3.jpg,3m.jpg,clean_negative/clean_3_41.jpg,clean_negative,144,888,256,256,256,1108,1476,,,,,sliding_window_clean,,,,,,3,3.jpg,train,FAIL,resolved,source-level only,clean-negative source split is traceable; defect-free status is not re-proven by this audit
3,3.jpg,3m.jpg,clean_negative/clean_3_42.jpg,clean_negative,192,888,256,256,256,1108,1476,,,,,sliding_window_clean,,,,,,3,3.jpg,train,FAIL,resolved,source-level only,clean-negative source split is traceable; defect-free status is not re-proven by this audit
3,3.jpg,3m.jpg,clean_negative/clean_3_43.jpg,clean_negative,240,888,256,256,256,1108,1476,,,,,sliding_window_clean,,,,,,3,3.jpg,train,FAIL,resolved,source-level only,clean-negative source split is traceable; defect-free status is not re-proven by this audit
3,3.jpg,3m.jpg,clean_negative/clean_3_44.jpg,clean_negative,288,888,256,256,256,1108,1476,,,,,sliding_window_clean,,,,,,3,3.jpg,train,FAIL,resolved,source-level only,clean-negative source split is traceable; defect-free status is not re-proven by this audit
3,3.jpg,3m.jpg,clean_negative/clean_3_45.jpg,clean_negative,336,888,256,256,256,1108,1476,,,,,sliding_window_clean,,,,,,3,3.jpg,train,FAIL,resolved,source-level only,clean-negative source split is traceable; defect-free status is not re-proven by this audit
3,3.jpg,3m.jpg,clean_negative/clean_3_46.jpg,clean_negative,384,888,256,256,256,1108,1476,,,,,sliding_window_clean,,,,,,3,3.jpg,train,FAIL,resolved,source-level only,clean-negative source split is traceable; defect-free status is not re-proven by this audit
3,3.jpg,3m.jpg,clean_negative/clean_3_47.jpg,clean_negative,432,888,256,256,256,1108,1476,,,,,sliding_window_clean,,,,,,3,3.jpg,train,FAIL,resolved,source-level only,clean-negative source split is traceable; defect-free status is not re-proven by this audit
3,3.jpg,3m.jpg,clean_negative/clean_3_48.jpg,clean_negative,480,888,256,256,256,1108,1476,,,,,sliding_window_clean,,,,,,3,3.jpg,train,FAIL,resolved,source-level only,clean-negative source split is traceable; defect-free status is not re-proven by this audit
3,3.jpg,3m.jpg,clean_negative/clean_3_49.jpg,clean_negative,528,888,256,256,256,1108,1476,,,,,sliding_window_clean,,,,,,3,3.jpg,train,FAIL,resolved,source-level only,clean-negative source split is traceable; defect-free status is not re-proven by this audit
3,3.jpg,3m.jpg,clean_negative/clean_3_50.jpg,clean_negative,576,888,256,256,256,1108,1476,,,,,sliding_window_clean,,,,,,3,3.jpg,train,FAIL,resolved,source-level only,clean-negative source split is traceable; defect-free status is not re-proven by this audit
3,3.jpg,3m.jpg,clean_negative/clean_3_51.jpg,clean_negative,604,888,256,256,256,1108,1476,,,,,sliding_window_clean,,,,,,3,3.jpg,train,FAIL,resolved,source-level only,clean-negative source split is traceable; defect-free status is not re-proven by this audit
3,3.jpg,3m.jpg,clean_negative/clean_3_52.jpg,clean_negative,0,936,256,256,256,1108,1476,,,,,sliding_window_clean,,,,,,3,3.jpg,train,FAIL,resolved,source-level only,clean-negative source split is traceable; defect-free status is not re-proven by this audit
3,3.jpg,3m.jpg,clean_negative/clean_3_53.jpg,clean_negative,48,936,256,256,256,1108,1476,,,,,sliding_window_clean,,,,,,3,3.jpg,train,FAIL,resolved,source-level only,clean-negative source split is traceable; defect-free status is not re-proven by this audit
3,3.jpg,3m.jpg,clean_negative/clean_3_54.jpg,clean_negative,96,936,256,256,256,1108,1476,,,,,sliding_window_clean,,,,,,3,3.jpg,train,FAIL,resolved,source-level only,clean-negative source split is traceable; defect-free status is not re-proven by this audit
3,3.jpg,3m.jpg,clean_negative/clean_3_55.jpg,clean_negative,144,936,256,256,256,1108,1476,,,,,sliding_window_clean,,,,,,3,3.jpg,train,FAIL,resolved,source-level only,clean-negative source split is traceable; defect-free status is not re-proven by this audit
3,3.jpg,3m.jpg,clean_negative/clean_3_56.jpg,clean_negative,192,936,256,256,256,1108,1476,,,,,sliding_window_clean,,,,,,3,3.jpg,train,FAIL,resolved,source-level only,clean-negative source split is traceable; defect-free status is not re-proven by this audit
3,3.jpg,3m.jpg,clean_negative/clean_3_57.jpg,clean_negative,240,936,256,256,256,1108,1476,,,,,sliding_window_clean,,,,,,3,3.jpg,train,FAIL,resolved,source-level only,clean-negative source split is traceable; defect-free status is not re-proven by this audit
3,3.jpg,3m.jpg,clean_negative/clean_3_58.jpg,clean_negative,288,936,256,256,256,1108,1476,,,,,sliding_window_clean,,,,,,3,3.jpg,train,FAIL,resolved,source-level only,clean-negative source split is traceable; defect-free status is not re-proven by this audit
3,3.jpg,3m.jpg,clean_negative/clean_3_59.jpg,clean_negative,336,936,256,256,256,1108,1476,,,,,sliding_window_clean,,,,,,3,3.jpg,train,FAIL,resolved,source-level only,clean-negative source split is traceable; defect-free status is not re-proven by this audit
3,3.jpg,3m.jpg,clean_negative/clean_3_60.jpg,clean_negative,384,936,256,256,256,1108,1476,,,,,sliding_window_clean,,,,,,3,3.jpg,train,FAIL,resolved,source-level only,clean-negative source split is traceable; defect-free status is not re-proven by this audit
3,3.jpg,3m.jpg,clean_negative/clean_3_61.jpg,clean_negative,432,936,256,256,256,1108,1476,,,,,sliding_window_clean,,,,,,3,3.jpg,train,FAIL,resolved,source-level only,clean-negative source split is traceable; defect-free status is not re-proven by this audit
3,3.jpg,3m.jpg,clean_negative/clean_3_62.jpg,clean_negative,480,936,256,256,256,1108,1476,,,,,sliding_window_clean,,,,,,3,3.jpg,train,FAIL,resolved,source-level only,clean-negative source split is traceable; defect-free status is not re-proven by this audit
3,3.jpg,3m.jpg,clean_negative/clean_3_63.jpg,clean_negative,528,936,256,256,256,1108,1476,,,,,sliding_window_clean,,,,,,3,3.jpg,train,FAIL,resolved,source-level only,clean-negative source split is traceable; defect-free status is not re-proven by this audit
3,3.jpg,3m.jpg,clean_negative/clean_3_64.jpg,clean_negative,576,936,256,256,256,1108,1476,,,,,sliding_window_clean,,,,,,3,3.jpg,train,FAIL,resolved,source-level only,clean-negative source split is traceable; defect-free status is not re-proven by this audit
3,3.jpg,3m.jpg,clean_negative/clean_3_65.jpg,clean_negative,606,941,256,256,256,1108,1476,,,,,sliding_window_clean,,,,,,3,3.jpg,train,FAIL,resolved,source-level only,clean-negative source split is traceable; defect-free status is not re-proven by this audit
3,3.jpg,3m.jpg,clean_negative/clean_3_66.jpg,clean_negative,0,942,256,256,256,1108,1476,,,,,sliding_window_clean,,,,,,3,3.jpg,train,FAIL,resolved,source-level only,clean-negative source split is traceable; defect-free status is not re-proven by this audit
3,3.jpg,3m.jpg,clean_negative/clean_3_67.jpg,clean_negative,48,942,256,256,256,1108,1476,,,,,sliding_window_clean,,,,,,3,3.jpg,train,FAIL,resolved,source-level only,clean-negative source split is traceable; defect-free status is not re-proven by this audit
3,3.jpg,3m.jpg,clean_negative/clean_3_68.jpg,clean_negative,96,942,256,256,256,1108,1476,,,,,sliding_window_clean,,,,,,3,3.jpg,train,FAIL,resolved,source-level only,clean-negative source split is traceable; defect-free status is not re-proven by this audit
3,3.jpg,3m.jpg,clean_negative/clean_3_69.jpg,clean_negative,144,942,256,256,256,1108,1476,,,,,sliding_window_clean,,,,,,3,3.jpg,train,FAIL,resolved,source-level only,clean-negative source split is traceable; defect-free status is not re-proven by this audit
3,3.jpg,3m.jpg,clean_negative/clean_3_70.jpg,clean_negative,192,942,256,256,256,1108,1476,,,,,sliding_window_clean,,,,,,3,3.jpg,train,FAIL,resolved,source-level only,clean-negative source split is traceable; defect-free status is not re-proven by this audit
3,3.jpg,3m.jpg,clean_negative/clean_3_71.jpg,clean_negative,230,956,256,256,256,1108,1476,,,,,sliding_window_clean,,,,,,3,3.jpg,train,FAIL,resolved,source-level only,clean-negative source split is traceable; defect-free status is not re-proven by this audit
3,3.jpg,3m.jpg,clean_negative/clean_3_72.jpg,clean_negative,240,956,256,256,256,1108,1476,,,,,sliding_window_clean,,,,,,3,3.jpg,train,FAIL,resolved,source-level only,clean-negative source split is traceable; defect-free status is not re-proven by this audit
3,3.jpg,3m.jpg,clean_negative/clean_3_73.jpg,clean_negative,672,973,256,256,256,1108,1476,,,,,sliding_window_clean,,,,,,3,3.jpg,train,FAIL,resolved,source-level only,clean-negative source split is traceable; defect-free status is not re-proven by this audit
3,3.jpg,3m.jpg,clean_negative/clean_3_74.jpg,clean_negative,720,973,256,256,256,1108,1476,,,,,sliding_window_clean,,,,,,3,3.jpg,train,FAIL,resolved,source-level only,clean-negative source split is traceable; defect-free status is not re-proven by this audit
3,3.jpg,3m.jpg,clean_negative/clean_3_75.jpg,clean_negative,768,973,256,256,256,1108,1476,,,,,sliding_window_clean,,,,,,3,3.jpg,train,FAIL,resolved,source-level only,clean-negative source split is traceable; defect-free status is not re-proven by this audit
3,3.jpg,3m.jpg,clean_negative/clean_3_76.jpg,clean_negative,816,973,256,256,256,1108,1476,,,,,sliding_window_clean,,,,,,3,3.jpg,train,FAIL,resolved,source-level only,clean-negative source split is traceable; defect-free status is not re-proven by this audit
3,3.jpg,3m.jpg,clean_negative/clean_3_77.jpg,clean_negative,852,973,256,256,256,1108,1476,,,,,sliding_window_clean,,,,,,3,3.jpg,train,FAIL,resolved,source-level only,clean-negative source split is traceable; defect-free status is not re-proven by this audit
3,3.jpg,3m.jpg,clean_negative/clean_3_78.jpg,clean_negative,294,984,256,256,256,1108,1476,,,,,sliding_window_clean,,,,,,3,3.jpg,train,FAIL,resolved,source-level only,clean-negative source split is traceable; defect-free status is not re-proven by this audit
3,3.jpg,3m.jpg,clean_negative/clean_3_79.jpg,clean_negative,336,984,256,256,256,1108,1476,,,,,sliding_window_clean,,,,,,3,3.jpg,train,FAIL,resolved,source-level only,clean-negative source split is traceable; defect-free status is not re-proven by this audit
3,3.jpg,3m.jpg,clean_negative/clean_3_80.jpg,clean_negative,384,984,256,256,256,1108,1476,,,,,sliding_window_clean,,,,,,3,3.jpg,train,FAIL,resolved,source-level only,clean-negative source split is traceable; defect-free status is not re-proven by this audit
3,3.jpg,3m.jpg,clean_negative/clean_3_81.jpg,clean_negative,432,984,256,256,256,1108,1476,,,,,sliding_window_clean,,,,,,3,3.jpg,train,FAIL,resolved,source-level only,clean-negative source split is traceable; defect-free status is not re-proven by this audit
3,3.jpg,3m.jpg,clean_negative/clean_3_82.jpg,clean_negative,480,984,256,256,256,1108,1476,,,,,sliding_window_clean,,,,,,3,3.jpg,train,FAIL,resolved,source-level only,clean-negative source split is traceable; defect-free status is not re-proven by this audit
3,3.jpg,3m.jpg,clean_negative/clean_3_83.jpg,clean_negative,528,984,256,256,256,1108,1476,,,,,sliding_window_clean,,,,,,3,3.jpg,train,FAIL,resolved,source-level only,clean-negative source split is traceable; defect-free status is not re-proven by this audit
3,3.jpg,3m.jpg,clean_negative/clean_3_84.jpg,clean_negative,576,984,256,256,256,1108,1476,,,,,sliding_window_clean,,,,,,3,3.jpg,train,FAIL,resolved,source-level only,clean-negative source split is traceable; defect-free status is not re-proven by this audit
3,3.jpg,3m.jpg,clean_negative/clean_3_85.jpg,clean_negative,624,984,256,256,256,1108,1476,,,,,sliding_window_clean,,,,,,3,3.jpg,train,FAIL,resolved,source-level only,clean-negative source split is traceable; defect-free status is not re-proven by this audit
3,3.jpg,3m.jpg,clean_negative/clean_3_86.jpg,clean_negative,672,984,256,256,256,1108,1476,,,,,sliding_window_clean,,,,,,3,3.jpg,train,FAIL,resolved,source-level only,clean-negative source split is traceable; defect-free status is not re-proven by this audit
3,3.jpg,3m.jpg,clean_negative/clean_3_87.jpg,clean_negative,720,984,256,256,256,1108,1476,,,,,sliding_window_clean,,,,,,3,3.jpg,train,FAIL,resolved,source-level only,clean-negative source split is traceable; defect-free status is not re-proven by this audit
3,3.jpg,3m.jpg,clean_negative/clean_3_88.jpg,clean_negative,768,984,256,256,256,1108,1476,,,,,sliding_window_clean,,,,,,3,3.jpg,train,FAIL,resolved,source-level only,clean-negative source split is traceable; defect-free status is not re-proven by this audit
3,3.jpg,3m.jpg,clean_negative/clean_3_89.jpg,clean_negative,816,984,256,256,256,1108,1476,,,,,sliding_window_clean,,,,,,3,3.jpg,train,FAIL,resolved,source-level only,clean-negative source split is traceable; defect-free status is not re-proven by this audit
3,3.jpg,3m.jpg,clean_negative/clean_3_90.jpg,clean_negative,852,984,256,256,256,1108,1476,,,,,sliding_window_clean,,,,,,3,3.jpg,train,FAIL,resolved,source-level only,clean-negative source split is traceable; defect-free status is not re-proven by this audit
3,3.jpg,3m.jpg,clean_negative/clean_3_91.jpg,clean_negative,361,992,256,256,256,1108,1476,,,,,sliding_window_clean,,,,,,3,3.jpg,train,FAIL,resolved,source-level only,clean-negative source split is traceable; defect-free status is not re-proven by this audit
3,3.jpg,3m.jpg,clean_negative/clean_3_92.jpg,clean_negative,294,1032,256,256,256,1108,1476,,,,,sliding_window_clean,,,,,,3,3.jpg,train,FAIL,resolved,source-level only,clean-negative source split is traceable; defect-free status is not re-proven by this audit
3,3.jpg,3m.jpg,clean_negative/clean_3_93.jpg,clean_negative,332,1032,256,256,256,1108,1476,,,,,sliding_window_clean,,,,,,3,3.jpg,train,FAIL,resolved,source-level only,clean-negative source split is traceable; defect-free status is not re-proven by this audit
3,3.jpg,3m.jpg,clean_negative/clean_3_94.jpg,clean_negative,678,1032,256,256,256,1108,1476,,,,,sliding_window_clean,,,,,,3,3.jpg,train,FAIL,resolved,source-level only,clean-negative source split is traceable; defect-free status is not re-proven by this audit
3,3.jpg,3m.jpg,clean_negative/clean_3_95.jpg,clean_negative,720,1032,256,256,256,1108,1476,,,,,sliding_window_clean,,,,,,3,3.jpg,train,FAIL,resolved,source-level only,clean-negative source split is traceable; defect-free status is not re-proven by this audit
3,3.jpg,3m.jpg,clean_negative/clean_3_96.jpg,clean_negative,768,1032,256,256,256,1108,1476,,,,,sliding_window_clean,,,,,,3,3.jpg,train,FAIL,resolved,source-level only,clean-negative source split is traceable; defect-free status is not re-proven by this audit
3,3.jpg,3m.jpg,clean_negative/clean_3_97.jpg,clean_negative,816,1032,256,256,256,1108,1476,,,,,sliding_window_clean,,,,,,3,3.jpg,train,FAIL,resolved,source-level only,clean-negative source split is traceable; defect-free status is not re-proven by this audit
3,3.jpg,3m.jpg,clean_negative/clean_3_98.jpg,clean_negative,852,1032,256,256,256,1108,1476,,,,,sliding_window_clean,,,,,,3,3.jpg,train,FAIL,resolved,source-level only,clean-negative source split is traceable; defect-free status is not re-proven by this audit
3,3.jpg,3m.jpg,clean_negative/clean_3_99.jpg,clean_negative,294,1080,256,256,256,1108,1476,,,,,sliding_window_clean,,,,,,3,3.jpg,train,FAIL,resolved,source-level only,clean-negative source split is traceable; defect-free status is not re-proven by this audit
3,3.jpg,3m.jpg,clean_negative/clean_3_100.jpg,clean_negative,332,1080,256,256,256,1108,1476,,,,,sliding_window_clean,,,,,,3,3.jpg,train,FAIL,resolved,source-level only,clean-negative source split is traceable; defect-free status is not re-proven by this audit
3,3.jpg,3m.jpg,clean_negative/clean_3_101.jpg,clean_negative,678,1080,256,256,256,1108,1476,,,,,sliding_window_clean,,,,,,3,3.jpg,train,FAIL,resolved,source-level only,clean-negative source split is traceable; defect-free status is not re-proven by this audit
3,3.jpg,3m.jpg,clean_negative/clean_3_102.jpg,clean_negative,720,1080,256,256,256,1108,1476,,,,,sliding_window_clean,,,,,,3,3.jpg,train,FAIL,resolved,source-level only,clean-negative source split is traceable; defect-free status is not re-proven by this audit
3,3.jpg,3m.jpg,clean_negative/clean_3_103.jpg,clean_negative,768,1080,256,256,256,1108,1476,,,,,sliding_window_clean,,,,,,3,3.jpg,train,FAIL,resolved,source-level only,clean-negative source split is traceable; defect-free status is not re-proven by this audit
3,3.jpg,3m.jpg,clean_negative/clean_3_104.jpg,clean_negative,816,1080,256,256,256,1108,1476,,,,,sliding_window_clean,,,,,,3,3.jpg,train,FAIL,resolved,source-level only,clean-negative source split is traceable; defect-free status is not re-proven by this audit
3,3.jpg,3m.jpg,clean_negative/clean_3_105.jpg,clean_negative,852,1080,256,256,256,1108,1476,,,,,sliding_window_clean,,,,,,3,3.jpg,train,FAIL,resolved,source-level only,clean-negative source split is traceable; defect-free status is not re-proven by this audit
3,3.jpg,3m.jpg,clean_negative/clean_3_106.jpg,clean_negative,294,1128,256,256,256,1108,1476,,,,,sliding_window_clean,,,,,,3,3.jpg,train,FAIL,resolved,source-level only,clean-negative source split is traceable; defect-free status is not re-proven by this audit
3,3.jpg,3m.jpg,clean_negative/clean_3_107.jpg,clean_negative,332,1128,256,256,256,1108,1476,,,,,sliding_window_clean,,,,,,3,3.jpg,train,FAIL,resolved,source-level only,clean-negative source split is traceable; defect-free status is not re-proven by this audit
3,3.jpg,3m.jpg,clean_negative/clean_3_108.jpg,clean_negative,678,1128,256,256,256,1108,1476,,,,,sliding_window_clean,,,,,,3,3.jpg,train,FAIL,resolved,source-level only,clean-negative source split is traceable; defect-free status is not re-proven by this audit
3,3.jpg,3m.jpg,clean_negative/clean_3_109.jpg,clean_negative,720,1128,256,256,256,1108,1476,,,,,sliding_window_clean,,,,,,3,3.jpg,train,FAIL,resolved,source-level only,clean-negative source split is traceable; defect-free status is not re-proven by this audit
3,3.jpg,3m.jpg,clean_negative/clean_3_110.jpg,clean_negative,768,1128,256,256,256,1108,1476,,,,,sliding_window_clean,,,,,,3,3.jpg,train,FAIL,resolved,source-level only,clean-negative source split is traceable; defect-free status is not re-proven by this audit
3,3.jpg,3m.jpg,clean_negative/clean_3_111.jpg,clean_negative,816,1128,256,256,256,1108,1476,,,,,sliding_window_clean,,,,,,3,3.jpg,train,FAIL,resolved,source-level only,clean-negative source split is traceable; defect-free status is not re-proven by this audit
3,3.jpg,3m.jpg,clean_negative/clean_3_112.jpg,clean_negative,852,1128,256,256,256,1108,1476,,,,,sliding_window_clean,,,,,,3,3.jpg,train,FAIL,resolved,source-level only,clean-negative source split is traceable; defect-free status is not re-proven by this audit
3,3.jpg,3m.jpg,clean_negative/clean_3_113.jpg,clean_negative,294,1176,256,256,256,1108,1476,,,,,sliding_window_clean,,,,,,3,3.jpg,train,FAIL,resolved,source-level only,clean-negative source split is traceable; defect-free status is not re-proven by this audit
3,3.jpg,3m.jpg,clean_negative/clean_3_114.jpg,clean_negative,332,1176,256,256,256,1108,1476,,,,,sliding_window_clean,,,,,,3,3.jpg,train,FAIL,resolved,source-level only,clean-negative source split is traceable; defect-free status is not re-proven by this audit
3,3.jpg,3m.jpg,clean_negative/clean_3_115.jpg,clean_negative,678,1176,256,256,256,1108,1476,,,,,sliding_window_clean,,,,,,3,3.jpg,train,FAIL,resolved,source-level only,clean-negative source split is traceable; defect-free status is not re-proven by this audit
3,3.jpg,3m.jpg,clean_negative/clean_3_116.jpg,clean_negative,720,1176,256,256,256,1108,1476,,,,,sliding_window_clean,,,,,,3,3.jpg,train,FAIL,resolved,source-level only,clean-negative source split is traceable; defect-free status is not re-proven by this audit
3,3.jpg,3m.jpg,clean_negative/clean_3_117.jpg,clean_negative,768,1176,256,256,256,1108,1476,,,,,sliding_window_clean,,,,,,3,3.jpg,train,FAIL,resolved,source-level only,clean-negative source split is traceable; defect-free status is not re-proven by this audit
3,3.jpg,3m.jpg,clean_negative/clean_3_118.jpg,clean_negative,816,1176,256,256,256,1108,1476,,,,,sliding_window_clean,,,,,,3,3.jpg,train,FAIL,resolved,source-level only,clean-negative source split is traceable; defect-free status is not re-proven by this audit
3,3.jpg,3m.jpg,clean_negative/clean_3_119.jpg,clean_negative,852,1176,256,256,256,1108,1476,,,,,sliding_window_clean,,,,,,3,3.jpg,train,FAIL,resolved,source-level only,clean-negative source split is traceable; defect-free status is not re-proven by this audit
3,3.jpg,3m.jpg,clean_negative/clean_3_120.jpg,clean_negative,294,1220,256,256,256,1108,1476,,,,,sliding_window_clean,,,,,,3,3.jpg,train,FAIL,resolved,source-level only,clean-negative source split is traceable; defect-free status is not re-proven by this audit
3,3.jpg,3m.jpg,clean_negative/clean_3_121.jpg,clean_negative,332,1220,256,256,256,1108,1476,,,,,sliding_window_clean,,,,,,3,3.jpg,train,FAIL,resolved,source-level only,clean-negative source split is traceable; defect-free status is not re-proven by this audit
3,3.jpg,3m.jpg,clean_negative/clean_3_122.jpg,clean_negative,678,1220,256,256,256,1108,1476,,,,,sliding_window_clean,,,,,,3,3.jpg,train,FAIL,resolved,source-level only,clean-negative source split is traceable; defect-free status is not re-proven by this audit
3,3.jpg,3m.jpg,clean_negative/clean_3_123.jpg,clean_negative,720,1220,256,256,256,1108,1476,,,,,sliding_window_clean,,,,,,3,3.jpg,train,FAIL,resolved,source-level only,clean-negative source split is traceable; defect-free status is not re-proven by this audit
3,3.jpg,3m.jpg,clean_negative/clean_3_124.jpg,clean_negative,768,1220,256,256,256,1108,1476,,,,,sliding_window_clean,,,,,,3,3.jpg,train,FAIL,resolved,source-level only,clean-negative source split is traceable; defect-free status is not re-proven by this audit
3,3.jpg,3m.jpg,clean_negative/clean_3_125.jpg,clean_negative,816,1220,256,256,256,1108,1476,,,,,sliding_window_clean,,,,,,3,3.jpg,train,FAIL,resolved,source-level only,clean-negative source split is traceable; defect-free status is not re-proven by this audit
3,3.jpg,3m.jpg,clean_negative/clean_3_126.jpg,clean_negative,852,1220,256,256,256,1108,1476,,,,,sliding_window_clean,,,,,,3,3.jpg,train,FAIL,resolved,source-level only,clean-negative source split is traceable; defect-free status is not re-proven by this audit
3,3.jpg,3m.jpg,dirty_positive/dirty_3_1.jpg,dirty_positive,443,0,256,256,256,1108,1476,1,571,126,591,centered_positive,443,0,registered,registered,homography_inliers=4734/4737,3,3.jpg,train,FAIL,resolved,exact,
3,3.jpg,3m.jpg,dirty_positive/dirty_3_2.jpg,dirty_positive,400,8,256,256,256,1108,1476,1,571,126,591,jittered_positive,400,8,registered,registered,homography_inliers=4734/4737,3,3.jpg,train,FAIL,resolved,exact,
3,3.jpg,3m.jpg,dirty_positive/dirty_3_3.jpg,dirty_positive,464,0,256,256,256,1108,1476,1,571,126,591,jittered_positive,464,0,registered,registered,homography_inliers=4734/4737,3,3.jpg,train,FAIL,resolved,exact,
3,3.jpg,3m.jpg,dirty_positive/dirty_3_4.jpg,dirty_positive,439,15,256,256,256,1108,1476,1,571,126,591,jittered_positive,439,15,registered,registered,homography_inliers=4734/4737,3,3.jpg,train,FAIL,resolved,exact,
3,3.jpg,3m.jpg,dirty_positive/dirty_3_5.jpg,dirty_positive,307,18,256,256,256,1108,1476,2,435,146,517,centered_positive,307,18,registered,registered,homography_inliers=4734/4737,3,3.jpg,train,FAIL,resolved,exact,
3,3.jpg,3m.jpg,dirty_positive/dirty_3_6.jpg,dirty_positive,300,4,256,256,256,1108,1476,2,435,146,517,jittered_positive,300,4,registered,registered,homography_inliers=4734/4737,3,3.jpg,train,FAIL,resolved,exact,
3,3.jpg,3m.jpg,dirty_positive/dirty_3_7.jpg,dirty_positive,280,0,256,256,256,1108,1476,2,435,146,517,jittered_positive,280,0,registered,registered,homography_inliers=4734/4737,3,3.jpg,train,FAIL,resolved,exact,
3,3.jpg,3m.jpg,dirty_positive/dirty_3_8.jpg,dirty_positive,254,16,256,256,256,1108,1476,2,435,146,517,jittered_positive,254,16,registered,registered,homography_inliers=4734/4737,3,3.jpg,train,FAIL,resolved,exact,
3,3.jpg,3m.jpg,dirty_positive/dirty_3_9.jpg,dirty_positive,410,105,256,256,256,1108,1476,3,538,233,725,centered_positive,410,105,registered,registered,homography_inliers=4734/4737,3,3.jpg,train,FAIL,resolved,exact,
3,3.jpg,3m.jpg,dirty_positive/dirty_3_10.jpg,dirty_positive,467,59,256,256,256,1108,1476,3,538,233,725,jittered_positive,467,59,registered,registered,homography_inliers=4734/4737,3,3.jpg,train,FAIL,resolved,exact,
3,3.jpg,3m.jpg,dirty_positive/dirty_3_11.jpg,dirty_positive,462,147,256,256,256,1108,1476,3,538,233,725,jittered_positive,462,147,registered,registered,homography_inliers=4734/4737,3,3.jpg,train,FAIL,resolved,exact,
3,3.jpg,3m.jpg,dirty_positive/dirty_3_12.jpg,dirty_positive,395,139,256,256,256,1108,1476,3,538,233,725,jittered_positive,395,139,registered,registered,homography_inliers=4734/4737,3,3.jpg,train,FAIL,resolved,exact,
3,3.jpg,3m.jpg,dirty_positive/dirty_3_13.jpg,dirty_positive,15,151,256,256,256,1108,1476,4,143,279,637,centered_positive,15,151,registered,registered,homography_inliers=4734/4737,3,3.jpg,train,FAIL,resolved,exact,
3,3.jpg,3m.jpg,dirty_positive/dirty_3_14.jpg,dirty_positive,77,189,256,256,256,1108,1476,4,143,279,637,jittered_positive,77,189,registered,registered,homography_inliers=4734/4737,3,3.jpg,train,FAIL,resolved,exact,
3,3.jpg,3m.jpg,dirty_positive/dirty_3_15.jpg,dirty_positive,13,124,256,256,256,1108,1476,4,143,279,637,jittered_positive,13,124,registered,registered,homography_inliers=4734/4737,3,3.jpg,train,FAIL,resolved,exact,
3,3.jpg,3m.jpg,dirty_positive/dirty_3_16.jpg,dirty_positive,0,114,256,256,256,1108,1476,4,143,279,637,jittered_positive,0,114,registered,registered,homography_inliers=4734/4737,3,3.jpg,train,FAIL,resolved,exact,
3,3.jpg,3m.jpg,dirty_positive/dirty_3_17.jpg,dirty_positive,414,169,256,256,256,1108,1476,5,542,297,583,centered_positive,414,169,registered,registered,homography_inliers=4734/4737,3,3.jpg,train,FAIL,resolved,exact,
3,3.jpg,3m.jpg,dirty_positive/dirty_3_18.jpg,dirty_positive,458,161,256,256,256,1108,1476,5,542,297,583,jittered_positive,458,161,registered,registered,homography_inliers=4734/4737,3,3.jpg,train,FAIL,resolved,exact,
3,3.jpg,3m.jpg,dirty_positive/dirty_3_19.jpg,dirty_positive,395,223,256,256,256,1108,1476,5,542,297,583,jittered_positive,395,223,registered,registered,homography_inliers=4734/4737,3,3.jpg,train,FAIL,resolved,exact,
3,3.jpg,3m.jpg,dirty_positive/dirty_3_20.jpg,dirty_positive,362,168,256,256,256,1108,1476,5,542,297,583,jittered_positive,362,168,registered,registered,homography_inliers=4734/4737,3,3.jpg,train,FAIL,resolved,exact,
3,3.jpg,3m.jpg,dirty_positive/dirty_3_21.jpg,dirty_positive,208,191,256,256,256,1108,1476,6,336,319,1031,centered_positive,208,191,registered,registered,homography_inliers=4734/4737,3,3.jpg,train,FAIL,resolved,exact,
3,3.jpg,3m.jpg,dirty_positive/dirty_3_22.jpg,dirty_positive,175,243,256,256,256,1108,1476,6,336,319,1031,jittered_positive,175,243,registered,registered,homography_inliers=4734/4737,3,3.jpg,train,FAIL,resolved,exact,
3,3.jpg,3m.jpg,dirty_positive/dirty_3_23.jpg,dirty_positive,178,245,256,256,256,1108,1476,6,336,319,1031,jittered_positive,178,245,registered,registered,homography_inliers=4734/4737,3,3.jpg,train,FAIL,resolved,exact,
3,3.jpg,3m.jpg,dirty_positive/dirty_3_24.jpg,dirty_positive,225,240,256,256,256,1108,1476,6,336,319,1031,jittered_positive,225,240,registered,registered,homography_inliers=4734/4737,3,3.jpg,train,FAIL,resolved,exact,
3,3.jpg,3m.jpg,dirty_positive/dirty_3_25.jpg,dirty_positive,440,208,256,256,256,1108,1476,7,568,336,707,centered_positive,440,208,registered,registered,homography_inliers=4734/4737,3,3.jpg,train,FAIL,resolved,exact,
3,3.jpg,3m.jpg,dirty_positive/dirty_3_26.jpg,dirty_positive,485,258,256,256,256,1108,1476,7,568,336,707,jittered_positive,485,258,registered,registered,homography_inliers=4734/4737,3,3.jpg,train,FAIL,resolved,exact,
3,3.jpg,3m.jpg,dirty_positive/dirty_3_27.jpg,dirty_positive,416,265,256,256,256,1108,1476,7,568,336,707,jittered_positive,416,265,registered,registered,homography_inliers=4734/4737,3,3.jpg,train,FAIL,resolved,exact,
3,3.jpg,3m.jpg,dirty_positive/dirty_3_28.jpg,dirty_positive,491,210,256,256,256,1108,1476,7,568,336,707,jittered_positive,491,210,registered,registered,homography_inliers=4734/4737,3,3.jpg,train,FAIL,resolved,exact,
3,3.jpg,3m.jpg,dirty_positive/dirty_3_29.jpg,dirty_positive,277,220,256,256,256,1108,1476,8,405,348,602,centered_positive,277,220,registered,registered,homography_inliers=4734/4737,3,3.jpg,train,FAIL,resolved,exact,
3,3.jpg,3m.jpg,dirty_positive/dirty_3_30.jpg,dirty_positive,276,226,256,256,256,1108,1476,8,405,348,602,jittered_positive,276,226,registered,registered,homography_inliers=4734/4737,3,3.jpg,train,FAIL,resolved,exact,
3,3.jpg,3m.jpg,dirty_positive/dirty_3_31.jpg,dirty_positive,337,217,256,256,256,1108,1476,8,405,348,602,jittered_positive,337,217,registered,registered,homography_inliers=4734/4737,3,3.jpg,train,FAIL,resolved,exact,
3,3.jpg,3m.jpg,dirty_positive/dirty_3_32.jpg,dirty_positive,283,268,256,256,256,1108,1476,8,405,348,602,jittered_positive,283,268,registered,registered,homography_inliers=4734/4737,3,3.jpg,train,FAIL,resolved,exact,
3,3.jpg,3m.jpg,dirty_positive/dirty_3_33.jpg,dirty_positive,702,256,256,256,256,1108,1476,9,830,384,1407,centered_positive,702,256,registered,registered,homography_inliers=4734/4737,3,3.jpg,train,FAIL,resolved,exact,
3,3.jpg,3m.jpg,dirty_positive/dirty_3_34.jpg,dirty_positive,657,265,256,256,256,1108,1476,9,830,384,1407,jittered_positive,657,265,registered,registered,homography_inliers=4734/4737,3,3.jpg,train,FAIL,resolved,exact,
3,3.jpg,3m.jpg,dirty_positive/dirty_3_35.jpg,dirty_positive,698,261,256,256,256,1108,1476,9,830,384,1407,jittered_positive,698,261,registered,registered,homography_inliers=4734/4737,3,3.jpg,train,FAIL,resolved,exact,
3,3.jpg,3m.jpg,dirty_positive/dirty_3_36.jpg,dirty_positive,723,273,256,256,256,1108,1476,9,830,384,1407,jittered_positive,723,273,registered,registered,homography_inliers=4734/4737,3,3.jpg,train,FAIL,resolved,exact,
3,3.jpg,3m.jpg,dirty_positive/dirty_3_37.jpg,dirty_positive,162,223,256,256,256,1108,1476,10,290,351,489,centered_positive,162,223,registered,registered,homography_inliers=4734/4737,3,3.jpg,train,FAIL,resolved,exact,
3,3.jpg,3m.jpg,dirty_positive/dirty_3_38.jpg,dirty_positive,118,194,256,256,256,1108,1476,10,290,351,489,jittered_positive,118,194,registered,registered,homography_inliers=4734/4737,3,3.jpg,train,FAIL,resolved,exact,
3,3.jpg,3m.jpg,dirty_positive/dirty_3_39.jpg,dirty_positive,136,218,256,256,256,1108,1476,10,290,351,489,jittered_positive,136,218,registered,registered,homography_inliers=4734/4737,3,3.jpg,train,FAIL,resolved,exact,
3,3.jpg,3m.jpg,dirty_positive/dirty_3_40.jpg,dirty_positive,196,198,256,256,256,1108,1476,10,290,351,489,jittered_positive,196,198,registered,registered,homography_inliers=4734/4737,3,3.jpg,train,FAIL,resolved,exact,
3,3.jpg,3m.jpg,dirty_positive/dirty_3_41.jpg,dirty_positive,642,279,256,256,256,1108,1476,11,770,407,716,centered_positive,642,279,registered,registered,homography_inliers=4734/4737,3,3.jpg,train,FAIL,resolved,exact,
3,3.jpg,3m.jpg,dirty_positive/dirty_3_42.jpg,dirty_positive,632,231,256,256,256,1108,1476,11,770,407,716,jittered_positive,632,231,registered,registered,homography_inliers=4734/4737,3,3.jpg,train,FAIL,resolved,exact,
3,3.jpg,3m.jpg,dirty_positive/dirty_3_43.jpg,dirty_positive,684,319,256,256,256,1108,1476,11,770,407,716,jittered_positive,684,319,registered,registered,homography_inliers=4734/4737,3,3.jpg,train,FAIL,resolved,exact,
3,3.jpg,3m.jpg,dirty_positive/dirty_3_44.jpg,dirty_positive,662,334,256,256,256,1108,1476,11,770,407,716,jittered_positive,662,334,registered,registered,homography_inliers=4734/4737,3,3.jpg,train,FAIL,resolved,exact,
3,3.jpg,3m.jpg,dirty_positive/dirty_3_45.jpg,dirty_positive,438,274,256,256,256,1108,1476,12,566,402,513,centered_positive,438,274,registered,registered,homography_inliers=4734/4737,3,3.jpg,train,FAIL,resolved,exact,
3,3.jpg,3m.jpg,dirty_positive/dirty_3_46.jpg,dirty_positive,480,225,256,256,256,1108,1476,12,566,402,513,jittered_positive,480,225,registered,registered,homography_inliers=4734/4737,3,3.jpg,train,FAIL,resolved,exact,
3,3.jpg,3m.jpg,dirty_positive/dirty_3_47.jpg,dirty_positive,426,317,256,256,256,1108,1476,12,566,402,513,jittered_positive,426,317,registered,registered,homography_inliers=4734/4737,3,3.jpg,train,FAIL,resolved,exact,
3,3.jpg,3m.jpg,dirty_positive/dirty_3_48.jpg,dirty_positive,473,215,256,256,256,1108,1476,12,566,402,513,jittered_positive,473,215,registered,registered,homography_inliers=4734/4737,3,3.jpg,train,FAIL,resolved,exact,
3,3.jpg,3m.jpg,dirty_positive/dirty_3_49.jpg,dirty_positive,464,325,256,256,256,1108,1476,13,592,453,1344,centered_positive,464,325,registered,registered,homography_inliers=4734/4737,3,3.jpg,train,FAIL,resolved,exact,
3,3.jpg,3m.jpg,dirty_positive/dirty_3_50.jpg,dirty_positive,497,383,256,256,256,1108,1476,13,592,453,1344,jittered_positive,497,383,registered,registered,homography_inliers=4734/4737,3,3.jpg,train,FAIL,resolved,exact,
3,3.jpg,3m.jpg,dirty_positive/dirty_3_51.jpg,dirty_positive,401,351,256,256,256,1108,1476,13,592,453,1344,jittered_positive,401,351,registered,registered,homography_inliers=4734/4737,3,3.jpg,train,FAIL,resolved,exact,
3,3.jpg,3m.jpg,dirty_positive/dirty_3_52.jpg,dirty_positive,476,360,256,256,256,1108,1476,13,592,453,1344,jittered_positive,476,360,registered,registered,homography_inliers=4734/4737,3,3.jpg,train,FAIL,resolved,exact,
3,3.jpg,3m.jpg,dirty_positive/dirty_3_53.jpg,dirty_positive,196,318,256,256,256,1108,1476,14,324,446,493,centered_positive,196,318,registered,registered,homography_inliers=4734/4737,3,3.jpg,train,FAIL,resolved,exact,
3,3.jpg,3m.jpg,dirty_positive/dirty_3_54.jpg,dirty_positive,239,310,256,256,256,1108,1476,14,324,446,493,jittered_positive,239,310,registered,registered,homography_inliers=4734/4737,3,3.jpg,train,FAIL,resolved,exact,
3,3.jpg,3m.jpg,dirty_positive/dirty_3_55.jpg,dirty_positive,256,310,256,256,256,1108,1476,14,324,446,493,jittered_positive,256,310,registered,registered,homography_inliers=4734/4737,3,3.jpg,train,FAIL,resolved,exact,
3,3.jpg,3m.jpg,dirty_positive/dirty_3_56.jpg,dirty_positive,201,365,256,256,256,1108,1476,14,324,446,493,jittered_positive,201,365,registered,registered,homography_inliers=4734/4737,3,3.jpg,train,FAIL,resolved,exact,
3,3.jpg,3m.jpg,dirty_positive/dirty_3_57.jpg,dirty_positive,126,371,256,256,256,1108,1476,15,254,499,384,centered_positive,126,371,registered,registered,homography_inliers=4734/4737,3,3.jpg,train,FAIL,resolved,exact,
3,3.jpg,3m.jpg,dirty_positive/dirty_3_58.jpg,dirty_positive,186,314,256,256,256,1108,1476,15,254,499,384,jittered_positive,186,314,registered,registered,homography_inliers=4734/4737,3,3.jpg,train,FAIL,resolved,exact,
3,3.jpg,3m.jpg,dirty_positive/dirty_3_59.jpg,dirty_positive,161,393,256,256,256,1108,1476,15,254,499,384,jittered_positive,161,393,registered,registered,homography_inliers=4734/4737,3,3.jpg,train,FAIL,resolved,exact,
3,3.jpg,3m.jpg,dirty_positive/dirty_3_60.jpg,dirty_positive,165,349,256,256,256,1108,1476,15,254,499,384,jittered_positive,165,349,registered,registered,homography_inliers=4734/4737,3,3.jpg,train,FAIL,resolved,exact,
3,3.jpg,3m.jpg,dirty_positive/dirty_3_61.jpg,dirty_positive,172,416,256,256,256,1108,1476,16,300,544,499,centered_positive,172,416,registered,registered,homography_inliers=4734/4737,3,3.jpg,train,FAIL,resolved,exact,
3,3.jpg,3m.jpg,dirty_positive/dirty_3_62.jpg,dirty_positive,227,384,256,256,256,1108,1476,16,300,544,499,jittered_positive,227,384,registered,registered,homography_inliers=4734/4737,3,3.jpg,train,FAIL,resolved,exact,
3,3.jpg,3m.jpg,dirty_positive/dirty_3_63.jpg,dirty_positive,114,452,256,256,256,1108,1476,16,300,544,499,jittered_positive,114,452,registered,registered,homography_inliers=4734/4737,3,3.jpg,train,FAIL,resolved,exact,
3,3.jpg,3m.jpg,dirty_positive/dirty_3_64.jpg,dirty_positive,114,373,256,256,256,1108,1476,16,300,544,499,jittered_positive,114,373,registered,registered,homography_inliers=4734/4737,3,3.jpg,train,FAIL,resolved,exact,
3,3.jpg,3m.jpg,dirty_positive/dirty_3_65.jpg,dirty_positive,131,416,256,256,256,1108,1476,17,259,544,421,centered_positive,131,416,registered,registered,homography_inliers=4734/4737,3,3.jpg,train,FAIL,resolved,exact,
3,3.jpg,3m.jpg,dirty_positive/dirty_3_66.jpg,dirty_positive,176,386,256,256,256,1108,1476,17,259,544,421,jittered_positive,176,386,registered,registered,homography_inliers=4734/4737,3,3.jpg,train,FAIL,resolved,exact,
3,3.jpg,3m.jpg,dirty_positive/dirty_3_67.jpg,dirty_positive,185,398,256,256,256,1108,1476,17,259,544,421,jittered_positive,185,398,registered,registered,homography_inliers=4734/4737,3,3.jpg,train,FAIL,resolved,exact,
3,3.jpg,3m.jpg,dirty_positive/dirty_3_68.jpg,dirty_positive,79,418,256,256,256,1108,1476,17,259,544,421,jittered_positive,79,418,registered,registered,homography_inliers=4734/4737,3,3.jpg,train,FAIL,resolved,exact,
3,3.jpg,3m.jpg,dirty_positive/dirty_3_69.jpg,dirty_positive,0,424,256,256,256,1108,1476,18,48,552,562,centered_positive,0,424,registered,registered,homography_inliers=4734/4737,3,3.jpg,train,FAIL,resolved,exact,
3,3.jpg,3m.jpg,dirty_positive/dirty_3_70.jpg,dirty_positive,33,443,256,256,256,1108,1476,18,48,552,562,jittered_positive,33,443,registered,registered,homography_inliers=4734/4737,3,3.jpg,train,FAIL,resolved,exact,
3,3.jpg,3m.jpg,dirty_positive/dirty_3_71.jpg,dirty_positive,0,476,256,256,256,1108,1476,18,48,552,562,jittered_positive,0,476,registered,registered,homography_inliers=4734/4737,3,3.jpg,train,FAIL,resolved,exact,
3,3.jpg,3m.jpg,dirty_positive/dirty_3_72.jpg,dirty_positive,19,446,256,256,256,1108,1476,18,48,552,562,jittered_positive,19,446,registered,registered,homography_inliers=4734/4737,3,3.jpg,train,FAIL,resolved,exact,
3,3.jpg,3m.jpg,dirty_positive/dirty_3_73.jpg,dirty_positive,205,442,256,256,256,1108,1476,19,333,570,453,centered_positive,205,442,registered,registered,homography_inliers=4734/4737,3,3.jpg,train,FAIL,resolved,exact,
3,3.jpg,3m.jpg,dirty_positive/dirty_3_74.jpg,dirty_positive,238,449,256,256,256,1108,1476,19,333,570,453,jittered_positive,238,449,registered,registered,homography_inliers=4734/4737,3,3.jpg,train,FAIL,resolved,exact,
3,3.jpg,3m.jpg,dirty_positive/dirty_3_75.jpg,dirty_positive,248,442,256,256,256,1108,1476,19,333,570,453,jittered_positive,248,442,registered,registered,homography_inliers=4734/4737,3,3.jpg,train,FAIL,resolved,exact,
3,3.jpg,3m.jpg,dirty_positive/dirty_3_76.jpg,dirty_positive,161,498,256,256,256,1108,1476,19,333,570,453,jittered_positive,161,498,registered,registered,homography_inliers=4734/4737,3,3.jpg,train,FAIL,resolved,exact,
3,3.jpg,3m.jpg,dirty_positive/dirty_3_77.jpg,dirty_positive,57,457,256,256,256,1108,1476,20,185,585,561,centered_positive,57,457,registered,registered,homography_inliers=4734/4737,3,3.jpg,train,FAIL,resolved,exact,
3,3.jpg,3m.jpg,dirty_positive/dirty_3_78.jpg,dirty_positive,0,406,256,256,256,1108,1476,20,185,585,561,jittered_positive,0,406,registered,registered,homography_inliers=4734/4737,3,3.jpg,train,FAIL,resolved,exact,
3,3.jpg,3m.jpg,dirty_positive/dirty_3_79.jpg,dirty_positive,82,450,256,256,256,1108,1476,20,185,585,561,jittered_positive,82,450,registered,registered,homography_inliers=4734/4737,3,3.jpg,train,FAIL,resolved,exact,
3,3.jpg,3m.jpg,dirty_positive/dirty_3_80.jpg,dirty_positive,10,403,256,256,256,1108,1476,20,185,585,561,jittered_positive,10,403,registered,registered,homography_inliers=4734/4737,3,3.jpg,train,FAIL,resolved,exact,
3,3.jpg,3m.jpg,dirty_positive/dirty_3_81.jpg,dirty_positive,297,497,256,256,256,1108,1476,21,425,625,915,centered_positive,297,497,registered,registered,homography_inliers=4734/4737,3,3.jpg,train,FAIL,resolved,exact,
3,3.jpg,3m.jpg,dirty_positive/dirty_3_82.jpg,dirty_positive,240,496,256,256,256,1108,1476,21,425,625,915,jittered_positive,240,496,registered,registered,homography_inliers=4734/4737,3,3.jpg,train,FAIL,resolved,exact,
3,3.jpg,3m.jpg,dirty_positive/dirty_3_83.jpg,dirty_positive,284,438,256,256,256,1108,1476,21,425,625,915,jittered_positive,284,438,registered,registered,homography_inliers=4734/4737,3,3.jpg,train,FAIL,resolved,exact,
3,3.jpg,3m.jpg,dirty_positive/dirty_3_84.jpg,dirty_positive,272,494,256,256,256,1108,1476,21,425,625,915,jittered_positive,272,494,registered,registered,homography_inliers=4734/4737,3,3.jpg,train,FAIL,resolved,exact,
3,3.jpg,3m.jpg,dirty_positive/dirty_3_85.jpg,dirty_positive,600,498,256,256,256,1108,1476,22,728,626,776,centered_positive,600,498,registered,registered,homography_inliers=4734/4737,3,3.jpg,train,FAIL,resolved,exact,
3,3.jpg,3m.jpg,dirty_positive/dirty_3_86.jpg,dirty_positive,568,555,256,256,256,1108,1476,22,728,626,776,jittered_positive,568,555,registered,registered,homography_inliers=4734/4737,3,3.jpg,train,FAIL,resolved,exact,
3,3.jpg,3m.jpg,dirty_positive/dirty_3_87.jpg,dirty_positive,565,489,256,256,256,1108,1476,22,728,626,776,jittered_positive,565,489,registered,registered,homography_inliers=4734/4737,3,3.jpg,train,FAIL,resolved,exact,
3,3.jpg,3m.jpg,dirty_positive/dirty_3_88.jpg,dirty_positive,655,499,256,256,256,1108,1476,22,728,626,776,jittered_positive,655,499,registered,registered,homography_inliers=4734/4737,3,3.jpg,train,FAIL,resolved,exact,
3,3.jpg,3m.jpg,dirty_positive/dirty_3_89.jpg,dirty_positive,0,496,256,256,256,1108,1476,23,124,624,714,centered_positive,0,496,registered,registered,homography_inliers=4734/4737,3,3.jpg,train,FAIL,resolved,exact,
3,3.jpg,3m.jpg,dirty_positive/dirty_3_90.jpg,dirty_positive,30,474,256,256,256,1108,1476,23,124,624,714,jittered_positive,30,474,registered,registered,homography_inliers=4734/4737,3,3.jpg,train,FAIL,resolved,exact,
3,3.jpg,3m.jpg,dirty_positive/dirty_3_91.jpg,dirty_positive,0,473,256,256,256,1108,1476,23,124,624,714,jittered_positive,0,473,registered,registered,homography_inliers=4734/4737,3,3.jpg,train,FAIL,resolved,exact,
3,3.jpg,3m.jpg,dirty_positive/dirty_3_92.jpg,dirty_positive,15,459,256,256,256,1108,1476,23,124,624,714,jittered_positive,15,459,registered,registered,homography_inliers=4734/4737,3,3.jpg,train,FAIL,resolved,exact,
3,3.jpg,3m.jpg,dirty_positive/dirty_3_93.jpg,dirty_positive,523,569,256,256,256,1108,1476,24,651,697,731,centered_positive,523,569,registered,registered,homography_inliers=4734/4737,3,3.jpg,train,FAIL,resolved,exact,
3,3.jpg,3m.jpg,dirty_positive/dirty_3_94.jpg,dirty_positive,465,584,256,256,256,1108,1476,24,651,697,731,jittered_positive,465,584,registered,registered,homography_inliers=4734/4737,3,3.jpg,train,FAIL,resolved,exact,
3,3.jpg,3m.jpg,dirty_positive/dirty_3_95.jpg,dirty_positive,555,606,256,256,256,1108,1476,24,651,697,731,jittered_positive,555,606,registered,registered,homography_inliers=4734/4737,3,3.jpg,train,FAIL,resolved,exact,
3,3.jpg,3m.jpg,dirty_positive/dirty_3_96.jpg,dirty_positive,509,524,256,256,256,1108,1476,24,651,697,731,jittered_positive,509,524,registered,registered,homography_inliers=4734/4737,3,3.jpg,train,FAIL,resolved,exact,
3,3.jpg,3m.jpg,dirty_positive/dirty_3_97.jpg,dirty_positive,8,571,256,256,256,1108,1476,25,136,699,580,centered_positive,8,571,registered,registered,homography_inliers=4734/4737,3,3.jpg,train,FAIL,resolved,exact,
3,3.jpg,3m.jpg,dirty_positive/dirty_3_98.jpg,dirty_positive,6,533,256,256,256,1108,1476,25,136,699,580,jittered_positive,6,533,registered,registered,homography_inliers=4734/4737,3,3.jpg,train,FAIL,resolved,exact,
3,3.jpg,3m.jpg,dirty_positive/dirty_3_99.jpg,dirty_positive,21,537,256,256,256,1108,1476,25,136,699,580,jittered_positive,21,537,registered,registered,homography_inliers=4734/4737,3,3.jpg,train,FAIL,resolved,exact,
3,3.jpg,3m.jpg,dirty_positive/dirty_3_100.jpg,dirty_positive,0,595,256,256,256,1108,1476,25,136,699,580,jittered_positive,0,595,registered,registered,homography_inliers=4734/4737,3,3.jpg,train,FAIL,resolved,exact,
3,3.jpg,3m.jpg,dirty_positive/dirty_3_101.jpg,dirty_positive,235,571,256,256,256,1108,1476,26,363,699,619,centered_positive,235,571,registered,registered,homography_inliers=4734/4737,3,3.jpg,train,FAIL,resolved,exact,
3,3.jpg,3m.jpg,dirty_positive/dirty_3_102.jpg,dirty_positive,280,601,256,256,256,1108,1476,26,363,699,619,jittered_positive,280,601,registered,registered,homography_inliers=4734/4737,3,3.jpg,train,FAIL,resolved,exact,
3,3.jpg,3m.jpg,dirty_positive/dirty_3_103.jpg,dirty_positive,188,594,256,256,256,1108,1476,26,363,699,619,jittered_positive,188,594,registered,registered,homography_inliers=4734/4737,3,3.jpg,train,FAIL,resolved,exact,
3,3.jpg,3m.jpg,dirty_positive/dirty_3_104.jpg,dirty_positive,174,614,256,256,256,1108,1476,26,363,699,619,jittered_positive,174,614,registered,registered,homography_inliers=4734/4737,3,3.jpg,train,FAIL,resolved,exact,
3,3.jpg,3m.jpg,dirty_positive/dirty_3_105.jpg,dirty_positive,613,591,256,256,256,1108,1476,27,741,719,999,centered_positive,613,591,registered,registered,homography_inliers=4734/4737,3,3.jpg,train,FAIL,resolved,exact,
3,3.jpg,3m.jpg,dirty_positive/dirty_3_106.jpg,dirty_positive,674,554,256,256,256,1108,1476,27,741,719,999,jittered_positive,674,554,registered,registered,homography_inliers=4734/4737,3,3.jpg,train,FAIL,resolved,exact,
3,3.jpg,3m.jpg,dirty_positive/dirty_3_107.jpg,dirty_positive,659,619,256,256,256,1108,1476,27,741,719,999,jittered_positive,659,619,registered,registered,homography_inliers=4734/4737,3,3.jpg,train,FAIL,resolved,exact,
3,3.jpg,3m.jpg,dirty_positive/dirty_3_108.jpg,dirty_positive,666,566,256,256,256,1108,1476,27,741,719,999,jittered_positive,666,566,registered,registered,homography_inliers=4734/4737,3,3.jpg,train,FAIL,resolved,exact,
3,3.jpg,3m.jpg,dirty_positive/dirty_3_109.jpg,dirty_positive,199,654,256,256,256,1108,1476,28,327,782,670,centered_positive,199,654,registered,registered,homography_inliers=4734/4737,3,3.jpg,train,FAIL,resolved,exact,
3,3.jpg,3m.jpg,dirty_positive/dirty_3_110.jpg,dirty_positive,246,635,256,256,256,1108,1476,28,327,782,670,jittered_positive,246,635,registered,registered,homography_inliers=4734/4737,3,3.jpg,train,FAIL,resolved,exact,
3,3.jpg,3m.jpg,dirty_positive/dirty_3_111.jpg,dirty_positive,204,713,256,256,256,1108,1476,28,327,782,670,jittered_positive,204,713,registered,registered,homography_inliers=4734/4737,3,3.jpg,train,FAIL,resolved,exact,
3,3.jpg,3m.jpg,dirty_positive/dirty_3_112.jpg,dirty_positive,254,701,256,256,256,1108,1476,28,327,782,670,jittered_positive,254,701,registered,registered,homography_inliers=4734/4737,3,3.jpg,train,FAIL,resolved,exact,
3,3.jpg,3m.jpg,dirty_positive/dirty_3_113.jpg,dirty_positive,513,668,256,256,256,1108,1476,29,641,796,754,centered_positive,513,668,registered,registered,homography_inliers=4734/4737,3,3.jpg,train,FAIL,resolved,exact,
3,3.jpg,3m.jpg,dirty_positive/dirty_3_114.jpg,dirty_positive,517,686,256,256,256,1108,1476,29,641,796,754,jittered_positive,517,686,registered,registered,homography_inliers=4734/4737,3,3.jpg,train,FAIL,resolved,exact,
3,3.jpg,3m.jpg,dirty_positive/dirty_3_115.jpg,dirty_positive,511,626,256,256,256,1108,1476,29,641,796,754,jittered_positive,511,626,registered,registered,homography_inliers=4734/4737,3,3.jpg,train,FAIL,resolved,exact,
3,3.jpg,3m.jpg,dirty_positive/dirty_3_116.jpg,dirty_positive,520,719,256,256,256,1108,1476,29,641,796,754,jittered_positive,520,719,registered,registered,homography_inliers=4734/4737,3,3.jpg,train,FAIL,resolved,exact,
3,3.jpg,3m.jpg,dirty_positive/dirty_3_117.jpg,dirty_positive,818,666,256,256,256,1108,1476,30,946,794,761,centered_positive,818,666,registered,registered,homography_inliers=4734/4737,3,3.jpg,train,FAIL,resolved,exact,
3,3.jpg,3m.jpg,dirty_positive/dirty_3_118.jpg,dirty_positive,816,720,256,256,256,1108,1476,30,946,794,761,jittered_positive,816,720,registered,registered,homography_inliers=4734/4737,3,3.jpg,train,FAIL,resolved,exact,
3,3.jpg,3m.jpg,dirty_positive/dirty_3_119.jpg,dirty_positive,851,688,256,256,256,1108,1476,30,946,794,761,jittered_positive,851,688,registered,registered,homography_inliers=4734/4737,3,3.jpg,train,FAIL,resolved,exact,
3,3.jpg,3m.jpg,dirty_positive/dirty_3_120.jpg,dirty_positive,761,728,256,256,256,1108,1476,30,946,794,761,jittered_positive,761,728,registered,registered,homography_inliers=4734/4737,3,3.jpg,train,FAIL,resolved,exact,
3,3.jpg,3m.jpg,dirty_positive/dirty_3_121.jpg,dirty_positive,313,692,256,256,256,1108,1476,31,441,820,550,centered_positive,313,692,registered,registered,homography_inliers=4734/4737,3,3.jpg,train,FAIL,resolved,exact,
3,3.jpg,3m.jpg,dirty_positive/dirty_3_122.jpg,dirty_positive,332,674,256,256,256,1108,1476,31,441,820,550,jittered_positive,332,674,registered,registered,homography_inliers=4734/4737,3,3.jpg,train,FAIL,resolved,exact,
3,3.jpg,3m.jpg,dirty_positive/dirty_3_123.jpg,dirty_positive,373,682,256,256,256,1108,1476,31,441,820,550,jittered_positive,373,682,registered,registered,homography_inliers=4734/4737,3,3.jpg,train,FAIL,resolved,exact,
3,3.jpg,3m.jpg,dirty_positive/dirty_3_124.jpg,dirty_positive,339,694,256,256,256,1108,1476,31,441,820,550,jittered_positive,339,694,registered,registered,homography_inliers=4734/4737,3,3.jpg,train,FAIL,resolved,exact,
3,3.jpg,3m.jpg,dirty_positive/dirty_3_125.jpg,dirty_positive,789,788,256,256,256,1108,1476,32,917,916,1024,centered_positive,789,788,registered,registered,homography_inliers=4734/4737,3,3.jpg,train,FAIL,resolved,exact,
3,3.jpg,3m.jpg,dirty_positive/dirty_3_126.jpg,dirty_positive,812,795,256,256,256,1108,1476,32,917,916,1024,jittered_positive,812,795,registered,registered,homography_inliers=4734/4737,3,3.jpg,train,FAIL,resolved,exact,
3,3.jpg,3m.jpg,dirty_positive/dirty_3_127.jpg,dirty_positive,795,726,256,256,256,1108,1476,32,917,916,1024,jittered_positive,795,726,registered,registered,homography_inliers=4734/4737,3,3.jpg,train,FAIL,resolved,exact,
3,3.jpg,3m.jpg,dirty_positive/dirty_3_128.jpg,dirty_positive,773,745,256,256,256,1108,1476,32,917,916,1024,jittered_positive,773,745,registered,registered,homography_inliers=4734/4737,3,3.jpg,train,FAIL,resolved,exact,
3,3.jpg,3m.jpg,dirty_positive/dirty_3_129.jpg,dirty_positive,504,1157,256,256,256,1108,1476,33,632,1285,643,centered_positive,504,1157,registered,registered,homography_inliers=4734/4737,3,3.jpg,train,FAIL,resolved,exact,
3,3.jpg,3m.jpg,dirty_positive/dirty_3_130.jpg,dirty_positive,501,1197,256,256,256,1108,1476,33,632,1285,643,jittered_positive,501,1197,registered,registered,homography_inliers=4734/4737,3,3.jpg,train,FAIL,resolved,exact,
3,3.jpg,3m.jpg,dirty_positive/dirty_3_131.jpg,dirty_positive,565,1154,256,256,256,1108,1476,33,632,1285,643,jittered_positive,565,1154,registered,registered,homography_inliers=4734/4737,3,3.jpg,train,FAIL,resolved,exact,
3,3.jpg,3m.jpg,dirty_positive/dirty_3_132.jpg,dirty_positive,561,1218,256,256,256,1108,1476,33,632,1285,643,jittered_positive,561,1218,registered,registered,homography_inliers=4734/4737,3,3.jpg,train,FAIL,resolved,exact,
4,4.jpg,4m.jpg,clean_negative/clean_4_1.jpg,clean_negative,0,0,256,256,256,1108,1476,,,,,sliding_window_clean,,,,,,4,4.jpg,train,PASS,resolved,source-level only,clean-negative source split is traceable; defect-free status is not re-proven by this audit
4,4.jpg,4m.jpg,clean_negative/clean_4_2.jpg,clean_negative,48,0,256,256,256,1108,1476,,,,,sliding_window_clean,,,,,,4,4.jpg,train,PASS,resolved,source-level only,clean-negative source split is traceable; defect-free status is not re-proven by this audit
4,4.jpg,4m.jpg,clean_negative/clean_4_3.jpg,clean_negative,96,0,256,256,256,1108,1476,,,,,sliding_window_clean,,,,,,4,4.jpg,train,PASS,resolved,source-level only,clean-negative source split is traceable; defect-free status is not re-proven by this audit
4,4.jpg,4m.jpg,clean_negative/clean_4_4.jpg,clean_negative,144,0,256,256,256,1108,1476,,,,,sliding_window_clean,,,,,,4,4.jpg,train,PASS,resolved,source-level only,clean-negative source split is traceable; defect-free status is not re-proven by this audit
4,4.jpg,4m.jpg,clean_negative/clean_4_5.jpg,clean_negative,192,0,256,256,256,1108,1476,,,,,sliding_window_clean,,,,,,4,4.jpg,train,PASS,resolved,source-level only,clean-negative source split is traceable; defect-free status is not re-proven by this audit
4,4.jpg,4m.jpg,clean_negative/clean_4_6.jpg,clean_negative,240,0,256,256,256,1108,1476,,,,,sliding_window_clean,,,,,,4,4.jpg,train,PASS,resolved,source-level only,clean-negative source split is traceable; defect-free status is not re-proven by this audit
4,4.jpg,4m.jpg,clean_negative/clean_4_7.jpg,clean_negative,281,0,256,256,256,1108,1476,,,,,sliding_window_clean,,,,,,4,4.jpg,train,PASS,resolved,source-level only,clean-negative source split is traceable; defect-free status is not re-proven by this audit
4,4.jpg,4m.jpg,clean_negative/clean_4_8.jpg,clean_negative,636,0,256,256,256,1108,1476,,,,,sliding_window_clean,,,,,,4,4.jpg,train,PASS,resolved,source-level only,clean-negative source split is traceable; defect-free status is not re-proven by this audit
4,4.jpg,4m.jpg,clean_negative/clean_4_9.jpg,clean_negative,672,0,256,256,256,1108,1476,,,,,sliding_window_clean,,,,,,4,4.jpg,train,PASS,resolved,source-level only,clean-negative source split is traceable; defect-free status is not re-proven by this audit
4,4.jpg,4m.jpg,clean_negative/clean_4_10.jpg,clean_negative,684,0,256,256,256,1108,1476,,,,,sliding_window_clean,,,,,,4,4.jpg,train,PASS,resolved,source-level only,clean-negative source split is traceable; defect-free status is not re-proven by this audit
4,4.jpg,4m.jpg,clean_negative/clean_4_11.jpg,clean_negative,720,0,256,256,256,1108,1476,,,,,sliding_window_clean,,,,,,4,4.jpg,train,PASS,resolved,source-level only,clean-negative source split is traceable; defect-free status is not re-proven by this audit
4,4.jpg,4m.jpg,clean_negative/clean_4_12.jpg,clean_negative,732,0,256,256,256,1108,1476,,,,,sliding_window_clean,,,,,,4,4.jpg,train,PASS,resolved,source-level only,clean-negative source split is traceable; defect-free status is not re-proven by this audit
4,4.jpg,4m.jpg,clean_negative/clean_4_13.jpg,clean_negative,768,0,256,256,256,1108,1476,,,,,sliding_window_clean,,,,,,4,4.jpg,train,PASS,resolved,source-level only,clean-negative source split is traceable; defect-free status is not re-proven by this audit
4,4.jpg,4m.jpg,clean_negative/clean_4_14.jpg,clean_negative,780,0,256,256,256,1108,1476,,,,,sliding_window_clean,,,,,,4,4.jpg,train,PASS,resolved,source-level only,clean-negative source split is traceable; defect-free status is not re-proven by this audit
4,4.jpg,4m.jpg,clean_negative/clean_4_15.jpg,clean_negative,816,0,256,256,256,1108,1476,,,,,sliding_window_clean,,,,,,4,4.jpg,train,PASS,resolved,source-level only,clean-negative source split is traceable; defect-free status is not re-proven by this audit
4,4.jpg,4m.jpg,clean_negative/clean_4_16.jpg,clean_negative,828,0,256,256,256,1108,1476,,,,,sliding_window_clean,,,,,,4,4.jpg,train,PASS,resolved,source-level only,clean-negative source split is traceable; defect-free status is not re-proven by this audit
4,4.jpg,4m.jpg,clean_negative/clean_4_17.jpg,clean_negative,852,0,256,256,256,1108,1476,,,,,sliding_window_clean,,,,,,4,4.jpg,train,PASS,resolved,source-level only,clean-negative source split is traceable; defect-free status is not re-proven by this audit
4,4.jpg,4m.jpg,clean_negative/clean_4_18.jpg,clean_negative,684,24,256,256,256,1108,1476,,,,,sliding_window_clean,,,,,,4,4.jpg,train,PASS,resolved,source-level only,clean-negative source split is traceable; defect-free status is not re-proven by this audit
4,4.jpg,4m.jpg,clean_negative/clean_4_19.jpg,clean_negative,732,24,256,256,256,1108,1476,,,,,sliding_window_clean,,,,,,4,4.jpg,train,PASS,resolved,source-level only,clean-negative source split is traceable; defect-free status is not re-proven by this audit
4,4.jpg,4m.jpg,clean_negative/clean_4_20.jpg,clean_negative,780,24,256,256,256,1108,1476,,,,,sliding_window_clean,,,,,,4,4.jpg,train,PASS,resolved,source-level only,clean-negative source split is traceable; defect-free status is not re-proven by this audit
4,4.jpg,4m.jpg,clean_negative/clean_4_21.jpg,clean_negative,828,24,256,256,256,1108,1476,,,,,sliding_window_clean,,,,,,4,4.jpg,train,PASS,resolved,source-level only,clean-negative source split is traceable; defect-free status is not re-proven by this audit
4,4.jpg,4m.jpg,clean_negative/clean_4_22.jpg,clean_negative,852,24,256,256,256,1108,1476,,,,,sliding_window_clean,,,,,,4,4.jpg,train,PASS,resolved,source-level only,clean-negative source split is traceable; defect-free status is not re-proven by this audit
4,4.jpg,4m.jpg,clean_negative/clean_4_23.jpg,clean_negative,636,29,256,256,256,1108,1476,,,,,sliding_window_clean,,,,,,4,4.jpg,train,PASS,resolved,source-level only,clean-negative source split is traceable; defect-free status is not re-proven by this audit
4,4.jpg,4m.jpg,clean_negative/clean_4_24.jpg,clean_negative,0,48,256,256,256,1108,1476,,,,,sliding_window_clean,,,,,,4,4.jpg,train,PASS,resolved,source-level only,clean-negative source split is traceable; defect-free status is not re-proven by this audit
4,4.jpg,4m.jpg,clean_negative/clean_4_25.jpg,clean_negative,48,48,256,256,256,1108,1476,,,,,sliding_window_clean,,,,,,4,4.jpg,train,PASS,resolved,source-level only,clean-negative source split is traceable; defect-free status is not re-proven by this audit
4,4.jpg,4m.jpg,clean_negative/clean_4_26.jpg,clean_negative,96,48,256,256,256,1108,1476,,,,,sliding_window_clean,,,,,,4,4.jpg,train,PASS,resolved,source-level only,clean-negative source split is traceable; defect-free status is not re-proven by this audit
4,4.jpg,4m.jpg,clean_negative/clean_4_27.jpg,clean_negative,144,48,256,256,256,1108,1476,,,,,sliding_window_clean,,,,,,4,4.jpg,train,PASS,resolved,source-level only,clean-negative source split is traceable; defect-free status is not re-proven by this audit
4,4.jpg,4m.jpg,clean_negative/clean_4_28.jpg,clean_negative,192,48,256,256,256,1108,1476,,,,,sliding_window_clean,,,,,,4,4.jpg,train,PASS,resolved,source-level only,clean-negative source split is traceable; defect-free status is not re-proven by this audit
4,4.jpg,4m.jpg,clean_negative/clean_4_29.jpg,clean_negative,240,48,256,256,256,1108,1476,,,,,sliding_window_clean,,,,,,4,4.jpg,train,PASS,resolved,source-level only,clean-negative source split is traceable; defect-free status is not re-proven by this audit
4,4.jpg,4m.jpg,clean_negative/clean_4_30.jpg,clean_negative,281,48,256,256,256,1108,1476,,,,,sliding_window_clean,,,,,,4,4.jpg,train,PASS,resolved,source-level only,clean-negative source split is traceable; defect-free status is not re-proven by this audit
4,4.jpg,4m.jpg,clean_negative/clean_4_31.jpg,clean_negative,0,96,256,256,256,1108,1476,,,,,sliding_window_clean,,,,,,4,4.jpg,train,PASS,resolved,source-level only,clean-negative source split is traceable; defect-free status is not re-proven by this audit
4,4.jpg,4m.jpg,clean_negative/clean_4_32.jpg,clean_negative,48,96,256,256,256,1108,1476,,,,,sliding_window_clean,,,,,,4,4.jpg,train,PASS,resolved,source-level only,clean-negative source split is traceable; defect-free status is not re-proven by this audit
4,4.jpg,4m.jpg,clean_negative/clean_4_33.jpg,clean_negative,96,96,256,256,256,1108,1476,,,,,sliding_window_clean,,,,,,4,4.jpg,train,PASS,resolved,source-level only,clean-negative source split is traceable; defect-free status is not re-proven by this audit
4,4.jpg,4m.jpg,clean_negative/clean_4_34.jpg,clean_negative,144,96,256,256,256,1108,1476,,,,,sliding_window_clean,,,,,,4,4.jpg,train,PASS,resolved,source-level only,clean-negative source split is traceable; defect-free status is not re-proven by this audit
4,4.jpg,4m.jpg,clean_negative/clean_4_35.jpg,clean_negative,192,96,256,256,256,1108,1476,,,,,sliding_window_clean,,,,,,4,4.jpg,train,PASS,resolved,source-level only,clean-negative source split is traceable; defect-free status is not re-proven by this audit
4,4.jpg,4m.jpg,clean_negative/clean_4_36.jpg,clean_negative,240,96,256,256,256,1108,1476,,,,,sliding_window_clean,,,,,,4,4.jpg,train,PASS,resolved,source-level only,clean-negative source split is traceable; defect-free status is not re-proven by this audit
4,4.jpg,4m.jpg,clean_negative/clean_4_37.jpg,clean_negative,281,96,256,256,256,1108,1476,,,,,sliding_window_clean,,,,,,4,4.jpg,train,PASS,resolved,source-level only,clean-negative source split is traceable; defect-free status is not re-proven by this audit
4,4.jpg,4m.jpg,clean_negative/clean_4_38.jpg,clean_negative,0,144,256,256,256,1108,1476,,,,,sliding_window_clean,,,,,,4,4.jpg,train,PASS,resolved,source-level only,clean-negative source split is traceable; defect-free status is not re-proven by this audit
4,4.jpg,4m.jpg,clean_negative/clean_4_39.jpg,clean_negative,48,144,256,256,256,1108,1476,,,,,sliding_window_clean,,,,,,4,4.jpg,train,PASS,resolved,source-level only,clean-negative source split is traceable; defect-free status is not re-proven by this audit
4,4.jpg,4m.jpg,clean_negative/clean_4_40.jpg,clean_negative,96,144,256,256,256,1108,1476,,,,,sliding_window_clean,,,,,,4,4.jpg,train,PASS,resolved,source-level only,clean-negative source split is traceable; defect-free status is not re-proven by this audit
4,4.jpg,4m.jpg,clean_negative/clean_4_41.jpg,clean_negative,144,144,256,256,256,1108,1476,,,,,sliding_window_clean,,,,,,4,4.jpg,train,PASS,resolved,source-level only,clean-negative source split is traceable; defect-free status is not re-proven by this audit
4,4.jpg,4m.jpg,clean_negative/clean_4_42.jpg,clean_negative,192,144,256,256,256,1108,1476,,,,,sliding_window_clean,,,,,,4,4.jpg,train,PASS,resolved,source-level only,clean-negative source split is traceable; defect-free status is not re-proven by this audit
4,4.jpg,4m.jpg,clean_negative/clean_4_43.jpg,clean_negative,240,144,256,256,256,1108,1476,,,,,sliding_window_clean,,,,,,4,4.jpg,train,PASS,resolved,source-level only,clean-negative source split is traceable; defect-free status is not re-proven by this audit
4,4.jpg,4m.jpg,clean_negative/clean_4_44.jpg,clean_negative,281,144,256,256,256,1108,1476,,,,,sliding_window_clean,,,,,,4,4.jpg,train,PASS,resolved,source-level only,clean-negative source split is traceable; defect-free status is not re-proven by this audit
4,4.jpg,4m.jpg,clean_negative/clean_4_45.jpg,clean_negative,606,171,256,256,256,1108,1476,,,,,sliding_window_clean,,,,,,4,4.jpg,train,PASS,resolved,source-level only,clean-negative source split is traceable; defect-free status is not re-proven by this audit
4,4.jpg,4m.jpg,clean_negative/clean_4_46.jpg,clean_negative,581,180,256,256,256,1108,1476,,,,,sliding_window_clean,,,,,,4,4.jpg,train,PASS,resolved,source-level only,clean-negative source split is traceable; defect-free status is not re-proven by this audit
4,4.jpg,4m.jpg,clean_negative/clean_4_47.jpg,clean_negative,336,181,256,256,256,1108,1476,,,,,sliding_window_clean,,,,,,4,4.jpg,train,PASS,resolved,source-level only,clean-negative source split is traceable; defect-free status is not re-proven by this audit
4,4.jpg,4m.jpg,clean_negative/clean_4_48.jpg,clean_negative,384,181,256,256,256,1108,1476,,,,,sliding_window_clean,,,,,,4,4.jpg,train,PASS,resolved,source-level only,clean-negative source split is traceable; defect-free status is not re-proven by this audit
4,4.jpg,4m.jpg,clean_negative/clean_4_49.jpg,clean_negative,432,181,256,256,256,1108,1476,,,,,sliding_window_clean,,,,,,4,4.jpg,train,PASS,resolved,source-level only,clean-negative source split is traceable; defect-free status is not re-proven by this audit
4,4.jpg,4m.jpg,clean_negative/clean_4_50.jpg,clean_negative,480,181,256,256,256,1108,1476,,,,,sliding_window_clean,,,,,,4,4.jpg,train,PASS,resolved,source-level only,clean-negative source split is traceable; defect-free status is not re-proven by this audit
4,4.jpg,4m.jpg,clean_negative/clean_4_51.jpg,clean_negative,528,181,256,256,256,1108,1476,,,,,sliding_window_clean,,,,,,4,4.jpg,train,PASS,resolved,source-level only,clean-negative source split is traceable; defect-free status is not re-proven by this audit
4,4.jpg,4m.jpg,clean_negative/clean_4_52.jpg,clean_negative,0,192,256,256,256,1108,1476,,,,,sliding_window_clean,,,,,,4,4.jpg,train,PASS,resolved,source-level only,clean-negative source split is traceable; defect-free status is not re-proven by this audit
4,4.jpg,4m.jpg,clean_negative/clean_4_53.jpg,clean_negative,48,192,256,256,256,1108,1476,,,,,sliding_window_clean,,,,,,4,4.jpg,train,PASS,resolved,source-level only,clean-negative source split is traceable; defect-free status is not re-proven by this audit
4,4.jpg,4m.jpg,clean_negative/clean_4_54.jpg,clean_negative,96,192,256,256,256,1108,1476,,,,,sliding_window_clean,,,,,,4,4.jpg,train,PASS,resolved,source-level only,clean-negative source split is traceable; defect-free status is not re-proven by this audit
4,4.jpg,4m.jpg,clean_negative/clean_4_55.jpg,clean_negative,144,192,256,256,256,1108,1476,,,,,sliding_window_clean,,,,,,4,4.jpg,train,PASS,resolved,source-level only,clean-negative source split is traceable; defect-free status is not re-proven by this audit
4,4.jpg,4m.jpg,clean_negative/clean_4_56.jpg,clean_negative,192,192,256,256,256,1108,1476,,,,,sliding_window_clean,,,,,,4,4.jpg,train,PASS,resolved,source-level only,clean-negative source split is traceable; defect-free status is not re-proven by this audit
4,4.jpg,4m.jpg,clean_negative/clean_4_57.jpg,clean_negative,240,192,256,256,256,1108,1476,,,,,sliding_window_clean,,,,,,4,4.jpg,train,PASS,resolved,source-level only,clean-negative source split is traceable; defect-free status is not re-proven by this audit
4,4.jpg,4m.jpg,clean_negative/clean_4_58.jpg,clean_negative,288,192,256,256,256,1108,1476,,,,,sliding_window_clean,,,,,,4,4.jpg,train,PASS,resolved,source-level only,clean-negative source split is traceable; defect-free status is not re-proven by this audit
4,4.jpg,4m.jpg,clean_negative/clean_4_59.jpg,clean_negative,336,192,256,256,256,1108,1476,,,,,sliding_window_clean,,,,,,4,4.jpg,train,PASS,resolved,source-level only,clean-negative source split is traceable; defect-free status is not re-proven by this audit
4,4.jpg,4m.jpg,clean_negative/clean_4_60.jpg,clean_negative,384,192,256,256,256,1108,1476,,,,,sliding_window_clean,,,,,,4,4.jpg,train,PASS,resolved,source-level only,clean-negative source split is traceable; defect-free status is not re-proven by this audit
4,4.jpg,4m.jpg,clean_negative/clean_4_61.jpg,clean_negative,432,192,256,256,256,1108,1476,,,,,sliding_window_clean,,,,,,4,4.jpg,train,PASS,resolved,source-level only,clean-negative source split is traceable; defect-free status is not re-proven by this audit
4,4.jpg,4m.jpg,clean_negative/clean_4_62.jpg,clean_negative,480,192,256,256,256,1108,1476,,,,,sliding_window_clean,,,,,,4,4.jpg,train,PASS,resolved,source-level only,clean-negative source split is traceable; defect-free status is not re-proven by this audit
4,4.jpg,4m.jpg,clean_negative/clean_4_63.jpg,clean_negative,528,192,256,256,256,1108,1476,,,,,sliding_window_clean,,,,,,4,4.jpg,train,PASS,resolved,source-level only,clean-negative source split is traceable; defect-free status is not re-proven by this audit
4,4.jpg,4m.jpg,clean_negative/clean_4_64.jpg,clean_negative,576,192,256,256,256,1108,1476,,,,,sliding_window_clean,,,,,,4,4.jpg,train,PASS,resolved,source-level only,clean-negative source split is traceable; defect-free status is not re-proven by this audit
4,4.jpg,4m.jpg,clean_negative/clean_4_65.jpg,clean_negative,606,192,256,256,256,1108,1476,,,,,sliding_window_clean,,,,,,4,4.jpg,train,PASS,resolved,source-level only,clean-negative source split is traceable; defect-free status is not re-proven by this audit
4,4.jpg,4m.jpg,clean_negative/clean_4_66.jpg,clean_negative,0,240,256,256,256,1108,1476,,,,,sliding_window_clean,,,,,,4,4.jpg,train,PASS,resolved,source-level only,clean-negative source split is traceable; defect-free status is not re-proven by this audit
4,4.jpg,4m.jpg,clean_negative/clean_4_67.jpg,clean_negative,48,240,256,256,256,1108,1476,,,,,sliding_window_clean,,,,,,4,4.jpg,train,PASS,resolved,source-level only,clean-negative source split is traceable; defect-free status is not re-proven by this audit
4,4.jpg,4m.jpg,clean_negative/clean_4_68.jpg,clean_negative,96,240,256,256,256,1108,1476,,,,,sliding_window_clean,,,,,,4,4.jpg,train,PASS,resolved,source-level only,clean-negative source split is traceable; defect-free status is not re-proven by this audit
4,4.jpg,4m.jpg,clean_negative/clean_4_69.jpg,clean_negative,144,240,256,256,256,1108,1476,,,,,sliding_window_clean,,,,,,4,4.jpg,train,PASS,resolved,source-level only,clean-negative source split is traceable; defect-free status is not re-proven by this audit
4,4.jpg,4m.jpg,clean_negative/clean_4_70.jpg,clean_negative,192,240,256,256,256,1108,1476,,,,,sliding_window_clean,,,,,,4,4.jpg,train,PASS,resolved,source-level only,clean-negative source split is traceable; defect-free status is not re-proven by this audit
4,4.jpg,4m.jpg,clean_negative/clean_4_71.jpg,clean_negative,240,240,256,256,256,1108,1476,,,,,sliding_window_clean,,,,,,4,4.jpg,train,PASS,resolved,source-level only,clean-negative source split is traceable; defect-free status is not re-proven by this audit
4,4.jpg,4m.jpg,clean_negative/clean_4_72.jpg,clean_negative,288,240,256,256,256,1108,1476,,,,,sliding_window_clean,,,,,,4,4.jpg,train,PASS,resolved,source-level only,clean-negative source split is traceable; defect-free status is not re-proven by this audit
4,4.jpg,4m.jpg,clean_negative/clean_4_73.jpg,clean_negative,336,240,256,256,256,1108,1476,,,,,sliding_window_clean,,,,,,4,4.jpg,train,PASS,resolved,source-level only,clean-negative source split is traceable; defect-free status is not re-proven by this audit
4,4.jpg,4m.jpg,clean_negative/clean_4_74.jpg,clean_negative,384,240,256,256,256,1108,1476,,,,,sliding_window_clean,,,,,,4,4.jpg,train,PASS,resolved,source-level only,clean-negative source split is traceable; defect-free status is not re-proven by this audit
4,4.jpg,4m.jpg,clean_negative/clean_4_75.jpg,clean_negative,432,240,256,256,256,1108,1476,,,,,sliding_window_clean,,,,,,4,4.jpg,train,PASS,resolved,source-level only,clean-negative source split is traceable; defect-free status is not re-proven by this audit
4,4.jpg,4m.jpg,clean_negative/clean_4_76.jpg,clean_negative,480,240,256,256,256,1108,1476,,,,,sliding_window_clean,,,,,,4,4.jpg,train,PASS,resolved,source-level only,clean-negative source split is traceable; defect-free status is not re-proven by this audit
4,4.jpg,4m.jpg,clean_negative/clean_4_77.jpg,clean_negative,528,240,256,256,256,1108,1476,,,,,sliding_window_clean,,,,,,4,4.jpg,train,PASS,resolved,source-level only,clean-negative source split is traceable; defect-free status is not re-proven by this audit
4,4.jpg,4m.jpg,clean_negative/clean_4_78.jpg,clean_negative,576,240,256,256,256,1108,1476,,,,,sliding_window_clean,,,,,,4,4.jpg,train,PASS,resolved,source-level only,clean-negative source split is traceable; defect-free status is not re-proven by this audit
4,4.jpg,4m.jpg,clean_negative/clean_4_79.jpg,clean_negative,606,240,256,256,256,1108,1476,,,,,sliding_window_clean,,,,,,4,4.jpg,train,PASS,resolved,source-level only,clean-negative source split is traceable; defect-free status is not re-proven by this audit
4,4.jpg,4m.jpg,clean_negative/clean_4_80.jpg,clean_negative,0,266,256,256,256,1108,1476,,,,,sliding_window_clean,,,,,,4,4.jpg,train,PASS,resolved,source-level only,clean-negative source split is traceable; defect-free status is not re-proven by this audit
4,4.jpg,4m.jpg,clean_negative/clean_4_81.jpg,clean_negative,48,266,256,256,256,1108,1476,,,,,sliding_window_clean,,,,,,4,4.jpg,train,PASS,resolved,source-level only,clean-negative source split is traceable; defect-free status is not re-proven by this audit
4,4.jpg,4m.jpg,clean_negative/clean_4_82.jpg,clean_negative,96,266,256,256,256,1108,1476,,,,,sliding_window_clean,,,,,,4,4.jpg,train,PASS,resolved,source-level only,clean-negative source split is traceable; defect-free status is not re-proven by this audit
4,4.jpg,4m.jpg,clean_negative/clean_4_83.jpg,clean_negative,144,266,256,256,256,1108,1476,,,,,sliding_window_clean,,,,,,4,4.jpg,train,PASS,resolved,source-level only,clean-negative source split is traceable; defect-free status is not re-proven by this audit
4,4.jpg,4m.jpg,clean_negative/clean_4_84.jpg,clean_negative,202,278,256,256,256,1108,1476,,,,,sliding_window_clean,,,,,,4,4.jpg,train,PASS,resolved,source-level only,clean-negative source split is traceable; defect-free status is not re-proven by this audit
4,4.jpg,4m.jpg,clean_negative/clean_4_85.jpg,clean_negative,240,288,256,256,256,1108,1476,,,,,sliding_window_clean,,,,,,4,4.jpg,train,PASS,resolved,source-level only,clean-negative source split is traceable; defect-free status is not re-proven by this audit
4,4.jpg,4m.jpg,clean_negative/clean_4_86.jpg,clean_negative,288,288,256,256,256,1108,1476,,,,,sliding_window_clean,,,,,,4,4.jpg,train,PASS,resolved,source-level only,clean-negative source split is traceable; defect-free status is not re-proven by this audit
4,4.jpg,4m.jpg,clean_negative/clean_4_87.jpg,clean_negative,336,288,256,256,256,1108,1476,,,,,sliding_window_clean,,,,,,4,4.jpg,train,PASS,resolved,source-level only,clean-negative source split is traceable; defect-free status is not re-proven by this audit
4,4.jpg,4m.jpg,clean_negative/clean_4_88.jpg,clean_negative,384,288,256,256,256,1108,1476,,,,,sliding_window_clean,,,,,,4,4.jpg,train,PASS,resolved,source-level only,clean-negative source split is traceable; defect-free status is not re-proven by this audit
4,4.jpg,4m.jpg,clean_negative/clean_4_89.jpg,clean_negative,432,288,256,256,256,1108,1476,,,,,sliding_window_clean,,,,,,4,4.jpg,train,PASS,resolved,source-level only,clean-negative source split is traceable; defect-free status is not re-proven by this audit
4,4.jpg,4m.jpg,clean_negative/clean_4_90.jpg,clean_negative,480,288,256,256,256,1108,1476,,,,,sliding_window_clean,,,,,,4,4.jpg,train,PASS,resolved,source-level only,clean-negative source split is traceable; defect-free status is not re-proven by this audit
4,4.jpg,4m.jpg,clean_negative/clean_4_91.jpg,clean_negative,528,288,256,256,256,1108,1476,,,,,sliding_window_clean,,,,,,4,4.jpg,train,PASS,resolved,source-level only,clean-negative source split is traceable; defect-free status is not re-proven by this audit
4,4.jpg,4m.jpg,clean_negative/clean_4_92.jpg,clean_negative,576,288,256,256,256,1108,1476,,,,,sliding_window_clean,,,,,,4,4.jpg,train,PASS,resolved,source-level only,clean-negative source split is traceable; defect-free status is not re-proven by this audit
4,4.jpg,4m.jpg,clean_negative/clean_4_93.jpg,clean_negative,606,288,256,256,256,1108,1476,,,,,sliding_window_clean,,,,,,4,4.jpg,train,PASS,resolved,source-level only,clean-negative source split is traceable; defect-free status is not re-proven by this audit
4,4.jpg,4m.jpg,clean_negative/clean_4_94.jpg,clean_negative,212,336,256,256,256,1108,1476,,,,,sliding_window_clean,,,,,,4,4.jpg,train,PASS,resolved,source-level only,clean-negative source split is traceable; defect-free status is not re-proven by this audit
4,4.jpg,4m.jpg,clean_negative/clean_4_95.jpg,clean_negative,240,336,256,256,256,1108,1476,,,,,sliding_window_clean,,,,,,4,4.jpg,train,PASS,resolved,source-level only,clean-negative source split is traceable; defect-free status is not re-proven by this audit
4,4.jpg,4m.jpg,clean_negative/clean_4_96.jpg,clean_negative,288,336,256,256,256,1108,1476,,,,,sliding_window_clean,,,,,,4,4.jpg,train,PASS,resolved,source-level only,clean-negative source split is traceable; defect-free status is not re-proven by this audit
4,4.jpg,4m.jpg,clean_negative/clean_4_97.jpg,clean_negative,336,336,256,256,256,1108,1476,,,,,sliding_window_clean,,,,,,4,4.jpg,train,PASS,resolved,source-level only,clean-negative source split is traceable; defect-free status is not re-proven by this audit
4,4.jpg,4m.jpg,clean_negative/clean_4_98.jpg,clean_negative,384,336,256,256,256,1108,1476,,,,,sliding_window_clean,,,,,,4,4.jpg,train,PASS,resolved,source-level only,clean-negative source split is traceable; defect-free status is not re-proven by this audit
4,4.jpg,4m.jpg,clean_negative/clean_4_99.jpg,clean_negative,432,336,256,256,256,1108,1476,,,,,sliding_window_clean,,,,,,4,4.jpg,train,PASS,resolved,source-level only,clean-negative source split is traceable; defect-free status is not re-proven by this audit
4,4.jpg,4m.jpg,clean_negative/clean_4_100.jpg,clean_negative,480,336,256,256,256,1108,1476,,,,,sliding_window_clean,,,,,,4,4.jpg,train,PASS,resolved,source-level only,clean-negative source split is traceable; defect-free status is not re-proven by this audit
4,4.jpg,4m.jpg,clean_negative/clean_4_101.jpg,clean_negative,528,336,256,256,256,1108,1476,,,,,sliding_window_clean,,,,,,4,4.jpg,train,PASS,resolved,source-level only,clean-negative source split is traceable; defect-free status is not re-proven by this audit
4,4.jpg,4m.jpg,clean_negative/clean_4_102.jpg,clean_negative,576,336,256,256,256,1108,1476,,,,,sliding_window_clean,,,,,,4,4.jpg,train,PASS,resolved,source-level only,clean-negative source split is traceable; defect-free status is not re-proven by this audit
4,4.jpg,4m.jpg,clean_negative/clean_4_103.jpg,clean_negative,606,336,256,256,256,1108,1476,,,,,sliding_window_clean,,,,,,4,4.jpg,train,PASS,resolved,source-level only,clean-negative source split is traceable; defect-free status is not re-proven by this audit
4,4.jpg,4m.jpg,clean_negative/clean_4_104.jpg,clean_negative,672,370,256,256,256,1108,1476,,,,,sliding_window_clean,,,,,,4,4.jpg,train,PASS,resolved,source-level only,clean-negative source split is traceable; defect-free status is not re-proven by this audit
4,4.jpg,4m.jpg,clean_negative/clean_4_105.jpg,clean_negative,720,370,256,256,256,1108,1476,,,,,sliding_window_clean,,,,,,4,4.jpg,train,PASS,resolved,source-level only,clean-negative source split is traceable; defect-free status is not re-proven by this audit
4,4.jpg,4m.jpg,clean_negative/clean_4_106.jpg,clean_negative,768,370,256,256,256,1108,1476,,,,,sliding_window_clean,,,,,,4,4.jpg,train,PASS,resolved,source-level only,clean-negative source split is traceable; defect-free status is not re-proven by this audit
4,4.jpg,4m.jpg,clean_negative/clean_4_107.jpg,clean_negative,816,370,256,256,256,1108,1476,,,,,sliding_window_clean,,,,,,4,4.jpg,train,PASS,resolved,source-level only,clean-negative source split is traceable; defect-free status is not re-proven by this audit
4,4.jpg,4m.jpg,clean_negative/clean_4_108.jpg,clean_negative,852,370,256,256,256,1108,1476,,,,,sliding_window_clean,,,,,,4,4.jpg,train,PASS,resolved,source-level only,clean-negative source split is traceable; defect-free status is not re-proven by this audit
4,4.jpg,4m.jpg,clean_negative/clean_4_109.jpg,clean_negative,212,384,256,256,256,1108,1476,,,,,sliding_window_clean,,,,,,4,4.jpg,train,PASS,resolved,source-level only,clean-negative source split is traceable; defect-free status is not re-proven by this audit
4,4.jpg,4m.jpg,clean_negative/clean_4_110.jpg,clean_negative,240,384,256,256,256,1108,1476,,,,,sliding_window_clean,,,,,,4,4.jpg,train,PASS,resolved,source-level only,clean-negative source split is traceable; defect-free status is not re-proven by this audit
4,4.jpg,4m.jpg,clean_negative/clean_4_111.jpg,clean_negative,288,384,256,256,256,1108,1476,,,,,sliding_window_clean,,,,,,4,4.jpg,train,PASS,resolved,source-level only,clean-negative source split is traceable; defect-free status is not re-proven by this audit
4,4.jpg,4m.jpg,clean_negative/clean_4_112.jpg,clean_negative,336,384,256,256,256,1108,1476,,,,,sliding_window_clean,,,,,,4,4.jpg,train,PASS,resolved,source-level only,clean-negative source split is traceable; defect-free status is not re-proven by this audit
4,4.jpg,4m.jpg,clean_negative/clean_4_113.jpg,clean_negative,384,384,256,256,256,1108,1476,,,,,sliding_window_clean,,,,,,4,4.jpg,train,PASS,resolved,source-level only,clean-negative source split is traceable; defect-free status is not re-proven by this audit
4,4.jpg,4m.jpg,clean_negative/clean_4_114.jpg,clean_negative,432,384,256,256,256,1108,1476,,,,,sliding_window_clean,,,,,,4,4.jpg,train,PASS,resolved,source-level only,clean-negative source split is traceable; defect-free status is not re-proven by this audit
4,4.jpg,4m.jpg,clean_negative/clean_4_115.jpg,clean_negative,480,384,256,256,256,1108,1476,,,,,sliding_window_clean,,,,,,4,4.jpg,train,PASS,resolved,source-level only,clean-negative source split is traceable; defect-free status is not re-proven by this audit
4,4.jpg,4m.jpg,clean_negative/clean_4_116.jpg,clean_negative,528,384,256,256,256,1108,1476,,,,,sliding_window_clean,,,,,,4,4.jpg,train,PASS,resolved,source-level only,clean-negative source split is traceable; defect-free status is not re-proven by this audit
4,4.jpg,4m.jpg,clean_negative/clean_4_117.jpg,clean_negative,576,384,256,256,256,1108,1476,,,,,sliding_window_clean,,,,,,4,4.jpg,train,PASS,resolved,source-level only,clean-negative source split is traceable; defect-free status is not re-proven by this audit
4,4.jpg,4m.jpg,clean_negative/clean_4_118.jpg,clean_negative,624,384,256,256,256,1108,1476,,,,,sliding_window_clean,,,,,,4,4.jpg,train,PASS,resolved,source-level only,clean-negative source split is traceable; defect-free status is not re-proven by this audit
4,4.jpg,4m.jpg,clean_negative/clean_4_119.jpg,clean_negative,672,384,256,256,256,1108,1476,,,,,sliding_window_clean,,,,,,4,4.jpg,train,PASS,resolved,source-level only,clean-negative source split is traceable; defect-free status is not re-proven by this audit
4,4.jpg,4m.jpg,clean_negative/clean_4_120.jpg,clean_negative,720,384,256,256,256,1108,1476,,,,,sliding_window_clean,,,,,,4,4.jpg,train,PASS,resolved,source-level only,clean-negative source split is traceable; defect-free status is not re-proven by this audit
4,4.jpg,4m.jpg,clean_negative/clean_4_121.jpg,clean_negative,768,384,256,256,256,1108,1476,,,,,sliding_window_clean,,,,,,4,4.jpg,train,PASS,resolved,source-level only,clean-negative source split is traceable; defect-free status is not re-proven by this audit
4,4.jpg,4m.jpg,clean_negative/clean_4_122.jpg,clean_negative,816,384,256,256,256,1108,1476,,,,,sliding_window_clean,,,,,,4,4.jpg,train,PASS,resolved,source-level only,clean-negative source split is traceable; defect-free status is not re-proven by this audit
4,4.jpg,4m.jpg,clean_negative/clean_4_123.jpg,clean_negative,852,384,256,256,256,1108,1476,,,,,sliding_window_clean,,,,,,4,4.jpg,train,PASS,resolved,source-level only,clean-negative source split is traceable; defect-free status is not re-proven by this audit
4,4.jpg,4m.jpg,clean_negative/clean_4_124.jpg,clean_negative,212,424,256,256,256,1108,1476,,,,,sliding_window_clean,,,,,,4,4.jpg,train,PASS,resolved,source-level only,clean-negative source split is traceable; defect-free status is not re-proven by this audit
4,4.jpg,4m.jpg,clean_negative/clean_4_125.jpg,clean_negative,240,424,256,256,256,1108,1476,,,,,sliding_window_clean,,,,,,4,4.jpg,train,PASS,resolved,source-level only,clean-negative source split is traceable; defect-free status is not re-proven by this audit
4,4.jpg,4m.jpg,clean_negative/clean_4_126.jpg,clean_negative,288,424,256,256,256,1108,1476,,,,,sliding_window_clean,,,,,,4,4.jpg,train,PASS,resolved,source-level only,clean-negative source split is traceable; defect-free status is not re-proven by this audit
4,4.jpg,4m.jpg,clean_negative/clean_4_127.jpg,clean_negative,336,424,256,256,256,1108,1476,,,,,sliding_window_clean,,,,,,4,4.jpg,train,PASS,resolved,source-level only,clean-negative source split is traceable; defect-free status is not re-proven by this audit
4,4.jpg,4m.jpg,clean_negative/clean_4_128.jpg,clean_negative,384,424,256,256,256,1108,1476,,,,,sliding_window_clean,,,,,,4,4.jpg,train,PASS,resolved,source-level only,clean-negative source split is traceable; defect-free status is not re-proven by this audit
4,4.jpg,4m.jpg,clean_negative/clean_4_129.jpg,clean_negative,432,424,256,256,256,1108,1476,,,,,sliding_window_clean,,,,,,4,4.jpg,train,PASS,resolved,source-level only,clean-negative source split is traceable; defect-free status is not re-proven by this audit
4,4.jpg,4m.jpg,clean_negative/clean_4_130.jpg,clean_negative,480,432,256,256,256,1108,1476,,,,,sliding_window_clean,,,,,,4,4.jpg,train,PASS,resolved,source-level only,clean-negative source split is traceable; defect-free status is not re-proven by this audit
4,4.jpg,4m.jpg,clean_negative/clean_4_131.jpg,clean_negative,528,432,256,256,256,1108,1476,,,,,sliding_window_clean,,,,,,4,4.jpg,train,PASS,resolved,source-level only,clean-negative source split is traceable; defect-free status is not re-proven by this audit
4,4.jpg,4m.jpg,clean_negative/clean_4_132.jpg,clean_negative,576,432,256,256,256,1108,1476,,,,,sliding_window_clean,,,,,,4,4.jpg,train,PASS,resolved,source-level only,clean-negative source split is traceable; defect-free status is not re-proven by this audit
4,4.jpg,4m.jpg,clean_negative/clean_4_133.jpg,clean_negative,624,432,256,256,256,1108,1476,,,,,sliding_window_clean,,,,,,4,4.jpg,train,PASS,resolved,source-level only,clean-negative source split is traceable; defect-free status is not re-proven by this audit
4,4.jpg,4m.jpg,clean_negative/clean_4_134.jpg,clean_negative,672,432,256,256,256,1108,1476,,,,,sliding_window_clean,,,,,,4,4.jpg,train,PASS,resolved,source-level only,clean-negative source split is traceable; defect-free status is not re-proven by this audit
4,4.jpg,4m.jpg,clean_negative/clean_4_135.jpg,clean_negative,720,432,256,256,256,1108,1476,,,,,sliding_window_clean,,,,,,4,4.jpg,train,PASS,resolved,source-level only,clean-negative source split is traceable; defect-free status is not re-proven by this audit
4,4.jpg,4m.jpg,clean_negative/clean_4_136.jpg,clean_negative,768,432,256,256,256,1108,1476,,,,,sliding_window_clean,,,,,,4,4.jpg,train,PASS,resolved,source-level only,clean-negative source split is traceable; defect-free status is not re-proven by this audit
4,4.jpg,4m.jpg,clean_negative/clean_4_137.jpg,clean_negative,816,432,256,256,256,1108,1476,,,,,sliding_window_clean,,,,,,4,4.jpg,train,PASS,resolved,source-level only,clean-negative source split is traceable; defect-free status is not re-proven by this audit
4,4.jpg,4m.jpg,clean_negative/clean_4_138.jpg,clean_negative,852,432,256,256,256,1108,1476,,,,,sliding_window_clean,,,,,,4,4.jpg,train,PASS,resolved,source-level only,clean-negative source split is traceable; defect-free status is not re-proven by this audit
4,4.jpg,4m.jpg,clean_negative/clean_4_139.jpg,clean_negative,768,472,256,256,256,1108,1476,,,,,sliding_window_clean,,,,,,4,4.jpg,train,PASS,resolved,source-level only,clean-negative source split is traceable; defect-free status is not re-proven by this audit
4,4.jpg,4m.jpg,clean_negative/clean_4_140.jpg,clean_negative,816,472,256,256,256,1108,1476,,,,,sliding_window_clean,,,,,,4,4.jpg,train,PASS,resolved,source-level only,clean-negative source split is traceable; defect-free status is not re-proven by this audit
4,4.jpg,4m.jpg,clean_negative/clean_4_141.jpg,clean_negative,852,472,256,256,256,1108,1476,,,,,sliding_window_clean,,,,,,4,4.jpg,train,PASS,resolved,source-level only,clean-negative source split is traceable; defect-free status is not re-proven by this audit
4,4.jpg,4m.jpg,clean_negative/clean_4_142.jpg,clean_negative,485,480,256,256,256,1108,1476,,,,,sliding_window_clean,,,,,,4,4.jpg,train,PASS,resolved,source-level only,clean-negative source split is traceable; defect-free status is not re-proven by this audit
4,4.jpg,4m.jpg,clean_negative/clean_4_143.jpg,clean_negative,528,480,256,256,256,1108,1476,,,,,sliding_window_clean,,,,,,4,4.jpg,train,PASS,resolved,source-level only,clean-negative source split is traceable; defect-free status is not re-proven by this audit
4,4.jpg,4m.jpg,clean_negative/clean_4_144.jpg,clean_negative,576,480,256,256,256,1108,1476,,,,,sliding_window_clean,,,,,,4,4.jpg,train,PASS,resolved,source-level only,clean-negative source split is traceable; defect-free status is not re-proven by this audit
4,4.jpg,4m.jpg,clean_negative/clean_4_145.jpg,clean_negative,624,480,256,256,256,1108,1476,,,,,sliding_window_clean,,,,,,4,4.jpg,train,PASS,resolved,source-level only,clean-negative source split is traceable; defect-free status is not re-proven by this audit
4,4.jpg,4m.jpg,clean_negative/clean_4_146.jpg,clean_negative,672,480,256,256,256,1108,1476,,,,,sliding_window_clean,,,,,,4,4.jpg,train,PASS,resolved,source-level only,clean-negative source split is traceable; defect-free status is not re-proven by this audit
4,4.jpg,4m.jpg,clean_negative/clean_4_147.jpg,clean_negative,720,480,256,256,256,1108,1476,,,,,sliding_window_clean,,,,,,4,4.jpg,train,PASS,resolved,source-level only,clean-negative source split is traceable; defect-free status is not re-proven by this audit
4,4.jpg,4m.jpg,clean_negative/clean_4_148.jpg,clean_negative,485,528,256,256,256,1108,1476,,,,,sliding_window_clean,,,,,,4,4.jpg,train,PASS,resolved,source-level only,clean-negative source split is traceable; defect-free status is not re-proven by this audit
4,4.jpg,4m.jpg,clean_negative/clean_4_149.jpg,clean_negative,528,528,256,256,256,1108,1476,,,,,sliding_window_clean,,,,,,4,4.jpg,train,PASS,resolved,source-level only,clean-negative source split is traceable; defect-free status is not re-proven by this audit
4,4.jpg,4m.jpg,clean_negative/clean_4_150.jpg,clean_negative,576,528,256,256,256,1108,1476,,,,,sliding_window_clean,,,,,,4,4.jpg,train,PASS,resolved,source-level only,clean-negative source split is traceable; defect-free status is not re-proven by this audit
4,4.jpg,4m.jpg,clean_negative/clean_4_151.jpg,clean_negative,624,528,256,256,256,1108,1476,,,,,sliding_window_clean,,,,,,4,4.jpg,train,PASS,resolved,source-level only,clean-negative source split is traceable; defect-free status is not re-proven by this audit
4,4.jpg,4m.jpg,clean_negative/clean_4_152.jpg,clean_negative,672,528,256,256,256,1108,1476,,,,,sliding_window_clean,,,,,,4,4.jpg,train,PASS,resolved,source-level only,clean-negative source split is traceable; defect-free status is not re-proven by this audit
4,4.jpg,4m.jpg,clean_negative/clean_4_153.jpg,clean_negative,694,528,256,256,256,1108,1476,,,,,sliding_window_clean,,,,,,4,4.jpg,train,PASS,resolved,source-level only,clean-negative source split is traceable; defect-free status is not re-proven by this audit
4,4.jpg,4m.jpg,clean_negative/clean_4_154.jpg,clean_negative,485,576,256,256,256,1108,1476,,,,,sliding_window_clean,,,,,,4,4.jpg,train,PASS,resolved,source-level only,clean-negative source split is traceable; defect-free status is not re-proven by this audit
4,4.jpg,4m.jpg,clean_negative/clean_4_155.jpg,clean_negative,528,576,256,256,256,1108,1476,,,,,sliding_window_clean,,,,,,4,4.jpg,train,PASS,resolved,source-level only,clean-negative source split is traceable; defect-free status is not re-proven by this audit
4,4.jpg,4m.jpg,clean_negative/clean_4_156.jpg,clean_negative,576,576,256,256,256,1108,1476,,,,,sliding_window_clean,,,,,,4,4.jpg,train,PASS,resolved,source-level only,clean-negative source split is traceable; defect-free status is not re-proven by this audit
4,4.jpg,4m.jpg,clean_negative/clean_4_157.jpg,clean_negative,624,576,256,256,256,1108,1476,,,,,sliding_window_clean,,,,,,4,4.jpg,train,PASS,resolved,source-level only,clean-negative source split is traceable; defect-free status is not re-proven by this audit
4,4.jpg,4m.jpg,clean_negative/clean_4_158.jpg,clean_negative,672,576,256,256,256,1108,1476,,,,,sliding_window_clean,,,,,,4,4.jpg,train,PASS,resolved,source-level only,clean-negative source split is traceable; defect-free status is not re-proven by this audit
4,4.jpg,4m.jpg,clean_negative/clean_4_159.jpg,clean_negative,694,576,256,256,256,1108,1476,,,,,sliding_window_clean,,,,,,4,4.jpg,train,PASS,resolved,source-level only,clean-negative source split is traceable; defect-free status is not re-proven by this audit
4,4.jpg,4m.jpg,clean_negative/clean_4_160.jpg,clean_negative,485,624,256,256,256,1108,1476,,,,,sliding_window_clean,,,,,,4,4.jpg,train,PASS,resolved,source-level only,clean-negative source split is traceable; defect-free status is not re-proven by this audit
4,4.jpg,4m.jpg,clean_negative/clean_4_161.jpg,clean_negative,528,624,256,256,256,1108,1476,,,,,sliding_window_clean,,,,,,4,4.jpg,train,PASS,resolved,source-level only,clean-negative source split is traceable; defect-free status is not re-proven by this audit
4,4.jpg,4m.jpg,clean_negative/clean_4_162.jpg,clean_negative,576,624,256,256,256,1108,1476,,,,,sliding_window_clean,,,,,,4,4.jpg,train,PASS,resolved,source-level only,clean-negative source split is traceable; defect-free status is not re-proven by this audit
4,4.jpg,4m.jpg,clean_negative/clean_4_163.jpg,clean_negative,624,624,256,256,256,1108,1476,,,,,sliding_window_clean,,,,,,4,4.jpg,train,PASS,resolved,source-level only,clean-negative source split is traceable; defect-free status is not re-proven by this audit
4,4.jpg,4m.jpg,clean_negative/clean_4_164.jpg,clean_negative,672,624,256,256,256,1108,1476,,,,,sliding_window_clean,,,,,,4,4.jpg,train,PASS,resolved,source-level only,clean-negative source split is traceable; defect-free status is not re-proven by this audit
4,4.jpg,4m.jpg,clean_negative/clean_4_165.jpg,clean_negative,694,624,256,256,256,1108,1476,,,,,sliding_window_clean,,,,,,4,4.jpg,train,PASS,resolved,source-level only,clean-negative source split is traceable; defect-free status is not re-proven by this audit
4,4.jpg,4m.jpg,clean_negative/clean_4_166.jpg,clean_negative,485,672,256,256,256,1108,1476,,,,,sliding_window_clean,,,,,,4,4.jpg,train,PASS,resolved,source-level only,clean-negative source split is traceable; defect-free status is not re-proven by this audit
4,4.jpg,4m.jpg,clean_negative/clean_4_167.jpg,clean_negative,528,672,256,256,256,1108,1476,,,,,sliding_window_clean,,,,,,4,4.jpg,train,PASS,resolved,source-level only,clean-negative source split is traceable; defect-free status is not re-proven by this audit
4,4.jpg,4m.jpg,clean_negative/clean_4_168.jpg,clean_negative,576,672,256,256,256,1108,1476,,,,,sliding_window_clean,,,,,,4,4.jpg,train,PASS,resolved,source-level only,clean-negative source split is traceable; defect-free status is not re-proven by this audit
4,4.jpg,4m.jpg,clean_negative/clean_4_169.jpg,clean_negative,624,672,256,256,256,1108,1476,,,,,sliding_window_clean,,,,,,4,4.jpg,train,PASS,resolved,source-level only,clean-negative source split is traceable; defect-free status is not re-proven by this audit
4,4.jpg,4m.jpg,clean_negative/clean_4_170.jpg,clean_negative,672,672,256,256,256,1108,1476,,,,,sliding_window_clean,,,,,,4,4.jpg,train,PASS,resolved,source-level only,clean-negative source split is traceable; defect-free status is not re-proven by this audit
4,4.jpg,4m.jpg,clean_negative/clean_4_171.jpg,clean_negative,694,672,256,256,256,1108,1476,,,,,sliding_window_clean,,,,,,4,4.jpg,train,PASS,resolved,source-level only,clean-negative source split is traceable; defect-free status is not re-proven by this audit
4,4.jpg,4m.jpg,clean_negative/clean_4_172.jpg,clean_negative,672,701,256,256,256,1108,1476,,,,,sliding_window_clean,,,,,,4,4.jpg,train,PASS,resolved,source-level only,clean-negative source split is traceable; defect-free status is not re-proven by this audit
4,4.jpg,4m.jpg,clean_negative/clean_4_173.jpg,clean_negative,694,701,256,256,256,1108,1476,,,,,sliding_window_clean,,,,,,4,4.jpg,train,PASS,resolved,source-level only,clean-negative source split is traceable; defect-free status is not re-proven by this audit
4,4.jpg,4m.jpg,clean_negative/clean_4_174.jpg,clean_negative,620,715,256,256,256,1108,1476,,,,,sliding_window_clean,,,,,,4,4.jpg,train,PASS,resolved,source-level only,clean-negative source split is traceable; defect-free status is not re-proven by this audit
4,4.jpg,4m.jpg,clean_negative/clean_4_175.jpg,clean_negative,485,720,256,256,256,1108,1476,,,,,sliding_window_clean,,,,,,4,4.jpg,train,PASS,resolved,source-level only,clean-negative source split is traceable; defect-free status is not re-proven by this audit
4,4.jpg,4m.jpg,clean_negative/clean_4_176.jpg,clean_negative,528,720,256,256,256,1108,1476,,,,,sliding_window_clean,,,,,,4,4.jpg,train,PASS,resolved,source-level only,clean-negative source split is traceable; defect-free status is not re-proven by this audit
4,4.jpg,4m.jpg,clean_negative/clean_4_177.jpg,clean_negative,576,720,256,256,256,1108,1476,,,,,sliding_window_clean,,,,,,4,4.jpg,train,PASS,resolved,source-level only,clean-negative source split is traceable; defect-free status is not re-proven by this audit
4,4.jpg,4m.jpg,clean_negative/clean_4_178.jpg,clean_negative,438,765,256,256,256,1108,1476,,,,,sliding_window_clean,,,,,,4,4.jpg,train,PASS,resolved,source-level only,clean-negative source split is traceable; defect-free status is not re-proven by this audit
4,4.jpg,4m.jpg,clean_negative/clean_4_179.jpg,clean_negative,576,765,256,256,256,1108,1476,,,,,sliding_window_clean,,,,,,4,4.jpg,train,PASS,resolved,source-level only,clean-negative source split is traceable; defect-free status is not re-proven by this audit
4,4.jpg,4m.jpg,clean_negative/clean_4_180.jpg,clean_negative,600,765,256,256,256,1108,1476,,,,,sliding_window_clean,,,,,,4,4.jpg,train,PASS,resolved,source-level only,clean-negative source split is traceable; defect-free status is not re-proven by this audit
4,4.jpg,4m.jpg,clean_negative/clean_4_181.jpg,clean_negative,423,766,256,256,256,1108,1476,,,,,sliding_window_clean,,,,,,4,4.jpg,train,PASS,resolved,source-level only,clean-negative source split is traceable; defect-free status is not re-proven by this audit
4,4.jpg,4m.jpg,clean_negative/clean_4_182.jpg,clean_negative,423,768,256,256,256,1108,1476,,,,,sliding_window_clean,,,,,,4,4.jpg,train,PASS,resolved,source-level only,clean-negative source split is traceable; defect-free status is not re-proven by this audit
4,4.jpg,4m.jpg,clean_negative/clean_4_183.jpg,clean_negative,432,768,256,256,256,1108,1476,,,,,sliding_window_clean,,,,,,4,4.jpg,train,PASS,resolved,source-level only,clean-negative source split is traceable; defect-free status is not re-proven by this audit
4,4.jpg,4m.jpg,clean_negative/clean_4_184.jpg,clean_negative,480,768,256,256,256,1108,1476,,,,,sliding_window_clean,,,,,,4,4.jpg,train,PASS,resolved,source-level only,clean-negative source split is traceable; defect-free status is not re-proven by this audit
4,4.jpg,4m.jpg,clean_negative/clean_4_185.jpg,clean_negative,528,768,256,256,256,1108,1476,,,,,sliding_window_clean,,,,,,4,4.jpg,train,PASS,resolved,source-level only,clean-negative source split is traceable; defect-free status is not re-proven by this audit
4,4.jpg,4m.jpg,clean_negative/clean_4_186.jpg,clean_negative,511,802,256,256,256,1108,1476,,,,,sliding_window_clean,,,,,,4,4.jpg,train,PASS,resolved,source-level only,clean-negative source split is traceable; defect-free status is not re-proven by this audit
4,4.jpg,4m.jpg,clean_negative/clean_4_187.jpg,clean_negative,480,804,256,256,256,1108,1476,,,,,sliding_window_clean,,,,,,4,4.jpg,train,PASS,resolved,source-level only,clean-negative source split is traceable; defect-free status is not re-proven by this audit
4,4.jpg,4m.jpg,clean_negative/clean_4_188.jpg,clean_negative,431,805,256,256,256,1108,1476,,,,,sliding_window_clean,,,,,,4,4.jpg,train,PASS,resolved,source-level only,clean-negative source split is traceable; defect-free status is not re-proven by this audit
4,4.jpg,4m.jpg,clean_negative/clean_4_189.jpg,clean_negative,419,808,256,256,256,1108,1476,,,,,sliding_window_clean,,,,,,4,4.jpg,train,PASS,resolved,source-level only,clean-negative source split is traceable; defect-free status is not re-proven by this audit
4,4.jpg,4m.jpg,clean_negative/clean_4_190.jpg,clean_negative,384,1001,256,256,256,1108,1476,,,,,sliding_window_clean,,,,,,4,4.jpg,train,PASS,resolved,source-level only,clean-negative source split is traceable; defect-free status is not re-proven by this audit
4,4.jpg,4m.jpg,clean_negative/clean_4_191.jpg,clean_negative,373,1014,256,256,256,1108,1476,,,,,sliding_window_clean,,,,,,4,4.jpg,train,PASS,resolved,source-level only,clean-negative source split is traceable; defect-free status is not re-proven by this audit
4,4.jpg,4m.jpg,clean_negative/clean_4_192.jpg,clean_negative,311,1026,256,256,256,1108,1476,,,,,sliding_window_clean,,,,,,4,4.jpg,train,PASS,resolved,source-level only,clean-negative source split is traceable; defect-free status is not re-proven by this audit
4,4.jpg,4m.jpg,clean_negative/clean_4_193.jpg,clean_negative,311,1049,256,256,256,1108,1476,,,,,sliding_window_clean,,,,,,4,4.jpg,train,PASS,resolved,source-level only,clean-negative source split is traceable; defect-free status is not re-proven by this audit
4,4.jpg,4m.jpg,clean_negative/clean_4_194.jpg,clean_negative,359,1049,256,256,256,1108,1476,,,,,sliding_window_clean,,,,,,4,4.jpg,train,PASS,resolved,source-level only,clean-negative source split is traceable; defect-free status is not re-proven by this audit
4,4.jpg,4m.jpg,clean_negative/clean_4_195.jpg,clean_negative,384,1049,256,256,256,1108,1476,,,,,sliding_window_clean,,,,,,4,4.jpg,train,PASS,resolved,source-level only,clean-negative source split is traceable; defect-free status is not re-proven by this audit
4,4.jpg,4m.jpg,clean_negative/clean_4_196.jpg,clean_negative,311,1097,256,256,256,1108,1476,,,,,sliding_window_clean,,,,,,4,4.jpg,train,PASS,resolved,source-level only,clean-negative source split is traceable; defect-free status is not re-proven by this audit
4,4.jpg,4m.jpg,clean_negative/clean_4_197.jpg,clean_negative,359,1097,256,256,256,1108,1476,,,,,sliding_window_clean,,,,,,4,4.jpg,train,PASS,resolved,source-level only,clean-negative source split is traceable; defect-free status is not re-proven by this audit
4,4.jpg,4m.jpg,clean_negative/clean_4_198.jpg,clean_negative,384,1097,256,256,256,1108,1476,,,,,sliding_window_clean,,,,,,4,4.jpg,train,PASS,resolved,source-level only,clean-negative source split is traceable; defect-free status is not re-proven by this audit
4,4.jpg,4m.jpg,clean_negative/clean_4_199.jpg,clean_negative,311,1145,256,256,256,1108,1476,,,,,sliding_window_clean,,,,,,4,4.jpg,train,PASS,resolved,source-level only,clean-negative source split is traceable; defect-free status is not re-proven by this audit
4,4.jpg,4m.jpg,clean_negative/clean_4_200.jpg,clean_negative,359,1145,256,256,256,1108,1476,,,,,sliding_window_clean,,,,,,4,4.jpg,train,PASS,resolved,source-level only,clean-negative source split is traceable; defect-free status is not re-proven by this audit
4,4.jpg,4m.jpg,clean_negative/clean_4_201.jpg,clean_negative,403,1151,256,256,256,1108,1476,,,,,sliding_window_clean,,,,,,4,4.jpg,train,PASS,resolved,source-level only,clean-negative source split is traceable; defect-free status is not re-proven by this audit
4,4.jpg,4m.jpg,clean_negative/clean_4_202.jpg,clean_negative,455,1156,256,256,256,1108,1476,,,,,sliding_window_clean,,,,,,4,4.jpg,train,PASS,resolved,source-level only,clean-negative source split is traceable; defect-free status is not re-proven by this audit
4,4.jpg,4m.jpg,clean_negative/clean_4_203.jpg,clean_negative,503,1156,256,256,256,1108,1476,,,,,sliding_window_clean,,,,,,4,4.jpg,train,PASS,resolved,source-level only,clean-negative source split is traceable; defect-free status is not re-proven by this audit
4,4.jpg,4m.jpg,clean_negative/clean_4_204.jpg,clean_negative,551,1156,256,256,256,1108,1476,,,,,sliding_window_clean,,,,,,4,4.jpg,train,PASS,resolved,source-level only,clean-negative source split is traceable; defect-free status is not re-proven by this audit
4,4.jpg,4m.jpg,clean_negative/clean_4_205.jpg,clean_negative,570,1156,256,256,256,1108,1476,,,,,sliding_window_clean,,,,,,4,4.jpg,train,PASS,resolved,source-level only,clean-negative source split is traceable; defect-free status is not re-proven by this audit
4,4.jpg,4m.jpg,clean_negative/clean_4_206.jpg,clean_negative,647,1190,256,256,256,1108,1476,,,,,sliding_window_clean,,,,,,4,4.jpg,train,PASS,resolved,source-level only,clean-negative source split is traceable; defect-free status is not re-proven by this audit
4,4.jpg,4m.jpg,clean_negative/clean_4_207.jpg,clean_negative,657,1190,256,256,256,1108,1476,,,,,sliding_window_clean,,,,,,4,4.jpg,train,PASS,resolved,source-level only,clean-negative source split is traceable; defect-free status is not re-proven by this audit
4,4.jpg,4m.jpg,clean_negative/clean_4_208.jpg,clean_negative,311,1193,256,256,256,1108,1476,,,,,sliding_window_clean,,,,,,4,4.jpg,train,PASS,resolved,source-level only,clean-negative source split is traceable; defect-free status is not re-proven by this audit
4,4.jpg,4m.jpg,clean_negative/clean_4_209.jpg,clean_negative,359,1193,256,256,256,1108,1476,,,,,sliding_window_clean,,,,,,4,4.jpg,train,PASS,resolved,source-level only,clean-negative source split is traceable; defect-free status is not re-proven by this audit
4,4.jpg,4m.jpg,clean_negative/clean_4_210.jpg,clean_negative,407,1193,256,256,256,1108,1476,,,,,sliding_window_clean,,,,,,4,4.jpg,train,PASS,resolved,source-level only,clean-negative source split is traceable; defect-free status is not re-proven by this audit
4,4.jpg,4m.jpg,clean_negative/clean_4_211.jpg,clean_negative,455,1193,256,256,256,1108,1476,,,,,sliding_window_clean,,,,,,4,4.jpg,train,PASS,resolved,source-level only,clean-negative source split is traceable; defect-free status is not re-proven by this audit
4,4.jpg,4m.jpg,clean_negative/clean_4_212.jpg,clean_negative,503,1193,256,256,256,1108,1476,,,,,sliding_window_clean,,,,,,4,4.jpg,train,PASS,resolved,source-level only,clean-negative source split is traceable; defect-free status is not re-proven by this audit
4,4.jpg,4m.jpg,clean_negative/clean_4_213.jpg,clean_negative,551,1193,256,256,256,1108,1476,,,,,sliding_window_clean,,,,,,4,4.jpg,train,PASS,resolved,source-level only,clean-negative source split is traceable; defect-free status is not re-proven by this audit
4,4.jpg,4m.jpg,clean_negative/clean_4_214.jpg,clean_negative,599,1193,256,256,256,1108,1476,,,,,sliding_window_clean,,,,,,4,4.jpg,train,PASS,resolved,source-level only,clean-negative source split is traceable; defect-free status is not re-proven by this audit
4,4.jpg,4m.jpg,clean_negative/clean_4_215.jpg,clean_negative,647,1193,256,256,256,1108,1476,,,,,sliding_window_clean,,,,,,4,4.jpg,train,PASS,resolved,source-level only,clean-negative source split is traceable; defect-free status is not re-proven by this audit
4,4.jpg,4m.jpg,clean_negative/clean_4_216.jpg,clean_negative,694,1214,256,256,256,1108,1476,,,,,sliding_window_clean,,,,,,4,4.jpg,train,PASS,resolved,source-level only,clean-negative source split is traceable; defect-free status is not re-proven by this audit
4,4.jpg,4m.jpg,clean_negative/clean_4_217.jpg,clean_negative,743,1215,256,256,256,1108,1476,,,,,sliding_window_clean,,,,,,4,4.jpg,train,PASS,resolved,source-level only,clean-negative source split is traceable; defect-free status is not re-proven by this audit
4,4.jpg,4m.jpg,clean_negative/clean_4_218.jpg,clean_negative,791,1215,256,256,256,1108,1476,,,,,sliding_window_clean,,,,,,4,4.jpg,train,PASS,resolved,source-level only,clean-negative source split is traceable; defect-free status is not re-proven by this audit
4,4.jpg,4m.jpg,clean_negative/clean_4_219.jpg,clean_negative,839,1215,256,256,256,1108,1476,,,,,sliding_window_clean,,,,,,4,4.jpg,train,PASS,resolved,source-level only,clean-negative source split is traceable; defect-free status is not re-proven by this audit
4,4.jpg,4m.jpg,clean_negative/clean_4_220.jpg,clean_negative,311,1220,256,256,256,1108,1476,,,,,sliding_window_clean,,,,,,4,4.jpg,train,PASS,resolved,source-level only,clean-negative source split is traceable; defect-free status is not re-proven by this audit
4,4.jpg,4m.jpg,clean_negative/clean_4_221.jpg,clean_negative,359,1220,256,256,256,1108,1476,,,,,sliding_window_clean,,,,,,4,4.jpg,train,PASS,resolved,source-level only,clean-negative source split is traceable; defect-free status is not re-proven by this audit
4,4.jpg,4m.jpg,clean_negative/clean_4_222.jpg,clean_negative,407,1220,256,256,256,1108,1476,,,,,sliding_window_clean,,,,,,4,4.jpg,train,PASS,resolved,source-level only,clean-negative source split is traceable; defect-free status is not re-proven by this audit
4,4.jpg,4m.jpg,clean_negative/clean_4_223.jpg,clean_negative,455,1220,256,256,256,1108,1476,,,,,sliding_window_clean,,,,,,4,4.jpg,train,PASS,resolved,source-level only,clean-negative source split is traceable; defect-free status is not re-proven by this audit
4,4.jpg,4m.jpg,clean_negative/clean_4_224.jpg,clean_negative,503,1220,256,256,256,1108,1476,,,,,sliding_window_clean,,,,,,4,4.jpg,train,PASS,resolved,source-level only,clean-negative source split is traceable; defect-free status is not re-proven by this audit
4,4.jpg,4m.jpg,clean_negative/clean_4_225.jpg,clean_negative,551,1220,256,256,256,1108,1476,,,,,sliding_window_clean,,,,,,4,4.jpg,train,PASS,resolved,source-level only,clean-negative source split is traceable; defect-free status is not re-proven by this audit
4,4.jpg,4m.jpg,clean_negative/clean_4_226.jpg,clean_negative,599,1220,256,256,256,1108,1476,,,,,sliding_window_clean,,,,,,4,4.jpg,train,PASS,resolved,source-level only,clean-negative source split is traceable; defect-free status is not re-proven by this audit
4,4.jpg,4m.jpg,clean_negative/clean_4_227.jpg,clean_negative,647,1220,256,256,256,1108,1476,,,,,sliding_window_clean,,,,,,4,4.jpg,train,PASS,resolved,source-level only,clean-negative source split is traceable; defect-free status is not re-proven by this audit
4,4.jpg,4m.jpg,clean_negative/clean_4_228.jpg,clean_negative,695,1220,256,256,256,1108,1476,,,,,sliding_window_clean,,,,,,4,4.jpg,train,PASS,resolved,source-level only,clean-negative source split is traceable; defect-free status is not re-proven by this audit
4,4.jpg,4m.jpg,clean_negative/clean_4_229.jpg,clean_negative,743,1220,256,256,256,1108,1476,,,,,sliding_window_clean,,,,,,4,4.jpg,train,PASS,resolved,source-level only,clean-negative source split is traceable; defect-free status is not re-proven by this audit
4,4.jpg,4m.jpg,clean_negative/clean_4_230.jpg,clean_negative,791,1220,256,256,256,1108,1476,,,,,sliding_window_clean,,,,,,4,4.jpg,train,PASS,resolved,source-level only,clean-negative source split is traceable; defect-free status is not re-proven by this audit
4,4.jpg,4m.jpg,clean_negative/clean_4_231.jpg,clean_negative,839,1220,256,256,256,1108,1476,,,,,sliding_window_clean,,,,,,4,4.jpg,train,PASS,resolved,source-level only,clean-negative source split is traceable; defect-free status is not re-proven by this audit
4,4.jpg,4m.jpg,dirty_positive/dirty_4_1.jpg,dirty_positive,457,4,256,256,256,1108,1476,1,585,132,770,centered_positive,457,4,registered,registered,homography_inliers=4294/4294,4,4.jpg,train,PASS,resolved,exact,
4,4.jpg,4m.jpg,dirty_positive/dirty_4_2.jpg,dirty_positive,507,1,256,256,256,1108,1476,1,585,132,770,jittered_positive,507,1,registered,registered,homography_inliers=4294/4294,4,4.jpg,train,PASS,resolved,exact,
4,4.jpg,4m.jpg,dirty_positive/dirty_4_3.jpg,dirty_positive,416,15,256,256,256,1108,1476,1,585,132,770,jittered_positive,416,15,registered,registered,homography_inliers=4294/4294,4,4.jpg,train,PASS,resolved,exact,
4,4.jpg,4m.jpg,dirty_positive/dirty_4_4.jpg,dirty_positive,449,43,256,256,256,1108,1476,1,585,132,770,jittered_positive,449,43,registered,registered,homography_inliers=4294/4294,4,4.jpg,train,PASS,resolved,exact,
4,4.jpg,4m.jpg,dirty_positive/dirty_4_5.jpg,dirty_positive,773,196,256,256,256,1108,1476,2,901,324,586,centered_positive,773,196,registered,registered,homography_inliers=4294/4294,4,4.jpg,train,PASS,resolved,exact,
4,4.jpg,4m.jpg,dirty_positive/dirty_4_6.jpg,dirty_positive,771,210,256,256,256,1108,1476,2,901,324,586,jittered_positive,771,210,registered,registered,homography_inliers=4294/4294,4,4.jpg,train,PASS,resolved,exact,
4,4.jpg,4m.jpg,dirty_positive/dirty_4_7.jpg,dirty_positive,803,253,256,256,256,1108,1476,2,901,324,586,jittered_positive,803,253,registered,registered,homography_inliers=4294/4294,4,4.jpg,train,PASS,resolved,exact,
4,4.jpg,4m.jpg,dirty_positive/dirty_4_8.jpg,dirty_positive,797,240,256,256,256,1108,1476,2,901,324,586,jittered_positive,797,240,registered,registered,homography_inliers=4294/4294,4,4.jpg,train,PASS,resolved,exact,
4,4.jpg,4m.jpg,dirty_positive/dirty_4_9.jpg,dirty_positive,38,435,256,256,256,1108,1476,3,166,563,619,centered_positive,38,435,registered,registered,homography_inliers=4294/4294,4,4.jpg,train,PASS,resolved,exact,
4,4.jpg,4m.jpg,dirty_positive/dirty_4_10.jpg,dirty_positive,58,461,256,256,256,1108,1476,3,166,563,619,jittered_positive,58,461,registered,registered,homography_inliers=4294/4294,4,4.jpg,train,PASS,resolved,exact,
4,4.jpg,4m.jpg,dirty_positive/dirty_4_11.jpg,dirty_positive,90,440,256,256,256,1108,1476,3,166,563,619,jittered_positive,90,440,registered,registered,homography_inliers=4294/4294,4,4.jpg,train,PASS,resolved,exact,
4,4.jpg,4m.jpg,dirty_positive/dirty_4_12.jpg,dirty_positive,52,435,256,256,256,1108,1476,3,166,563,619,jittered_positive,52,435,registered,registered,homography_inliers=4294/4294,4,4.jpg,train,PASS,resolved,exact,
4,4.jpg,4m.jpg,dirty_positive/dirty_4_13.jpg,dirty_positive,314,595,256,256,256,1108,1476,4,442,723,629,centered_positive,314,595,registered,registered,homography_inliers=4294/4294,4,4.jpg,train,PASS,resolved,exact,
4,4.jpg,4m.jpg,dirty_positive/dirty_4_14.jpg,dirty_positive,309,561,256,256,256,1108,1476,4,442,723,629,jittered_positive,309,561,registered,registered,homography_inliers=4294/4294,4,4.jpg,train,PASS,resolved,exact,
4,4.jpg,4m.jpg,dirty_positive/dirty_4_15.jpg,dirty_positive,299,611,256,256,256,1108,1476,4,442,723,629,jittered_positive,299,611,registered,registered,homography_inliers=4294/4294,4,4.jpg,train,PASS,resolved,exact,
4,4.jpg,4m.jpg,dirty_positive/dirty_4_16.jpg,dirty_positive,280,578,256,256,256,1108,1476,4,442,723,629,jittered_positive,280,578,registered,registered,homography_inliers=4294/4294,4,4.jpg,train,PASS,resolved,exact,
4,4.jpg,4m.jpg,dirty_positive/dirty_4_17.jpg,dirty_positive,852,644,256,256,256,1108,1476,5,999,772,724,centered_positive,852,644,registered,registered,homography_inliers=4294/4294,4,4.jpg,train,PASS,resolved,exact,
4,4.jpg,4m.jpg,dirty_positive/dirty_4_18.jpg,dirty_positive,837,635,256,256,256,1108,1476,5,999,772,724,jittered_positive,837,635,registered,registered,homography_inliers=4294/4294,4,4.jpg,train,PASS,resolved,exact,
4,4.jpg,4m.jpg,dirty_positive/dirty_4_19.jpg,dirty_positive,852,650,256,256,256,1108,1476,5,999,772,724,jittered_positive,852,650,registered,registered,homography_inliers=4294/4294,4,4.jpg,train,PASS,resolved,exact,
4,4.jpg,4m.jpg,dirty_positive/dirty_4_20.jpg,dirty_positive,852,605,256,256,256,1108,1476,5,999,772,724,jittered_positive,852,605,registered,registered,homography_inliers=4294/4294,4,4.jpg,train,PASS,resolved,exact,
4,4.jpg,4m.jpg,dirty_positive/dirty_4_21.jpg,dirty_positive,241,673,256,256,256,1108,1476,6,369,801,926,centered_positive,241,673,registered,registered,homography_inliers=4294/4294,4,4.jpg,train,PASS,resolved,exact,
4,4.jpg,4m.jpg,dirty_positive/dirty_4_22.jpg,dirty_positive,226,684,256,256,256,1108,1476,6,369,801,926,jittered_positive,226,684,registered,registered,homography_inliers=4294/4294,4,4.jpg,train,PASS,resolved,exact,
4,4.jpg,4m.jpg,dirty_positive/dirty_4_23.jpg,dirty_positive,235,701,256,256,256,1108,1476,6,369,801,926,jittered_positive,235,701,registered,registered,homography_inliers=4294/4294,4,4.jpg,train,PASS,resolved,exact,
4,4.jpg,4m.jpg,dirty_positive/dirty_4_24.jpg,dirty_positive,222,686,256,256,256,1108,1476,6,369,801,926,jittered_positive,222,686,registered,registered,homography_inliers=4294/4294,4,4.jpg,train,PASS,resolved,exact,
4,4.jpg,4m.jpg,dirty_positive/dirty_4_25.jpg,dirty_positive,1,738,256,256,256,1108,1476,7,56,866,715,centered_positive,1,738,registered,registered,homography_inliers=4294/4294,4,4.jpg,train,PASS,resolved,exact,
4,4.jpg,4m.jpg,dirty_positive/dirty_4_26.jpg,dirty_positive,1,706,256,256,256,1108,1476,7,56,866,715,jittered_positive,1,706,registered,registered,homography_inliers=4294/4294,4,4.jpg,train,PASS,resolved,exact,
4,4.jpg,4m.jpg,dirty_positive/dirty_4_27.jpg,dirty_positive,6,685,256,256,256,1108,1476,7,56,866,715,jittered_positive,6,685,registered,registered,homography_inliers=4294/4294,4,4.jpg,train,PASS,resolved,exact,
4,4.jpg,4m.jpg,dirty_positive/dirty_4_28.jpg,dirty_positive,1,748,256,256,256,1108,1476,7,56,866,715,jittered_positive,1,748,registered,registered,homography_inliers=4294/4294,4,4.jpg,train,PASS,resolved,exact,
4,4.jpg,4m.jpg,dirty_positive/dirty_4_29.jpg,dirty_positive,144,767,256,256,256,1108,1476,8,272,895,718,centered_positive,144,767,registered,registered,homography_inliers=4294/4294,4,4.jpg,train,PASS,resolved,exact,
4,4.jpg,4m.jpg,dirty_positive/dirty_4_30.jpg,dirty_positive,112,828,256,256,256,1108,1476,8,272,895,718,jittered_positive,112,828,registered,registered,homography_inliers=4294/4294,4,4.jpg,train,PASS,resolved,exact,
4,4.jpg,4m.jpg,dirty_positive/dirty_4_31.jpg,dirty_positive,106,706,256,256,256,1108,1476,8,272,895,718,jittered_positive,106,706,registered,registered,homography_inliers=4294/4294,4,4.jpg,train,PASS,resolved,exact,
4,4.jpg,4m.jpg,dirty_positive/dirty_4_32.jpg,dirty_positive,152,823,256,256,256,1108,1476,8,272,895,718,jittered_positive,152,823,registered,registered,homography_inliers=4294/4294,4,4.jpg,train,PASS,resolved,exact,
4,4.jpg,4m.jpg,dirty_positive/dirty_4_33.jpg,dirty_positive,1,776,256,256,256,1108,1476,9,86,904,762,centered_positive,1,776,registered,registered,homography_inliers=4294/4294,4,4.jpg,train,PASS,resolved,exact,
4,4.jpg,4m.jpg,dirty_positive/dirty_4_34.jpg,dirty_positive,58,824,256,256,256,1108,1476,9,86,904,762,jittered_positive,58,824,registered,registered,homography_inliers=4294/4294,4,4.jpg,train,PASS,resolved,exact,
4,4.jpg,4m.jpg,dirty_positive/dirty_4_35.jpg,dirty_positive,23,759,256,256,256,1108,1476,9,86,904,762,jittered_positive,23,759,registered,registered,homography_inliers=4294/4294,4,4.jpg,train,PASS,resolved,exact,
4,4.jpg,4m.jpg,dirty_positive/dirty_4_36.jpg,dirty_positive,58,741,256,256,256,1108,1476,9,86,904,762,jittered_positive,58,741,registered,registered,homography_inliers=4294/4294,4,4.jpg,train,PASS,resolved,exact,
4,4.jpg,4m.jpg,dirty_positive/dirty_4_37.jpg,dirty_positive,1,848,256,256,256,1108,1476,10,126,976,848,centered_positive,1,848,registered,registered,homography_inliers=4294/4294,4,4.jpg,train,PASS,resolved,exact,
4,4.jpg,4m.jpg,dirty_positive/dirty_4_38.jpg,dirty_positive,1,886,256,256,256,1108,1476,10,126,976,848,jittered_positive,1,886,registered,registered,homography_inliers=4294/4294,4,4.jpg,train,PASS,resolved,exact,
4,4.jpg,4m.jpg,dirty_positive/dirty_4_39.jpg,dirty_positive,61,802,256,256,256,1108,1476,10,126,976,848,jittered_positive,61,802,registered,registered,homography_inliers=4294/4294,4,4.jpg,train,PASS,resolved,exact,
4,4.jpg,4m.jpg,dirty_positive/dirty_4_40.jpg,dirty_positive,1,822,256,256,256,1108,1476,10,126,976,848,jittered_positive,1,822,registered,registered,homography_inliers=4294/4294,4,4.jpg,train,PASS,resolved,exact,
4,4.jpg,4m.jpg,dirty_positive/dirty_4_41.jpg,dirty_positive,223,855,256,256,256,1108,1476,11,351,983,553,centered_positive,223,855,registered,registered,homography_inliers=4294/4294,4,4.jpg,train,PASS,resolved,exact,
4,4.jpg,4m.jpg,dirty_positive/dirty_4_42.jpg,dirty_positive,197,868,256,256,256,1108,1476,11,351,983,553,jittered_positive,197,868,registered,registered,homography_inliers=4294/4294,4,4.jpg,train,PASS,resolved,exact,
4,4.jpg,4m.jpg,dirty_positive/dirty_4_43.jpg,dirty_positive,180,854,256,256,256,1108,1476,11,351,983,553,jittered_positive,180,854,registered,registered,homography_inliers=4294/4294,4,4.jpg,train,PASS,resolved,exact,
4,4.jpg,4m.jpg,dirty_positive/dirty_4_44.jpg,dirty_positive,189,897,256,256,256,1108,1476,11,351,983,553,jittered_positive,189,897,registered,registered,homography_inliers=4294/4294,4,4.jpg,train,PASS,resolved,exact,
4,4.jpg,4m.jpg,dirty_positive/dirty_4_45.jpg,dirty_positive,774,879,256,256,256,1108,1476,12,902,1007,780,centered_positive,774,879,registered,registered,homography_inliers=4294/4294,4,4.jpg,train,PASS,resolved,exact,
4,4.jpg,4m.jpg,dirty_positive/dirty_4_46.jpg,dirty_positive,767,912,256,256,256,1108,1476,12,902,1007,780,jittered_positive,767,912,registered,registered,homography_inliers=4294/4294,4,4.jpg,train,PASS,resolved,exact,
4,4.jpg,4m.jpg,dirty_positive/dirty_4_47.jpg,dirty_positive,825,928,256,256,256,1108,1476,12,902,1007,780,jittered_positive,825,928,registered,registered,homography_inliers=4294/4294,4,4.jpg,train,PASS,resolved,exact,
4,4.jpg,4m.jpg,dirty_positive/dirty_4_48.jpg,dirty_positive,786,924,256,256,256,1108,1476,12,902,1007,780,jittered_positive,786,924,registered,registered,homography_inliers=4294/4294,4,4.jpg,train,PASS,resolved,exact,
4,4.jpg,4m.jpg,dirty_positive/dirty_4_49.jpg,dirty_positive,684,936,256,256,256,1108,1476,13,812,1064,703,centered_positive,684,936,registered,registered,homography_inliers=4294/4294,4,4.jpg,train,PASS,resolved,exact,
4,4.jpg,4m.jpg,dirty_positive/dirty_4_50.jpg,dirty_positive,698,887,256,256,256,1108,1476,13,812,1064,703,jittered_positive,698,887,registered,registered,homography_inliers=4294/4294,4,4.jpg,train,PASS,resolved,exact,
4,4.jpg,4m.jpg,dirty_positive/dirty_4_51.jpg,dirty_positive,645,925,256,256,256,1108,1476,13,812,1064,703,jittered_positive,645,925,registered,registered,homography_inliers=4294/4294,4,4.jpg,train,PASS,resolved,exact,
4,4.jpg,4m.jpg,dirty_positive/dirty_4_52.jpg,dirty_positive,674,939,256,256,256,1108,1476,13,812,1064,703,jittered_positive,674,939,registered,registered,homography_inliers=4294/4294,4,4.jpg,train,PASS,resolved,exact,
4,4.jpg,4m.jpg,dirty_positive/dirty_4_53.jpg,dirty_positive,13,967,256,256,256,1108,1476,14,141,1095,433,centered_positive,13,967,registered,registered,homography_inliers=4294/4294,4,4.jpg,train,PASS,resolved,exact,
4,4.jpg,4m.jpg,dirty_positive/dirty_4_54.jpg,dirty_positive,1,943,256,256,256,1108,1476,14,141,1095,433,jittered_positive,1,943,registered,registered,homography_inliers=4294/4294,4,4.jpg,train,PASS,resolved,exact,
4,4.jpg,4m.jpg,dirty_positive/dirty_4_55.jpg,dirty_positive,10,947,256,256,256,1108,1476,14,141,1095,433,jittered_positive,10,947,registered,registered,homography_inliers=4294/4294,4,4.jpg,train,PASS,resolved,exact,
4,4.jpg,4m.jpg,dirty_positive/dirty_4_56.jpg,dirty_positive,1,1007,256,256,256,1108,1476,14,141,1095,433,jittered_positive,1,1007,registered,registered,homography_inliers=4294/4294,4,4.jpg,train,PASS,resolved,exact,
4,4.jpg,4m.jpg,dirty_positive/dirty_4_57.jpg,dirty_positive,555,980,256,256,256,1108,1476,15,683,1108,699,centered_positive,555,980,registered,registered,homography_inliers=4294/4294,4,4.jpg,train,PASS,resolved,exact,
4,4.jpg,4m.jpg,dirty_positive/dirty_4_58.jpg,dirty_positive,606,1036,256,256,256,1108,1476,15,683,1108,699,jittered_positive,606,1036,registered,registered,homography_inliers=4294/4294,4,4.jpg,train,PASS,resolved,exact,
4,4.jpg,4m.jpg,dirty_positive/dirty_4_59.jpg,dirty_positive,565,924,256,256,256,1108,1476,15,683,1108,699,jittered_positive,565,924,registered,registered,homography_inliers=4294/4294,4,4.jpg,train,PASS,resolved,exact,
4,4.jpg,4m.jpg,dirty_positive/dirty_4_60.jpg,dirty_positive,550,989,256,256,256,1108,1476,15,683,1108,699,jittered_positive,550,989,registered,registered,homography_inliers=4294/4294,4,4.jpg,train,PASS,resolved,exact,
4,4.jpg,4m.jpg,dirty_positive/dirty_4_61.jpg,dirty_positive,92,980,256,256,256,1108,1476,16,220,1108,507,centered_positive,92,980,registered,registered,homography_inliers=4294/4294,4,4.jpg,train,PASS,resolved,exact,
4,4.jpg,4m.jpg,dirty_positive/dirty_4_62.jpg,dirty_positive,100,1032,256,256,256,1108,1476,16,220,1108,507,jittered_positive,100,1032,registered,registered,homography_inliers=4294/4294,4,4.jpg,train,PASS,resolved,exact,
4,4.jpg,4m.jpg,dirty_positive/dirty_4_63.jpg,dirty_positive,46,975,256,256,256,1108,1476,16,220,1108,507,jittered_positive,46,975,registered,registered,homography_inliers=4294/4294,4,4.jpg,train,PASS,resolved,exact,
4,4.jpg,4m.jpg,dirty_positive/dirty_4_64.jpg,dirty_positive,95,966,256,256,256,1108,1476,16,220,1108,507,jittered_positive,95,966,registered,registered,homography_inliers=4294/4294,4,4.jpg,train,PASS,resolved,exact,
4,4.jpg,4m.jpg,dirty_positive/dirty_4_65.jpg,dirty_positive,750,1008,256,256,256,1108,1476,17,878,1136,906,centered_positive,750,1008,registered,registered,homography_inliers=4294/4294,4,4.jpg,train,PASS,resolved,exact,
4,4.jpg,4m.jpg,dirty_positive/dirty_4_66.jpg,dirty_positive,794,973,256,256,256,1108,1476,17,878,1136,906,jittered_positive,794,973,registered,registered,homography_inliers=4294/4294,4,4.jpg,train,PASS,resolved,exact,
4,4.jpg,4m.jpg,dirty_positive/dirty_4_67.jpg,dirty_positive,743,982,256,256,256,1108,1476,17,878,1136,906,jittered_positive,743,982,registered,registered,homography_inliers=4294/4294,4,4.jpg,train,PASS,resolved,exact,
4,4.jpg,4m.jpg,dirty_positive/dirty_4_68.jpg,dirty_positive,754,980,256,256,256,1108,1476,17,878,1136,906,jittered_positive,754,980,registered,registered,homography_inliers=4294/4294,4,4.jpg,train,PASS,resolved,exact,
4,4.jpg,4m.jpg,dirty_positive/dirty_4_69.jpg,dirty_positive,2,1006,256,256,256,1108,1476,18,130,1134,433,centered_positive,2,1006,registered,registered,homography_inliers=4294/4294,4,4.jpg,train,PASS,resolved,exact,
4,4.jpg,4m.jpg,dirty_positive/dirty_4_70.jpg,dirty_positive,1,957,256,256,256,1108,1476,18,130,1134,433,jittered_positive,1,957,registered,registered,homography_inliers=4294/4294,4,4.jpg,train,PASS,resolved,exact,
4,4.jpg,4m.jpg,dirty_positive/dirty_4_71.jpg,dirty_positive,1,1020,256,256,256,1108,1476,18,130,1134,433,jittered_positive,1,1020,registered,registered,homography_inliers=4294/4294,4,4.jpg,train,PASS,resolved,exact,
4,4.jpg,4m.jpg,dirty_positive/dirty_4_72.jpg,dirty_positive,11,1054,256,256,256,1108,1476,18,130,1134,433,jittered_positive,11,1054,registered,registered,homography_inliers=4294/4294,4,4.jpg,train,PASS,resolved,exact,
4,4.jpg,4m.jpg,dirty_positive/dirty_4_73.jpg,dirty_positive,831,1037,256,256,256,1108,1476,19,959,1165,809,centered_positive,831,1037,registered,registered,homography_inliers=4294/4294,4,4.jpg,train,PASS,resolved,exact,
4,4.jpg,4m.jpg,dirty_positive/dirty_4_74.jpg,dirty_positive,798,1092,256,256,256,1108,1476,19,959,1165,809,jittered_positive,798,1092,registered,registered,homography_inliers=4294/4294,4,4.jpg,train,PASS,resolved,exact,
4,4.jpg,4m.jpg,dirty_positive/dirty_4_75.jpg,dirty_positive,844,1076,256,256,256,1108,1476,19,959,1165,809,jittered_positive,844,1076,registered,registered,homography_inliers=4294/4294,4,4.jpg,train,PASS,resolved,exact,
4,4.jpg,4m.jpg,dirty_positive/dirty_4_76.jpg,dirty_positive,836,1101,256,256,256,1108,1476,19,959,1165,809,jittered_positive,836,1101,registered,registered,homography_inliers=4294/4294,4,4.jpg,train,PASS,resolved,exact,
4,4.jpg,4m.jpg,dirty_positive/dirty_4_77.jpg,dirty_positive,1,1071,256,256,256,1108,1476,20,128,1199,620,centered_positive,1,1071,registered,registered,homography_inliers=4294/4294,4,4.jpg,train,PASS,resolved,exact,
4,4.jpg,4m.jpg,dirty_positive/dirty_4_78.jpg,dirty_positive,62,1119,256,256,256,1108,1476,20,128,1199,620,jittered_positive,62,1119,registered,registered,homography_inliers=4294/4294,4,4.jpg,train,PASS,resolved,exact,
4,4.jpg,4m.jpg,dirty_positive/dirty_4_79.jpg,dirty_positive,1,1017,256,256,256,1108,1476,20,128,1199,620,jittered_positive,1,1017,registered,registered,homography_inliers=4294/4294,4,4.jpg,train,PASS,resolved,exact,
4,4.jpg,4m.jpg,dirty_positive/dirty_4_80.jpg,dirty_positive,46,1089,256,256,256,1108,1476,20,128,1199,620,jittered_positive,46,1089,registered,registered,homography_inliers=4294/4294,4,4.jpg,train,PASS,resolved,exact,
4,4.jpg,4m.jpg,dirty_positive/dirty_4_81.jpg,dirty_positive,133,1155,256,256,256,1108,1476,21,261,1283,772,centered_positive,133,1155,registered,registered,homography_inliers=4294/4294,4,4.jpg,train,PASS,resolved,exact,
4,4.jpg,4m.jpg,dirty_positive/dirty_4_82.jpg,dirty_positive,133,1097,256,256,256,1108,1476,21,261,1283,772,jittered_positive,133,1097,registered,registered,homography_inliers=4294/4294,4,4.jpg,train,PASS,resolved,exact,
4,4.jpg,4m.jpg,dirty_positive/dirty_4_83.jpg,dirty_positive,92,1149,256,256,256,1108,1476,21,261,1283,772,jittered_positive,92,1149,registered,registered,homography_inliers=4294/4294,4,4.jpg,train,PASS,resolved,exact,
4,4.jpg,4m.jpg,dirty_positive/dirty_4_84.jpg,dirty_positive,74,1159,256,256,256,1108,1476,21,261,1283,772,jittered_positive,74,1159,registered,registered,homography_inliers=4294/4294,4,4.jpg,train,PASS,resolved,exact,
5,5.jpg,5m.jpg,clean_negative/clean_5_1.jpg,clean_negative,367,0,256,256,256,1108,1476,,,,,sliding_window_clean,,,,,,5,5.jpg,train,PASS,resolved,source-level only,clean-negative source split is traceable; defect-free status is not re-proven by this audit
5,5.jpg,5m.jpg,clean_negative/clean_5_2.jpg,clean_negative,0,311,256,256,256,1108,1476,,,,,sliding_window_clean,,,,,,5,5.jpg,train,PASS,resolved,source-level only,clean-negative source split is traceable; defect-free status is not re-proven by this audit
5,5.jpg,5m.jpg,clean_negative/clean_5_3.jpg,clean_negative,48,312,256,256,256,1108,1476,,,,,sliding_window_clean,,,,,,5,5.jpg,train,PASS,resolved,source-level only,clean-negative source split is traceable; defect-free status is not re-proven by this audit
5,5.jpg,5m.jpg,clean_negative/clean_5_4.jpg,clean_negative,50,312,256,256,256,1108,1476,,,,,sliding_window_clean,,,,,,5,5.jpg,train,PASS,resolved,source-level only,clean-negative source split is traceable; defect-free status is not re-proven by this audit
5,5.jpg,5m.jpg,clean_negative/clean_5_5.jpg,clean_negative,0,359,256,256,256,1108,1476,,,,,sliding_window_clean,,,,,,5,5.jpg,train,PASS,resolved,source-level only,clean-negative source split is traceable; defect-free status is not re-proven by this audit
5,5.jpg,5m.jpg,clean_negative/clean_5_6.jpg,clean_negative,48,359,256,256,256,1108,1476,,,,,sliding_window_clean,,,,,,5,5.jpg,train,PASS,resolved,source-level only,clean-negative source split is traceable; defect-free status is not re-proven by this audit
5,5.jpg,5m.jpg,clean_negative/clean_5_7.jpg,clean_negative,50,359,256,256,256,1108,1476,,,,,sliding_window_clean,,,,,,5,5.jpg,train,PASS,resolved,source-level only,clean-negative source split is traceable; defect-free status is not re-proven by this audit
5,5.jpg,5m.jpg,clean_negative/clean_5_8.jpg,clean_negative,836,390,256,256,256,1108,1476,,,,,sliding_window_clean,,,,,,5,5.jpg,train,PASS,resolved,source-level only,clean-negative source split is traceable; defect-free status is not re-proven by this audit
5,5.jpg,5m.jpg,clean_negative/clean_5_9.jpg,clean_negative,802,396,256,256,256,1108,1476,,,,,sliding_window_clean,,,,,,5,5.jpg,train,PASS,resolved,source-level only,clean-negative source split is traceable; defect-free status is not re-proven by this audit
5,5.jpg,5m.jpg,clean_negative/clean_5_10.jpg,clean_negative,0,407,256,256,256,1108,1476,,,,,sliding_window_clean,,,,,,5,5.jpg,train,PASS,resolved,source-level only,clean-negative source split is traceable; defect-free status is not re-proven by this audit
5,5.jpg,5m.jpg,clean_negative/clean_5_11.jpg,clean_negative,48,407,256,256,256,1108,1476,,,,,sliding_window_clean,,,,,,5,5.jpg,train,PASS,resolved,source-level only,clean-negative source split is traceable; defect-free status is not re-proven by this audit
5,5.jpg,5m.jpg,clean_negative/clean_5_12.jpg,clean_negative,50,407,256,256,256,1108,1476,,,,,sliding_window_clean,,,,,,5,5.jpg,train,PASS,resolved,source-level only,clean-negative source split is traceable; defect-free status is not re-proven by this audit
5,5.jpg,5m.jpg,clean_negative/clean_5_13.jpg,clean_negative,829,425,256,256,256,1108,1476,,,,,sliding_window_clean,,,,,,5,5.jpg,train,PASS,resolved,source-level only,clean-negative source split is traceable; defect-free status is not re-proven by this audit
5,5.jpg,5m.jpg,clean_negative/clean_5_14.jpg,clean_negative,796,429,256,256,256,1108,1476,,,,,sliding_window_clean,,,,,,5,5.jpg,train,PASS,resolved,source-level only,clean-negative source split is traceable; defect-free status is not re-proven by this audit
5,5.jpg,5m.jpg,clean_negative/clean_5_15.jpg,clean_negative,0,455,256,256,256,1108,1476,,,,,sliding_window_clean,,,,,,5,5.jpg,train,PASS,resolved,source-level only,clean-negative source split is traceable; defect-free status is not re-proven by this audit
5,5.jpg,5m.jpg,clean_negative/clean_5_16.jpg,clean_negative,48,455,256,256,256,1108,1476,,,,,sliding_window_clean,,,,,,5,5.jpg,train,PASS,resolved,source-level only,clean-negative source split is traceable; defect-free status is not re-proven by this audit
5,5.jpg,5m.jpg,clean_negative/clean_5_17.jpg,clean_negative,50,455,256,256,256,1108,1476,,,,,sliding_window_clean,,,,,,5,5.jpg,train,PASS,resolved,source-level only,clean-negative source split is traceable; defect-free status is not re-proven by this audit
5,5.jpg,5m.jpg,clean_negative/clean_5_18.jpg,clean_negative,829,473,256,256,256,1108,1476,,,,,sliding_window_clean,,,,,,5,5.jpg,train,PASS,resolved,source-level only,clean-negative source split is traceable; defect-free status is not re-proven by this audit
5,5.jpg,5m.jpg,clean_negative/clean_5_19.jpg,clean_negative,784,476,256,256,256,1108,1476,,,,,sliding_window_clean,,,,,,5,5.jpg,train,PASS,resolved,source-level only,clean-negative source split is traceable; defect-free status is not re-proven by this audit
5,5.jpg,5m.jpg,clean_negative/clean_5_20.jpg,clean_negative,682,491,256,256,256,1108,1476,,,,,sliding_window_clean,,,,,,5,5.jpg,train,PASS,resolved,source-level only,clean-negative source split is traceable; defect-free status is not re-proven by this audit
5,5.jpg,5m.jpg,clean_negative/clean_5_21.jpg,clean_negative,685,491,256,256,256,1108,1476,,,,,sliding_window_clean,,,,,,5,5.jpg,train,PASS,resolved,source-level only,clean-negative source split is traceable; defect-free status is not re-proven by this audit
5,5.jpg,5m.jpg,clean_negative/clean_5_22.jpg,clean_negative,733,491,256,256,256,1108,1476,,,,,sliding_window_clean,,,,,,5,5.jpg,train,PASS,resolved,source-level only,clean-negative source split is traceable; defect-free status is not re-proven by this audit
5,5.jpg,5m.jpg,clean_negative/clean_5_23.jpg,clean_negative,0,503,256,256,256,1108,1476,,,,,sliding_window_clean,,,,,,5,5.jpg,train,PASS,resolved,source-level only,clean-negative source split is traceable; defect-free status is not re-proven by this audit
5,5.jpg,5m.jpg,clean_negative/clean_5_24.jpg,clean_negative,48,503,256,256,256,1108,1476,,,,,sliding_window_clean,,,,,,5,5.jpg,train,PASS,resolved,source-level only,clean-negative source split is traceable; defect-free status is not re-proven by this audit
5,5.jpg,5m.jpg,clean_negative/clean_5_25.jpg,clean_negative,50,503,256,256,256,1108,1476,,,,,sliding_window_clean,,,,,,5,5.jpg,train,PASS,resolved,source-level only,clean-negative source split is traceable; defect-free status is not re-proven by this audit
5,5.jpg,5m.jpg,clean_negative/clean_5_26.jpg,clean_negative,682,521,256,256,256,1108,1476,,,,,sliding_window_clean,,,,,,5,5.jpg,train,PASS,resolved,source-level only,clean-negative source split is traceable; defect-free status is not re-proven by this audit
5,5.jpg,5m.jpg,clean_negative/clean_5_27.jpg,clean_negative,685,521,256,256,256,1108,1476,,,,,sliding_window_clean,,,,,,5,5.jpg,train,PASS,resolved,source-level only,clean-negative source split is traceable; defect-free status is not re-proven by this audit
5,5.jpg,5m.jpg,clean_negative/clean_5_28.jpg,clean_negative,733,521,256,256,256,1108,1476,,,,,sliding_window_clean,,,,,,5,5.jpg,train,PASS,resolved,source-level only,clean-negative source split is traceable; defect-free status is not re-proven by this audit
5,5.jpg,5m.jpg,clean_negative/clean_5_29.jpg,clean_negative,781,521,256,256,256,1108,1476,,,,,sliding_window_clean,,,,,,5,5.jpg,train,PASS,resolved,source-level only,clean-negative source split is traceable; defect-free status is not re-proven by this audit
5,5.jpg,5m.jpg,clean_negative/clean_5_30.jpg,clean_negative,829,521,256,256,256,1108,1476,,,,,sliding_window_clean,,,,,,5,5.jpg,train,PASS,resolved,source-level only,clean-negative source split is traceable; defect-free status is not re-proven by this audit
5,5.jpg,5m.jpg,clean_negative/clean_5_31.jpg,clean_negative,0,551,256,256,256,1108,1476,,,,,sliding_window_clean,,,,,,5,5.jpg,train,PASS,resolved,source-level only,clean-negative source split is traceable; defect-free status is not re-proven by this audit
5,5.jpg,5m.jpg,clean_negative/clean_5_32.jpg,clean_negative,48,551,256,256,256,1108,1476,,,,,sliding_window_clean,,,,,,5,5.jpg,train,PASS,resolved,source-level only,clean-negative source split is traceable; defect-free status is not re-proven by this audit
5,5.jpg,5m.jpg,clean_negative/clean_5_33.jpg,clean_negative,75,552,256,256,256,1108,1476,,,,,sliding_window_clean,,,,,,5,5.jpg,train,PASS,resolved,source-level only,clean-negative source split is traceable; defect-free status is not re-proven by this audit
5,5.jpg,5m.jpg,clean_negative/clean_5_34.jpg,clean_negative,685,569,256,256,256,1108,1476,,,,,sliding_window_clean,,,,,,5,5.jpg,train,PASS,resolved,source-level only,clean-negative source split is traceable; defect-free status is not re-proven by this audit
5,5.jpg,5m.jpg,clean_negative/clean_5_35.jpg,clean_negative,733,569,256,256,256,1108,1476,,,,,sliding_window_clean,,,,,,5,5.jpg,train,PASS,resolved,source-level only,clean-negative source split is traceable; defect-free status is not re-proven by this audit
5,5.jpg,5m.jpg,clean_negative/clean_5_36.jpg,clean_negative,781,569,256,256,256,1108,1476,,,,,sliding_window_clean,,,,,,5,5.jpg,train,PASS,resolved,source-level only,clean-negative source split is traceable; defect-free status is not re-proven by this audit
5,5.jpg,5m.jpg,clean_negative/clean_5_37.jpg,clean_negative,829,569,256,256,256,1108,1476,,,,,sliding_window_clean,,,,,,5,5.jpg,train,PASS,resolved,source-level only,clean-negative source split is traceable; defect-free status is not re-proven by this audit
5,5.jpg,5m.jpg,clean_negative/clean_5_38.jpg,clean_negative,664,591,256,256,256,1108,1476,,,,,sliding_window_clean,,,,,,5,5.jpg,train,PASS,resolved,source-level only,clean-negative source split is traceable; defect-free status is not re-proven by this audit
5,5.jpg,5m.jpg,clean_negative/clean_5_39.jpg,clean_negative,0,599,256,256,256,1108,1476,,,,,sliding_window_clean,,,,,,5,5.jpg,train,PASS,resolved,source-level only,clean-negative source split is traceable; defect-free status is not re-proven by this audit
5,5.jpg,5m.jpg,clean_negative/clean_5_40.jpg,clean_negative,48,599,256,256,256,1108,1476,,,,,sliding_window_clean,,,,,,5,5.jpg,train,PASS,resolved,source-level only,clean-negative source split is traceable; defect-free status is not re-proven by this audit
5,5.jpg,5m.jpg,clean_negative/clean_5_41.jpg,clean_negative,75,599,256,256,256,1108,1476,,,,,sliding_window_clean,,,,,,5,5.jpg,train,PASS,resolved,source-level only,clean-negative source split is traceable; defect-free status is not re-proven by this audit
5,5.jpg,5m.jpg,clean_negative/clean_5_42.jpg,clean_negative,664,617,256,256,256,1108,1476,,,,,sliding_window_clean,,,,,,5,5.jpg,train,PASS,resolved,source-level only,clean-negative source split is traceable; defect-free status is not re-proven by this audit
5,5.jpg,5m.jpg,clean_negative/clean_5_43.jpg,clean_negative,685,617,256,256,256,1108,1476,,,,,sliding_window_clean,,,,,,5,5.jpg,train,PASS,resolved,source-level only,clean-negative source split is traceable; defect-free status is not re-proven by this audit
5,5.jpg,5m.jpg,clean_negative/clean_5_44.jpg,clean_negative,733,617,256,256,256,1108,1476,,,,,sliding_window_clean,,,,,,5,5.jpg,train,PASS,resolved,source-level only,clean-negative source split is traceable; defect-free status is not re-proven by this audit
5,5.jpg,5m.jpg,clean_negative/clean_5_45.jpg,clean_negative,781,617,256,256,256,1108,1476,,,,,sliding_window_clean,,,,,,5,5.jpg,train,PASS,resolved,source-level only,clean-negative source split is traceable; defect-free status is not re-proven by this audit
5,5.jpg,5m.jpg,clean_negative/clean_5_46.jpg,clean_negative,829,617,256,256,256,1108,1476,,,,,sliding_window_clean,,,,,,5,5.jpg,train,PASS,resolved,source-level only,clean-negative source split is traceable; defect-free status is not re-proven by this audit
5,5.jpg,5m.jpg,clean_negative/clean_5_47.jpg,clean_negative,0,647,256,256,256,1108,1476,,,,,sliding_window_clean,,,,,,5,5.jpg,train,PASS,resolved,source-level only,clean-negative source split is traceable; defect-free status is not re-proven by this audit
5,5.jpg,5m.jpg,clean_negative/clean_5_48.jpg,clean_negative,48,647,256,256,256,1108,1476,,,,,sliding_window_clean,,,,,,5,5.jpg,train,PASS,resolved,source-level only,clean-negative source split is traceable; defect-free status is not re-proven by this audit
5,5.jpg,5m.jpg,clean_negative/clean_5_49.jpg,clean_negative,75,647,256,256,256,1108,1476,,,,,sliding_window_clean,,,,,,5,5.jpg,train,PASS,resolved,source-level only,clean-negative source split is traceable; defect-free status is not re-proven by this audit
5,5.jpg,5m.jpg,clean_negative/clean_5_50.jpg,clean_negative,660,665,256,256,256,1108,1476,,,,,sliding_window_clean,,,,,,5,5.jpg,train,PASS,resolved,source-level only,clean-negative source split is traceable; defect-free status is not re-proven by this audit
5,5.jpg,5m.jpg,clean_negative/clean_5_51.jpg,clean_negative,685,665,256,256,256,1108,1476,,,,,sliding_window_clean,,,,,,5,5.jpg,train,PASS,resolved,source-level only,clean-negative source split is traceable; defect-free status is not re-proven by this audit
5,5.jpg,5m.jpg,clean_negative/clean_5_52.jpg,clean_negative,733,665,256,256,256,1108,1476,,,,,sliding_window_clean,,,,,,5,5.jpg,train,PASS,resolved,source-level only,clean-negative source split is traceable; defect-free status is not re-proven by this audit
5,5.jpg,5m.jpg,clean_negative/clean_5_53.jpg,clean_negative,781,665,256,256,256,1108,1476,,,,,sliding_window_clean,,,,,,5,5.jpg,train,PASS,resolved,source-level only,clean-negative source split is traceable; defect-free status is not re-proven by this audit
5,5.jpg,5m.jpg,clean_negative/clean_5_54.jpg,clean_negative,829,665,256,256,256,1108,1476,,,,,sliding_window_clean,,,,,,5,5.jpg,train,PASS,resolved,source-level only,clean-negative source split is traceable; defect-free status is not re-proven by this audit
5,5.jpg,5m.jpg,clean_negative/clean_5_55.jpg,clean_negative,0,695,256,256,256,1108,1476,,,,,sliding_window_clean,,,,,,5,5.jpg,train,PASS,resolved,source-level only,clean-negative source split is traceable; defect-free status is not re-proven by this audit
5,5.jpg,5m.jpg,clean_negative/clean_5_56.jpg,clean_negative,48,695,256,256,256,1108,1476,,,,,sliding_window_clean,,,,,,5,5.jpg,train,PASS,resolved,source-level only,clean-negative source split is traceable; defect-free status is not re-proven by this audit
5,5.jpg,5m.jpg,clean_negative/clean_5_57.jpg,clean_negative,75,695,256,256,256,1108,1476,,,,,sliding_window_clean,,,,,,5,5.jpg,train,PASS,resolved,source-level only,clean-negative source split is traceable; defect-free status is not re-proven by this audit
5,5.jpg,5m.jpg,clean_negative/clean_5_58.jpg,clean_negative,660,713,256,256,256,1108,1476,,,,,sliding_window_clean,,,,,,5,5.jpg,train,PASS,resolved,source-level only,clean-negative source split is traceable; defect-free status is not re-proven by this audit
5,5.jpg,5m.jpg,clean_negative/clean_5_59.jpg,clean_negative,685,713,256,256,256,1108,1476,,,,,sliding_window_clean,,,,,,5,5.jpg,train,PASS,resolved,source-level only,clean-negative source split is traceable; defect-free status is not re-proven by this audit
5,5.jpg,5m.jpg,clean_negative/clean_5_60.jpg,clean_negative,733,713,256,256,256,1108,1476,,,,,sliding_window_clean,,,,,,5,5.jpg,train,PASS,resolved,source-level only,clean-negative source split is traceable; defect-free status is not re-proven by this audit
5,5.jpg,5m.jpg,clean_negative/clean_5_61.jpg,clean_negative,781,713,256,256,256,1108,1476,,,,,sliding_window_clean,,,,,,5,5.jpg,train,PASS,resolved,source-level only,clean-negative source split is traceable; defect-free status is not re-proven by this audit
5,5.jpg,5m.jpg,clean_negative/clean_5_62.jpg,clean_negative,829,713,256,256,256,1108,1476,,,,,sliding_window_clean,,,,,,5,5.jpg,train,PASS,resolved,source-level only,clean-negative source split is traceable; defect-free status is not re-proven by this audit
5,5.jpg,5m.jpg,clean_negative/clean_5_63.jpg,clean_negative,144,737,256,256,256,1108,1476,,,,,sliding_window_clean,,,,,,5,5.jpg,train,PASS,resolved,source-level only,clean-negative source split is traceable; defect-free status is not re-proven by this audit
5,5.jpg,5m.jpg,clean_negative/clean_5_64.jpg,clean_negative,192,737,256,256,256,1108,1476,,,,,sliding_window_clean,,,,,,5,5.jpg,train,PASS,resolved,source-level only,clean-negative source split is traceable; defect-free status is not re-proven by this audit
5,5.jpg,5m.jpg,clean_negative/clean_5_65.jpg,clean_negative,239,737,256,256,256,1108,1476,,,,,sliding_window_clean,,,,,,5,5.jpg,train,PASS,resolved,source-level only,clean-negative source split is traceable; defect-free status is not re-proven by this audit
5,5.jpg,5m.jpg,clean_negative/clean_5_66.jpg,clean_negative,248,739,256,256,256,1108,1476,,,,,sliding_window_clean,,,,,,5,5.jpg,train,PASS,resolved,source-level only,clean-negative source split is traceable; defect-free status is not re-proven by this audit
5,5.jpg,5m.jpg,clean_negative/clean_5_67.jpg,clean_negative,0,743,256,256,256,1108,1476,,,,,sliding_window_clean,,,,,,5,5.jpg,train,PASS,resolved,source-level only,clean-negative source split is traceable; defect-free status is not re-proven by this audit
5,5.jpg,5m.jpg,clean_negative/clean_5_68.jpg,clean_negative,48,743,256,256,256,1108,1476,,,,,sliding_window_clean,,,,,,5,5.jpg,train,PASS,resolved,source-level only,clean-negative source split is traceable; defect-free status is not re-proven by this audit
5,5.jpg,5m.jpg,clean_negative/clean_5_69.jpg,clean_negative,96,743,256,256,256,1108,1476,,,,,sliding_window_clean,,,,,,5,5.jpg,train,PASS,resolved,source-level only,clean-negative source split is traceable; defect-free status is not re-proven by this audit
5,5.jpg,5m.jpg,clean_negative/clean_5_70.jpg,clean_negative,144,743,256,256,256,1108,1476,,,,,sliding_window_clean,,,,,,5,5.jpg,train,PASS,resolved,source-level only,clean-negative source split is traceable; defect-free status is not re-proven by this audit
5,5.jpg,5m.jpg,clean_negative/clean_5_71.jpg,clean_negative,192,743,256,256,256,1108,1476,,,,,sliding_window_clean,,,,,,5,5.jpg,train,PASS,resolved,source-level only,clean-negative source split is traceable; defect-free status is not re-proven by this audit
5,5.jpg,5m.jpg,clean_negative/clean_5_72.jpg,clean_negative,240,743,256,256,256,1108,1476,,,,,sliding_window_clean,,,,,,5,5.jpg,train,PASS,resolved,source-level only,clean-negative source split is traceable; defect-free status is not re-proven by this audit
5,5.jpg,5m.jpg,clean_negative/clean_5_73.jpg,clean_negative,638,761,256,256,256,1108,1476,,,,,sliding_window_clean,,,,,,5,5.jpg,train,PASS,resolved,source-level only,clean-negative source split is traceable; defect-free status is not re-proven by this audit
5,5.jpg,5m.jpg,clean_negative/clean_5_74.jpg,clean_negative,685,761,256,256,256,1108,1476,,,,,sliding_window_clean,,,,,,5,5.jpg,train,PASS,resolved,source-level only,clean-negative source split is traceable; defect-free status is not re-proven by this audit
5,5.jpg,5m.jpg,clean_negative/clean_5_75.jpg,clean_negative,733,761,256,256,256,1108,1476,,,,,sliding_window_clean,,,,,,5,5.jpg,train,PASS,resolved,source-level only,clean-negative source split is traceable; defect-free status is not re-proven by this audit
5,5.jpg,5m.jpg,clean_negative/clean_5_76.jpg,clean_negative,781,761,256,256,256,1108,1476,,,,,sliding_window_clean,,,,,,5,5.jpg,train,PASS,resolved,source-level only,clean-negative source split is traceable; defect-free status is not re-proven by this audit
5,5.jpg,5m.jpg,clean_negative/clean_5_77.jpg,clean_negative,829,761,256,256,256,1108,1476,,,,,sliding_window_clean,,,,,,5,5.jpg,train,PASS,resolved,source-level only,clean-negative source split is traceable; defect-free status is not re-proven by this audit
5,5.jpg,5m.jpg,clean_negative/clean_5_78.jpg,clean_negative,288,771,256,256,256,1108,1476,,,,,sliding_window_clean,,,,,,5,5.jpg,train,PASS,resolved,source-level only,clean-negative source split is traceable; defect-free status is not re-proven by this audit
5,5.jpg,5m.jpg,clean_negative/clean_5_79.jpg,clean_negative,192,773,256,256,256,1108,1476,,,,,sliding_window_clean,,,,,,5,5.jpg,train,PASS,resolved,source-level only,clean-negative source split is traceable; defect-free status is not re-proven by this audit
5,5.jpg,5m.jpg,clean_negative/clean_5_80.jpg,clean_negative,240,773,256,256,256,1108,1476,,,,,sliding_window_clean,,,,,,5,5.jpg,train,PASS,resolved,source-level only,clean-negative source split is traceable; defect-free status is not re-proven by this audit
5,5.jpg,5m.jpg,clean_negative/clean_5_81.jpg,clean_negative,288,773,256,256,256,1108,1476,,,,,sliding_window_clean,,,,,,5,5.jpg,train,PASS,resolved,source-level only,clean-negative source split is traceable; defect-free status is not re-proven by this audit
5,5.jpg,5m.jpg,clean_negative/clean_5_82.jpg,clean_negative,139,782,256,256,256,1108,1476,,,,,sliding_window_clean,,,,,,5,5.jpg,train,PASS,resolved,source-level only,clean-negative source split is traceable; defect-free status is not re-proven by this audit
5,5.jpg,5m.jpg,clean_negative/clean_5_83.jpg,clean_negative,0,791,256,256,256,1108,1476,,,,,sliding_window_clean,,,,,,5,5.jpg,train,PASS,resolved,source-level only,clean-negative source split is traceable; defect-free status is not re-proven by this audit
5,5.jpg,5m.jpg,clean_negative/clean_5_84.jpg,clean_negative,48,791,256,256,256,1108,1476,,,,,sliding_window_clean,,,,,,5,5.jpg,train,PASS,resolved,source-level only,clean-negative source split is traceable; defect-free status is not re-proven by this audit
5,5.jpg,5m.jpg,clean_negative/clean_5_85.jpg,clean_negative,96,791,256,256,256,1108,1476,,,,,sliding_window_clean,,,,,,5,5.jpg,train,PASS,resolved,source-level only,clean-negative source split is traceable; defect-free status is not re-proven by this audit
5,5.jpg,5m.jpg,clean_negative/clean_5_86.jpg,clean_negative,637,809,256,256,256,1108,1476,,,,,sliding_window_clean,,,,,,5,5.jpg,train,PASS,resolved,source-level only,clean-negative source split is traceable; defect-free status is not re-proven by this audit
5,5.jpg,5m.jpg,clean_negative/clean_5_87.jpg,clean_negative,685,809,256,256,256,1108,1476,,,,,sliding_window_clean,,,,,,5,5.jpg,train,PASS,resolved,source-level only,clean-negative source split is traceable; defect-free status is not re-proven by this audit
5,5.jpg,5m.jpg,clean_negative/clean_5_88.jpg,clean_negative,733,809,256,256,256,1108,1476,,,,,sliding_window_clean,,,,,,5,5.jpg,train,PASS,resolved,source-level only,clean-negative source split is traceable; defect-free status is not re-proven by this audit
5,5.jpg,5m.jpg,clean_negative/clean_5_89.jpg,clean_negative,781,809,256,256,256,1108,1476,,,,,sliding_window_clean,,,,,,5,5.jpg,train,PASS,resolved,source-level only,clean-negative source split is traceable; defect-free status is not re-proven by this audit
5,5.jpg,5m.jpg,clean_negative/clean_5_90.jpg,clean_negative,829,809,256,256,256,1108,1476,,,,,sliding_window_clean,,,,,,5,5.jpg,train,PASS,resolved,source-level only,clean-negative source split is traceable; defect-free status is not re-proven by this audit
5,5.jpg,5m.jpg,clean_negative/clean_5_91.jpg,clean_negative,637,820,256,256,256,1108,1476,,,,,sliding_window_clean,,,,,,5,5.jpg,train,PASS,resolved,source-level only,clean-negative source split is traceable; defect-free status is not re-proven by this audit
5,5.jpg,5m.jpg,clean_negative/clean_5_92.jpg,clean_negative,685,820,256,256,256,1108,1476,,,,,sliding_window_clean,,,,,,5,5.jpg,train,PASS,resolved,source-level only,clean-negative source split is traceable; defect-free status is not re-proven by this audit
5,5.jpg,5m.jpg,clean_negative/clean_5_93.jpg,clean_negative,0,839,256,256,256,1108,1476,,,,,sliding_window_clean,,,,,,5,5.jpg,train,PASS,resolved,source-level only,clean-negative source split is traceable; defect-free status is not re-proven by this audit
5,5.jpg,5m.jpg,clean_negative/clean_5_94.jpg,clean_negative,48,839,256,256,256,1108,1476,,,,,sliding_window_clean,,,,,,5,5.jpg,train,PASS,resolved,source-level only,clean-negative source split is traceable; defect-free status is not re-proven by this audit
5,5.jpg,5m.jpg,clean_negative/clean_5_95.jpg,clean_negative,96,839,256,256,256,1108,1476,,,,,sliding_window_clean,,,,,,5,5.jpg,train,PASS,resolved,source-level only,clean-negative source split is traceable; defect-free status is not re-proven by this audit
5,5.jpg,5m.jpg,clean_negative/clean_5_96.jpg,clean_negative,118,839,256,256,256,1108,1476,,,,,sliding_window_clean,,,,,,5,5.jpg,train,PASS,resolved,source-level only,clean-negative source split is traceable; defect-free status is not re-proven by this audit
5,5.jpg,5m.jpg,clean_negative/clean_5_97.jpg,clean_negative,744,857,256,256,256,1108,1476,,,,,sliding_window_clean,,,,,,5,5.jpg,train,PASS,resolved,source-level only,clean-negative source split is traceable; defect-free status is not re-proven by this audit
5,5.jpg,5m.jpg,clean_negative/clean_5_98.jpg,clean_negative,781,857,256,256,256,1108,1476,,,,,sliding_window_clean,,,,,,5,5.jpg,train,PASS,resolved,source-level only,clean-negative source split is traceable; defect-free status is not re-proven by this audit
5,5.jpg,5m.jpg,clean_negative/clean_5_99.jpg,clean_negative,829,857,256,256,256,1108,1476,,,,,sliding_window_clean,,,,,,5,5.jpg,train,PASS,resolved,source-level only,clean-negative source split is traceable; defect-free status is not re-proven by this audit
5,5.jpg,5m.jpg,clean_negative/clean_5_100.jpg,clean_negative,0,887,256,256,256,1108,1476,,,,,sliding_window_clean,,,,,,5,5.jpg,train,PASS,resolved,source-level only,clean-negative source split is traceable; defect-free status is not re-proven by this audit
5,5.jpg,5m.jpg,clean_negative/clean_5_101.jpg,clean_negative,48,887,256,256,256,1108,1476,,,,,sliding_window_clean,,,,,,5,5.jpg,train,PASS,resolved,source-level only,clean-negative source split is traceable; defect-free status is not re-proven by this audit
5,5.jpg,5m.jpg,clean_negative/clean_5_102.jpg,clean_negative,96,887,256,256,256,1108,1476,,,,,sliding_window_clean,,,,,,5,5.jpg,train,PASS,resolved,source-level only,clean-negative source split is traceable; defect-free status is not re-proven by this audit
5,5.jpg,5m.jpg,clean_negative/clean_5_103.jpg,clean_negative,118,887,256,256,256,1108,1476,,,,,sliding_window_clean,,,,,,5,5.jpg,train,PASS,resolved,source-level only,clean-negative source split is traceable; defect-free status is not re-proven by this audit
5,5.jpg,5m.jpg,clean_negative/clean_5_104.jpg,clean_negative,744,905,256,256,256,1108,1476,,,,,sliding_window_clean,,,,,,5,5.jpg,train,PASS,resolved,source-level only,clean-negative source split is traceable; defect-free status is not re-proven by this audit
5,5.jpg,5m.jpg,clean_negative/clean_5_105.jpg,clean_negative,781,905,256,256,256,1108,1476,,,,,sliding_window_clean,,,,,,5,5.jpg,train,PASS,resolved,source-level only,clean-negative source split is traceable; defect-free status is not re-proven by this audit
5,5.jpg,5m.jpg,clean_negative/clean_5_106.jpg,clean_negative,829,905,256,256,256,1108,1476,,,,,sliding_window_clean,,,,,,5,5.jpg,train,PASS,resolved,source-level only,clean-negative source split is traceable; defect-free status is not re-proven by this audit
5,5.jpg,5m.jpg,clean_negative/clean_5_107.jpg,clean_negative,0,935,256,256,256,1108,1476,,,,,sliding_window_clean,,,,,,5,5.jpg,train,PASS,resolved,source-level only,clean-negative source split is traceable; defect-free status is not re-proven by this audit
5,5.jpg,5m.jpg,clean_negative/clean_5_108.jpg,clean_negative,48,935,256,256,256,1108,1476,,,,,sliding_window_clean,,,,,,5,5.jpg,train,PASS,resolved,source-level only,clean-negative source split is traceable; defect-free status is not re-proven by this audit
5,5.jpg,5m.jpg,clean_negative/clean_5_109.jpg,clean_negative,96,935,256,256,256,1108,1476,,,,,sliding_window_clean,,,,,,5,5.jpg,train,PASS,resolved,source-level only,clean-negative source split is traceable; defect-free status is not re-proven by this audit
5,5.jpg,5m.jpg,clean_negative/clean_5_110.jpg,clean_negative,118,935,256,256,256,1108,1476,,,,,sliding_window_clean,,,,,,5,5.jpg,train,PASS,resolved,source-level only,clean-negative source split is traceable; defect-free status is not re-proven by this audit
5,5.jpg,5m.jpg,clean_negative/clean_5_111.jpg,clean_negative,744,953,256,256,256,1108,1476,,,,,sliding_window_clean,,,,,,5,5.jpg,train,PASS,resolved,source-level only,clean-negative source split is traceable; defect-free status is not re-proven by this audit
5,5.jpg,5m.jpg,clean_negative/clean_5_112.jpg,clean_negative,781,953,256,256,256,1108,1476,,,,,sliding_window_clean,,,,,,5,5.jpg,train,PASS,resolved,source-level only,clean-negative source split is traceable; defect-free status is not re-proven by this audit
5,5.jpg,5m.jpg,clean_negative/clean_5_113.jpg,clean_negative,829,953,256,256,256,1108,1476,,,,,sliding_window_clean,,,,,,5,5.jpg,train,PASS,resolved,source-level only,clean-negative source split is traceable; defect-free status is not re-proven by this audit
5,5.jpg,5m.jpg,clean_negative/clean_5_114.jpg,clean_negative,0,983,256,256,256,1108,1476,,,,,sliding_window_clean,,,,,,5,5.jpg,train,PASS,resolved,source-level only,clean-negative source split is traceable; defect-free status is not re-proven by this audit
5,5.jpg,5m.jpg,clean_negative/clean_5_115.jpg,clean_negative,48,983,256,256,256,1108,1476,,,,,sliding_window_clean,,,,,,5,5.jpg,train,PASS,resolved,source-level only,clean-negative source split is traceable; defect-free status is not re-proven by this audit
5,5.jpg,5m.jpg,clean_negative/clean_5_116.jpg,clean_negative,96,983,256,256,256,1108,1476,,,,,sliding_window_clean,,,,,,5,5.jpg,train,PASS,resolved,source-level only,clean-negative source split is traceable; defect-free status is not re-proven by this audit
5,5.jpg,5m.jpg,clean_negative/clean_5_117.jpg,clean_negative,118,983,256,256,256,1108,1476,,,,,sliding_window_clean,,,,,,5,5.jpg,train,PASS,resolved,source-level only,clean-negative source split is traceable; defect-free status is not re-proven by this audit
5,5.jpg,5m.jpg,clean_negative/clean_5_118.jpg,clean_negative,744,1001,256,256,256,1108,1476,,,,,sliding_window_clean,,,,,,5,5.jpg,train,PASS,resolved,source-level only,clean-negative source split is traceable; defect-free status is not re-proven by this audit
5,5.jpg,5m.jpg,clean_negative/clean_5_119.jpg,clean_negative,781,1001,256,256,256,1108,1476,,,,,sliding_window_clean,,,,,,5,5.jpg,train,PASS,resolved,source-level only,clean-negative source split is traceable; defect-free status is not re-proven by this audit
5,5.jpg,5m.jpg,clean_negative/clean_5_120.jpg,clean_negative,829,1001,256,256,256,1108,1476,,,,,sliding_window_clean,,,,,,5,5.jpg,train,PASS,resolved,source-level only,clean-negative source split is traceable; defect-free status is not re-proven by this audit
5,5.jpg,5m.jpg,clean_negative/clean_5_121.jpg,clean_negative,0,1031,256,256,256,1108,1476,,,,,sliding_window_clean,,,,,,5,5.jpg,train,PASS,resolved,source-level only,clean-negative source split is traceable; defect-free status is not re-proven by this audit
5,5.jpg,5m.jpg,clean_negative/clean_5_122.jpg,clean_negative,48,1031,256,256,256,1108,1476,,,,,sliding_window_clean,,,,,,5,5.jpg,train,PASS,resolved,source-level only,clean-negative source split is traceable; defect-free status is not re-proven by this audit
5,5.jpg,5m.jpg,clean_negative/clean_5_123.jpg,clean_negative,96,1031,256,256,256,1108,1476,,,,,sliding_window_clean,,,,,,5,5.jpg,train,PASS,resolved,source-level only,clean-negative source split is traceable; defect-free status is not re-proven by this audit
5,5.jpg,5m.jpg,clean_negative/clean_5_124.jpg,clean_negative,118,1031,256,256,256,1108,1476,,,,,sliding_window_clean,,,,,,5,5.jpg,train,PASS,resolved,source-level only,clean-negative source split is traceable; defect-free status is not re-proven by this audit
5,5.jpg,5m.jpg,clean_negative/clean_5_125.jpg,clean_negative,744,1049,256,256,256,1108,1476,,,,,sliding_window_clean,,,,,,5,5.jpg,train,PASS,resolved,source-level only,clean-negative source split is traceable; defect-free status is not re-proven by this audit
5,5.jpg,5m.jpg,clean_negative/clean_5_126.jpg,clean_negative,781,1049,256,256,256,1108,1476,,,,,sliding_window_clean,,,,,,5,5.jpg,train,PASS,resolved,source-level only,clean-negative source split is traceable; defect-free status is not re-proven by this audit
5,5.jpg,5m.jpg,clean_negative/clean_5_127.jpg,clean_negative,829,1049,256,256,256,1108,1476,,,,,sliding_window_clean,,,,,,5,5.jpg,train,PASS,resolved,source-level only,clean-negative source split is traceable; defect-free status is not re-proven by this audit
5,5.jpg,5m.jpg,clean_negative/clean_5_128.jpg,clean_negative,118,1067,256,256,256,1108,1476,,,,,sliding_window_clean,,,,,,5,5.jpg,train,PASS,resolved,source-level only,clean-negative source split is traceable; defect-free status is not re-proven by this audit
5,5.jpg,5m.jpg,clean_negative/clean_5_129.jpg,clean_negative,117,1068,256,256,256,1108,1476,,,,,sliding_window_clean,,,,,,5,5.jpg,train,PASS,resolved,source-level only,clean-negative source split is traceable; defect-free status is not re-proven by this audit
5,5.jpg,5m.jpg,clean_negative/clean_5_130.jpg,clean_negative,95,1075,256,256,256,1108,1476,,,,,sliding_window_clean,,,,,,5,5.jpg,train,PASS,resolved,source-level only,clean-negative source split is traceable; defect-free status is not re-proven by this audit
5,5.jpg,5m.jpg,clean_negative/clean_5_131.jpg,clean_negative,0,1079,256,256,256,1108,1476,,,,,sliding_window_clean,,,,,,5,5.jpg,train,PASS,resolved,source-level only,clean-negative source split is traceable; defect-free status is not re-proven by this audit
5,5.jpg,5m.jpg,clean_negative/clean_5_132.jpg,clean_negative,48,1079,256,256,256,1108,1476,,,,,sliding_window_clean,,,,,,5,5.jpg,train,PASS,resolved,source-level only,clean-negative source split is traceable; defect-free status is not re-proven by this audit
5,5.jpg,5m.jpg,clean_negative/clean_5_133.jpg,clean_negative,744,1097,256,256,256,1108,1476,,,,,sliding_window_clean,,,,,,5,5.jpg,train,PASS,resolved,source-level only,clean-negative source split is traceable; defect-free status is not re-proven by this audit
5,5.jpg,5m.jpg,clean_negative/clean_5_134.jpg,clean_negative,781,1097,256,256,256,1108,1476,,,,,sliding_window_clean,,,,,,5,5.jpg,train,PASS,resolved,source-level only,clean-negative source split is traceable; defect-free status is not re-proven by this audit
5,5.jpg,5m.jpg,clean_negative/clean_5_135.jpg,clean_negative,829,1097,256,256,256,1108,1476,,,,,sliding_window_clean,,,,,,5,5.jpg,train,PASS,resolved,source-level only,clean-negative source split is traceable; defect-free status is not re-proven by this audit
5,5.jpg,5m.jpg,clean_negative/clean_5_136.jpg,clean_negative,0,1127,256,256,256,1108,1476,,,,,sliding_window_clean,,,,,,5,5.jpg,train,PASS,resolved,source-level only,clean-negative source split is traceable; defect-free status is not re-proven by this audit
5,5.jpg,5m.jpg,clean_negative/clean_5_137.jpg,clean_negative,48,1127,256,256,256,1108,1476,,,,,sliding_window_clean,,,,,,5,5.jpg,train,PASS,resolved,source-level only,clean-negative source split is traceable; defect-free status is not re-proven by this audit
5,5.jpg,5m.jpg,clean_negative/clean_5_138.jpg,clean_negative,69,1127,256,256,256,1108,1476,,,,,sliding_window_clean,,,,,,5,5.jpg,train,PASS,resolved,source-level only,clean-negative source split is traceable; defect-free status is not re-proven by this audit
5,5.jpg,5m.jpg,clean_negative/clean_5_139.jpg,clean_negative,734,1145,256,256,256,1108,1476,,,,,sliding_window_clean,,,,,,5,5.jpg,train,PASS,resolved,source-level only,clean-negative source split is traceable; defect-free status is not re-proven by this audit
5,5.jpg,5m.jpg,clean_negative/clean_5_140.jpg,clean_negative,781,1145,256,256,256,1108,1476,,,,,sliding_window_clean,,,,,,5,5.jpg,train,PASS,resolved,source-level only,clean-negative source split is traceable; defect-free status is not re-proven by this audit
5,5.jpg,5m.jpg,clean_negative/clean_5_141.jpg,clean_negative,829,1145,256,256,256,1108,1476,,,,,sliding_window_clean,,,,,,5,5.jpg,train,PASS,resolved,source-level only,clean-negative source split is traceable; defect-free status is not re-proven by this audit
5,5.jpg,5m.jpg,clean_negative/clean_5_142.jpg,clean_negative,713,1165,256,256,256,1108,1476,,,,,sliding_window_clean,,,,,,5,5.jpg,train,PASS,resolved,source-level only,clean-negative source split is traceable; defect-free status is not re-proven by this audit
5,5.jpg,5m.jpg,clean_negative/clean_5_143.jpg,clean_negative,0,1175,256,256,256,1108,1476,,,,,sliding_window_clean,,,,,,5,5.jpg,train,PASS,resolved,source-level only,clean-negative source split is traceable; defect-free status is not re-proven by this audit
5,5.jpg,5m.jpg,clean_negative/clean_5_144.jpg,clean_negative,48,1175,256,256,256,1108,1476,,,,,sliding_window_clean,,,,,,5,5.jpg,train,PASS,resolved,source-level only,clean-negative source split is traceable; defect-free status is not re-proven by this audit
5,5.jpg,5m.jpg,clean_negative/clean_5_145.jpg,clean_negative,69,1175,256,256,256,1108,1476,,,,,sliding_window_clean,,,,,,5,5.jpg,train,PASS,resolved,source-level only,clean-negative source split is traceable; defect-free status is not re-proven by this audit
5,5.jpg,5m.jpg,clean_negative/clean_5_146.jpg,clean_negative,713,1193,256,256,256,1108,1476,,,,,sliding_window_clean,,,,,,5,5.jpg,train,PASS,resolved,source-level only,clean-negative source split is traceable; defect-free status is not re-proven by this audit
5,5.jpg,5m.jpg,clean_negative/clean_5_147.jpg,clean_negative,733,1193,256,256,256,1108,1476,,,,,sliding_window_clean,,,,,,5,5.jpg,train,PASS,resolved,source-level only,clean-negative source split is traceable; defect-free status is not re-proven by this audit
5,5.jpg,5m.jpg,clean_negative/clean_5_148.jpg,clean_negative,781,1193,256,256,256,1108,1476,,,,,sliding_window_clean,,,,,,5,5.jpg,train,PASS,resolved,source-level only,clean-negative source split is traceable; defect-free status is not re-proven by this audit
5,5.jpg,5m.jpg,clean_negative/clean_5_149.jpg,clean_negative,829,1193,256,256,256,1108,1476,,,,,sliding_window_clean,,,,,,5,5.jpg,train,PASS,resolved,source-level only,clean-negative source split is traceable; defect-free status is not re-proven by this audit
5,5.jpg,5m.jpg,clean_negative/clean_5_150.jpg,clean_negative,0,1220,256,256,256,1108,1476,,,,,sliding_window_clean,,,,,,5,5.jpg,train,PASS,resolved,source-level only,clean-negative source split is traceable; defect-free status is not re-proven by this audit
5,5.jpg,5m.jpg,clean_negative/clean_5_151.jpg,clean_negative,48,1220,256,256,256,1108,1476,,,,,sliding_window_clean,,,,,,5,5.jpg,train,PASS,resolved,source-level only,clean-negative source split is traceable; defect-free status is not re-proven by this audit
5,5.jpg,5m.jpg,clean_negative/clean_5_152.jpg,clean_negative,69,1220,256,256,256,1108,1476,,,,,sliding_window_clean,,,,,,5,5.jpg,train,PASS,resolved,source-level only,clean-negative source split is traceable; defect-free status is not re-proven by this audit
5,5.jpg,5m.jpg,clean_negative/clean_5_153.jpg,clean_negative,713,1220,256,256,256,1108,1476,,,,,sliding_window_clean,,,,,,5,5.jpg,train,PASS,resolved,source-level only,clean-negative source split is traceable; defect-free status is not re-proven by this audit
5,5.jpg,5m.jpg,clean_negative/clean_5_154.jpg,clean_negative,733,1220,256,256,256,1108,1476,,,,,sliding_window_clean,,,,,,5,5.jpg,train,PASS,resolved,source-level only,clean-negative source split is traceable; defect-free status is not re-proven by this audit
5,5.jpg,5m.jpg,clean_negative/clean_5_155.jpg,clean_negative,781,1220,256,256,256,1108,1476,,,,,sliding_window_clean,,,,,,5,5.jpg,train,PASS,resolved,source-level only,clean-negative source split is traceable; defect-free status is not re-proven by this audit
5,5.jpg,5m.jpg,clean_negative/clean_5_156.jpg,clean_negative,829,1220,256,256,256,1108,1476,,,,,sliding_window_clean,,,,,,5,5.jpg,train,PASS,resolved,source-level only,clean-negative source split is traceable; defect-free status is not re-proven by this audit
5,5.jpg,5m.jpg,dirty_positive/dirty_5_1.jpg,dirty_positive,682,0,256,256,256,1108,1476,1,810,120,564,centered_positive,682,0,registered,registered,homography_inliers=4596/4598,5,5.jpg,train,PASS,resolved,exact,
5,5.jpg,5m.jpg,dirty_positive/dirty_5_2.jpg,dirty_positive,628,0,256,256,256,1108,1476,1,810,120,564,jittered_positive,628,0,registered,registered,homography_inliers=4596/4598,5,5.jpg,train,PASS,resolved,exact,
5,5.jpg,5m.jpg,dirty_positive/dirty_5_3.jpg,dirty_positive,738,49,256,256,256,1108,1476,1,810,120,564,jittered_positive,738,49,registered,registered,homography_inliers=4596/4598,5,5.jpg,train,PASS,resolved,exact,
5,5.jpg,5m.jpg,dirty_positive/dirty_5_4.jpg,dirty_positive,689,0,256,256,256,1108,1476,1,810,120,564,jittered_positive,689,0,registered,registered,homography_inliers=4596/4598,5,5.jpg,train,PASS,resolved,exact,
5,5.jpg,5m.jpg,dirty_positive/dirty_5_5.jpg,dirty_positive,616,9,256,256,256,1108,1476,2,744,137,547,centered_positive,616,9,registered,registered,homography_inliers=4596/4598,5,5.jpg,train,PASS,resolved,exact,
5,5.jpg,5m.jpg,dirty_positive/dirty_5_6.jpg,dirty_positive,663,70,256,256,256,1108,1476,2,744,137,547,jittered_positive,663,70,registered,registered,homography_inliers=4596/4598,5,5.jpg,train,PASS,resolved,exact,
5,5.jpg,5m.jpg,dirty_positive/dirty_5_7.jpg,dirty_positive,575,65,256,256,256,1108,1476,2,744,137,547,jittered_positive,575,65,registered,registered,homography_inliers=4596/4598,5,5.jpg,train,PASS,resolved,exact,
5,5.jpg,5m.jpg,dirty_positive/dirty_5_8.jpg,dirty_positive,641,49,256,256,256,1108,1476,2,744,137,547,jittered_positive,641,49,registered,registered,homography_inliers=4596/4598,5,5.jpg,train,PASS,resolved,exact,
5,5.jpg,5m.jpg,dirty_positive/dirty_5_9.jpg,dirty_positive,711,94,256,256,256,1108,1476,3,839,222,2087,centered_positive,711,94,registered,registered,homography_inliers=4596/4598,5,5.jpg,train,PASS,resolved,exact,
5,5.jpg,5m.jpg,dirty_positive/dirty_5_10.jpg,dirty_positive,732,112,256,256,256,1108,1476,3,839,222,2087,jittered_positive,732,112,registered,registered,homography_inliers=4596/4598,5,5.jpg,train,PASS,resolved,exact,
5,5.jpg,5m.jpg,dirty_positive/dirty_5_11.jpg,dirty_positive,673,71,256,256,256,1108,1476,3,839,222,2087,jittered_positive,673,71,registered,registered,homography_inliers=4596/4598,5,5.jpg,train,PASS,resolved,exact,
5,5.jpg,5m.jpg,dirty_positive/dirty_5_12.jpg,dirty_positive,731,135,256,256,256,1108,1476,3,839,222,2087,jittered_positive,731,135,registered,registered,homography_inliers=4596/4598,5,5.jpg,train,PASS,resolved,exact,
5,5.jpg,5m.jpg,dirty_positive/dirty_5_13.jpg,dirty_positive,564,125,256,256,256,1108,1476,4,692,253,890,centered_positive,564,125,registered,registered,homography_inliers=4596/4598,5,5.jpg,train,PASS,resolved,exact,
5,5.jpg,5m.jpg,dirty_positive/dirty_5_14.jpg,dirty_positive,626,134,256,256,256,1108,1476,4,692,253,890,jittered_positive,626,134,registered,registered,homography_inliers=4596/4598,5,5.jpg,train,PASS,resolved,exact,
5,5.jpg,5m.jpg,dirty_positive/dirty_5_15.jpg,dirty_positive,602,70,256,256,256,1108,1476,4,692,253,890,jittered_positive,602,70,registered,registered,homography_inliers=4596/4598,5,5.jpg,train,PASS,resolved,exact,
5,5.jpg,5m.jpg,dirty_positive/dirty_5_16.jpg,dirty_positive,616,83,256,256,256,1108,1476,4,692,253,890,jittered_positive,616,83,registered,registered,homography_inliers=4596/4598,5,5.jpg,train,PASS,resolved,exact,
5,5.jpg,5m.jpg,dirty_positive/dirty_5_17.jpg,dirty_positive,197,129,256,256,256,1108,1476,5,325,257,577,centered_positive,197,129,registered,registered,homography_inliers=4596/4598,5,5.jpg,train,PASS,resolved,exact,
5,5.jpg,5m.jpg,dirty_positive/dirty_5_18.jpg,dirty_positive,213,129,256,256,256,1108,1476,5,325,257,577,jittered_positive,213,129,registered,registered,homography_inliers=4596/4598,5,5.jpg,train,PASS,resolved,exact,
5,5.jpg,5m.jpg,dirty_positive/dirty_5_19.jpg,dirty_positive,215,94,256,256,256,1108,1476,5,325,257,577,jittered_positive,215,94,registered,registered,homography_inliers=4596/4598,5,5.jpg,train,PASS,resolved,exact,
5,5.jpg,5m.jpg,dirty_positive/dirty_5_20.jpg,dirty_positive,236,65,256,256,256,1108,1476,5,325,257,577,jittered_positive,236,65,registered,registered,homography_inliers=4596/4598,5,5.jpg,train,PASS,resolved,exact,
5,5.jpg,5m.jpg,dirty_positive/dirty_5_21.jpg,dirty_positive,137,140,256,256,256,1108,1476,6,265,268,623,centered_positive,137,140,registered,registered,homography_inliers=4596/4598,5,5.jpg,train,PASS,resolved,exact,
5,5.jpg,5m.jpg,dirty_positive/dirty_5_22.jpg,dirty_positive,191,181,256,256,256,1108,1476,6,265,268,623,jittered_positive,191,181,registered,registered,homography_inliers=4596/4598,5,5.jpg,train,PASS,resolved,exact,
5,5.jpg,5m.jpg,dirty_positive/dirty_5_23.jpg,dirty_positive,86,124,256,256,256,1108,1476,6,265,268,623,jittered_positive,86,124,registered,registered,homography_inliers=4596/4598,5,5.jpg,train,PASS,resolved,exact,
5,5.jpg,5m.jpg,dirty_positive/dirty_5_24.jpg,dirty_positive,165,203,256,256,256,1108,1476,6,265,268,623,jittered_positive,165,203,registered,registered,homography_inliers=4596/4598,5,5.jpg,train,PASS,resolved,exact,
5,5.jpg,5m.jpg,dirty_positive/dirty_5_25.jpg,dirty_positive,251,192,256,256,256,1108,1476,7,379,320,970,centered_positive,251,192,registered,registered,homography_inliers=4596/4598,5,5.jpg,train,PASS,resolved,exact,
5,5.jpg,5m.jpg,dirty_positive/dirty_5_26.jpg,dirty_positive,300,141,256,256,256,1108,1476,7,379,320,970,jittered_positive,300,141,registered,registered,homography_inliers=4596/4598,5,5.jpg,train,PASS,resolved,exact,
5,5.jpg,5m.jpg,dirty_positive/dirty_5_27.jpg,dirty_positive,239,196,256,256,256,1108,1476,7,379,320,970,jittered_positive,239,196,registered,registered,homography_inliers=4596/4598,5,5.jpg,train,PASS,resolved,exact,
5,5.jpg,5m.jpg,dirty_positive/dirty_5_28.jpg,dirty_positive,220,201,256,256,256,1108,1476,7,379,320,970,jittered_positive,220,201,registered,registered,homography_inliers=4596/4598,5,5.jpg,train,PASS,resolved,exact,
5,5.jpg,5m.jpg,dirty_positive/dirty_5_29.jpg,dirty_positive,741,211,256,256,256,1108,1476,8,869,339,497,centered_positive,741,211,registered,registered,homography_inliers=4596/4598,5,5.jpg,train,PASS,resolved,exact,
5,5.jpg,5m.jpg,dirty_positive/dirty_5_30.jpg,dirty_positive,789,271,256,256,256,1108,1476,8,869,339,497,jittered_positive,789,271,registered,registered,homography_inliers=4596/4598,5,5.jpg,train,PASS,resolved,exact,
5,5.jpg,5m.jpg,dirty_positive/dirty_5_31.jpg,dirty_positive,708,154,256,256,256,1108,1476,8,869,339,497,jittered_positive,708,154,registered,registered,homography_inliers=4596/4598,5,5.jpg,train,PASS,resolved,exact,
5,5.jpg,5m.jpg,dirty_positive/dirty_5_32.jpg,dirty_positive,738,187,256,256,256,1108,1476,8,869,339,497,jittered_positive,738,187,registered,registered,homography_inliers=4596/4598,5,5.jpg,train,PASS,resolved,exact,
5,5.jpg,5m.jpg,dirty_positive/dirty_5_33.jpg,dirty_positive,632,217,256,256,256,1108,1476,9,760,345,475,centered_positive,632,217,registered,registered,homography_inliers=4596/4598,5,5.jpg,train,PASS,resolved,exact,
5,5.jpg,5m.jpg,dirty_positive/dirty_5_34.jpg,dirty_positive,647,156,256,256,256,1108,1476,9,760,345,475,jittered_positive,647,156,registered,registered,homography_inliers=4596/4598,5,5.jpg,train,PASS,resolved,exact,
5,5.jpg,5m.jpg,dirty_positive/dirty_5_35.jpg,dirty_positive,672,176,256,256,256,1108,1476,9,760,345,475,jittered_positive,672,176,registered,registered,homography_inliers=4596/4598,5,5.jpg,train,PASS,resolved,exact,
5,5.jpg,5m.jpg,dirty_positive/dirty_5_36.jpg,dirty_positive,625,182,256,256,256,1108,1476,9,760,345,475,jittered_positive,625,182,registered,registered,homography_inliers=4596/4598,5,5.jpg,train,PASS,resolved,exact,
5,5.jpg,5m.jpg,dirty_positive/dirty_5_37.jpg,dirty_positive,694,230,256,256,256,1108,1476,10,822,358,464,centered_positive,694,230,registered,registered,homography_inliers=4596/4598,5,5.jpg,train,PASS,resolved,exact,
5,5.jpg,5m.jpg,dirty_positive/dirty_5_38.jpg,dirty_positive,748,196,256,256,256,1108,1476,10,822,358,464,jittered_positive,748,196,registered,registered,homography_inliers=4596/4598,5,5.jpg,train,PASS,resolved,exact,
5,5.jpg,5m.jpg,dirty_positive/dirty_5_39.jpg,dirty_positive,669,293,256,256,256,1108,1476,10,822,358,464,jittered_positive,669,293,registered,registered,homography_inliers=4596/4598,5,5.jpg,train,PASS,resolved,exact,
5,5.jpg,5m.jpg,dirty_positive/dirty_5_40.jpg,dirty_positive,704,235,256,256,256,1108,1476,10,822,358,464,jittered_positive,704,235,registered,registered,homography_inliers=4596/4598,5,5.jpg,train,PASS,resolved,exact,
5,5.jpg,5m.jpg,dirty_positive/dirty_5_41.jpg,dirty_positive,629,303,256,256,256,1108,1476,11,757,431,1103,centered_positive,629,303,registered,registered,homography_inliers=4596/4598,5,5.jpg,train,PASS,resolved,exact,
5,5.jpg,5m.jpg,dirty_positive/dirty_5_42.jpg,dirty_positive,671,362,256,256,256,1108,1476,11,757,431,1103,jittered_positive,671,362,registered,registered,homography_inliers=4596/4598,5,5.jpg,train,PASS,resolved,exact,
5,5.jpg,5m.jpg,dirty_positive/dirty_5_43.jpg,dirty_positive,685,301,256,256,256,1108,1476,11,757,431,1103,jittered_positive,685,301,registered,registered,homography_inliers=4596/4598,5,5.jpg,train,PASS,resolved,exact,
5,5.jpg,5m.jpg,dirty_positive/dirty_5_44.jpg,dirty_positive,681,276,256,256,256,1108,1476,11,757,431,1103,jittered_positive,681,276,registered,registered,homography_inliers=4596/4598,5,5.jpg,train,PASS,resolved,exact,
5,5.jpg,5m.jpg,dirty_positive/dirty_5_45.jpg,dirty_positive,225,375,256,256,256,1108,1476,12,353,503,751,centered_positive,225,375,registered,registered,homography_inliers=4596/4598,5,5.jpg,train,PASS,resolved,exact,
5,5.jpg,5m.jpg,dirty_positive/dirty_5_46.jpg,dirty_positive,259,359,256,256,256,1108,1476,12,353,503,751,jittered_positive,259,359,registered,registered,homography_inliers=4596/4598,5,5.jpg,train,PASS,resolved,exact,
5,5.jpg,5m.jpg,dirty_positive/dirty_5_47.jpg,dirty_positive,195,328,256,256,256,1108,1476,12,353,503,751,jittered_positive,195,328,registered,registered,homography_inliers=4596/4598,5,5.jpg,train,PASS,resolved,exact,
5,5.jpg,5m.jpg,dirty_positive/dirty_5_48.jpg,dirty_positive,231,417,256,256,256,1108,1476,12,353,503,751,jittered_positive,231,417,registered,registered,homography_inliers=4596/4598,5,5.jpg,train,PASS,resolved,exact,
5,5.jpg,5m.jpg,dirty_positive/dirty_5_49.jpg,dirty_positive,409,418,256,256,256,1108,1476,13,537,546,627,centered_positive,409,418,registered,registered,homography_inliers=4596/4598,5,5.jpg,train,PASS,resolved,exact,
5,5.jpg,5m.jpg,dirty_positive/dirty_5_50.jpg,dirty_positive,432,422,256,256,256,1108,1476,13,537,546,627,jittered_positive,432,422,registered,registered,homography_inliers=4596/4598,5,5.jpg,train,PASS,resolved,exact,
5,5.jpg,5m.jpg,dirty_positive/dirty_5_51.jpg,dirty_positive,345,426,256,256,256,1108,1476,13,537,546,627,jittered_positive,345,426,registered,registered,homography_inliers=4596/4598,5,5.jpg,train,PASS,resolved,exact,
5,5.jpg,5m.jpg,dirty_positive/dirty_5_52.jpg,dirty_positive,421,479,256,256,256,1108,1476,13,537,546,627,jittered_positive,421,479,registered,registered,homography_inliers=4596/4598,5,5.jpg,train,PASS,resolved,exact,
5,5.jpg,5m.jpg,dirty_positive/dirty_5_53.jpg,dirty_positive,519,433,256,256,256,1108,1476,14,647,561,370,centered_positive,519,433,registered,registered,homography_inliers=4596/4598,5,5.jpg,train,PASS,resolved,exact,
5,5.jpg,5m.jpg,dirty_positive/dirty_5_54.jpg,dirty_positive,493,483,256,256,256,1108,1476,14,647,561,370,jittered_positive,493,483,registered,registered,homography_inliers=4596/4598,5,5.jpg,train,PASS,resolved,exact,
5,5.jpg,5m.jpg,dirty_positive/dirty_5_55.jpg,dirty_positive,578,457,256,256,256,1108,1476,14,647,561,370,jittered_positive,578,457,registered,registered,homography_inliers=4596/4598,5,5.jpg,train,PASS,resolved,exact,
5,5.jpg,5m.jpg,dirty_positive/dirty_5_56.jpg,dirty_positive,540,465,256,256,256,1108,1476,14,647,561,370,jittered_positive,540,465,registered,registered,homography_inliers=4596/4598,5,5.jpg,train,PASS,resolved,exact,
5,5.jpg,5m.jpg,dirty_positive/dirty_5_57.jpg,dirty_positive,490,501,256,256,256,1108,1476,15,618,629,759,centered_positive,490,501,registered,registered,homography_inliers=4596/4598,5,5.jpg,train,PASS,resolved,exact,
5,5.jpg,5m.jpg,dirty_positive/dirty_5_58.jpg,dirty_positive,542,519,256,256,256,1108,1476,15,618,629,759,jittered_positive,542,519,registered,registered,homography_inliers=4596/4598,5,5.jpg,train,PASS,resolved,exact,
5,5.jpg,5m.jpg,dirty_positive/dirty_5_59.jpg,dirty_positive,474,498,256,256,256,1108,1476,15,618,629,759,jittered_positive,474,498,registered,registered,homography_inliers=4596/4598,5,5.jpg,train,PASS,resolved,exact,
5,5.jpg,5m.jpg,dirty_positive/dirty_5_60.jpg,dirty_positive,524,496,256,256,256,1108,1476,15,618,629,759,jittered_positive,524,496,registered,registered,homography_inliers=4596/4598,5,5.jpg,train,PASS,resolved,exact,
5,5.jpg,5m.jpg,dirty_positive/dirty_5_61.jpg,dirty_positive,394,522,256,256,256,1108,1476,16,522,650,659,centered_positive,394,522,registered,registered,homography_inliers=4596/4598,5,5.jpg,train,PASS,resolved,exact,
5,5.jpg,5m.jpg,dirty_positive/dirty_5_62.jpg,dirty_positive,435,469,256,256,256,1108,1476,16,522,650,659,jittered_positive,435,469,registered,registered,homography_inliers=4596/4598,5,5.jpg,train,PASS,resolved,exact,
5,5.jpg,5m.jpg,dirty_positive/dirty_5_63.jpg,dirty_positive,411,579,256,256,256,1108,1476,16,522,650,659,jittered_positive,411,579,registered,registered,homography_inliers=4596/4598,5,5.jpg,train,PASS,resolved,exact,
5,5.jpg,5m.jpg,dirty_positive/dirty_5_64.jpg,dirty_positive,427,556,256,256,256,1108,1476,16,522,650,659,jittered_positive,427,556,registered,registered,homography_inliers=4596/4598,5,5.jpg,train,PASS,resolved,exact,
5,5.jpg,5m.jpg,dirty_positive/dirty_5_65.jpg,dirty_positive,243,568,256,256,256,1108,1476,17,371,696,551,centered_positive,243,568,registered,registered,homography_inliers=4596/4598,5,5.jpg,train,PASS,resolved,exact,
5,5.jpg,5m.jpg,dirty_positive/dirty_5_66.jpg,dirty_positive,217,630,256,256,256,1108,1476,17,371,696,551,jittered_positive,217,630,registered,registered,homography_inliers=4596/4598,5,5.jpg,train,PASS,resolved,exact,
5,5.jpg,5m.jpg,dirty_positive/dirty_5_67.jpg,dirty_positive,188,536,256,256,256,1108,1476,17,371,696,551,jittered_positive,188,536,registered,registered,homography_inliers=4596/4598,5,5.jpg,train,PASS,resolved,exact,
5,5.jpg,5m.jpg,dirty_positive/dirty_5_68.jpg,dirty_positive,307,588,256,256,256,1108,1476,17,371,696,551,jittered_positive,307,588,registered,registered,homography_inliers=4596/4598,5,5.jpg,train,PASS,resolved,exact,
5,5.jpg,5m.jpg,dirty_positive/dirty_5_69.jpg,dirty_positive,386,573,256,256,256,1108,1476,18,514,701,501,centered_positive,386,573,registered,registered,homography_inliers=4596/4598,5,5.jpg,train,PASS,resolved,exact,
5,5.jpg,5m.jpg,dirty_positive/dirty_5_70.jpg,dirty_positive,347,621,256,256,256,1108,1476,18,514,701,501,jittered_positive,347,621,registered,registered,homography_inliers=4596/4598,5,5.jpg,train,PASS,resolved,exact,
5,5.jpg,5m.jpg,dirty_positive/dirty_5_71.jpg,dirty_positive,347,625,256,256,256,1108,1476,18,514,701,501,jittered_positive,347,625,registered,registered,homography_inliers=4596/4598,5,5.jpg,train,PASS,resolved,exact,
5,5.jpg,5m.jpg,dirty_positive/dirty_5_72.jpg,dirty_positive,325,545,256,256,256,1108,1476,18,514,701,501,jittered_positive,325,545,registered,registered,homography_inliers=4596/4598,5,5.jpg,train,PASS,resolved,exact,
5,5.jpg,5m.jpg,dirty_positive/dirty_5_73.jpg,dirty_positive,489,599,256,256,256,1108,1476,19,617,727,591,centered_positive,489,599,registered,registered,homography_inliers=4596/4598,5,5.jpg,train,PASS,resolved,exact,
5,5.jpg,5m.jpg,dirty_positive/dirty_5_74.jpg,dirty_positive,529,574,256,256,256,1108,1476,19,617,727,591,jittered_positive,529,574,registered,registered,homography_inliers=4596/4598,5,5.jpg,train,PASS,resolved,exact,
5,5.jpg,5m.jpg,dirty_positive/dirty_5_75.jpg,dirty_positive,444,655,256,256,256,1108,1476,19,617,727,591,jittered_positive,444,655,registered,registered,homography_inliers=4596/4598,5,5.jpg,train,PASS,resolved,exact,
5,5.jpg,5m.jpg,dirty_positive/dirty_5_76.jpg,dirty_positive,492,621,256,256,256,1108,1476,19,617,727,591,jittered_positive,492,621,registered,registered,homography_inliers=4596/4598,5,5.jpg,train,PASS,resolved,exact,
5,5.jpg,5m.jpg,dirty_positive/dirty_5_77.jpg,dirty_positive,417,601,256,256,256,1108,1476,20,545,729,540,centered_positive,417,601,registered,registered,homography_inliers=4596/4598,5,5.jpg,train,PASS,resolved,exact,
5,5.jpg,5m.jpg,dirty_positive/dirty_5_78.jpg,dirty_positive,454,557,256,256,256,1108,1476,20,545,729,540,jittered_positive,454,557,registered,registered,homography_inliers=4596/4598,5,5.jpg,train,PASS,resolved,exact,
5,5.jpg,5m.jpg,dirty_positive/dirty_5_79.jpg,dirty_positive,437,634,256,256,256,1108,1476,20,545,729,540,jittered_positive,437,634,registered,registered,homography_inliers=4596/4598,5,5.jpg,train,PASS,resolved,exact,
5,5.jpg,5m.jpg,dirty_positive/dirty_5_80.jpg,dirty_positive,434,661,256,256,256,1108,1476,20,545,729,540,jittered_positive,434,661,registered,registered,homography_inliers=4596/4598,5,5.jpg,train,PASS,resolved,exact,
5,5.jpg,5m.jpg,dirty_positive/dirty_5_81.jpg,dirty_positive,470,788,256,256,256,1108,1476,21,598,916,431,centered_positive,470,788,registered,registered,homography_inliers=4596/4598,5,5.jpg,train,PASS,resolved,exact,
5,5.jpg,5m.jpg,dirty_positive/dirty_5_82.jpg,dirty_positive,415,741,256,256,256,1108,1476,21,598,916,431,jittered_positive,415,741,registered,registered,homography_inliers=4596/4598,5,5.jpg,train,PASS,resolved,exact,
5,5.jpg,5m.jpg,dirty_positive/dirty_5_83.jpg,dirty_positive,466,797,256,256,256,1108,1476,21,598,916,431,jittered_positive,466,797,registered,registered,homography_inliers=4596/4598,5,5.jpg,train,PASS,resolved,exact,
5,5.jpg,5m.jpg,dirty_positive/dirty_5_84.jpg,dirty_positive,464,747,256,256,256,1108,1476,21,598,916,431,jittered_positive,464,747,registered,registered,homography_inliers=4596/4598,5,5.jpg,train,PASS,resolved,exact,
5,5.jpg,5m.jpg,dirty_positive/dirty_5_85.jpg,dirty_positive,288,940,256,256,256,1108,1476,22,416,1068,551,centered_positive,288,940,registered,registered,homography_inliers=4596/4598,5,5.jpg,train,PASS,resolved,exact,
5,5.jpg,5m.jpg,dirty_positive/dirty_5_86.jpg,dirty_positive,335,901,256,256,256,1108,1476,22,416,1068,551,jittered_positive,335,901,registered,registered,homography_inliers=4596/4598,5,5.jpg,train,PASS,resolved,exact,
5,5.jpg,5m.jpg,dirty_positive/dirty_5_87.jpg,dirty_positive,249,989,256,256,256,1108,1476,22,416,1068,551,jittered_positive,249,989,registered,registered,homography_inliers=4596/4598,5,5.jpg,train,PASS,resolved,exact,
5,5.jpg,5m.jpg,dirty_positive/dirty_5_88.jpg,dirty_positive,266,952,256,256,256,1108,1476,22,416,1068,551,jittered_positive,266,952,registered,registered,homography_inliers=4596/4598,5,5.jpg,train,PASS,resolved,exact,
5,5.jpg,5m.jpg,dirty_positive/dirty_5_89.jpg,dirty_positive,568,995,256,256,256,1108,1476,23,696,1123,765,centered_positive,568,995,registered,registered,homography_inliers=4596/4598,5,5.jpg,train,PASS,resolved,exact,
5,5.jpg,5m.jpg,dirty_positive/dirty_5_90.jpg,dirty_positive,511,942,256,256,256,1108,1476,23,696,1123,765,jittered_positive,511,942,registered,registered,homography_inliers=4596/4598,5,5.jpg,train,PASS,resolved,exact,
5,5.jpg,5m.jpg,dirty_positive/dirty_5_91.jpg,dirty_positive,587,945,256,256,256,1108,1476,23,696,1123,765,jittered_positive,587,945,registered,registered,homography_inliers=4596/4598,5,5.jpg,train,PASS,resolved,exact,
5,5.jpg,5m.jpg,dirty_positive/dirty_5_92.jpg,dirty_positive,579,1022,256,256,256,1108,1476,23,696,1123,765,jittered_positive,579,1022,registered,registered,homography_inliers=4596/4598,5,5.jpg,train,PASS,resolved,exact,
5,5.jpg,5m.jpg,dirty_positive/dirty_5_93.jpg,dirty_positive,539,1148,256,256,256,1108,1476,24,667,1276,672,centered_positive,539,1148,registered,registered,homography_inliers=4596/4598,5,5.jpg,train,PASS,resolved,exact,
5,5.jpg,5m.jpg,dirty_positive/dirty_5_94.jpg,dirty_positive,570,1194,256,256,256,1108,1476,24,667,1276,672,jittered_positive,570,1194,registered,registered,homography_inliers=4596/4598,5,5.jpg,train,PASS,resolved,exact,
5,5.jpg,5m.jpg,dirty_positive/dirty_5_95.jpg,dirty_positive,512,1146,256,256,256,1108,1476,24,667,1276,672,jittered_positive,512,1146,registered,registered,homography_inliers=4596/4598,5,5.jpg,train,PASS,resolved,exact,
5,5.jpg,5m.jpg,dirty_positive/dirty_5_96.jpg,dirty_positive,580,1130,256,256,256,1108,1476,24,667,1276,672,jittered_positive,580,1130,registered,registered,homography_inliers=4596/4598,5,5.jpg,train,PASS,resolved,exact,
5,5.jpg,5m.jpg,dirty_positive/dirty_5_97.jpg,dirty_positive,240,1220,256,256,256,1108,1476,25,368,1366,626,centered_positive,240,1220,registered,registered,homography_inliers=4596/4598,5,5.jpg,train,PASS,resolved,exact,
5,5.jpg,5m.jpg,dirty_positive/dirty_5_98.jpg,dirty_positive,219,1200,256,256,256,1108,1476,25,368,1366,626,jittered_positive,219,1200,registered,registered,homography_inliers=4596/4598,5,5.jpg,train,PASS,resolved,exact,
5,5.jpg,5m.jpg,dirty_positive/dirty_5_99.jpg,dirty_positive,196,1220,256,256,256,1108,1476,25,368,1366,626,jittered_positive,196,1220,registered,registered,homography_inliers=4596/4598,5,5.jpg,train,PASS,resolved,exact,
5,5.jpg,5m.jpg,dirty_positive/dirty_5_100.jpg,dirty_positive,237,1220,256,256,256,1108,1476,25,368,1366,626,jittered_positive,237,1220,registered,registered,homography_inliers=4596/4598,5,5.jpg,train,PASS,resolved,exact,
6,6.jpg,6m.jpg,clean_negative/clean_6_1.jpg,clean_negative,0,0,256,256,256,1108,1476,,,,,sliding_window_clean,,,,,,6,6.jpg,train,PASS,resolved,source-level only,clean-negative source split is traceable; defect-free status is not re-proven by this audit
6,6.jpg,6m.jpg,clean_negative/clean_6_2.jpg,clean_negative,48,0,256,256,256,1108,1476,,,,,sliding_window_clean,,,,,,6,6.jpg,train,PASS,resolved,source-level only,clean-negative source split is traceable; defect-free status is not re-proven by this audit
6,6.jpg,6m.jpg,clean_negative/clean_6_3.jpg,clean_negative,96,0,256,256,256,1108,1476,,,,,sliding_window_clean,,,,,,6,6.jpg,train,PASS,resolved,source-level only,clean-negative source split is traceable; defect-free status is not re-proven by this audit
6,6.jpg,6m.jpg,clean_negative/clean_6_4.jpg,clean_negative,144,0,256,256,256,1108,1476,,,,,sliding_window_clean,,,,,,6,6.jpg,train,PASS,resolved,source-level only,clean-negative source split is traceable; defect-free status is not re-proven by this audit
6,6.jpg,6m.jpg,clean_negative/clean_6_5.jpg,clean_negative,192,0,256,256,256,1108,1476,,,,,sliding_window_clean,,,,,,6,6.jpg,train,PASS,resolved,source-level only,clean-negative source split is traceable; defect-free status is not re-proven by this audit
6,6.jpg,6m.jpg,clean_negative/clean_6_6.jpg,clean_negative,240,0,256,256,256,1108,1476,,,,,sliding_window_clean,,,,,,6,6.jpg,train,PASS,resolved,source-level only,clean-negative source split is traceable; defect-free status is not re-proven by this audit
6,6.jpg,6m.jpg,clean_negative/clean_6_7.jpg,clean_negative,288,0,256,256,256,1108,1476,,,,,sliding_window_clean,,,,,,6,6.jpg,train,PASS,resolved,source-level only,clean-negative source split is traceable; defect-free status is not re-proven by this audit
6,6.jpg,6m.jpg,clean_negative/clean_6_8.jpg,clean_negative,336,0,256,256,256,1108,1476,,,,,sliding_window_clean,,,,,,6,6.jpg,train,PASS,resolved,source-level only,clean-negative source split is traceable; defect-free status is not re-proven by this audit
6,6.jpg,6m.jpg,clean_negative/clean_6_9.jpg,clean_negative,384,0,256,256,256,1108,1476,,,,,sliding_window_clean,,,,,,6,6.jpg,train,PASS,resolved,source-level only,clean-negative source split is traceable; defect-free status is not re-proven by this audit
6,6.jpg,6m.jpg,clean_negative/clean_6_10.jpg,clean_negative,432,0,256,256,256,1108,1476,,,,,sliding_window_clean,,,,,,6,6.jpg,train,PASS,resolved,source-level only,clean-negative source split is traceable; defect-free status is not re-proven by this audit
6,6.jpg,6m.jpg,clean_negative/clean_6_11.jpg,clean_negative,480,0,256,256,256,1108,1476,,,,,sliding_window_clean,,,,,,6,6.jpg,train,PASS,resolved,source-level only,clean-negative source split is traceable; defect-free status is not re-proven by this audit
6,6.jpg,6m.jpg,clean_negative/clean_6_12.jpg,clean_negative,528,0,256,256,256,1108,1476,,,,,sliding_window_clean,,,,,,6,6.jpg,train,PASS,resolved,source-level only,clean-negative source split is traceable; defect-free status is not re-proven by this audit
6,6.jpg,6m.jpg,clean_negative/clean_6_13.jpg,clean_negative,576,0,256,256,256,1108,1476,,,,,sliding_window_clean,,,,,,6,6.jpg,train,PASS,resolved,source-level only,clean-negative source split is traceable; defect-free status is not re-proven by this audit
6,6.jpg,6m.jpg,clean_negative/clean_6_14.jpg,clean_negative,624,0,256,256,256,1108,1476,,,,,sliding_window_clean,,,,,,6,6.jpg,train,PASS,resolved,source-level only,clean-negative source split is traceable; defect-free status is not re-proven by this audit
6,6.jpg,6m.jpg,clean_negative/clean_6_15.jpg,clean_negative,672,0,256,256,256,1108,1476,,,,,sliding_window_clean,,,,,,6,6.jpg,train,PASS,resolved,source-level only,clean-negative source split is traceable; defect-free status is not re-proven by this audit
6,6.jpg,6m.jpg,clean_negative/clean_6_16.jpg,clean_negative,720,0,256,256,256,1108,1476,,,,,sliding_window_clean,,,,,,6,6.jpg,train,PASS,resolved,source-level only,clean-negative source split is traceable; defect-free status is not re-proven by this audit
6,6.jpg,6m.jpg,clean_negative/clean_6_17.jpg,clean_negative,768,0,256,256,256,1108,1476,,,,,sliding_window_clean,,,,,,6,6.jpg,train,PASS,resolved,source-level only,clean-negative source split is traceable; defect-free status is not re-proven by this audit
6,6.jpg,6m.jpg,clean_negative/clean_6_18.jpg,clean_negative,816,0,256,256,256,1108,1476,,,,,sliding_window_clean,,,,,,6,6.jpg,train,PASS,resolved,source-level only,clean-negative source split is traceable; defect-free status is not re-proven by this audit
6,6.jpg,6m.jpg,clean_negative/clean_6_19.jpg,clean_negative,852,0,256,256,256,1108,1476,,,,,sliding_window_clean,,,,,,6,6.jpg,train,PASS,resolved,source-level only,clean-negative source split is traceable; defect-free status is not re-proven by this audit
6,6.jpg,6m.jpg,clean_negative/clean_6_20.jpg,clean_negative,432,41,256,256,256,1108,1476,,,,,sliding_window_clean,,,,,,6,6.jpg,train,PASS,resolved,source-level only,clean-negative source split is traceable; defect-free status is not re-proven by this audit
6,6.jpg,6m.jpg,clean_negative/clean_6_21.jpg,clean_negative,480,41,256,256,256,1108,1476,,,,,sliding_window_clean,,,,,,6,6.jpg,train,PASS,resolved,source-level only,clean-negative source split is traceable; defect-free status is not re-proven by this audit
6,6.jpg,6m.jpg,clean_negative/clean_6_22.jpg,clean_negative,528,41,256,256,256,1108,1476,,,,,sliding_window_clean,,,,,,6,6.jpg,train,PASS,resolved,source-level only,clean-negative source split is traceable; defect-free status is not re-proven by this audit
6,6.jpg,6m.jpg,clean_negative/clean_6_23.jpg,clean_negative,576,41,256,256,256,1108,1476,,,,,sliding_window_clean,,,,,,6,6.jpg,train,PASS,resolved,source-level only,clean-negative source split is traceable; defect-free status is not re-proven by this audit
6,6.jpg,6m.jpg,clean_negative/clean_6_24.jpg,clean_negative,624,41,256,256,256,1108,1476,,,,,sliding_window_clean,,,,,,6,6.jpg,train,PASS,resolved,source-level only,clean-negative source split is traceable; defect-free status is not re-proven by this audit
6,6.jpg,6m.jpg,clean_negative/clean_6_25.jpg,clean_negative,672,41,256,256,256,1108,1476,,,,,sliding_window_clean,,,,,,6,6.jpg,train,PASS,resolved,source-level only,clean-negative source split is traceable; defect-free status is not re-proven by this audit
6,6.jpg,6m.jpg,clean_negative/clean_6_26.jpg,clean_negative,0,48,256,256,256,1108,1476,,,,,sliding_window_clean,,,,,,6,6.jpg,train,PASS,resolved,source-level only,clean-negative source split is traceable; defect-free status is not re-proven by this audit
6,6.jpg,6m.jpg,clean_negative/clean_6_27.jpg,clean_negative,48,48,256,256,256,1108,1476,,,,,sliding_window_clean,,,,,,6,6.jpg,train,PASS,resolved,source-level only,clean-negative source split is traceable; defect-free status is not re-proven by this audit
6,6.jpg,6m.jpg,clean_negative/clean_6_28.jpg,clean_negative,96,48,256,256,256,1108,1476,,,,,sliding_window_clean,,,,,,6,6.jpg,train,PASS,resolved,source-level only,clean-negative source split is traceable; defect-free status is not re-proven by this audit
6,6.jpg,6m.jpg,clean_negative/clean_6_29.jpg,clean_negative,144,48,256,256,256,1108,1476,,,,,sliding_window_clean,,,,,,6,6.jpg,train,PASS,resolved,source-level only,clean-negative source split is traceable; defect-free status is not re-proven by this audit
6,6.jpg,6m.jpg,clean_negative/clean_6_30.jpg,clean_negative,192,48,256,256,256,1108,1476,,,,,sliding_window_clean,,,,,,6,6.jpg,train,PASS,resolved,source-level only,clean-negative source split is traceable; defect-free status is not re-proven by this audit
6,6.jpg,6m.jpg,clean_negative/clean_6_31.jpg,clean_negative,240,48,256,256,256,1108,1476,,,,,sliding_window_clean,,,,,,6,6.jpg,train,PASS,resolved,source-level only,clean-negative source split is traceable; defect-free status is not re-proven by this audit
6,6.jpg,6m.jpg,clean_negative/clean_6_32.jpg,clean_negative,288,48,256,256,256,1108,1476,,,,,sliding_window_clean,,,,,,6,6.jpg,train,PASS,resolved,source-level only,clean-negative source split is traceable; defect-free status is not re-proven by this audit
6,6.jpg,6m.jpg,clean_negative/clean_6_33.jpg,clean_negative,336,48,256,256,256,1108,1476,,,,,sliding_window_clean,,,,,,6,6.jpg,train,PASS,resolved,source-level only,clean-negative source split is traceable; defect-free status is not re-proven by this audit
6,6.jpg,6m.jpg,clean_negative/clean_6_34.jpg,clean_negative,384,48,256,256,256,1108,1476,,,,,sliding_window_clean,,,,,,6,6.jpg,train,PASS,resolved,source-level only,clean-negative source split is traceable; defect-free status is not re-proven by this audit
6,6.jpg,6m.jpg,clean_negative/clean_6_35.jpg,clean_negative,720,48,256,256,256,1108,1476,,,,,sliding_window_clean,,,,,,6,6.jpg,train,PASS,resolved,source-level only,clean-negative source split is traceable; defect-free status is not re-proven by this audit
6,6.jpg,6m.jpg,clean_negative/clean_6_36.jpg,clean_negative,768,48,256,256,256,1108,1476,,,,,sliding_window_clean,,,,,,6,6.jpg,train,PASS,resolved,source-level only,clean-negative source split is traceable; defect-free status is not re-proven by this audit
6,6.jpg,6m.jpg,clean_negative/clean_6_37.jpg,clean_negative,816,48,256,256,256,1108,1476,,,,,sliding_window_clean,,,,,,6,6.jpg,train,PASS,resolved,source-level only,clean-negative source split is traceable; defect-free status is not re-proven by this audit
6,6.jpg,6m.jpg,clean_negative/clean_6_38.jpg,clean_negative,852,48,256,256,256,1108,1476,,,,,sliding_window_clean,,,,,,6,6.jpg,train,PASS,resolved,source-level only,clean-negative source split is traceable; defect-free status is not re-proven by this audit
6,6.jpg,6m.jpg,clean_negative/clean_6_39.jpg,clean_negative,384,55,256,256,256,1108,1476,,,,,sliding_window_clean,,,,,,6,6.jpg,train,PASS,resolved,source-level only,clean-negative source split is traceable; defect-free status is not re-proven by this audit
6,6.jpg,6m.jpg,clean_negative/clean_6_40.jpg,clean_negative,397,55,256,256,256,1108,1476,,,,,sliding_window_clean,,,,,,6,6.jpg,train,PASS,resolved,source-level only,clean-negative source split is traceable; defect-free status is not re-proven by this audit
6,6.jpg,6m.jpg,clean_negative/clean_6_41.jpg,clean_negative,96,56,256,256,256,1108,1476,,,,,sliding_window_clean,,,,,,6,6.jpg,train,PASS,resolved,source-level only,clean-negative source split is traceable; defect-free status is not re-proven by this audit
6,6.jpg,6m.jpg,clean_negative/clean_6_42.jpg,clean_negative,144,56,256,256,256,1108,1476,,,,,sliding_window_clean,,,,,,6,6.jpg,train,PASS,resolved,source-level only,clean-negative source split is traceable; defect-free status is not re-proven by this audit
6,6.jpg,6m.jpg,clean_negative/clean_6_43.jpg,clean_negative,192,56,256,256,256,1108,1476,,,,,sliding_window_clean,,,,,,6,6.jpg,train,PASS,resolved,source-level only,clean-negative source split is traceable; defect-free status is not re-proven by this audit
6,6.jpg,6m.jpg,clean_negative/clean_6_44.jpg,clean_negative,240,56,256,256,256,1108,1476,,,,,sliding_window_clean,,,,,,6,6.jpg,train,PASS,resolved,source-level only,clean-negative source split is traceable; defect-free status is not re-proven by this audit
6,6.jpg,6m.jpg,clean_negative/clean_6_45.jpg,clean_negative,288,56,256,256,256,1108,1476,,,,,sliding_window_clean,,,,,,6,6.jpg,train,PASS,resolved,source-level only,clean-negative source split is traceable; defect-free status is not re-proven by this audit
6,6.jpg,6m.jpg,clean_negative/clean_6_46.jpg,clean_negative,336,56,256,256,256,1108,1476,,,,,sliding_window_clean,,,,,,6,6.jpg,train,PASS,resolved,source-level only,clean-negative source split is traceable; defect-free status is not re-proven by this audit
6,6.jpg,6m.jpg,clean_negative/clean_6_47.jpg,clean_negative,36,91,256,256,256,1108,1476,,,,,sliding_window_clean,,,,,,6,6.jpg,train,PASS,resolved,source-level only,clean-negative source split is traceable; defect-free status is not re-proven by this audit
6,6.jpg,6m.jpg,clean_negative/clean_6_48.jpg,clean_negative,0,96,256,256,256,1108,1476,,,,,sliding_window_clean,,,,,,6,6.jpg,train,PASS,resolved,source-level only,clean-negative source split is traceable; defect-free status is not re-proven by this audit
6,6.jpg,6m.jpg,clean_negative/clean_6_49.jpg,clean_negative,726,96,256,256,256,1108,1476,,,,,sliding_window_clean,,,,,,6,6.jpg,train,PASS,resolved,source-level only,clean-negative source split is traceable; defect-free status is not re-proven by this audit
6,6.jpg,6m.jpg,clean_negative/clean_6_50.jpg,clean_negative,768,96,256,256,256,1108,1476,,,,,sliding_window_clean,,,,,,6,6.jpg,train,PASS,resolved,source-level only,clean-negative source split is traceable; defect-free status is not re-proven by this audit
6,6.jpg,6m.jpg,clean_negative/clean_6_51.jpg,clean_negative,816,96,256,256,256,1108,1476,,,,,sliding_window_clean,,,,,,6,6.jpg,train,PASS,resolved,source-level only,clean-negative source split is traceable; defect-free status is not re-proven by this audit
6,6.jpg,6m.jpg,clean_negative/clean_6_52.jpg,clean_negative,852,96,256,256,256,1108,1476,,,,,sliding_window_clean,,,,,,6,6.jpg,train,PASS,resolved,source-level only,clean-negative source split is traceable; defect-free status is not re-proven by this audit
6,6.jpg,6m.jpg,clean_negative/clean_6_53.jpg,clean_negative,0,144,256,256,256,1108,1476,,,,,sliding_window_clean,,,,,,6,6.jpg,train,PASS,resolved,source-level only,clean-negative source split is traceable; defect-free status is not re-proven by this audit
6,6.jpg,6m.jpg,clean_negative/clean_6_54.jpg,clean_negative,31,144,256,256,256,1108,1476,,,,,sliding_window_clean,,,,,,6,6.jpg,train,PASS,resolved,source-level only,clean-negative source split is traceable; defect-free status is not re-proven by this audit
6,6.jpg,6m.jpg,clean_negative/clean_6_55.jpg,clean_negative,726,144,256,256,256,1108,1476,,,,,sliding_window_clean,,,,,,6,6.jpg,train,PASS,resolved,source-level only,clean-negative source split is traceable; defect-free status is not re-proven by this audit
6,6.jpg,6m.jpg,clean_negative/clean_6_56.jpg,clean_negative,768,144,256,256,256,1108,1476,,,,,sliding_window_clean,,,,,,6,6.jpg,train,PASS,resolved,source-level only,clean-negative source split is traceable; defect-free status is not re-proven by this audit
6,6.jpg,6m.jpg,clean_negative/clean_6_57.jpg,clean_negative,816,144,256,256,256,1108,1476,,,,,sliding_window_clean,,,,,,6,6.jpg,train,PASS,resolved,source-level only,clean-negative source split is traceable; defect-free status is not re-proven by this audit
6,6.jpg,6m.jpg,clean_negative/clean_6_58.jpg,clean_negative,852,144,256,256,256,1108,1476,,,,,sliding_window_clean,,,,,,6,6.jpg,train,PASS,resolved,source-level only,clean-negative source split is traceable; defect-free status is not re-proven by this audit
6,6.jpg,6m.jpg,clean_negative/clean_6_59.jpg,clean_negative,0,175,256,256,256,1108,1476,,,,,sliding_window_clean,,,,,,6,6.jpg,train,PASS,resolved,source-level only,clean-negative source split is traceable; defect-free status is not re-proven by this audit
6,6.jpg,6m.jpg,clean_negative/clean_6_60.jpg,clean_negative,31,175,256,256,256,1108,1476,,,,,sliding_window_clean,,,,,,6,6.jpg,train,PASS,resolved,source-level only,clean-negative source split is traceable; defect-free status is not re-proven by this audit
6,6.jpg,6m.jpg,clean_negative/clean_6_61.jpg,clean_negative,726,192,256,256,256,1108,1476,,,,,sliding_window_clean,,,,,,6,6.jpg,train,PASS,resolved,source-level only,clean-negative source split is traceable; defect-free status is not re-proven by this audit
6,6.jpg,6m.jpg,clean_negative/clean_6_62.jpg,clean_negative,768,192,256,256,256,1108,1476,,,,,sliding_window_clean,,,,,,6,6.jpg,train,PASS,resolved,source-level only,clean-negative source split is traceable; defect-free status is not re-proven by this audit
6,6.jpg,6m.jpg,clean_negative/clean_6_63.jpg,clean_negative,816,192,256,256,256,1108,1476,,,,,sliding_window_clean,,,,,,6,6.jpg,train,PASS,resolved,source-level only,clean-negative source split is traceable; defect-free status is not re-proven by this audit
6,6.jpg,6m.jpg,clean_negative/clean_6_64.jpg,clean_negative,852,192,256,256,256,1108,1476,,,,,sliding_window_clean,,,,,,6,6.jpg,train,PASS,resolved,source-level only,clean-negative source split is traceable; defect-free status is not re-proven by this audit
6,6.jpg,6m.jpg,clean_negative/clean_6_65.jpg,clean_negative,726,240,256,256,256,1108,1476,,,,,sliding_window_clean,,,,,,6,6.jpg,train,PASS,resolved,source-level only,clean-negative source split is traceable; defect-free status is not re-proven by this audit
6,6.jpg,6m.jpg,clean_negative/clean_6_66.jpg,clean_negative,768,240,256,256,256,1108,1476,,,,,sliding_window_clean,,,,,,6,6.jpg,train,PASS,resolved,source-level only,clean-negative source split is traceable; defect-free status is not re-proven by this audit
6,6.jpg,6m.jpg,clean_negative/clean_6_67.jpg,clean_negative,816,240,256,256,256,1108,1476,,,,,sliding_window_clean,,,,,,6,6.jpg,train,PASS,resolved,source-level only,clean-negative source split is traceable; defect-free status is not re-proven by this audit
6,6.jpg,6m.jpg,clean_negative/clean_6_68.jpg,clean_negative,852,240,256,256,256,1108,1476,,,,,sliding_window_clean,,,,,,6,6.jpg,train,PASS,resolved,source-level only,clean-negative source split is traceable; defect-free status is not re-proven by this audit
6,6.jpg,6m.jpg,clean_negative/clean_6_69.jpg,clean_negative,726,288,256,256,256,1108,1476,,,,,sliding_window_clean,,,,,,6,6.jpg,train,PASS,resolved,source-level only,clean-negative source split is traceable; defect-free status is not re-proven by this audit
6,6.jpg,6m.jpg,clean_negative/clean_6_70.jpg,clean_negative,768,288,256,256,256,1108,1476,,,,,sliding_window_clean,,,,,,6,6.jpg,train,PASS,resolved,source-level only,clean-negative source split is traceable; defect-free status is not re-proven by this audit
6,6.jpg,6m.jpg,clean_negative/clean_6_71.jpg,clean_negative,816,288,256,256,256,1108,1476,,,,,sliding_window_clean,,,,,,6,6.jpg,train,PASS,resolved,source-level only,clean-negative source split is traceable; defect-free status is not re-proven by this audit
6,6.jpg,6m.jpg,clean_negative/clean_6_72.jpg,clean_negative,852,288,256,256,256,1108,1476,,,,,sliding_window_clean,,,,,,6,6.jpg,train,PASS,resolved,source-level only,clean-negative source split is traceable; defect-free status is not re-proven by this audit
6,6.jpg,6m.jpg,clean_negative/clean_6_73.jpg,clean_negative,726,336,256,256,256,1108,1476,,,,,sliding_window_clean,,,,,,6,6.jpg,train,PASS,resolved,source-level only,clean-negative source split is traceable; defect-free status is not re-proven by this audit
6,6.jpg,6m.jpg,clean_negative/clean_6_74.jpg,clean_negative,768,336,256,256,256,1108,1476,,,,,sliding_window_clean,,,,,,6,6.jpg,train,PASS,resolved,source-level only,clean-negative source split is traceable; defect-free status is not re-proven by this audit
6,6.jpg,6m.jpg,clean_negative/clean_6_75.jpg,clean_negative,816,336,256,256,256,1108,1476,,,,,sliding_window_clean,,,,,,6,6.jpg,train,PASS,resolved,source-level only,clean-negative source split is traceable; defect-free status is not re-proven by this audit
6,6.jpg,6m.jpg,clean_negative/clean_6_76.jpg,clean_negative,852,336,256,256,256,1108,1476,,,,,sliding_window_clean,,,,,,6,6.jpg,train,PASS,resolved,source-level only,clean-negative source split is traceable; defect-free status is not re-proven by this audit
6,6.jpg,6m.jpg,clean_negative/clean_6_77.jpg,clean_negative,697,378,256,256,256,1108,1476,,,,,sliding_window_clean,,,,,,6,6.jpg,train,PASS,resolved,source-level only,clean-negative source split is traceable; defect-free status is not re-proven by this audit
6,6.jpg,6m.jpg,clean_negative/clean_6_78.jpg,clean_negative,697,384,256,256,256,1108,1476,,,,,sliding_window_clean,,,,,,6,6.jpg,train,PASS,resolved,source-level only,clean-negative source split is traceable; defect-free status is not re-proven by this audit
6,6.jpg,6m.jpg,clean_negative/clean_6_79.jpg,clean_negative,720,384,256,256,256,1108,1476,,,,,sliding_window_clean,,,,,,6,6.jpg,train,PASS,resolved,source-level only,clean-negative source split is traceable; defect-free status is not re-proven by this audit
6,6.jpg,6m.jpg,clean_negative/clean_6_80.jpg,clean_negative,768,384,256,256,256,1108,1476,,,,,sliding_window_clean,,,,,,6,6.jpg,train,PASS,resolved,source-level only,clean-negative source split is traceable; defect-free status is not re-proven by this audit
6,6.jpg,6m.jpg,clean_negative/clean_6_81.jpg,clean_negative,816,384,256,256,256,1108,1476,,,,,sliding_window_clean,,,,,,6,6.jpg,train,PASS,resolved,source-level only,clean-negative source split is traceable; defect-free status is not re-proven by this audit
6,6.jpg,6m.jpg,clean_negative/clean_6_82.jpg,clean_negative,852,384,256,256,256,1108,1476,,,,,sliding_window_clean,,,,,,6,6.jpg,train,PASS,resolved,source-level only,clean-negative source split is traceable; defect-free status is not re-proven by this audit
6,6.jpg,6m.jpg,clean_negative/clean_6_83.jpg,clean_negative,697,432,256,256,256,1108,1476,,,,,sliding_window_clean,,,,,,6,6.jpg,train,PASS,resolved,source-level only,clean-negative source split is traceable; defect-free status is not re-proven by this audit
6,6.jpg,6m.jpg,clean_negative/clean_6_84.jpg,clean_negative,720,432,256,256,256,1108,1476,,,,,sliding_window_clean,,,,,,6,6.jpg,train,PASS,resolved,source-level only,clean-negative source split is traceable; defect-free status is not re-proven by this audit
6,6.jpg,6m.jpg,clean_negative/clean_6_85.jpg,clean_negative,768,432,256,256,256,1108,1476,,,,,sliding_window_clean,,,,,,6,6.jpg,train,PASS,resolved,source-level only,clean-negative source split is traceable; defect-free status is not re-proven by this audit
6,6.jpg,6m.jpg,clean_negative/clean_6_86.jpg,clean_negative,816,432,256,256,256,1108,1476,,,,,sliding_window_clean,,,,,,6,6.jpg,train,PASS,resolved,source-level only,clean-negative source split is traceable; defect-free status is not re-proven by this audit
6,6.jpg,6m.jpg,clean_negative/clean_6_87.jpg,clean_negative,852,432,256,256,256,1108,1476,,,,,sliding_window_clean,,,,,,6,6.jpg,train,PASS,resolved,source-level only,clean-negative source split is traceable; defect-free status is not re-proven by this audit
6,6.jpg,6m.jpg,clean_negative/clean_6_88.jpg,clean_negative,697,480,256,256,256,1108,1476,,,,,sliding_window_clean,,,,,,6,6.jpg,train,PASS,resolved,source-level only,clean-negative source split is traceable; defect-free status is not re-proven by this audit
6,6.jpg,6m.jpg,clean_negative/clean_6_89.jpg,clean_negative,720,480,256,256,256,1108,1476,,,,,sliding_window_clean,,,,,,6,6.jpg,train,PASS,resolved,source-level only,clean-negative source split is traceable; defect-free status is not re-proven by this audit
6,6.jpg,6m.jpg,clean_negative/clean_6_90.jpg,clean_negative,768,480,256,256,256,1108,1476,,,,,sliding_window_clean,,,,,,6,6.jpg,train,PASS,resolved,source-level only,clean-negative source split is traceable; defect-free status is not re-proven by this audit
6,6.jpg,6m.jpg,clean_negative/clean_6_91.jpg,clean_negative,816,480,256,256,256,1108,1476,,,,,sliding_window_clean,,,,,,6,6.jpg,train,PASS,resolved,source-level only,clean-negative source split is traceable; defect-free status is not re-proven by this audit
6,6.jpg,6m.jpg,clean_negative/clean_6_92.jpg,clean_negative,852,480,256,256,256,1108,1476,,,,,sliding_window_clean,,,,,,6,6.jpg,train,PASS,resolved,source-level only,clean-negative source split is traceable; defect-free status is not re-proven by this audit
6,6.jpg,6m.jpg,clean_negative/clean_6_93.jpg,clean_negative,720,528,256,256,256,1108,1476,,,,,sliding_window_clean,,,,,,6,6.jpg,train,PASS,resolved,source-level only,clean-negative source split is traceable; defect-free status is not re-proven by this audit
6,6.jpg,6m.jpg,clean_negative/clean_6_94.jpg,clean_negative,768,528,256,256,256,1108,1476,,,,,sliding_window_clean,,,,,,6,6.jpg,train,PASS,resolved,source-level only,clean-negative source split is traceable; defect-free status is not re-proven by this audit
6,6.jpg,6m.jpg,clean_negative/clean_6_95.jpg,clean_negative,816,528,256,256,256,1108,1476,,,,,sliding_window_clean,,,,,,6,6.jpg,train,PASS,resolved,source-level only,clean-negative source split is traceable; defect-free status is not re-proven by this audit
6,6.jpg,6m.jpg,clean_negative/clean_6_96.jpg,clean_negative,852,528,256,256,256,1108,1476,,,,,sliding_window_clean,,,,,,6,6.jpg,train,PASS,resolved,source-level only,clean-negative source split is traceable; defect-free status is not re-proven by this audit
6,6.jpg,6m.jpg,clean_negative/clean_6_97.jpg,clean_negative,0,534,256,256,256,1108,1476,,,,,sliding_window_clean,,,,,,6,6.jpg,train,PASS,resolved,source-level only,clean-negative source split is traceable; defect-free status is not re-proven by this audit
6,6.jpg,6m.jpg,clean_negative/clean_6_98.jpg,clean_negative,683,536,256,256,256,1108,1476,,,,,sliding_window_clean,,,,,,6,6.jpg,train,PASS,resolved,source-level only,clean-negative source split is traceable; defect-free status is not re-proven by this audit
6,6.jpg,6m.jpg,clean_negative/clean_6_99.jpg,clean_negative,444,565,256,256,256,1108,1476,,,,,sliding_window_clean,,,,,,6,6.jpg,train,PASS,resolved,source-level only,clean-negative source split is traceable; defect-free status is not re-proven by this audit
6,6.jpg,6m.jpg,clean_negative/clean_6_100.jpg,clean_negative,480,565,256,256,256,1108,1476,,,,,sliding_window_clean,,,,,,6,6.jpg,train,PASS,resolved,source-level only,clean-negative source split is traceable; defect-free status is not re-proven by this audit
6,6.jpg,6m.jpg,clean_negative/clean_6_101.jpg,clean_negative,528,565,256,256,256,1108,1476,,,,,sliding_window_clean,,,,,,6,6.jpg,train,PASS,resolved,source-level only,clean-negative source split is traceable; defect-free status is not re-proven by this audit
6,6.jpg,6m.jpg,clean_negative/clean_6_102.jpg,clean_negative,576,565,256,256,256,1108,1476,,,,,sliding_window_clean,,,,,,6,6.jpg,train,PASS,resolved,source-level only,clean-negative source split is traceable; defect-free status is not re-proven by this audit
6,6.jpg,6m.jpg,clean_negative/clean_6_103.jpg,clean_negative,624,565,256,256,256,1108,1476,,,,,sliding_window_clean,,,,,,6,6.jpg,train,PASS,resolved,source-level only,clean-negative source split is traceable; defect-free status is not re-proven by this audit
6,6.jpg,6m.jpg,clean_negative/clean_6_104.jpg,clean_negative,0,568,256,256,256,1108,1476,,,,,sliding_window_clean,,,,,,6,6.jpg,train,PASS,resolved,source-level only,clean-negative source split is traceable; defect-free status is not re-proven by this audit
6,6.jpg,6m.jpg,clean_negative/clean_6_105.jpg,clean_negative,444,576,256,256,256,1108,1476,,,,,sliding_window_clean,,,,,,6,6.jpg,train,PASS,resolved,source-level only,clean-negative source split is traceable; defect-free status is not re-proven by this audit
6,6.jpg,6m.jpg,clean_negative/clean_6_106.jpg,clean_negative,480,576,256,256,256,1108,1476,,,,,sliding_window_clean,,,,,,6,6.jpg,train,PASS,resolved,source-level only,clean-negative source split is traceable; defect-free status is not re-proven by this audit
6,6.jpg,6m.jpg,clean_negative/clean_6_107.jpg,clean_negative,528,576,256,256,256,1108,1476,,,,,sliding_window_clean,,,,,,6,6.jpg,train,PASS,resolved,source-level only,clean-negative source split is traceable; defect-free status is not re-proven by this audit
6,6.jpg,6m.jpg,clean_negative/clean_6_108.jpg,clean_negative,576,576,256,256,256,1108,1476,,,,,sliding_window_clean,,,,,,6,6.jpg,train,PASS,resolved,source-level only,clean-negative source split is traceable; defect-free status is not re-proven by this audit
6,6.jpg,6m.jpg,clean_negative/clean_6_109.jpg,clean_negative,624,576,256,256,256,1108,1476,,,,,sliding_window_clean,,,,,,6,6.jpg,train,PASS,resolved,source-level only,clean-negative source split is traceable; defect-free status is not re-proven by this audit
6,6.jpg,6m.jpg,clean_negative/clean_6_110.jpg,clean_negative,672,576,256,256,256,1108,1476,,,,,sliding_window_clean,,,,,,6,6.jpg,train,PASS,resolved,source-level only,clean-negative source split is traceable; defect-free status is not re-proven by this audit
6,6.jpg,6m.jpg,clean_negative/clean_6_111.jpg,clean_negative,720,576,256,256,256,1108,1476,,,,,sliding_window_clean,,,,,,6,6.jpg,train,PASS,resolved,source-level only,clean-negative source split is traceable; defect-free status is not re-proven by this audit
6,6.jpg,6m.jpg,clean_negative/clean_6_112.jpg,clean_negative,768,576,256,256,256,1108,1476,,,,,sliding_window_clean,,,,,,6,6.jpg,train,PASS,resolved,source-level only,clean-negative source split is traceable; defect-free status is not re-proven by this audit
6,6.jpg,6m.jpg,clean_negative/clean_6_113.jpg,clean_negative,816,576,256,256,256,1108,1476,,,,,sliding_window_clean,,,,,,6,6.jpg,train,PASS,resolved,source-level only,clean-negative source split is traceable; defect-free status is not re-proven by this audit
6,6.jpg,6m.jpg,clean_negative/clean_6_114.jpg,clean_negative,852,576,256,256,256,1108,1476,,,,,sliding_window_clean,,,,,,6,6.jpg,train,PASS,resolved,source-level only,clean-negative source split is traceable; defect-free status is not re-proven by this audit
6,6.jpg,6m.jpg,clean_negative/clean_6_115.jpg,clean_negative,444,582,256,256,256,1108,1476,,,,,sliding_window_clean,,,,,,6,6.jpg,train,PASS,resolved,source-level only,clean-negative source split is traceable; defect-free status is not re-proven by this audit
6,6.jpg,6m.jpg,clean_negative/clean_6_116.jpg,clean_negative,456,624,256,256,256,1108,1476,,,,,sliding_window_clean,,,,,,6,6.jpg,train,PASS,resolved,source-level only,clean-negative source split is traceable; defect-free status is not re-proven by this audit
6,6.jpg,6m.jpg,clean_negative/clean_6_117.jpg,clean_negative,480,624,256,256,256,1108,1476,,,,,sliding_window_clean,,,,,,6,6.jpg,train,PASS,resolved,source-level only,clean-negative source split is traceable; defect-free status is not re-proven by this audit
6,6.jpg,6m.jpg,clean_negative/clean_6_118.jpg,clean_negative,528,624,256,256,256,1108,1476,,,,,sliding_window_clean,,,,,,6,6.jpg,train,PASS,resolved,source-level only,clean-negative source split is traceable; defect-free status is not re-proven by this audit
6,6.jpg,6m.jpg,clean_negative/clean_6_119.jpg,clean_negative,576,624,256,256,256,1108,1476,,,,,sliding_window_clean,,,,,,6,6.jpg,train,PASS,resolved,source-level only,clean-negative source split is traceable; defect-free status is not re-proven by this audit
6,6.jpg,6m.jpg,clean_negative/clean_6_120.jpg,clean_negative,624,624,256,256,256,1108,1476,,,,,sliding_window_clean,,,,,,6,6.jpg,train,PASS,resolved,source-level only,clean-negative source split is traceable; defect-free status is not re-proven by this audit
6,6.jpg,6m.jpg,clean_negative/clean_6_121.jpg,clean_negative,672,624,256,256,256,1108,1476,,,,,sliding_window_clean,,,,,,6,6.jpg,train,PASS,resolved,source-level only,clean-negative source split is traceable; defect-free status is not re-proven by this audit
6,6.jpg,6m.jpg,clean_negative/clean_6_122.jpg,clean_negative,720,624,256,256,256,1108,1476,,,,,sliding_window_clean,,,,,,6,6.jpg,train,PASS,resolved,source-level only,clean-negative source split is traceable; defect-free status is not re-proven by this audit
6,6.jpg,6m.jpg,clean_negative/clean_6_123.jpg,clean_negative,768,624,256,256,256,1108,1476,,,,,sliding_window_clean,,,,,,6,6.jpg,train,PASS,resolved,source-level only,clean-negative source split is traceable; defect-free status is not re-proven by this audit
6,6.jpg,6m.jpg,clean_negative/clean_6_124.jpg,clean_negative,816,624,256,256,256,1108,1476,,,,,sliding_window_clean,,,,,,6,6.jpg,train,PASS,resolved,source-level only,clean-negative source split is traceable; defect-free status is not re-proven by this audit
6,6.jpg,6m.jpg,clean_negative/clean_6_125.jpg,clean_negative,852,624,256,256,256,1108,1476,,,,,sliding_window_clean,,,,,,6,6.jpg,train,PASS,resolved,source-level only,clean-negative source split is traceable; defect-free status is not re-proven by this audit
6,6.jpg,6m.jpg,clean_negative/clean_6_126.jpg,clean_negative,456,672,256,256,256,1108,1476,,,,,sliding_window_clean,,,,,,6,6.jpg,train,PASS,resolved,source-level only,clean-negative source split is traceable; defect-free status is not re-proven by this audit
6,6.jpg,6m.jpg,clean_negative/clean_6_127.jpg,clean_negative,480,672,256,256,256,1108,1476,,,,,sliding_window_clean,,,,,,6,6.jpg,train,PASS,resolved,source-level only,clean-negative source split is traceable; defect-free status is not re-proven by this audit
6,6.jpg,6m.jpg,clean_negative/clean_6_128.jpg,clean_negative,528,672,256,256,256,1108,1476,,,,,sliding_window_clean,,,,,,6,6.jpg,train,PASS,resolved,source-level only,clean-negative source split is traceable; defect-free status is not re-proven by this audit
6,6.jpg,6m.jpg,clean_negative/clean_6_129.jpg,clean_negative,576,672,256,256,256,1108,1476,,,,,sliding_window_clean,,,,,,6,6.jpg,train,PASS,resolved,source-level only,clean-negative source split is traceable; defect-free status is not re-proven by this audit
6,6.jpg,6m.jpg,clean_negative/clean_6_130.jpg,clean_negative,624,672,256,256,256,1108,1476,,,,,sliding_window_clean,,,,,,6,6.jpg,train,PASS,resolved,source-level only,clean-negative source split is traceable; defect-free status is not re-proven by this audit
6,6.jpg,6m.jpg,clean_negative/clean_6_131.jpg,clean_negative,672,672,256,256,256,1108,1476,,,,,sliding_window_clean,,,,,,6,6.jpg,train,PASS,resolved,source-level only,clean-negative source split is traceable; defect-free status is not re-proven by this audit
6,6.jpg,6m.jpg,clean_negative/clean_6_132.jpg,clean_negative,720,672,256,256,256,1108,1476,,,,,sliding_window_clean,,,,,,6,6.jpg,train,PASS,resolved,source-level only,clean-negative source split is traceable; defect-free status is not re-proven by this audit
6,6.jpg,6m.jpg,clean_negative/clean_6_133.jpg,clean_negative,768,672,256,256,256,1108,1476,,,,,sliding_window_clean,,,,,,6,6.jpg,train,PASS,resolved,source-level only,clean-negative source split is traceable; defect-free status is not re-proven by this audit
6,6.jpg,6m.jpg,clean_negative/clean_6_134.jpg,clean_negative,816,672,256,256,256,1108,1476,,,,,sliding_window_clean,,,,,,6,6.jpg,train,PASS,resolved,source-level only,clean-negative source split is traceable; defect-free status is not re-proven by this audit
6,6.jpg,6m.jpg,clean_negative/clean_6_135.jpg,clean_negative,852,672,256,256,256,1108,1476,,,,,sliding_window_clean,,,,,,6,6.jpg,train,PASS,resolved,source-level only,clean-negative source split is traceable; defect-free status is not re-proven by this audit
6,6.jpg,6m.jpg,clean_negative/clean_6_136.jpg,clean_negative,456,677,256,256,256,1108,1476,,,,,sliding_window_clean,,,,,,6,6.jpg,train,PASS,resolved,source-level only,clean-negative source split is traceable; defect-free status is not re-proven by this audit
6,6.jpg,6m.jpg,clean_negative/clean_6_137.jpg,clean_negative,499,720,256,256,256,1108,1476,,,,,sliding_window_clean,,,,,,6,6.jpg,train,PASS,resolved,source-level only,clean-negative source split is traceable; defect-free status is not re-proven by this audit
6,6.jpg,6m.jpg,clean_negative/clean_6_138.jpg,clean_negative,528,720,256,256,256,1108,1476,,,,,sliding_window_clean,,,,,,6,6.jpg,train,PASS,resolved,source-level only,clean-negative source split is traceable; defect-free status is not re-proven by this audit
6,6.jpg,6m.jpg,clean_negative/clean_6_139.jpg,clean_negative,576,720,256,256,256,1108,1476,,,,,sliding_window_clean,,,,,,6,6.jpg,train,PASS,resolved,source-level only,clean-negative source split is traceable; defect-free status is not re-proven by this audit
6,6.jpg,6m.jpg,clean_negative/clean_6_140.jpg,clean_negative,624,720,256,256,256,1108,1476,,,,,sliding_window_clean,,,,,,6,6.jpg,train,PASS,resolved,source-level only,clean-negative source split is traceable; defect-free status is not re-proven by this audit
6,6.jpg,6m.jpg,clean_negative/clean_6_141.jpg,clean_negative,672,720,256,256,256,1108,1476,,,,,sliding_window_clean,,,,,,6,6.jpg,train,PASS,resolved,source-level only,clean-negative source split is traceable; defect-free status is not re-proven by this audit
6,6.jpg,6m.jpg,clean_negative/clean_6_142.jpg,clean_negative,720,720,256,256,256,1108,1476,,,,,sliding_window_clean,,,,,,6,6.jpg,train,PASS,resolved,source-level only,clean-negative source split is traceable; defect-free status is not re-proven by this audit
6,6.jpg,6m.jpg,clean_negative/clean_6_143.jpg,clean_negative,768,720,256,256,256,1108,1476,,,,,sliding_window_clean,,,,,,6,6.jpg,train,PASS,resolved,source-level only,clean-negative source split is traceable; defect-free status is not re-proven by this audit
6,6.jpg,6m.jpg,clean_negative/clean_6_144.jpg,clean_negative,816,720,256,256,256,1108,1476,,,,,sliding_window_clean,,,,,,6,6.jpg,train,PASS,resolved,source-level only,clean-negative source split is traceable; defect-free status is not re-proven by this audit
6,6.jpg,6m.jpg,clean_negative/clean_6_145.jpg,clean_negative,852,720,256,256,256,1108,1476,,,,,sliding_window_clean,,,,,,6,6.jpg,train,PASS,resolved,source-level only,clean-negative source split is traceable; defect-free status is not re-proven by this audit
6,6.jpg,6m.jpg,clean_negative/clean_6_146.jpg,clean_negative,499,748,256,256,256,1108,1476,,,,,sliding_window_clean,,,,,,6,6.jpg,train,PASS,resolved,source-level only,clean-negative source split is traceable; defect-free status is not re-proven by this audit
6,6.jpg,6m.jpg,clean_negative/clean_6_147.jpg,clean_negative,528,748,256,256,256,1108,1476,,,,,sliding_window_clean,,,,,,6,6.jpg,train,PASS,resolved,source-level only,clean-negative source split is traceable; defect-free status is not re-proven by this audit
6,6.jpg,6m.jpg,clean_negative/clean_6_148.jpg,clean_negative,576,748,256,256,256,1108,1476,,,,,sliding_window_clean,,,,,,6,6.jpg,train,PASS,resolved,source-level only,clean-negative source split is traceable; defect-free status is not re-proven by this audit
6,6.jpg,6m.jpg,clean_negative/clean_6_149.jpg,clean_negative,624,748,256,256,256,1108,1476,,,,,sliding_window_clean,,,,,,6,6.jpg,train,PASS,resolved,source-level only,clean-negative source split is traceable; defect-free status is not re-proven by this audit
6,6.jpg,6m.jpg,clean_negative/clean_6_150.jpg,clean_negative,672,748,256,256,256,1108,1476,,,,,sliding_window_clean,,,,,,6,6.jpg,train,PASS,resolved,source-level only,clean-negative source split is traceable; defect-free status is not re-proven by this audit
6,6.jpg,6m.jpg,clean_negative/clean_6_151.jpg,clean_negative,722,749,256,256,256,1108,1476,,,,,sliding_window_clean,,,,,,6,6.jpg,train,PASS,resolved,source-level only,clean-negative source split is traceable; defect-free status is not re-proven by this audit
6,6.jpg,6m.jpg,clean_negative/clean_6_152.jpg,clean_negative,768,768,256,256,256,1108,1476,,,,,sliding_window_clean,,,,,,6,6.jpg,train,PASS,resolved,source-level only,clean-negative source split is traceable; defect-free status is not re-proven by this audit
6,6.jpg,6m.jpg,clean_negative/clean_6_153.jpg,clean_negative,816,768,256,256,256,1108,1476,,,,,sliding_window_clean,,,,,,6,6.jpg,train,PASS,resolved,source-level only,clean-negative source split is traceable; defect-free status is not re-proven by this audit
6,6.jpg,6m.jpg,clean_negative/clean_6_154.jpg,clean_negative,852,768,256,256,256,1108,1476,,,,,sliding_window_clean,,,,,,6,6.jpg,train,PASS,resolved,source-level only,clean-negative source split is traceable; defect-free status is not re-proven by this audit
6,6.jpg,6m.jpg,clean_negative/clean_6_155.jpg,clean_negative,144,925,256,256,256,1108,1476,,,,,sliding_window_clean,,,,,,6,6.jpg,train,PASS,resolved,source-level only,clean-negative source split is traceable; defect-free status is not re-proven by this audit
6,6.jpg,6m.jpg,clean_negative/clean_6_156.jpg,clean_negative,148,925,256,256,256,1108,1476,,,,,sliding_window_clean,,,,,,6,6.jpg,train,PASS,resolved,source-level only,clean-negative source split is traceable; defect-free status is not re-proven by this audit
6,6.jpg,6m.jpg,clean_negative/clean_6_157.jpg,clean_negative,0,935,256,256,256,1108,1476,,,,,sliding_window_clean,,,,,,6,6.jpg,train,PASS,resolved,source-level only,clean-negative source split is traceable; defect-free status is not re-proven by this audit
6,6.jpg,6m.jpg,clean_negative/clean_6_158.jpg,clean_negative,48,935,256,256,256,1108,1476,,,,,sliding_window_clean,,,,,,6,6.jpg,train,PASS,resolved,source-level only,clean-negative source split is traceable; defect-free status is not re-proven by this audit
6,6.jpg,6m.jpg,clean_negative/clean_6_159.jpg,clean_negative,96,935,256,256,256,1108,1476,,,,,sliding_window_clean,,,,,,6,6.jpg,train,PASS,resolved,source-level only,clean-negative source split is traceable; defect-free status is not re-proven by this audit
6,6.jpg,6m.jpg,clean_negative/clean_6_160.jpg,clean_negative,0,973,256,256,256,1108,1476,,,,,sliding_window_clean,,,,,,6,6.jpg,train,PASS,resolved,source-level only,clean-negative source split is traceable; defect-free status is not re-proven by this audit
6,6.jpg,6m.jpg,clean_negative/clean_6_161.jpg,clean_negative,48,973,256,256,256,1108,1476,,,,,sliding_window_clean,,,,,,6,6.jpg,train,PASS,resolved,source-level only,clean-negative source split is traceable; defect-free status is not re-proven by this audit
6,6.jpg,6m.jpg,clean_negative/clean_6_162.jpg,clean_negative,96,973,256,256,256,1108,1476,,,,,sliding_window_clean,,,,,,6,6.jpg,train,PASS,resolved,source-level only,clean-negative source split is traceable; defect-free status is not re-proven by this audit
6,6.jpg,6m.jpg,clean_negative/clean_6_163.jpg,clean_negative,144,973,256,256,256,1108,1476,,,,,sliding_window_clean,,,,,,6,6.jpg,train,PASS,resolved,source-level only,clean-negative source split is traceable; defect-free status is not re-proven by this audit
6,6.jpg,6m.jpg,clean_negative/clean_6_164.jpg,clean_negative,148,973,256,256,256,1108,1476,,,,,sliding_window_clean,,,,,,6,6.jpg,train,PASS,resolved,source-level only,clean-negative source split is traceable; defect-free status is not re-proven by this audit
6,6.jpg,6m.jpg,clean_negative/clean_6_165.jpg,clean_negative,0,1021,256,256,256,1108,1476,,,,,sliding_window_clean,,,,,,6,6.jpg,train,PASS,resolved,source-level only,clean-negative source split is traceable; defect-free status is not re-proven by this audit
6,6.jpg,6m.jpg,clean_negative/clean_6_166.jpg,clean_negative,48,1021,256,256,256,1108,1476,,,,,sliding_window_clean,,,,,,6,6.jpg,train,PASS,resolved,source-level only,clean-negative source split is traceable; defect-free status is not re-proven by this audit
6,6.jpg,6m.jpg,clean_negative/clean_6_167.jpg,clean_negative,96,1021,256,256,256,1108,1476,,,,,sliding_window_clean,,,,,,6,6.jpg,train,PASS,resolved,source-level only,clean-negative source split is traceable; defect-free status is not re-proven by this audit
6,6.jpg,6m.jpg,clean_negative/clean_6_168.jpg,clean_negative,144,1021,256,256,256,1108,1476,,,,,sliding_window_clean,,,,,,6,6.jpg,train,PASS,resolved,source-level only,clean-negative source split is traceable; defect-free status is not re-proven by this audit
6,6.jpg,6m.jpg,clean_negative/clean_6_169.jpg,clean_negative,192,1028,256,256,256,1108,1476,,,,,sliding_window_clean,,,,,,6,6.jpg,train,PASS,resolved,source-level only,clean-negative source split is traceable; defect-free status is not re-proven by this audit
6,6.jpg,6m.jpg,clean_negative/clean_6_170.jpg,clean_negative,240,1028,256,256,256,1108,1476,,,,,sliding_window_clean,,,,,,6,6.jpg,train,PASS,resolved,source-level only,clean-negative source split is traceable; defect-free status is not re-proven by this audit
6,6.jpg,6m.jpg,clean_negative/clean_6_171.jpg,clean_negative,288,1028,256,256,256,1108,1476,,,,,sliding_window_clean,,,,,,6,6.jpg,train,PASS,resolved,source-level only,clean-negative source split is traceable; defect-free status is not re-proven by this audit
6,6.jpg,6m.jpg,clean_negative/clean_6_172.jpg,clean_negative,336,1028,256,256,256,1108,1476,,,,,sliding_window_clean,,,,,,6,6.jpg,train,PASS,resolved,source-level only,clean-negative source split is traceable; defect-free status is not re-proven by this audit
6,6.jpg,6m.jpg,clean_negative/clean_6_173.jpg,clean_negative,384,1028,256,256,256,1108,1476,,,,,sliding_window_clean,,,,,,6,6.jpg,train,PASS,resolved,source-level only,clean-negative source split is traceable; defect-free status is not re-proven by this audit
6,6.jpg,6m.jpg,clean_negative/clean_6_174.jpg,clean_negative,409,1028,256,256,256,1108,1476,,,,,sliding_window_clean,,,,,,6,6.jpg,train,PASS,resolved,source-level only,clean-negative source split is traceable; defect-free status is not re-proven by this audit
6,6.jpg,6m.jpg,clean_negative/clean_6_175.jpg,clean_negative,0,1068,256,256,256,1108,1476,,,,,sliding_window_clean,,,,,,6,6.jpg,train,PASS,resolved,source-level only,clean-negative source split is traceable; defect-free status is not re-proven by this audit
6,6.jpg,6m.jpg,clean_negative/clean_6_176.jpg,clean_negative,48,1068,256,256,256,1108,1476,,,,,sliding_window_clean,,,,,,6,6.jpg,train,PASS,resolved,source-level only,clean-negative source split is traceable; defect-free status is not re-proven by this audit
6,6.jpg,6m.jpg,clean_negative/clean_6_177.jpg,clean_negative,96,1068,256,256,256,1108,1476,,,,,sliding_window_clean,,,,,,6,6.jpg,train,PASS,resolved,source-level only,clean-negative source split is traceable; defect-free status is not re-proven by this audit
6,6.jpg,6m.jpg,clean_negative/clean_6_178.jpg,clean_negative,144,1069,256,256,256,1108,1476,,,,,sliding_window_clean,,,,,,6,6.jpg,train,PASS,resolved,source-level only,clean-negative source split is traceable; defect-free status is not re-proven by this audit
6,6.jpg,6m.jpg,clean_negative/clean_6_179.jpg,clean_negative,192,1069,256,256,256,1108,1476,,,,,sliding_window_clean,,,,,,6,6.jpg,train,PASS,resolved,source-level only,clean-negative source split is traceable; defect-free status is not re-proven by this audit
6,6.jpg,6m.jpg,clean_negative/clean_6_180.jpg,clean_negative,240,1069,256,256,256,1108,1476,,,,,sliding_window_clean,,,,,,6,6.jpg,train,PASS,resolved,source-level only,clean-negative source split is traceable; defect-free status is not re-proven by this audit
6,6.jpg,6m.jpg,clean_negative/clean_6_181.jpg,clean_negative,288,1069,256,256,256,1108,1476,,,,,sliding_window_clean,,,,,,6,6.jpg,train,PASS,resolved,source-level only,clean-negative source split is traceable; defect-free status is not re-proven by this audit
6,6.jpg,6m.jpg,clean_negative/clean_6_182.jpg,clean_negative,336,1069,256,256,256,1108,1476,,,,,sliding_window_clean,,,,,,6,6.jpg,train,PASS,resolved,source-level only,clean-negative source split is traceable; defect-free status is not re-proven by this audit
6,6.jpg,6m.jpg,clean_negative/clean_6_183.jpg,clean_negative,384,1069,256,256,256,1108,1476,,,,,sliding_window_clean,,,,,,6,6.jpg,train,PASS,resolved,source-level only,clean-negative source split is traceable; defect-free status is not re-proven by this audit
6,6.jpg,6m.jpg,clean_negative/clean_6_184.jpg,clean_negative,419,1081,256,256,256,1108,1476,,,,,sliding_window_clean,,,,,,6,6.jpg,train,PASS,resolved,source-level only,clean-negative source split is traceable; defect-free status is not re-proven by this audit
6,6.jpg,6m.jpg,clean_negative/clean_6_185.jpg,clean_negative,469,1094,256,256,256,1108,1476,,,,,sliding_window_clean,,,,,,6,6.jpg,train,PASS,resolved,source-level only,clean-negative source split is traceable; defect-free status is not re-proven by this audit
6,6.jpg,6m.jpg,clean_negative/clean_6_186.jpg,clean_negative,134,1117,256,256,256,1108,1476,,,,,sliding_window_clean,,,,,,6,6.jpg,train,PASS,resolved,source-level only,clean-negative source split is traceable; defect-free status is not re-proven by this audit
6,6.jpg,6m.jpg,clean_negative/clean_6_187.jpg,clean_negative,144,1117,256,256,256,1108,1476,,,,,sliding_window_clean,,,,,,6,6.jpg,train,PASS,resolved,source-level only,clean-negative source split is traceable; defect-free status is not re-proven by this audit
6,6.jpg,6m.jpg,clean_negative/clean_6_188.jpg,clean_negative,192,1117,256,256,256,1108,1476,,,,,sliding_window_clean,,,,,,6,6.jpg,train,PASS,resolved,source-level only,clean-negative source split is traceable; defect-free status is not re-proven by this audit
6,6.jpg,6m.jpg,clean_negative/clean_6_189.jpg,clean_negative,240,1117,256,256,256,1108,1476,,,,,sliding_window_clean,,,,,,6,6.jpg,train,PASS,resolved,source-level only,clean-negative source split is traceable; defect-free status is not re-proven by this audit
6,6.jpg,6m.jpg,clean_negative/clean_6_190.jpg,clean_negative,288,1117,256,256,256,1108,1476,,,,,sliding_window_clean,,,,,,6,6.jpg,train,PASS,resolved,source-level only,clean-negative source split is traceable; defect-free status is not re-proven by this audit
6,6.jpg,6m.jpg,clean_negative/clean_6_191.jpg,clean_negative,336,1117,256,256,256,1108,1476,,,,,sliding_window_clean,,,,,,6,6.jpg,train,PASS,resolved,source-level only,clean-negative source split is traceable; defect-free status is not re-proven by this audit
6,6.jpg,6m.jpg,clean_negative/clean_6_192.jpg,clean_negative,384,1117,256,256,256,1108,1476,,,,,sliding_window_clean,,,,,,6,6.jpg,train,PASS,resolved,source-level only,clean-negative source split is traceable; defect-free status is not re-proven by this audit
6,6.jpg,6m.jpg,clean_negative/clean_6_193.jpg,clean_negative,432,1117,256,256,256,1108,1476,,,,,sliding_window_clean,,,,,,6,6.jpg,train,PASS,resolved,source-level only,clean-negative source split is traceable; defect-free status is not re-proven by this audit
6,6.jpg,6m.jpg,clean_negative/clean_6_194.jpg,clean_negative,470,1120,256,256,256,1108,1476,,,,,sliding_window_clean,,,,,,6,6.jpg,train,PASS,resolved,source-level only,clean-negative source split is traceable; defect-free status is not re-proven by this audit
6,6.jpg,6m.jpg,clean_negative/clean_6_195.jpg,clean_negative,852,1142,256,256,256,1108,1476,,,,,sliding_window_clean,,,,,,6,6.jpg,train,PASS,resolved,source-level only,clean-negative source split is traceable; defect-free status is not re-proven by this audit
6,6.jpg,6m.jpg,clean_negative/clean_6_196.jpg,clean_negative,523,1151,256,256,256,1108,1476,,,,,sliding_window_clean,,,,,,6,6.jpg,train,PASS,resolved,source-level only,clean-negative source split is traceable; defect-free status is not re-proven by this audit
6,6.jpg,6m.jpg,clean_negative/clean_6_197.jpg,clean_negative,134,1165,256,256,256,1108,1476,,,,,sliding_window_clean,,,,,,6,6.jpg,train,PASS,resolved,source-level only,clean-negative source split is traceable; defect-free status is not re-proven by this audit
6,6.jpg,6m.jpg,clean_negative/clean_6_198.jpg,clean_negative,144,1165,256,256,256,1108,1476,,,,,sliding_window_clean,,,,,,6,6.jpg,train,PASS,resolved,source-level only,clean-negative source split is traceable; defect-free status is not re-proven by this audit
6,6.jpg,6m.jpg,clean_negative/clean_6_199.jpg,clean_negative,192,1165,256,256,256,1108,1476,,,,,sliding_window_clean,,,,,,6,6.jpg,train,PASS,resolved,source-level only,clean-negative source split is traceable; defect-free status is not re-proven by this audit
6,6.jpg,6m.jpg,clean_negative/clean_6_200.jpg,clean_negative,240,1165,256,256,256,1108,1476,,,,,sliding_window_clean,,,,,,6,6.jpg,train,PASS,resolved,source-level only,clean-negative source split is traceable; defect-free status is not re-proven by this audit
6,6.jpg,6m.jpg,clean_negative/clean_6_201.jpg,clean_negative,288,1165,256,256,256,1108,1476,,,,,sliding_window_clean,,,,,,6,6.jpg,train,PASS,resolved,source-level only,clean-negative source split is traceable; defect-free status is not re-proven by this audit
6,6.jpg,6m.jpg,clean_negative/clean_6_202.jpg,clean_negative,336,1165,256,256,256,1108,1476,,,,,sliding_window_clean,,,,,,6,6.jpg,train,PASS,resolved,source-level only,clean-negative source split is traceable; defect-free status is not re-proven by this audit
6,6.jpg,6m.jpg,clean_negative/clean_6_203.jpg,clean_negative,384,1165,256,256,256,1108,1476,,,,,sliding_window_clean,,,,,,6,6.jpg,train,PASS,resolved,source-level only,clean-negative source split is traceable; defect-free status is not re-proven by this audit
6,6.jpg,6m.jpg,clean_negative/clean_6_204.jpg,clean_negative,432,1165,256,256,256,1108,1476,,,,,sliding_window_clean,,,,,,6,6.jpg,train,PASS,resolved,source-level only,clean-negative source split is traceable; defect-free status is not re-proven by this audit
6,6.jpg,6m.jpg,clean_negative/clean_6_205.jpg,clean_negative,480,1165,256,256,256,1108,1476,,,,,sliding_window_clean,,,,,,6,6.jpg,train,PASS,resolved,source-level only,clean-negative source split is traceable; defect-free status is not re-proven by this audit
6,6.jpg,6m.jpg,clean_negative/clean_6_206.jpg,clean_negative,528,1165,256,256,256,1108,1476,,,,,sliding_window_clean,,,,,,6,6.jpg,train,PASS,resolved,source-level only,clean-negative source split is traceable; defect-free status is not re-proven by this audit
6,6.jpg,6m.jpg,clean_negative/clean_6_207.jpg,clean_negative,852,1165,256,256,256,1108,1476,,,,,sliding_window_clean,,,,,,6,6.jpg,train,PASS,resolved,source-level only,clean-negative source split is traceable; defect-free status is not re-proven by this audit
6,6.jpg,6m.jpg,clean_negative/clean_6_208.jpg,clean_negative,818,1177,256,256,256,1108,1476,,,,,sliding_window_clean,,,,,,6,6.jpg,train,PASS,resolved,source-level only,clean-negative source split is traceable; defect-free status is not re-proven by this audit
6,6.jpg,6m.jpg,clean_negative/clean_6_209.jpg,clean_negative,576,1179,256,256,256,1108,1476,,,,,sliding_window_clean,,,,,,6,6.jpg,train,PASS,resolved,source-level only,clean-negative source split is traceable; defect-free status is not re-proven by this audit
6,6.jpg,6m.jpg,clean_negative/clean_6_210.jpg,clean_negative,624,1179,256,256,256,1108,1476,,,,,sliding_window_clean,,,,,,6,6.jpg,train,PASS,resolved,source-level only,clean-negative source split is traceable; defect-free status is not re-proven by this audit
6,6.jpg,6m.jpg,clean_negative/clean_6_211.jpg,clean_negative,672,1179,256,256,256,1108,1476,,,,,sliding_window_clean,,,,,,6,6.jpg,train,PASS,resolved,source-level only,clean-negative source split is traceable; defect-free status is not re-proven by this audit
6,6.jpg,6m.jpg,clean_negative/clean_6_212.jpg,clean_negative,720,1179,256,256,256,1108,1476,,,,,sliding_window_clean,,,,,,6,6.jpg,train,PASS,resolved,source-level only,clean-negative source split is traceable; defect-free status is not re-proven by this audit
6,6.jpg,6m.jpg,clean_negative/clean_6_213.jpg,clean_negative,768,1179,256,256,256,1108,1476,,,,,sliding_window_clean,,,,,,6,6.jpg,train,PASS,resolved,source-level only,clean-negative source split is traceable; defect-free status is not re-proven by this audit
6,6.jpg,6m.jpg,clean_negative/clean_6_214.jpg,clean_negative,134,1213,256,256,256,1108,1476,,,,,sliding_window_clean,,,,,,6,6.jpg,train,PASS,resolved,source-level only,clean-negative source split is traceable; defect-free status is not re-proven by this audit
6,6.jpg,6m.jpg,clean_negative/clean_6_215.jpg,clean_negative,144,1213,256,256,256,1108,1476,,,,,sliding_window_clean,,,,,,6,6.jpg,train,PASS,resolved,source-level only,clean-negative source split is traceable; defect-free status is not re-proven by this audit
6,6.jpg,6m.jpg,clean_negative/clean_6_216.jpg,clean_negative,192,1213,256,256,256,1108,1476,,,,,sliding_window_clean,,,,,,6,6.jpg,train,PASS,resolved,source-level only,clean-negative source split is traceable; defect-free status is not re-proven by this audit
6,6.jpg,6m.jpg,clean_negative/clean_6_217.jpg,clean_negative,240,1213,256,256,256,1108,1476,,,,,sliding_window_clean,,,,,,6,6.jpg,train,PASS,resolved,source-level only,clean-negative source split is traceable; defect-free status is not re-proven by this audit
6,6.jpg,6m.jpg,clean_negative/clean_6_218.jpg,clean_negative,288,1213,256,256,256,1108,1476,,,,,sliding_window_clean,,,,,,6,6.jpg,train,PASS,resolved,source-level only,clean-negative source split is traceable; defect-free status is not re-proven by this audit
6,6.jpg,6m.jpg,clean_negative/clean_6_219.jpg,clean_negative,336,1213,256,256,256,1108,1476,,,,,sliding_window_clean,,,,,,6,6.jpg,train,PASS,resolved,source-level only,clean-negative source split is traceable; defect-free status is not re-proven by this audit
6,6.jpg,6m.jpg,clean_negative/clean_6_220.jpg,clean_negative,384,1213,256,256,256,1108,1476,,,,,sliding_window_clean,,,,,,6,6.jpg,train,PASS,resolved,source-level only,clean-negative source split is traceable; defect-free status is not re-proven by this audit
6,6.jpg,6m.jpg,clean_negative/clean_6_221.jpg,clean_negative,432,1213,256,256,256,1108,1476,,,,,sliding_window_clean,,,,,,6,6.jpg,train,PASS,resolved,source-level only,clean-negative source split is traceable; defect-free status is not re-proven by this audit
6,6.jpg,6m.jpg,clean_negative/clean_6_222.jpg,clean_negative,480,1213,256,256,256,1108,1476,,,,,sliding_window_clean,,,,,,6,6.jpg,train,PASS,resolved,source-level only,clean-negative source split is traceable; defect-free status is not re-proven by this audit
6,6.jpg,6m.jpg,clean_negative/clean_6_223.jpg,clean_negative,528,1213,256,256,256,1108,1476,,,,,sliding_window_clean,,,,,,6,6.jpg,train,PASS,resolved,source-level only,clean-negative source split is traceable; defect-free status is not re-proven by this audit
6,6.jpg,6m.jpg,clean_negative/clean_6_224.jpg,clean_negative,576,1213,256,256,256,1108,1476,,,,,sliding_window_clean,,,,,,6,6.jpg,train,PASS,resolved,source-level only,clean-negative source split is traceable; defect-free status is not re-proven by this audit
6,6.jpg,6m.jpg,clean_negative/clean_6_225.jpg,clean_negative,624,1213,256,256,256,1108,1476,,,,,sliding_window_clean,,,,,,6,6.jpg,train,PASS,resolved,source-level only,clean-negative source split is traceable; defect-free status is not re-proven by this audit
6,6.jpg,6m.jpg,clean_negative/clean_6_226.jpg,clean_negative,672,1213,256,256,256,1108,1476,,,,,sliding_window_clean,,,,,,6,6.jpg,train,PASS,resolved,source-level only,clean-negative source split is traceable; defect-free status is not re-proven by this audit
6,6.jpg,6m.jpg,clean_negative/clean_6_227.jpg,clean_negative,720,1213,256,256,256,1108,1476,,,,,sliding_window_clean,,,,,,6,6.jpg,train,PASS,resolved,source-level only,clean-negative source split is traceable; defect-free status is not re-proven by this audit
6,6.jpg,6m.jpg,clean_negative/clean_6_228.jpg,clean_negative,768,1213,256,256,256,1108,1476,,,,,sliding_window_clean,,,,,,6,6.jpg,train,PASS,resolved,source-level only,clean-negative source split is traceable; defect-free status is not re-proven by this audit
6,6.jpg,6m.jpg,clean_negative/clean_6_229.jpg,clean_negative,816,1213,256,256,256,1108,1476,,,,,sliding_window_clean,,,,,,6,6.jpg,train,PASS,resolved,source-level only,clean-negative source split is traceable; defect-free status is not re-proven by this audit
6,6.jpg,6m.jpg,clean_negative/clean_6_230.jpg,clean_negative,852,1213,256,256,256,1108,1476,,,,,sliding_window_clean,,,,,,6,6.jpg,train,PASS,resolved,source-level only,clean-negative source split is traceable; defect-free status is not re-proven by this audit
6,6.jpg,6m.jpg,dirty_positive/dirty_6_1.jpg,dirty_positive,556,210,256,256,256,1108,1476,1,684,338,572,centered_positive,556,210,registered,registered,homography_inliers=5203/5203,6,6.jpg,train,PASS,resolved,exact,
6,6.jpg,6m.jpg,dirty_positive/dirty_6_2.jpg,dirty_positive,528,205,256,256,256,1108,1476,1,684,338,572,jittered_positive,528,205,registered,registered,homography_inliers=5203/5203,6,6.jpg,train,PASS,resolved,exact,
6,6.jpg,6m.jpg,dirty_positive/dirty_6_3.jpg,dirty_positive,610,211,256,256,256,1108,1476,1,684,338,572,jittered_positive,610,211,registered,registered,homography_inliers=5203/5203,6,6.jpg,train,PASS,resolved,exact,
6,6.jpg,6m.jpg,dirty_positive/dirty_6_4.jpg,dirty_positive,609,211,256,256,256,1108,1476,1,684,338,572,jittered_positive,609,211,registered,registered,homography_inliers=5203/5203,6,6.jpg,train,PASS,resolved,exact,
6,6.jpg,6m.jpg,dirty_positive/dirty_6_5.jpg,dirty_positive,468,224,256,256,256,1108,1476,2,596,352,611,centered_positive,468,224,registered,registered,homography_inliers=5203/5203,6,6.jpg,train,PASS,resolved,exact,
6,6.jpg,6m.jpg,dirty_positive/dirty_6_6.jpg,dirty_positive,406,279,256,256,256,1108,1476,2,596,352,611,jittered_positive,406,279,registered,registered,homography_inliers=5203/5203,6,6.jpg,train,PASS,resolved,exact,
6,6.jpg,6m.jpg,dirty_positive/dirty_6_7.jpg,dirty_positive,477,200,256,256,256,1108,1476,2,596,352,611,jittered_positive,477,200,registered,registered,homography_inliers=5203/5203,6,6.jpg,train,PASS,resolved,exact,
6,6.jpg,6m.jpg,dirty_positive/dirty_6_8.jpg,dirty_positive,422,273,256,256,256,1108,1476,2,596,352,611,jittered_positive,422,273,registered,registered,homography_inliers=5203/5203,6,6.jpg,train,PASS,resolved,exact,
6,6.jpg,6m.jpg,dirty_positive/dirty_6_9.jpg,dirty_positive,206,231,256,256,256,1108,1476,3,334,359,730,centered_positive,206,231,registered,registered,homography_inliers=5203/5203,6,6.jpg,train,PASS,resolved,exact,
6,6.jpg,6m.jpg,dirty_positive/dirty_6_10.jpg,dirty_positive,230,243,256,256,256,1108,1476,3,334,359,730,jittered_positive,230,243,registered,registered,homography_inliers=5203/5203,6,6.jpg,train,PASS,resolved,exact,
6,6.jpg,6m.jpg,dirty_positive/dirty_6_11.jpg,dirty_positive,250,231,256,256,256,1108,1476,3,334,359,730,jittered_positive,250,231,registered,registered,homography_inliers=5203/5203,6,6.jpg,train,PASS,resolved,exact,
6,6.jpg,6m.jpg,dirty_positive/dirty_6_12.jpg,dirty_positive,258,244,256,256,256,1108,1476,3,334,359,730,jittered_positive,258,244,registered,registered,homography_inliers=5203/5203,6,6.jpg,train,PASS,resolved,exact,
6,6.jpg,6m.jpg,dirty_positive/dirty_6_13.jpg,dirty_positive,519,258,256,256,256,1108,1476,4,647,386,655,centered_positive,519,258,registered,registered,homography_inliers=5203/5203,6,6.jpg,train,PASS,resolved,exact,
6,6.jpg,6m.jpg,dirty_positive/dirty_6_14.jpg,dirty_positive,505,292,256,256,256,1108,1476,4,647,386,655,jittered_positive,505,292,registered,registered,homography_inliers=5203/5203,6,6.jpg,train,PASS,resolved,exact,
6,6.jpg,6m.jpg,dirty_positive/dirty_6_15.jpg,dirty_positive,578,221,256,256,256,1108,1476,4,647,386,655,jittered_positive,578,221,registered,registered,homography_inliers=5203/5203,6,6.jpg,train,PASS,resolved,exact,
6,6.jpg,6m.jpg,dirty_positive/dirty_6_16.jpg,dirty_positive,515,291,256,256,256,1108,1476,4,647,386,655,jittered_positive,515,291,registered,registered,homography_inliers=5203/5203,6,6.jpg,train,PASS,resolved,exact,
6,6.jpg,6m.jpg,dirty_positive/dirty_6_17.jpg,dirty_positive,327,300,256,256,256,1108,1476,5,455,428,886,centered_positive,327,300,registered,registered,homography_inliers=5203/5203,6,6.jpg,train,PASS,resolved,exact,
6,6.jpg,6m.jpg,dirty_positive/dirty_6_18.jpg,dirty_positive,354,311,256,256,256,1108,1476,5,455,428,886,jittered_positive,354,311,registered,registered,homography_inliers=5203/5203,6,6.jpg,train,PASS,resolved,exact,
6,6.jpg,6m.jpg,dirty_positive/dirty_6_19.jpg,dirty_positive,338,241,256,256,256,1108,1476,5,455,428,886,jittered_positive,338,241,registered,registered,homography_inliers=5203/5203,6,6.jpg,train,PASS,resolved,exact,
6,6.jpg,6m.jpg,dirty_positive/dirty_6_20.jpg,dirty_positive,364,306,256,256,256,1108,1476,5,455,428,886,jittered_positive,364,306,registered,registered,homography_inliers=5203/5203,6,6.jpg,train,PASS,resolved,exact,
6,6.jpg,6m.jpg,dirty_positive/dirty_6_21.jpg,dirty_positive,103,354,256,256,256,1108,1476,6,231,482,703,centered_positive,103,354,registered,registered,homography_inliers=5203/5203,6,6.jpg,train,PASS,resolved,exact,
6,6.jpg,6m.jpg,dirty_positive/dirty_6_22.jpg,dirty_positive,41,302,256,256,256,1108,1476,6,231,482,703,jittered_positive,41,302,registered,registered,homography_inliers=5203/5203,6,6.jpg,train,PASS,resolved,exact,
6,6.jpg,6m.jpg,dirty_positive/dirty_6_23.jpg,dirty_positive,166,363,256,256,256,1108,1476,6,231,482,703,jittered_positive,166,363,registered,registered,homography_inliers=5203/5203,6,6.jpg,train,PASS,resolved,exact,
6,6.jpg,6m.jpg,dirty_positive/dirty_6_24.jpg,dirty_positive,97,380,256,256,256,1108,1476,6,231,482,703,jittered_positive,97,380,registered,registered,homography_inliers=5203/5203,6,6.jpg,train,PASS,resolved,exact,
6,6.jpg,6m.jpg,dirty_positive/dirty_6_25.jpg,dirty_positive,13,362,256,256,256,1108,1476,7,141,490,713,centered_positive,13,362,registered,registered,homography_inliers=5203/5203,6,6.jpg,train,PASS,resolved,exact,
6,6.jpg,6m.jpg,dirty_positive/dirty_6_26.jpg,dirty_positive,5,346,256,256,256,1108,1476,7,141,490,713,jittered_positive,5,346,registered,registered,homography_inliers=5203/5203,6,6.jpg,train,PASS,resolved,exact,
6,6.jpg,6m.jpg,dirty_positive/dirty_6_27.jpg,dirty_positive,13,333,256,256,256,1108,1476,7,141,490,713,jittered_positive,13,333,registered,registered,homography_inliers=5203/5203,6,6.jpg,train,PASS,resolved,exact,
6,6.jpg,6m.jpg,dirty_positive/dirty_6_28.jpg,dirty_positive,1,308,256,256,256,1108,1476,7,141,490,713,jittered_positive,1,308,registered,registered,homography_inliers=5203/5203,6,6.jpg,train,PASS,resolved,exact,
6,6.jpg,6m.jpg,dirty_positive/dirty_6_29.jpg,dirty_positive,512,380,256,256,256,1108,1476,8,640,508,1023,centered_positive,512,380,registered,registered,homography_inliers=5203/5203,6,6.jpg,train,PASS,resolved,exact,
6,6.jpg,6m.jpg,dirty_positive/dirty_6_30.jpg,dirty_positive,527,428,256,256,256,1108,1476,8,640,508,1023,jittered_positive,527,428,registered,registered,homography_inliers=5203/5203,6,6.jpg,train,PASS,resolved,exact,
6,6.jpg,6m.jpg,dirty_positive/dirty_6_31.jpg,dirty_positive,456,409,256,256,256,1108,1476,8,640,508,1023,jittered_positive,456,409,registered,registered,homography_inliers=5203/5203,6,6.jpg,train,PASS,resolved,exact,
6,6.jpg,6m.jpg,dirty_positive/dirty_6_32.jpg,dirty_positive,481,339,256,256,256,1108,1476,8,640,508,1023,jittered_positive,481,339,registered,registered,homography_inliers=5203/5203,6,6.jpg,train,PASS,resolved,exact,
6,6.jpg,6m.jpg,dirty_positive/dirty_6_33.jpg,dirty_positive,191,557,256,256,256,1108,1476,9,319,685,701,centered_positive,191,557,registered,registered,homography_inliers=5203/5203,6,6.jpg,train,PASS,resolved,exact,
6,6.jpg,6m.jpg,dirty_positive/dirty_6_34.jpg,dirty_positive,202,576,256,256,256,1108,1476,9,319,685,701,jittered_positive,202,576,registered,registered,homography_inliers=5203/5203,6,6.jpg,train,PASS,resolved,exact,
6,6.jpg,6m.jpg,dirty_positive/dirty_6_35.jpg,dirty_positive,233,537,256,256,256,1108,1476,9,319,685,701,jittered_positive,233,537,registered,registered,homography_inliers=5203/5203,6,6.jpg,train,PASS,resolved,exact,
6,6.jpg,6m.jpg,dirty_positive/dirty_6_36.jpg,dirty_positive,178,526,256,256,256,1108,1476,9,319,685,701,jittered_positive,178,526,registered,registered,homography_inliers=5203/5203,6,6.jpg,train,PASS,resolved,exact,
6,6.jpg,6m.jpg,dirty_positive/dirty_6_37.jpg,dirty_positive,268,575,256,256,256,1108,1476,10,396,703,743,centered_positive,268,575,registered,registered,homography_inliers=5203/5203,6,6.jpg,train,PASS,resolved,exact,
6,6.jpg,6m.jpg,dirty_positive/dirty_6_38.jpg,dirty_positive,297,639,256,256,256,1108,1476,10,396,703,743,jittered_positive,297,639,registered,registered,homography_inliers=5203/5203,6,6.jpg,train,PASS,resolved,exact,
6,6.jpg,6m.jpg,dirty_positive/dirty_6_39.jpg,dirty_positive,273,553,256,256,256,1108,1476,10,396,703,743,jittered_positive,273,553,registered,registered,homography_inliers=5203/5203,6,6.jpg,train,PASS,resolved,exact,
6,6.jpg,6m.jpg,dirty_positive/dirty_6_40.jpg,dirty_positive,269,634,256,256,256,1108,1476,10,396,703,743,jittered_positive,269,634,registered,registered,homography_inliers=5203/5203,6,6.jpg,train,PASS,resolved,exact,
6,6.jpg,6m.jpg,dirty_positive/dirty_6_41.jpg,dirty_positive,1,751,256,256,256,1108,1476,11,114,879,1040,centered_positive,1,751,registered,registered,homography_inliers=5203/5203,6,6.jpg,train,PASS,resolved,exact,
6,6.jpg,6m.jpg,dirty_positive/dirty_6_42.jpg,dirty_positive,11,773,256,256,256,1108,1476,11,114,879,1040,jittered_positive,11,773,registered,registered,homography_inliers=5203/5203,6,6.jpg,train,PASS,resolved,exact,
6,6.jpg,6m.jpg,dirty_positive/dirty_6_43.jpg,dirty_positive,1,806,256,256,256,1108,1476,11,114,879,1040,jittered_positive,1,806,registered,registered,homography_inliers=5203/5203,6,6.jpg,train,PASS,resolved,exact,
6,6.jpg,6m.jpg,dirty_positive/dirty_6_44.jpg,dirty_positive,1,723,256,256,256,1108,1476,11,114,879,1040,jittered_positive,1,723,registered,registered,homography_inliers=5203/5203,6,6.jpg,train,PASS,resolved,exact,
6,6.jpg,6m.jpg,dirty_positive/dirty_6_45.jpg,dirty_positive,280,749,256,256,256,1108,1476,12,408,877,733,centered_positive,280,749,registered,registered,homography_inliers=5203/5203,6,6.jpg,train,PASS,resolved,exact,
6,6.jpg,6m.jpg,dirty_positive/dirty_6_46.jpg,dirty_positive,273,786,256,256,256,1108,1476,12,408,877,733,jittered_positive,273,786,registered,registered,homography_inliers=5203/5203,6,6.jpg,train,PASS,resolved,exact,
6,6.jpg,6m.jpg,dirty_positive/dirty_6_47.jpg,dirty_positive,309,708,256,256,256,1108,1476,12,408,877,733,jittered_positive,309,708,registered,registered,homography_inliers=5203/5203,6,6.jpg,train,PASS,resolved,exact,
6,6.jpg,6m.jpg,dirty_positive/dirty_6_48.jpg,dirty_positive,317,688,256,256,256,1108,1476,12,408,877,733,jittered_positive,317,688,registered,registered,homography_inliers=5203/5203,6,6.jpg,train,PASS,resolved,exact,
6,6.jpg,6m.jpg,dirty_positive/dirty_6_49.jpg,dirty_positive,323,852,256,256,256,1108,1476,13,451,980,737,centered_positive,323,852,registered,registered,homography_inliers=5203/5203,6,6.jpg,train,PASS,resolved,exact,
6,6.jpg,6m.jpg,dirty_positive/dirty_6_50.jpg,dirty_positive,326,819,256,256,256,1108,1476,13,451,980,737,jittered_positive,326,819,registered,registered,homography_inliers=5203/5203,6,6.jpg,train,PASS,resolved,exact,
6,6.jpg,6m.jpg,dirty_positive/dirty_6_51.jpg,dirty_positive,375,882,256,256,256,1108,1476,13,451,980,737,jittered_positive,375,882,registered,registered,homography_inliers=5203/5203,6,6.jpg,train,PASS,resolved,exact,
6,6.jpg,6m.jpg,dirty_positive/dirty_6_52.jpg,dirty_positive,326,885,256,256,256,1108,1476,13,451,980,737,jittered_positive,326,885,registered,registered,homography_inliers=5203/5203,6,6.jpg,train,PASS,resolved,exact,
6,6.jpg,6m.jpg,dirty_positive/dirty_6_53.jpg,dirty_positive,585,921,256,256,256,1108,1476,14,713,1049,737,centered_positive,585,921,registered,registered,homography_inliers=5203/5203,6,6.jpg,train,PASS,resolved,exact,
6,6.jpg,6m.jpg,dirty_positive/dirty_6_54.jpg,dirty_positive,616,884,256,256,256,1108,1476,14,713,1049,737,jittered_positive,616,884,registered,registered,homography_inliers=5203/5203,6,6.jpg,train,PASS,resolved,exact,
6,6.jpg,6m.jpg,dirty_positive/dirty_6_55.jpg,dirty_positive,580,977,256,256,256,1108,1476,14,713,1049,737,jittered_positive,580,977,registered,registered,homography_inliers=5203/5203,6,6.jpg,train,PASS,resolved,exact,
6,6.jpg,6m.jpg,dirty_positive/dirty_6_56.jpg,dirty_positive,527,940,256,256,256,1108,1476,14,713,1049,737,jittered_positive,527,940,registered,registered,homography_inliers=5203/5203,6,6.jpg,train,PASS,resolved,exact,
6,6.jpg,6m.jpg,dirty_positive/dirty_6_57.jpg,dirty_positive,775,949,256,256,256,1108,1476,15,903,1077,666,centered_positive,775,949,registered,registered,homography_inliers=5203/5203,6,6.jpg,train,PASS,resolved,exact,
6,6.jpg,6m.jpg,dirty_positive/dirty_6_58.jpg,dirty_positive,767,901,256,256,256,1108,1476,15,903,1077,666,jittered_positive,767,901,registered,registered,homography_inliers=5203/5203,6,6.jpg,train,PASS,resolved,exact,
6,6.jpg,6m.jpg,dirty_positive/dirty_6_59.jpg,dirty_positive,829,962,256,256,256,1108,1476,15,903,1077,666,jittered_positive,829,962,registered,registered,homography_inliers=5203/5203,6,6.jpg,train,PASS,resolved,exact,
6,6.jpg,6m.jpg,dirty_positive/dirty_6_60.jpg,dirty_positive,815,914,256,256,256,1108,1476,15,903,1077,666,jittered_positive,815,914,registered,registered,homography_inliers=5203/5203,6,6.jpg,train,PASS,resolved,exact,
6,6.jpg,6m.jpg,dirty_positive/dirty_6_61.jpg,dirty_positive,644,976,256,256,256,1108,1476,16,772,1104,731,centered_positive,644,976,registered,registered,homography_inliers=5203/5203,6,6.jpg,train,PASS,resolved,exact,
6,6.jpg,6m.jpg,dirty_positive/dirty_6_62.jpg,dirty_positive,615,923,256,256,256,1108,1476,16,772,1104,731,jittered_positive,615,923,registered,registered,homography_inliers=5203/5203,6,6.jpg,train,PASS,resolved,exact,
6,6.jpg,6m.jpg,dirty_positive/dirty_6_63.jpg,dirty_positive,589,989,256,256,256,1108,1476,16,772,1104,731,jittered_positive,589,989,registered,registered,homography_inliers=5203/5203,6,6.jpg,train,PASS,resolved,exact,
6,6.jpg,6m.jpg,dirty_positive/dirty_6_64.jpg,dirty_positive,706,941,256,256,256,1108,1476,16,772,1104,731,jittered_positive,706,941,registered,registered,homography_inliers=5203/5203,6,6.jpg,train,PASS,resolved,exact,
6,6.jpg,6m.jpg,dirty_positive/dirty_6_65.jpg,dirty_positive,689,1007,256,256,256,1108,1476,17,817,1135,589,centered_positive,689,1007,registered,registered,homography_inliers=5203/5203,6,6.jpg,train,PASS,resolved,exact,
6,6.jpg,6m.jpg,dirty_positive/dirty_6_66.jpg,dirty_positive,649,1003,256,256,256,1108,1476,17,817,1135,589,jittered_positive,649,1003,registered,registered,homography_inliers=5203/5203,6,6.jpg,train,PASS,resolved,exact,
6,6.jpg,6m.jpg,dirty_positive/dirty_6_67.jpg,dirty_positive,659,1042,256,256,256,1108,1476,17,817,1135,589,jittered_positive,659,1042,registered,registered,homography_inliers=5203/5203,6,6.jpg,train,PASS,resolved,exact,
6,6.jpg,6m.jpg,dirty_positive/dirty_6_68.jpg,dirty_positive,741,1037,256,256,256,1108,1476,17,817,1135,589,jittered_positive,741,1037,registered,registered,homography_inliers=5203/5203,6,6.jpg,train,PASS,resolved,exact,
7,7.jpg,7m.jpg,clean_negative/clean_7_1.jpg,clean_negative,0,0,256,256,256,1108,1476,,,,,sliding_window_clean,,,,,,7,7.jpg,train,PASS,resolved,source-level only,clean-negative source split is traceable; defect-free status is not re-proven by this audit
7,7.jpg,7m.jpg,clean_negative/clean_7_2.jpg,clean_negative,500,767,256,256,256,1108,1476,,,,,sliding_window_clean,,,,,,7,7.jpg,train,PASS,resolved,source-level only,clean-negative source split is traceable; defect-free status is not re-proven by this audit
7,7.jpg,7m.jpg,clean_negative/clean_7_3.jpg,clean_negative,527,767,256,256,256,1108,1476,,,,,sliding_window_clean,,,,,,7,7.jpg,train,PASS,resolved,source-level only,clean-negative source split is traceable; defect-free status is not re-proven by this audit
7,7.jpg,7m.jpg,clean_negative/clean_7_4.jpg,clean_negative,575,767,256,256,256,1108,1476,,,,,sliding_window_clean,,,,,,7,7.jpg,train,PASS,resolved,source-level only,clean-negative source split is traceable; defect-free status is not re-proven by this audit
7,7.jpg,7m.jpg,clean_negative/clean_7_5.jpg,clean_negative,500,815,256,256,256,1108,1476,,,,,sliding_window_clean,,,,,,7,7.jpg,train,PASS,resolved,source-level only,clean-negative source split is traceable; defect-free status is not re-proven by this audit
7,7.jpg,7m.jpg,clean_negative/clean_7_6.jpg,clean_negative,527,815,256,256,256,1108,1476,,,,,sliding_window_clean,,,,,,7,7.jpg,train,PASS,resolved,source-level only,clean-negative source split is traceable; defect-free status is not re-proven by this audit
7,7.jpg,7m.jpg,clean_negative/clean_7_7.jpg,clean_negative,575,815,256,256,256,1108,1476,,,,,sliding_window_clean,,,,,,7,7.jpg,train,PASS,resolved,source-level only,clean-negative source split is traceable; defect-free status is not re-proven by this audit
7,7.jpg,7m.jpg,clean_negative/clean_7_8.jpg,clean_negative,500,863,256,256,256,1108,1476,,,,,sliding_window_clean,,,,,,7,7.jpg,train,PASS,resolved,source-level only,clean-negative source split is traceable; defect-free status is not re-proven by this audit
7,7.jpg,7m.jpg,clean_negative/clean_7_9.jpg,clean_negative,527,863,256,256,256,1108,1476,,,,,sliding_window_clean,,,,,,7,7.jpg,train,PASS,resolved,source-level only,clean-negative source split is traceable; defect-free status is not re-proven by this audit
7,7.jpg,7m.jpg,clean_negative/clean_7_10.jpg,clean_negative,575,863,256,256,256,1108,1476,,,,,sliding_window_clean,,,,,,7,7.jpg,train,PASS,resolved,source-level only,clean-negative source split is traceable; defect-free status is not re-proven by this audit
7,7.jpg,7m.jpg,clean_negative/clean_7_11.jpg,clean_negative,527,911,256,256,256,1108,1476,,,,,sliding_window_clean,,,,,,7,7.jpg,train,PASS,resolved,source-level only,clean-negative source split is traceable; defect-free status is not re-proven by this audit
7,7.jpg,7m.jpg,clean_negative/clean_7_12.jpg,clean_negative,575,911,256,256,256,1108,1476,,,,,sliding_window_clean,,,,,,7,7.jpg,train,PASS,resolved,source-level only,clean-negative source split is traceable; defect-free status is not re-proven by this audit
7,7.jpg,7m.jpg,clean_negative/clean_7_13.jpg,clean_negative,487,919,256,256,256,1108,1476,,,,,sliding_window_clean,,,,,,7,7.jpg,train,PASS,resolved,source-level only,clean-negative source split is traceable; defect-free status is not re-proven by this audit
7,7.jpg,7m.jpg,clean_negative/clean_7_14.jpg,clean_negative,288,985,256,256,256,1108,1476,,,,,sliding_window_clean,,,,,,7,7.jpg,train,PASS,resolved,source-level only,clean-negative source split is traceable; defect-free status is not re-proven by this audit
7,7.jpg,7m.jpg,clean_negative/clean_7_15.jpg,clean_negative,174,986,256,256,256,1108,1476,,,,,sliding_window_clean,,,,,,7,7.jpg,train,PASS,resolved,source-level only,clean-negative source split is traceable; defect-free status is not re-proven by this audit
7,7.jpg,7m.jpg,clean_negative/clean_7_16.jpg,clean_negative,192,986,256,256,256,1108,1476,,,,,sliding_window_clean,,,,,,7,7.jpg,train,PASS,resolved,source-level only,clean-negative source split is traceable; defect-free status is not re-proven by this audit
7,7.jpg,7m.jpg,clean_negative/clean_7_17.jpg,clean_negative,240,986,256,256,256,1108,1476,,,,,sliding_window_clean,,,,,,7,7.jpg,train,PASS,resolved,source-level only,clean-negative source split is traceable; defect-free status is not re-proven by this audit
7,7.jpg,7m.jpg,clean_negative/clean_7_18.jpg,clean_negative,174,1031,256,256,256,1108,1476,,,,,sliding_window_clean,,,,,,7,7.jpg,train,PASS,resolved,source-level only,clean-negative source split is traceable; defect-free status is not re-proven by this audit
7,7.jpg,7m.jpg,clean_negative/clean_7_19.jpg,clean_negative,192,1031,256,256,256,1108,1476,,,,,sliding_window_clean,,,,,,7,7.jpg,train,PASS,resolved,source-level only,clean-negative source split is traceable; defect-free status is not re-proven by this audit
7,7.jpg,7m.jpg,clean_negative/clean_7_20.jpg,clean_negative,240,1031,256,256,256,1108,1476,,,,,sliding_window_clean,,,,,,7,7.jpg,train,PASS,resolved,source-level only,clean-negative source split is traceable; defect-free status is not re-proven by this audit
7,7.jpg,7m.jpg,clean_negative/clean_7_21.jpg,clean_negative,288,1031,256,256,256,1108,1476,,,,,sliding_window_clean,,,,,,7,7.jpg,train,PASS,resolved,source-level only,clean-negative source split is traceable; defect-free status is not re-proven by this audit
7,7.jpg,7m.jpg,clean_negative/clean_7_22.jpg,clean_negative,174,1079,256,256,256,1108,1476,,,,,sliding_window_clean,,,,,,7,7.jpg,train,PASS,resolved,source-level only,clean-negative source split is traceable; defect-free status is not re-proven by this audit
7,7.jpg,7m.jpg,clean_negative/clean_7_23.jpg,clean_negative,192,1079,256,256,256,1108,1476,,,,,sliding_window_clean,,,,,,7,7.jpg,train,PASS,resolved,source-level only,clean-negative source split is traceable; defect-free status is not re-proven by this audit
7,7.jpg,7m.jpg,clean_negative/clean_7_24.jpg,clean_negative,240,1079,256,256,256,1108,1476,,,,,sliding_window_clean,,,,,,7,7.jpg,train,PASS,resolved,source-level only,clean-negative source split is traceable; defect-free status is not re-proven by this audit
7,7.jpg,7m.jpg,clean_negative/clean_7_25.jpg,clean_negative,288,1079,256,256,256,1108,1476,,,,,sliding_window_clean,,,,,,7,7.jpg,train,PASS,resolved,source-level only,clean-negative source split is traceable; defect-free status is not re-proven by this audit
7,7.jpg,7m.jpg,clean_negative/clean_7_26.jpg,clean_negative,674,1112,256,256,256,1108,1476,,,,,sliding_window_clean,,,,,,7,7.jpg,train,PASS,resolved,source-level only,clean-negative source split is traceable; defect-free status is not re-proven by this audit
7,7.jpg,7m.jpg,clean_negative/clean_7_27.jpg,clean_negative,722,1112,256,256,256,1108,1476,,,,,sliding_window_clean,,,,,,7,7.jpg,train,PASS,resolved,source-level only,clean-negative source split is traceable; defect-free status is not re-proven by this audit
7,7.jpg,7m.jpg,clean_negative/clean_7_28.jpg,clean_negative,770,1112,256,256,256,1108,1476,,,,,sliding_window_clean,,,,,,7,7.jpg,train,PASS,resolved,source-level only,clean-negative source split is traceable; defect-free status is not re-proven by this audit
7,7.jpg,7m.jpg,clean_negative/clean_7_29.jpg,clean_negative,818,1112,256,256,256,1108,1476,,,,,sliding_window_clean,,,,,,7,7.jpg,train,PASS,resolved,source-level only,clean-negative source split is traceable; defect-free status is not re-proven by this audit
7,7.jpg,7m.jpg,clean_negative/clean_7_30.jpg,clean_negative,852,1112,256,256,256,1108,1476,,,,,sliding_window_clean,,,,,,7,7.jpg,train,PASS,resolved,source-level only,clean-negative source split is traceable; defect-free status is not re-proven by this audit
7,7.jpg,7m.jpg,clean_negative/clean_7_31.jpg,clean_negative,174,1127,256,256,256,1108,1476,,,,,sliding_window_clean,,,,,,7,7.jpg,train,PASS,resolved,source-level only,clean-negative source split is traceable; defect-free status is not re-proven by this audit
7,7.jpg,7m.jpg,clean_negative/clean_7_32.jpg,clean_negative,192,1127,256,256,256,1108,1476,,,,,sliding_window_clean,,,,,,7,7.jpg,train,PASS,resolved,source-level only,clean-negative source split is traceable; defect-free status is not re-proven by this audit
7,7.jpg,7m.jpg,clean_negative/clean_7_33.jpg,clean_negative,240,1127,256,256,256,1108,1476,,,,,sliding_window_clean,,,,,,7,7.jpg,train,PASS,resolved,source-level only,clean-negative source split is traceable; defect-free status is not re-proven by this audit
7,7.jpg,7m.jpg,clean_negative/clean_7_34.jpg,clean_negative,288,1127,256,256,256,1108,1476,,,,,sliding_window_clean,,,,,,7,7.jpg,train,PASS,resolved,source-level only,clean-negative source split is traceable; defect-free status is not re-proven by this audit
7,7.jpg,7m.jpg,clean_negative/clean_7_35.jpg,clean_negative,674,1160,256,256,256,1108,1476,,,,,sliding_window_clean,,,,,,7,7.jpg,train,PASS,resolved,source-level only,clean-negative source split is traceable; defect-free status is not re-proven by this audit
7,7.jpg,7m.jpg,clean_negative/clean_7_36.jpg,clean_negative,722,1160,256,256,256,1108,1476,,,,,sliding_window_clean,,,,,,7,7.jpg,train,PASS,resolved,source-level only,clean-negative source split is traceable; defect-free status is not re-proven by this audit
7,7.jpg,7m.jpg,clean_negative/clean_7_37.jpg,clean_negative,770,1160,256,256,256,1108,1476,,,,,sliding_window_clean,,,,,,7,7.jpg,train,PASS,resolved,source-level only,clean-negative source split is traceable; defect-free status is not re-proven by this audit
7,7.jpg,7m.jpg,clean_negative/clean_7_38.jpg,clean_negative,818,1160,256,256,256,1108,1476,,,,,sliding_window_clean,,,,,,7,7.jpg,train,PASS,resolved,source-level only,clean-negative source split is traceable; defect-free status is not re-proven by this audit
7,7.jpg,7m.jpg,clean_negative/clean_7_39.jpg,clean_negative,852,1160,256,256,256,1108,1476,,,,,sliding_window_clean,,,,,,7,7.jpg,train,PASS,resolved,source-level only,clean-negative source split is traceable; defect-free status is not re-proven by this audit
7,7.jpg,7m.jpg,clean_negative/clean_7_40.jpg,clean_negative,0,1164,256,256,256,1108,1476,,,,,sliding_window_clean,,,,,,7,7.jpg,train,PASS,resolved,source-level only,clean-negative source split is traceable; defect-free status is not re-proven by this audit
7,7.jpg,7m.jpg,clean_negative/clean_7_41.jpg,clean_negative,48,1164,256,256,256,1108,1476,,,,,sliding_window_clean,,,,,,7,7.jpg,train,PASS,resolved,source-level only,clean-negative source split is traceable; defect-free status is not re-proven by this audit
7,7.jpg,7m.jpg,clean_negative/clean_7_42.jpg,clean_negative,96,1164,256,256,256,1108,1476,,,,,sliding_window_clean,,,,,,7,7.jpg,train,PASS,resolved,source-level only,clean-negative source split is traceable; defect-free status is not re-proven by this audit
7,7.jpg,7m.jpg,clean_negative/clean_7_43.jpg,clean_negative,0,1175,256,256,256,1108,1476,,,,,sliding_window_clean,,,,,,7,7.jpg,train,PASS,resolved,source-level only,clean-negative source split is traceable; defect-free status is not re-proven by this audit
7,7.jpg,7m.jpg,clean_negative/clean_7_44.jpg,clean_negative,48,1175,256,256,256,1108,1476,,,,,sliding_window_clean,,,,,,7,7.jpg,train,PASS,resolved,source-level only,clean-negative source split is traceable; defect-free status is not re-proven by this audit
7,7.jpg,7m.jpg,clean_negative/clean_7_45.jpg,clean_negative,96,1175,256,256,256,1108,1476,,,,,sliding_window_clean,,,,,,7,7.jpg,train,PASS,resolved,source-level only,clean-negative source split is traceable; defect-free status is not re-proven by this audit
7,7.jpg,7m.jpg,clean_negative/clean_7_46.jpg,clean_negative,144,1175,256,256,256,1108,1476,,,,,sliding_window_clean,,,,,,7,7.jpg,train,PASS,resolved,source-level only,clean-negative source split is traceable; defect-free status is not re-proven by this audit
7,7.jpg,7m.jpg,clean_negative/clean_7_47.jpg,clean_negative,192,1175,256,256,256,1108,1476,,,,,sliding_window_clean,,,,,,7,7.jpg,train,PASS,resolved,source-level only,clean-negative source split is traceable; defect-free status is not re-proven by this audit
7,7.jpg,7m.jpg,clean_negative/clean_7_48.jpg,clean_negative,240,1175,256,256,256,1108,1476,,,,,sliding_window_clean,,,,,,7,7.jpg,train,PASS,resolved,source-level only,clean-negative source split is traceable; defect-free status is not re-proven by this audit
7,7.jpg,7m.jpg,clean_negative/clean_7_49.jpg,clean_negative,288,1175,256,256,256,1108,1476,,,,,sliding_window_clean,,,,,,7,7.jpg,train,PASS,resolved,source-level only,clean-negative source split is traceable; defect-free status is not re-proven by this audit
7,7.jpg,7m.jpg,clean_negative/clean_7_50.jpg,clean_negative,674,1208,256,256,256,1108,1476,,,,,sliding_window_clean,,,,,,7,7.jpg,train,PASS,resolved,source-level only,clean-negative source split is traceable; defect-free status is not re-proven by this audit
7,7.jpg,7m.jpg,clean_negative/clean_7_51.jpg,clean_negative,722,1208,256,256,256,1108,1476,,,,,sliding_window_clean,,,,,,7,7.jpg,train,PASS,resolved,source-level only,clean-negative source split is traceable; defect-free status is not re-proven by this audit
7,7.jpg,7m.jpg,clean_negative/clean_7_52.jpg,clean_negative,770,1208,256,256,256,1108,1476,,,,,sliding_window_clean,,,,,,7,7.jpg,train,PASS,resolved,source-level only,clean-negative source split is traceable; defect-free status is not re-proven by this audit
7,7.jpg,7m.jpg,clean_negative/clean_7_53.jpg,clean_negative,818,1208,256,256,256,1108,1476,,,,,sliding_window_clean,,,,,,7,7.jpg,train,PASS,resolved,source-level only,clean-negative source split is traceable; defect-free status is not re-proven by this audit
7,7.jpg,7m.jpg,clean_negative/clean_7_54.jpg,clean_negative,852,1208,256,256,256,1108,1476,,,,,sliding_window_clean,,,,,,7,7.jpg,train,PASS,resolved,source-level only,clean-negative source split is traceable; defect-free status is not re-proven by this audit
7,7.jpg,7m.jpg,clean_negative/clean_7_55.jpg,clean_negative,0,1220,256,256,256,1108,1476,,,,,sliding_window_clean,,,,,,7,7.jpg,train,PASS,resolved,source-level only,clean-negative source split is traceable; defect-free status is not re-proven by this audit
7,7.jpg,7m.jpg,clean_negative/clean_7_56.jpg,clean_negative,48,1220,256,256,256,1108,1476,,,,,sliding_window_clean,,,,,,7,7.jpg,train,PASS,resolved,source-level only,clean-negative source split is traceable; defect-free status is not re-proven by this audit
7,7.jpg,7m.jpg,clean_negative/clean_7_57.jpg,clean_negative,96,1220,256,256,256,1108,1476,,,,,sliding_window_clean,,,,,,7,7.jpg,train,PASS,resolved,source-level only,clean-negative source split is traceable; defect-free status is not re-proven by this audit
7,7.jpg,7m.jpg,clean_negative/clean_7_58.jpg,clean_negative,144,1220,256,256,256,1108,1476,,,,,sliding_window_clean,,,,,,7,7.jpg,train,PASS,resolved,source-level only,clean-negative source split is traceable; defect-free status is not re-proven by this audit
7,7.jpg,7m.jpg,clean_negative/clean_7_59.jpg,clean_negative,192,1220,256,256,256,1108,1476,,,,,sliding_window_clean,,,,,,7,7.jpg,train,PASS,resolved,source-level only,clean-negative source split is traceable; defect-free status is not re-proven by this audit
7,7.jpg,7m.jpg,clean_negative/clean_7_60.jpg,clean_negative,240,1220,256,256,256,1108,1476,,,,,sliding_window_clean,,,,,,7,7.jpg,train,PASS,resolved,source-level only,clean-negative source split is traceable; defect-free status is not re-proven by this audit
7,7.jpg,7m.jpg,clean_negative/clean_7_61.jpg,clean_negative,288,1220,256,256,256,1108,1476,,,,,sliding_window_clean,,,,,,7,7.jpg,train,PASS,resolved,source-level only,clean-negative source split is traceable; defect-free status is not re-proven by this audit
7,7.jpg,7m.jpg,dirty_positive/dirty_7_1.jpg,dirty_positive,463,1,256,256,256,1108,1476,1,591,48,1626,centered_positive,463,1,registered,registered,homography_inliers=4512/4514,7,7.jpg,train,PASS,resolved,exact,
7,7.jpg,7m.jpg,dirty_positive/dirty_7_2.jpg,dirty_positive,506,1,256,256,256,1108,1476,1,591,48,1626,jittered_positive,506,1,registered,registered,homography_inliers=4512/4514,7,7.jpg,train,PASS,resolved,exact,
7,7.jpg,7m.jpg,dirty_positive/dirty_7_3.jpg,dirty_positive,505,1,256,256,256,1108,1476,1,591,48,1626,jittered_positive,505,1,registered,registered,homography_inliers=4512/4514,7,7.jpg,train,PASS,resolved,exact,
7,7.jpg,7m.jpg,dirty_positive/dirty_7_4.jpg,dirty_positive,524,40,256,256,256,1108,1476,1,591,48,1626,jittered_positive,524,40,registered,registered,homography_inliers=4512/4514,7,7.jpg,train,PASS,resolved,exact,
7,7.jpg,7m.jpg,dirty_positive/dirty_7_5.jpg,dirty_positive,783,1,256,256,256,1108,1476,2,911,69,1602,centered_positive,783,1,registered,registered,homography_inliers=4512/4514,7,7.jpg,train,PASS,resolved,exact,
7,7.jpg,7m.jpg,dirty_positive/dirty_7_6.jpg,dirty_positive,790,1,256,256,256,1108,1476,2,911,69,1602,jittered_positive,790,1,registered,registered,homography_inliers=4512/4514,7,7.jpg,train,PASS,resolved,exact,
7,7.jpg,7m.jpg,dirty_positive/dirty_7_7.jpg,dirty_positive,813,1,256,256,256,1108,1476,2,911,69,1602,jittered_positive,813,1,registered,registered,homography_inliers=4512/4514,7,7.jpg,train,PASS,resolved,exact,
7,7.jpg,7m.jpg,dirty_positive/dirty_7_8.jpg,dirty_positive,832,49,256,256,256,1108,1476,2,911,69,1602,jittered_positive,832,49,registered,registered,homography_inliers=4512/4514,7,7.jpg,train,PASS,resolved,exact,
7,7.jpg,7m.jpg,dirty_positive/dirty_7_9.jpg,dirty_positive,852,1,256,256,256,1108,1476,3,1006,83,1105,centered_positive,852,1,registered,registered,homography_inliers=4512/4514,7,7.jpg,train,PASS,resolved,exact,
7,7.jpg,7m.jpg,dirty_positive/dirty_7_10.jpg,dirty_positive,848,28,256,256,256,1108,1476,3,1006,83,1105,jittered_positive,848,28,registered,registered,homography_inliers=4512/4514,7,7.jpg,train,PASS,resolved,exact,
7,7.jpg,7m.jpg,dirty_positive/dirty_7_11.jpg,dirty_positive,813,30,256,256,256,1108,1476,3,1006,83,1105,jittered_positive,813,30,registered,registered,homography_inliers=4512/4514,7,7.jpg,train,PASS,resolved,exact,
7,7.jpg,7m.jpg,dirty_positive/dirty_7_12.jpg,dirty_positive,852,6,256,256,256,1108,1476,3,1006,83,1105,jittered_positive,852,6,registered,registered,homography_inliers=4512/4514,7,7.jpg,train,PASS,resolved,exact,
7,7.jpg,7m.jpg,dirty_positive/dirty_7_13.jpg,dirty_positive,495,32,256,256,256,1108,1476,4,623,160,1494,centered_positive,495,32,registered,registered,homography_inliers=4512/4514,7,7.jpg,train,PASS,resolved,exact,
7,7.jpg,7m.jpg,dirty_positive/dirty_7_14.jpg,dirty_positive,479,1,256,256,256,1108,1476,4,623,160,1494,jittered_positive,479,1,registered,registered,homography_inliers=4512/4514,7,7.jpg,train,PASS,resolved,exact,
7,7.jpg,7m.jpg,dirty_positive/dirty_7_15.jpg,dirty_positive,547,1,256,256,256,1108,1476,4,623,160,1494,jittered_positive,547,1,registered,registered,homography_inliers=4512/4514,7,7.jpg,train,PASS,resolved,exact,
7,7.jpg,7m.jpg,dirty_positive/dirty_7_16.jpg,dirty_positive,485,1,256,256,256,1108,1476,4,623,160,1494,jittered_positive,485,1,registered,registered,homography_inliers=4512/4514,7,7.jpg,train,PASS,resolved,exact,
7,7.jpg,7m.jpg,dirty_positive/dirty_7_17.jpg,dirty_positive,852,97,256,256,256,1108,1476,5,995,225,1504,centered_positive,852,97,registered,registered,homography_inliers=4512/4514,7,7.jpg,train,PASS,resolved,exact,
7,7.jpg,7m.jpg,dirty_positive/dirty_7_18.jpg,dirty_positive,800,118,256,256,256,1108,1476,5,995,225,1504,jittered_positive,800,118,registered,registered,homography_inliers=4512/4514,7,7.jpg,train,PASS,resolved,exact,
7,7.jpg,7m.jpg,dirty_positive/dirty_7_19.jpg,dirty_positive,850,65,256,256,256,1108,1476,5,995,225,1504,jittered_positive,850,65,registered,registered,homography_inliers=4512/4514,7,7.jpg,train,PASS,resolved,exact,
7,7.jpg,7m.jpg,dirty_positive/dirty_7_20.jpg,dirty_positive,840,50,256,256,256,1108,1476,5,995,225,1504,jittered_positive,840,50,registered,registered,homography_inliers=4512/4514,7,7.jpg,train,PASS,resolved,exact,
7,7.jpg,7m.jpg,dirty_positive/dirty_7_21.jpg,dirty_positive,398,121,256,256,256,1108,1476,6,526,249,1242,centered_positive,398,121,registered,registered,homography_inliers=4512/4514,7,7.jpg,train,PASS,resolved,exact,
7,7.jpg,7m.jpg,dirty_positive/dirty_7_22.jpg,dirty_positive,387,112,256,256,256,1108,1476,6,526,249,1242,jittered_positive,387,112,registered,registered,homography_inliers=4512/4514,7,7.jpg,train,PASS,resolved,exact,
7,7.jpg,7m.jpg,dirty_positive/dirty_7_23.jpg,dirty_positive,393,141,256,256,256,1108,1476,6,526,249,1242,jittered_positive,393,141,registered,registered,homography_inliers=4512/4514,7,7.jpg,train,PASS,resolved,exact,
7,7.jpg,7m.jpg,dirty_positive/dirty_7_24.jpg,dirty_positive,371,57,256,256,256,1108,1476,6,526,249,1242,jittered_positive,371,57,registered,registered,homography_inliers=4512/4514,7,7.jpg,train,PASS,resolved,exact,
7,7.jpg,7m.jpg,dirty_positive/dirty_7_25.jpg,dirty_positive,264,128,256,256,256,1108,1476,7,392,256,1067,centered_positive,264,128,registered,registered,homography_inliers=4512/4514,7,7.jpg,train,PASS,resolved,exact,
7,7.jpg,7m.jpg,dirty_positive/dirty_7_26.jpg,dirty_positive,270,101,256,256,256,1108,1476,7,392,256,1067,jittered_positive,270,101,registered,registered,homography_inliers=4512/4514,7,7.jpg,train,PASS,resolved,exact,
7,7.jpg,7m.jpg,dirty_positive/dirty_7_27.jpg,dirty_positive,233,128,256,256,256,1108,1476,7,392,256,1067,jittered_positive,233,128,registered,registered,homography_inliers=4512/4514,7,7.jpg,train,PASS,resolved,exact,
7,7.jpg,7m.jpg,dirty_positive/dirty_7_28.jpg,dirty_positive,244,92,256,256,256,1108,1476,7,392,256,1067,jittered_positive,244,92,registered,registered,homography_inliers=4512/4514,7,7.jpg,train,PASS,resolved,exact,
7,7.jpg,7m.jpg,dirty_positive/dirty_7_29.jpg,dirty_positive,143,182,256,256,256,1108,1476,8,271,310,1191,centered_positive,143,182,registered,registered,homography_inliers=4512/4514,7,7.jpg,train,PASS,resolved,exact,
7,7.jpg,7m.jpg,dirty_positive/dirty_7_30.jpg,dirty_positive,85,151,256,256,256,1108,1476,8,271,310,1191,jittered_positive,85,151,registered,registered,homography_inliers=4512/4514,7,7.jpg,train,PASS,resolved,exact,
7,7.jpg,7m.jpg,dirty_positive/dirty_7_31.jpg,dirty_positive,82,209,256,256,256,1108,1476,8,271,310,1191,jittered_positive,82,209,registered,registered,homography_inliers=4512/4514,7,7.jpg,train,PASS,resolved,exact,
7,7.jpg,7m.jpg,dirty_positive/dirty_7_32.jpg,dirty_positive,139,200,256,256,256,1108,1476,8,271,310,1191,jittered_positive,139,200,registered,registered,homography_inliers=4512/4514,7,7.jpg,train,PASS,resolved,exact,
7,7.jpg,7m.jpg,dirty_positive/dirty_7_33.jpg,dirty_positive,676,228,256,256,256,1108,1476,9,804,356,3052,centered_positive,676,228,registered,registered,homography_inliers=4512/4514,7,7.jpg,train,PASS,resolved,exact,
7,7.jpg,7m.jpg,dirty_positive/dirty_7_34.jpg,dirty_positive,616,208,256,256,256,1108,1476,9,804,356,3052,jittered_positive,616,208,registered,registered,homography_inliers=4512/4514,7,7.jpg,train,PASS,resolved,exact,
7,7.jpg,7m.jpg,dirty_positive/dirty_7_35.jpg,dirty_positive,679,177,256,256,256,1108,1476,9,804,356,3052,jittered_positive,679,177,registered,registered,homography_inliers=4512/4514,7,7.jpg,train,PASS,resolved,exact,
7,7.jpg,7m.jpg,dirty_positive/dirty_7_36.jpg,dirty_positive,644,271,256,256,256,1108,1476,9,804,356,3052,jittered_positive,644,271,registered,registered,homography_inliers=4512/4514,7,7.jpg,train,PASS,resolved,exact,
7,7.jpg,7m.jpg,dirty_positive/dirty_7_37.jpg,dirty_positive,342,249,256,256,256,1108,1476,10,470,377,1111,centered_positive,342,249,registered,registered,homography_inliers=4512/4514,7,7.jpg,train,PASS,resolved,exact,
7,7.jpg,7m.jpg,dirty_positive/dirty_7_38.jpg,dirty_positive,307,201,256,256,256,1108,1476,10,470,377,1111,jittered_positive,307,201,registered,registered,homography_inliers=4512/4514,7,7.jpg,train,PASS,resolved,exact,
7,7.jpg,7m.jpg,dirty_positive/dirty_7_39.jpg,dirty_positive,399,299,256,256,256,1108,1476,10,470,377,1111,jittered_positive,399,299,registered,registered,homography_inliers=4512/4514,7,7.jpg,train,PASS,resolved,exact,
7,7.jpg,7m.jpg,dirty_positive/dirty_7_40.jpg,dirty_positive,370,212,256,256,256,1108,1476,10,470,377,1111,jittered_positive,370,212,registered,registered,homography_inliers=4512/4514,7,7.jpg,train,PASS,resolved,exact,
7,7.jpg,7m.jpg,dirty_positive/dirty_7_41.jpg,dirty_positive,0,258,256,256,256,1108,1476,11,85,386,1898,centered_positive,0,258,registered,registered,homography_inliers=4512/4514,7,7.jpg,train,PASS,resolved,exact,
7,7.jpg,7m.jpg,dirty_positive/dirty_7_42.jpg,dirty_positive,51,322,256,256,256,1108,1476,11,85,386,1898,jittered_positive,51,322,registered,registered,homography_inliers=4512/4514,7,7.jpg,train,PASS,resolved,exact,
7,7.jpg,7m.jpg,dirty_positive/dirty_7_43.jpg,dirty_positive,0,205,256,256,256,1108,1476,11,85,386,1898,jittered_positive,0,205,registered,registered,homography_inliers=4512/4514,7,7.jpg,train,PASS,resolved,exact,
7,7.jpg,7m.jpg,dirty_positive/dirty_7_44.jpg,dirty_positive,13,311,256,256,256,1108,1476,11,85,386,1898,jittered_positive,13,311,registered,registered,homography_inliers=4512/4514,7,7.jpg,train,PASS,resolved,exact,
7,7.jpg,7m.jpg,dirty_positive/dirty_7_45.jpg,dirty_positive,224,253,256,256,256,1108,1476,12,352,381,1758,centered_positive,224,253,registered,registered,homography_inliers=4512/4514,7,7.jpg,train,PASS,resolved,exact,
7,7.jpg,7m.jpg,dirty_positive/dirty_7_46.jpg,dirty_positive,167,204,256,256,256,1108,1476,12,352,381,1758,jittered_positive,167,204,registered,registered,homography_inliers=4512/4514,7,7.jpg,train,PASS,resolved,exact,
7,7.jpg,7m.jpg,dirty_positive/dirty_7_47.jpg,dirty_positive,282,291,256,256,256,1108,1476,12,352,381,1758,jittered_positive,282,291,registered,registered,homography_inliers=4512/4514,7,7.jpg,train,PASS,resolved,exact,
7,7.jpg,7m.jpg,dirty_positive/dirty_7_48.jpg,dirty_positive,269,216,256,256,256,1108,1476,12,352,381,1758,jittered_positive,269,216,registered,registered,homography_inliers=4512/4514,7,7.jpg,train,PASS,resolved,exact,
7,7.jpg,7m.jpg,dirty_positive/dirty_7_49.jpg,dirty_positive,283,322,256,256,256,1108,1476,13,411,450,876,centered_positive,283,322,registered,registered,homography_inliers=4512/4514,7,7.jpg,train,PASS,resolved,exact,
7,7.jpg,7m.jpg,dirty_positive/dirty_7_50.jpg,dirty_positive,344,371,256,256,256,1108,1476,13,411,450,876,jittered_positive,344,371,registered,registered,homography_inliers=4512/4514,7,7.jpg,train,PASS,resolved,exact,
7,7.jpg,7m.jpg,dirty_positive/dirty_7_51.jpg,dirty_positive,237,278,256,256,256,1108,1476,13,411,450,876,jittered_positive,237,278,registered,registered,homography_inliers=4512/4514,7,7.jpg,train,PASS,resolved,exact,
7,7.jpg,7m.jpg,dirty_positive/dirty_7_52.jpg,dirty_positive,301,295,256,256,256,1108,1476,13,411,450,876,jittered_positive,301,295,registered,registered,homography_inliers=4512/4514,7,7.jpg,train,PASS,resolved,exact,
7,7.jpg,7m.jpg,dirty_positive/dirty_7_53.jpg,dirty_positive,0,384,256,256,256,1108,1476,14,65,512,868,centered_positive,0,384,registered,registered,homography_inliers=4512/4514,7,7.jpg,train,PASS,resolved,exact,
7,7.jpg,7m.jpg,dirty_positive/dirty_7_54.jpg,dirty_positive,0,352,256,256,256,1108,1476,14,65,512,868,jittered_positive,0,352,registered,registered,homography_inliers=4512/4514,7,7.jpg,train,PASS,resolved,exact,
7,7.jpg,7m.jpg,dirty_positive/dirty_7_55.jpg,dirty_positive,6,403,256,256,256,1108,1476,14,65,512,868,jittered_positive,6,403,registered,registered,homography_inliers=4512/4514,7,7.jpg,train,PASS,resolved,exact,
7,7.jpg,7m.jpg,dirty_positive/dirty_7_56.jpg,dirty_positive,33,395,256,256,256,1108,1476,14,65,512,868,jittered_positive,33,395,registered,registered,homography_inliers=4512/4514,7,7.jpg,train,PASS,resolved,exact,
7,7.jpg,7m.jpg,dirty_positive/dirty_7_57.jpg,dirty_positive,278,473,256,256,256,1108,1476,15,406,601,914,centered_positive,278,473,registered,registered,homography_inliers=4512/4514,7,7.jpg,train,PASS,resolved,exact,
7,7.jpg,7m.jpg,dirty_positive/dirty_7_58.jpg,dirty_positive,330,519,256,256,256,1108,1476,15,406,601,914,jittered_positive,330,519,registered,registered,homography_inliers=4512/4514,7,7.jpg,train,PASS,resolved,exact,
7,7.jpg,7m.jpg,dirty_positive/dirty_7_59.jpg,dirty_positive,239,438,256,256,256,1108,1476,15,406,601,914,jittered_positive,239,438,registered,registered,homography_inliers=4512/4514,7,7.jpg,train,PASS,resolved,exact,
7,7.jpg,7m.jpg,dirty_positive/dirty_7_60.jpg,dirty_positive,269,519,256,256,256,1108,1476,15,406,601,914,jittered_positive,269,519,registered,registered,homography_inliers=4512/4514,7,7.jpg,train,PASS,resolved,exact,
7,7.jpg,7m.jpg,dirty_positive/dirty_7_61.jpg,dirty_positive,698,550,256,256,256,1108,1476,16,826,678,1205,centered_positive,698,550,registered,registered,homography_inliers=4512/4514,7,7.jpg,train,PASS,resolved,exact,
7,7.jpg,7m.jpg,dirty_positive/dirty_7_62.jpg,dirty_positive,749,544,256,256,256,1108,1476,16,826,678,1205,jittered_positive,749,544,registered,registered,homography_inliers=4512/4514,7,7.jpg,train,PASS,resolved,exact,
7,7.jpg,7m.jpg,dirty_positive/dirty_7_63.jpg,dirty_positive,739,572,256,256,256,1108,1476,16,826,678,1205,jittered_positive,739,572,registered,registered,homography_inliers=4512/4514,7,7.jpg,train,PASS,resolved,exact,
7,7.jpg,7m.jpg,dirty_positive/dirty_7_64.jpg,dirty_positive,750,588,256,256,256,1108,1476,16,826,678,1205,jittered_positive,750,588,registered,registered,homography_inliers=4512/4514,7,7.jpg,train,PASS,resolved,exact,
7,7.jpg,7m.jpg,dirty_positive/dirty_7_65.jpg,dirty_positive,507,574,256,256,256,1108,1476,17,635,702,1417,centered_positive,507,574,registered,registered,homography_inliers=4512/4514,7,7.jpg,train,PASS,resolved,exact,
7,7.jpg,7m.jpg,dirty_positive/dirty_7_66.jpg,dirty_positive,549,534,256,256,256,1108,1476,17,635,702,1417,jittered_positive,549,534,registered,registered,homography_inliers=4512/4514,7,7.jpg,train,PASS,resolved,exact,
7,7.jpg,7m.jpg,dirty_positive/dirty_7_67.jpg,dirty_positive,523,619,256,256,256,1108,1476,17,635,702,1417,jittered_positive,523,619,registered,registered,homography_inliers=4512/4514,7,7.jpg,train,PASS,resolved,exact,
7,7.jpg,7m.jpg,dirty_positive/dirty_7_68.jpg,dirty_positive,523,575,256,256,256,1108,1476,17,635,702,1417,jittered_positive,523,575,registered,registered,homography_inliers=4512/4514,7,7.jpg,train,PASS,resolved,exact,
7,7.jpg,7m.jpg,dirty_positive/dirty_7_69.jpg,dirty_positive,347,573,256,256,256,1108,1476,18,475,701,1013,centered_positive,347,573,registered,registered,homography_inliers=4512/4514,7,7.jpg,train,PASS,resolved,exact,
7,7.jpg,7m.jpg,dirty_positive/dirty_7_70.jpg,dirty_positive,378,548,256,256,256,1108,1476,18,475,701,1013,jittered_positive,378,548,registered,registered,homography_inliers=4512/4514,7,7.jpg,train,PASS,resolved,exact,
7,7.jpg,7m.jpg,dirty_positive/dirty_7_71.jpg,dirty_positive,404,526,256,256,256,1108,1476,18,475,701,1013,jittered_positive,404,526,registered,registered,homography_inliers=4512/4514,7,7.jpg,train,PASS,resolved,exact,
7,7.jpg,7m.jpg,dirty_positive/dirty_7_72.jpg,dirty_positive,306,530,256,256,256,1108,1476,18,475,701,1013,jittered_positive,306,530,registered,registered,homography_inliers=4512/4514,7,7.jpg,train,PASS,resolved,exact,
7,7.jpg,7m.jpg,dirty_positive/dirty_7_73.jpg,dirty_positive,0,578,256,256,256,1108,1476,19,61,706,836,centered_positive,0,578,registered,registered,homography_inliers=4512/4514,7,7.jpg,train,PASS,resolved,exact,
7,7.jpg,7m.jpg,dirty_positive/dirty_7_74.jpg,dirty_positive,0,624,256,256,256,1108,1476,19,61,706,836,jittered_positive,0,624,registered,registered,homography_inliers=4512/4514,7,7.jpg,train,PASS,resolved,exact,
7,7.jpg,7m.jpg,dirty_positive/dirty_7_75.jpg,dirty_positive,0,609,256,256,256,1108,1476,19,61,706,836,jittered_positive,0,609,registered,registered,homography_inliers=4512/4514,7,7.jpg,train,PASS,resolved,exact,
7,7.jpg,7m.jpg,dirty_positive/dirty_7_76.jpg,dirty_positive,0,529,256,256,256,1108,1476,19,61,706,836,jittered_positive,0,529,registered,registered,homography_inliers=4512/4514,7,7.jpg,train,PASS,resolved,exact,
7,7.jpg,7m.jpg,dirty_positive/dirty_7_77.jpg,dirty_positive,32,580,256,256,256,1108,1476,20,160,708,750,centered_positive,32,580,registered,registered,homography_inliers=4512/4514,7,7.jpg,train,PASS,resolved,exact,
7,7.jpg,7m.jpg,dirty_positive/dirty_7_78.jpg,dirty_positive,52,547,256,256,256,1108,1476,20,160,708,750,jittered_positive,52,547,registered,registered,homography_inliers=4512/4514,7,7.jpg,train,PASS,resolved,exact,
7,7.jpg,7m.jpg,dirty_positive/dirty_7_79.jpg,dirty_positive,73,606,256,256,256,1108,1476,20,160,708,750,jittered_positive,73,606,registered,registered,homography_inliers=4512/4514,7,7.jpg,train,PASS,resolved,exact,
7,7.jpg,7m.jpg,dirty_positive/dirty_7_80.jpg,dirty_positive,76,529,256,256,256,1108,1476,20,160,708,750,jittered_positive,76,529,registered,registered,homography_inliers=4512/4514,7,7.jpg,train,PASS,resolved,exact,
7,7.jpg,7m.jpg,dirty_positive/dirty_7_81.jpg,dirty_positive,233,600,256,256,256,1108,1476,21,361,728,909,centered_positive,233,600,registered,registered,homography_inliers=4512/4514,7,7.jpg,train,PASS,resolved,exact,
7,7.jpg,7m.jpg,dirty_positive/dirty_7_82.jpg,dirty_positive,242,615,256,256,256,1108,1476,21,361,728,909,jittered_positive,242,615,registered,registered,homography_inliers=4512/4514,7,7.jpg,train,PASS,resolved,exact,
7,7.jpg,7m.jpg,dirty_positive/dirty_7_83.jpg,dirty_positive,259,562,256,256,256,1108,1476,21,361,728,909,jittered_positive,259,562,registered,registered,homography_inliers=4512/4514,7,7.jpg,train,PASS,resolved,exact,
7,7.jpg,7m.jpg,dirty_positive/dirty_7_84.jpg,dirty_positive,223,575,256,256,256,1108,1476,21,361,728,909,jittered_positive,223,575,registered,registered,homography_inliers=4512/4514,7,7.jpg,train,PASS,resolved,exact,
7,7.jpg,7m.jpg,dirty_positive/dirty_7_85.jpg,dirty_positive,165,710,256,256,256,1108,1476,22,293,838,983,centered_positive,165,710,registered,registered,homography_inliers=4512/4514,7,7.jpg,train,PASS,resolved,exact,
7,7.jpg,7m.jpg,dirty_positive/dirty_7_86.jpg,dirty_positive,224,703,256,256,256,1108,1476,22,293,838,983,jittered_positive,224,703,registered,registered,homography_inliers=4512/4514,7,7.jpg,train,PASS,resolved,exact,
7,7.jpg,7m.jpg,dirty_positive/dirty_7_87.jpg,dirty_positive,128,735,256,256,256,1108,1476,22,293,838,983,jittered_positive,128,735,registered,registered,homography_inliers=4512/4514,7,7.jpg,train,PASS,resolved,exact,
7,7.jpg,7m.jpg,dirty_positive/dirty_7_88.jpg,dirty_positive,195,675,256,256,256,1108,1476,22,293,838,983,jittered_positive,195,675,registered,registered,homography_inliers=4512/4514,7,7.jpg,train,PASS,resolved,exact,
7,7.jpg,7m.jpg,dirty_positive/dirty_7_89.jpg,dirty_positive,277,720,256,256,256,1108,1476,23,405,848,838,centered_positive,277,720,registered,registered,homography_inliers=4512/4514,7,7.jpg,train,PASS,resolved,exact,
7,7.jpg,7m.jpg,dirty_positive/dirty_7_90.jpg,dirty_positive,284,713,256,256,256,1108,1476,23,405,848,838,jittered_positive,284,713,registered,registered,homography_inliers=4512/4514,7,7.jpg,train,PASS,resolved,exact,
7,7.jpg,7m.jpg,dirty_positive/dirty_7_91.jpg,dirty_positive,322,662,256,256,256,1108,1476,23,405,848,838,jittered_positive,322,662,registered,registered,homography_inliers=4512/4514,7,7.jpg,train,PASS,resolved,exact,
7,7.jpg,7m.jpg,dirty_positive/dirty_7_92.jpg,dirty_positive,281,663,256,256,256,1108,1476,23,405,848,838,jittered_positive,281,663,registered,registered,homography_inliers=4512/4514,7,7.jpg,train,PASS,resolved,exact,
7,7.jpg,7m.jpg,dirty_positive/dirty_7_93.jpg,dirty_positive,322,772,256,256,256,1108,1476,24,450,900,795,centered_positive,322,772,registered,registered,homography_inliers=4512/4514,7,7.jpg,train,PASS,resolved,exact,
7,7.jpg,7m.jpg,dirty_positive/dirty_7_94.jpg,dirty_positive,304,777,256,256,256,1108,1476,24,450,900,795,jittered_positive,304,777,registered,registered,homography_inliers=4512/4514,7,7.jpg,train,PASS,resolved,exact,
7,7.jpg,7m.jpg,dirty_positive/dirty_7_95.jpg,dirty_positive,337,794,256,256,256,1108,1476,24,450,900,795,jittered_positive,337,794,registered,registered,homography_inliers=4512/4514,7,7.jpg,train,PASS,resolved,exact,
7,7.jpg,7m.jpg,dirty_positive/dirty_7_96.jpg,dirty_positive,347,709,256,256,256,1108,1476,24,450,900,795,jittered_positive,347,709,registered,registered,homography_inliers=4512/4514,7,7.jpg,train,PASS,resolved,exact,
7,7.jpg,7m.jpg,dirty_positive/dirty_7_97.jpg,dirty_positive,160,812,256,256,256,1108,1476,25,288,940,749,centered_positive,160,812,registered,registered,homography_inliers=4512/4514,7,7.jpg,train,PASS,resolved,exact,
7,7.jpg,7m.jpg,dirty_positive/dirty_7_98.jpg,dirty_positive,142,784,256,256,256,1108,1476,25,288,940,749,jittered_positive,142,784,registered,registered,homography_inliers=4512/4514,7,7.jpg,train,PASS,resolved,exact,
7,7.jpg,7m.jpg,dirty_positive/dirty_7_99.jpg,dirty_positive,198,765,256,256,256,1108,1476,25,288,940,749,jittered_positive,198,765,registered,registered,homography_inliers=4512/4514,7,7.jpg,train,PASS,resolved,exact,
7,7.jpg,7m.jpg,dirty_positive/dirty_7_100.jpg,dirty_positive,132,755,256,256,256,1108,1476,25,288,940,749,jittered_positive,132,755,registered,registered,homography_inliers=4512/4514,7,7.jpg,train,PASS,resolved,exact,
7,7.jpg,7m.jpg,dirty_positive/dirty_7_101.jpg,dirty_positive,789,903,256,256,256,1108,1476,26,917,1031,1615,centered_positive,789,903,registered,registered,homography_inliers=4512/4514,7,7.jpg,train,PASS,resolved,exact,
7,7.jpg,7m.jpg,dirty_positive/dirty_7_102.jpg,dirty_positive,748,894,256,256,256,1108,1476,26,917,1031,1615,jittered_positive,748,894,registered,registered,homography_inliers=4512/4514,7,7.jpg,train,PASS,resolved,exact,
7,7.jpg,7m.jpg,dirty_positive/dirty_7_103.jpg,dirty_positive,821,946,256,256,256,1108,1476,26,917,1031,1615,jittered_positive,821,946,registered,registered,homography_inliers=4512/4514,7,7.jpg,train,PASS,resolved,exact,
7,7.jpg,7m.jpg,dirty_positive/dirty_7_104.jpg,dirty_positive,841,926,256,256,256,1108,1476,26,917,1031,1615,jittered_positive,841,926,registered,registered,homography_inliers=4512/4514,7,7.jpg,train,PASS,resolved,exact,
7,7.jpg,7m.jpg,dirty_positive/dirty_7_105.jpg,dirty_positive,482,1119,256,256,256,1108,1476,27,610,1247,1216,centered_positive,482,1119,registered,registered,homography_inliers=4512/4514,7,7.jpg,train,PASS,resolved,exact,
7,7.jpg,7m.jpg,dirty_positive/dirty_7_106.jpg,dirty_positive,458,1149,256,256,256,1108,1476,27,610,1247,1216,jittered_positive,458,1149,registered,registered,homography_inliers=4512/4514,7,7.jpg,train,PASS,resolved,exact,
7,7.jpg,7m.jpg,dirty_positive/dirty_7_107.jpg,dirty_positive,497,1138,256,256,256,1108,1476,27,610,1247,1216,jittered_positive,497,1138,registered,registered,homography_inliers=4512/4514,7,7.jpg,train,PASS,resolved,exact,
7,7.jpg,7m.jpg,dirty_positive/dirty_7_108.jpg,dirty_positive,439,1068,256,256,256,1108,1476,27,610,1247,1216,jittered_positive,439,1068,registered,registered,homography_inliers=4512/4514,7,7.jpg,train,PASS,resolved,exact,
8,8.jpg,8m.jpg,clean_negative/clean_8_1.jpg,clean_negative,0,0,256,256,256,1108,1476,,,,,sliding_window_clean,,,,,,8,8.jpg,train,PASS,resolved,source-level only,clean-negative source split is traceable; defect-free status is not re-proven by this audit
8,8.jpg,8m.jpg,clean_negative/clean_8_2.jpg,clean_negative,48,0,256,256,256,1108,1476,,,,,sliding_window_clean,,,,,,8,8.jpg,train,PASS,resolved,source-level only,clean-negative source split is traceable; defect-free status is not re-proven by this audit
8,8.jpg,8m.jpg,clean_negative/clean_8_3.jpg,clean_negative,96,0,256,256,256,1108,1476,,,,,sliding_window_clean,,,,,,8,8.jpg,train,PASS,resolved,source-level only,clean-negative source split is traceable; defect-free status is not re-proven by this audit
8,8.jpg,8m.jpg,clean_negative/clean_8_4.jpg,clean_negative,310,468,256,256,256,1108,1476,,,,,sliding_window_clean,,,,,,8,8.jpg,train,PASS,resolved,source-level only,clean-negative source split is traceable; defect-free status is not re-proven by this audit
8,8.jpg,8m.jpg,clean_negative/clean_8_5.jpg,clean_negative,358,468,256,256,256,1108,1476,,,,,sliding_window_clean,,,,,,8,8.jpg,train,PASS,resolved,source-level only,clean-negative source split is traceable; defect-free status is not re-proven by this audit
8,8.jpg,8m.jpg,clean_negative/clean_8_6.jpg,clean_negative,406,468,256,256,256,1108,1476,,,,,sliding_window_clean,,,,,,8,8.jpg,train,PASS,resolved,source-level only,clean-negative source split is traceable; defect-free status is not re-proven by this audit
8,8.jpg,8m.jpg,clean_negative/clean_8_7.jpg,clean_negative,438,468,256,256,256,1108,1476,,,,,sliding_window_clean,,,,,,8,8.jpg,train,PASS,resolved,source-level only,clean-negative source split is traceable; defect-free status is not re-proven by this audit
8,8.jpg,8m.jpg,clean_negative/clean_8_8.jpg,clean_negative,263,469,256,256,256,1108,1476,,,,,sliding_window_clean,,,,,,8,8.jpg,train,PASS,resolved,source-level only,clean-negative source split is traceable; defect-free status is not re-proven by this audit
8,8.jpg,8m.jpg,clean_negative/clean_8_9.jpg,clean_negative,214,494,256,256,256,1108,1476,,,,,sliding_window_clean,,,,,,8,8.jpg,train,PASS,resolved,source-level only,clean-negative source split is traceable; defect-free status is not re-proven by this audit
8,8.jpg,8m.jpg,clean_negative/clean_8_10.jpg,clean_negative,214,516,256,256,256,1108,1476,,,,,sliding_window_clean,,,,,,8,8.jpg,train,PASS,resolved,source-level only,clean-negative source split is traceable; defect-free status is not re-proven by this audit
8,8.jpg,8m.jpg,clean_negative/clean_8_11.jpg,clean_negative,262,516,256,256,256,1108,1476,,,,,sliding_window_clean,,,,,,8,8.jpg,train,PASS,resolved,source-level only,clean-negative source split is traceable; defect-free status is not re-proven by this audit
8,8.jpg,8m.jpg,clean_negative/clean_8_12.jpg,clean_negative,310,516,256,256,256,1108,1476,,,,,sliding_window_clean,,,,,,8,8.jpg,train,PASS,resolved,source-level only,clean-negative source split is traceable; defect-free status is not re-proven by this audit
8,8.jpg,8m.jpg,clean_negative/clean_8_13.jpg,clean_negative,358,516,256,256,256,1108,1476,,,,,sliding_window_clean,,,,,,8,8.jpg,train,PASS,resolved,source-level only,clean-negative source split is traceable; defect-free status is not re-proven by this audit
8,8.jpg,8m.jpg,clean_negative/clean_8_14.jpg,clean_negative,406,516,256,256,256,1108,1476,,,,,sliding_window_clean,,,,,,8,8.jpg,train,PASS,resolved,source-level only,clean-negative source split is traceable; defect-free status is not re-proven by this audit
8,8.jpg,8m.jpg,clean_negative/clean_8_15.jpg,clean_negative,438,516,256,256,256,1108,1476,,,,,sliding_window_clean,,,,,,8,8.jpg,train,PASS,resolved,source-level only,clean-negative source split is traceable; defect-free status is not re-proven by this audit
8,8.jpg,8m.jpg,clean_negative/clean_8_16.jpg,clean_negative,214,564,256,256,256,1108,1476,,,,,sliding_window_clean,,,,,,8,8.jpg,train,PASS,resolved,source-level only,clean-negative source split is traceable; defect-free status is not re-proven by this audit
8,8.jpg,8m.jpg,clean_negative/clean_8_17.jpg,clean_negative,262,564,256,256,256,1108,1476,,,,,sliding_window_clean,,,,,,8,8.jpg,train,PASS,resolved,source-level only,clean-negative source split is traceable; defect-free status is not re-proven by this audit
8,8.jpg,8m.jpg,clean_negative/clean_8_18.jpg,clean_negative,310,564,256,256,256,1108,1476,,,,,sliding_window_clean,,,,,,8,8.jpg,train,PASS,resolved,source-level only,clean-negative source split is traceable; defect-free status is not re-proven by this audit
8,8.jpg,8m.jpg,clean_negative/clean_8_19.jpg,clean_negative,358,564,256,256,256,1108,1476,,,,,sliding_window_clean,,,,,,8,8.jpg,train,PASS,resolved,source-level only,clean-negative source split is traceable; defect-free status is not re-proven by this audit
8,8.jpg,8m.jpg,clean_negative/clean_8_20.jpg,clean_negative,406,564,256,256,256,1108,1476,,,,,sliding_window_clean,,,,,,8,8.jpg,train,PASS,resolved,source-level only,clean-negative source split is traceable; defect-free status is not re-proven by this audit
8,8.jpg,8m.jpg,clean_negative/clean_8_21.jpg,clean_negative,438,564,256,256,256,1108,1476,,,,,sliding_window_clean,,,,,,8,8.jpg,train,PASS,resolved,source-level only,clean-negative source split is traceable; defect-free status is not re-proven by this audit
8,8.jpg,8m.jpg,clean_negative/clean_8_22.jpg,clean_negative,214,612,256,256,256,1108,1476,,,,,sliding_window_clean,,,,,,8,8.jpg,train,PASS,resolved,source-level only,clean-negative source split is traceable; defect-free status is not re-proven by this audit
8,8.jpg,8m.jpg,clean_negative/clean_8_23.jpg,clean_negative,262,612,256,256,256,1108,1476,,,,,sliding_window_clean,,,,,,8,8.jpg,train,PASS,resolved,source-level only,clean-negative source split is traceable; defect-free status is not re-proven by this audit
8,8.jpg,8m.jpg,clean_negative/clean_8_24.jpg,clean_negative,310,612,256,256,256,1108,1476,,,,,sliding_window_clean,,,,,,8,8.jpg,train,PASS,resolved,source-level only,clean-negative source split is traceable; defect-free status is not re-proven by this audit
8,8.jpg,8m.jpg,clean_negative/clean_8_25.jpg,clean_negative,358,612,256,256,256,1108,1476,,,,,sliding_window_clean,,,,,,8,8.jpg,train,PASS,resolved,source-level only,clean-negative source split is traceable; defect-free status is not re-proven by this audit
8,8.jpg,8m.jpg,clean_negative/clean_8_26.jpg,clean_negative,406,612,256,256,256,1108,1476,,,,,sliding_window_clean,,,,,,8,8.jpg,train,PASS,resolved,source-level only,clean-negative source split is traceable; defect-free status is not re-proven by this audit
8,8.jpg,8m.jpg,clean_negative/clean_8_27.jpg,clean_negative,438,612,256,256,256,1108,1476,,,,,sliding_window_clean,,,,,,8,8.jpg,train,PASS,resolved,source-level only,clean-negative source split is traceable; defect-free status is not re-proven by this audit
8,8.jpg,8m.jpg,clean_negative/clean_8_28.jpg,clean_negative,214,633,256,256,256,1108,1476,,,,,sliding_window_clean,,,,,,8,8.jpg,train,PASS,resolved,source-level only,clean-negative source split is traceable; defect-free status is not re-proven by this audit
8,8.jpg,8m.jpg,clean_negative/clean_8_29.jpg,clean_negative,262,633,256,256,256,1108,1476,,,,,sliding_window_clean,,,,,,8,8.jpg,train,PASS,resolved,source-level only,clean-negative source split is traceable; defect-free status is not re-proven by this audit
8,8.jpg,8m.jpg,clean_negative/clean_8_30.jpg,clean_negative,310,633,256,256,256,1108,1476,,,,,sliding_window_clean,,,,,,8,8.jpg,train,PASS,resolved,source-level only,clean-negative source split is traceable; defect-free status is not re-proven by this audit
8,8.jpg,8m.jpg,clean_negative/clean_8_31.jpg,clean_negative,358,633,256,256,256,1108,1476,,,,,sliding_window_clean,,,,,,8,8.jpg,train,PASS,resolved,source-level only,clean-negative source split is traceable; defect-free status is not re-proven by this audit
8,8.jpg,8m.jpg,clean_negative/clean_8_32.jpg,clean_negative,408,658,256,256,256,1108,1476,,,,,sliding_window_clean,,,,,,8,8.jpg,train,PASS,resolved,source-level only,clean-negative source split is traceable; defect-free status is not re-proven by this audit
8,8.jpg,8m.jpg,clean_negative/clean_8_33.jpg,clean_negative,438,660,256,256,256,1108,1476,,,,,sliding_window_clean,,,,,,8,8.jpg,train,PASS,resolved,source-level only,clean-negative source split is traceable; defect-free status is not re-proven by this audit
8,8.jpg,8m.jpg,clean_negative/clean_8_34.jpg,clean_negative,416,708,256,256,256,1108,1476,,,,,sliding_window_clean,,,,,,8,8.jpg,train,PASS,resolved,source-level only,clean-negative source split is traceable; defect-free status is not re-proven by this audit
8,8.jpg,8m.jpg,clean_negative/clean_8_35.jpg,clean_negative,445,710,256,256,256,1108,1476,,,,,sliding_window_clean,,,,,,8,8.jpg,train,PASS,resolved,source-level only,clean-negative source split is traceable; defect-free status is not re-proven by this audit
8,8.jpg,8m.jpg,clean_negative/clean_8_36.jpg,clean_negative,0,728,256,256,256,1108,1476,,,,,sliding_window_clean,,,,,,8,8.jpg,train,PASS,resolved,source-level only,clean-negative source split is traceable; defect-free status is not re-proven by this audit
8,8.jpg,8m.jpg,clean_negative/clean_8_37.jpg,clean_negative,462,742,256,256,256,1108,1476,,,,,sliding_window_clean,,,,,,8,8.jpg,train,PASS,resolved,source-level only,clean-negative source split is traceable; defect-free status is not re-proven by this audit
8,8.jpg,8m.jpg,clean_negative/clean_8_38.jpg,clean_negative,416,756,256,256,256,1108,1476,,,,,sliding_window_clean,,,,,,8,8.jpg,train,PASS,resolved,source-level only,clean-negative source split is traceable; defect-free status is not re-proven by this audit
8,8.jpg,8m.jpg,clean_negative/clean_8_39.jpg,clean_negative,454,756,256,256,256,1108,1476,,,,,sliding_window_clean,,,,,,8,8.jpg,train,PASS,resolved,source-level only,clean-negative source split is traceable; defect-free status is not re-proven by this audit
8,8.jpg,8m.jpg,clean_negative/clean_8_40.jpg,clean_negative,499,767,256,256,256,1108,1476,,,,,sliding_window_clean,,,,,,8,8.jpg,train,PASS,resolved,source-level only,clean-negative source split is traceable; defect-free status is not re-proven by this audit
8,8.jpg,8m.jpg,clean_negative/clean_8_41.jpg,clean_negative,550,770,256,256,256,1108,1476,,,,,sliding_window_clean,,,,,,8,8.jpg,train,PASS,resolved,source-level only,clean-negative source split is traceable; defect-free status is not re-proven by this audit
8,8.jpg,8m.jpg,clean_negative/clean_8_42.jpg,clean_negative,598,770,256,256,256,1108,1476,,,,,sliding_window_clean,,,,,,8,8.jpg,train,PASS,resolved,source-level only,clean-negative source split is traceable; defect-free status is not re-proven by this audit
8,8.jpg,8m.jpg,clean_negative/clean_8_43.jpg,clean_negative,646,770,256,256,256,1108,1476,,,,,sliding_window_clean,,,,,,8,8.jpg,train,PASS,resolved,source-level only,clean-negative source split is traceable; defect-free status is not re-proven by this audit
8,8.jpg,8m.jpg,clean_negative/clean_8_44.jpg,clean_negative,674,770,256,256,256,1108,1476,,,,,sliding_window_clean,,,,,,8,8.jpg,train,PASS,resolved,source-level only,clean-negative source split is traceable; defect-free status is not re-proven by this audit
8,8.jpg,8m.jpg,clean_negative/clean_8_45.jpg,clean_negative,0,776,256,256,256,1108,1476,,,,,sliding_window_clean,,,,,,8,8.jpg,train,PASS,resolved,source-level only,clean-negative source split is traceable; defect-free status is not re-proven by this audit
8,8.jpg,8m.jpg,clean_negative/clean_8_46.jpg,clean_negative,416,804,256,256,256,1108,1476,,,,,sliding_window_clean,,,,,,8,8.jpg,train,PASS,resolved,source-level only,clean-negative source split is traceable; defect-free status is not re-proven by this audit
8,8.jpg,8m.jpg,clean_negative/clean_8_47.jpg,clean_negative,454,804,256,256,256,1108,1476,,,,,sliding_window_clean,,,,,,8,8.jpg,train,PASS,resolved,source-level only,clean-negative source split is traceable; defect-free status is not re-proven by this audit
8,8.jpg,8m.jpg,clean_negative/clean_8_48.jpg,clean_negative,502,804,256,256,256,1108,1476,,,,,sliding_window_clean,,,,,,8,8.jpg,train,PASS,resolved,source-level only,clean-negative source split is traceable; defect-free status is not re-proven by this audit
8,8.jpg,8m.jpg,clean_negative/clean_8_49.jpg,clean_negative,550,804,256,256,256,1108,1476,,,,,sliding_window_clean,,,,,,8,8.jpg,train,PASS,resolved,source-level only,clean-negative source split is traceable; defect-free status is not re-proven by this audit
8,8.jpg,8m.jpg,clean_negative/clean_8_50.jpg,clean_negative,598,804,256,256,256,1108,1476,,,,,sliding_window_clean,,,,,,8,8.jpg,train,PASS,resolved,source-level only,clean-negative source split is traceable; defect-free status is not re-proven by this audit
8,8.jpg,8m.jpg,clean_negative/clean_8_51.jpg,clean_negative,646,804,256,256,256,1108,1476,,,,,sliding_window_clean,,,,,,8,8.jpg,train,PASS,resolved,source-level only,clean-negative source split is traceable; defect-free status is not re-proven by this audit
8,8.jpg,8m.jpg,clean_negative/clean_8_52.jpg,clean_negative,674,804,256,256,256,1108,1476,,,,,sliding_window_clean,,,,,,8,8.jpg,train,PASS,resolved,source-level only,clean-negative source split is traceable; defect-free status is not re-proven by this audit
8,8.jpg,8m.jpg,clean_negative/clean_8_53.jpg,clean_negative,0,824,256,256,256,1108,1476,,,,,sliding_window_clean,,,,,,8,8.jpg,train,PASS,resolved,source-level only,clean-negative source split is traceable; defect-free status is not re-proven by this audit
8,8.jpg,8m.jpg,clean_negative/clean_8_54.jpg,clean_negative,416,852,256,256,256,1108,1476,,,,,sliding_window_clean,,,,,,8,8.jpg,train,PASS,resolved,source-level only,clean-negative source split is traceable; defect-free status is not re-proven by this audit
8,8.jpg,8m.jpg,clean_negative/clean_8_55.jpg,clean_negative,454,852,256,256,256,1108,1476,,,,,sliding_window_clean,,,,,,8,8.jpg,train,PASS,resolved,source-level only,clean-negative source split is traceable; defect-free status is not re-proven by this audit
8,8.jpg,8m.jpg,clean_negative/clean_8_56.jpg,clean_negative,502,852,256,256,256,1108,1476,,,,,sliding_window_clean,,,,,,8,8.jpg,train,PASS,resolved,source-level only,clean-negative source split is traceable; defect-free status is not re-proven by this audit
8,8.jpg,8m.jpg,clean_negative/clean_8_57.jpg,clean_negative,550,852,256,256,256,1108,1476,,,,,sliding_window_clean,,,,,,8,8.jpg,train,PASS,resolved,source-level only,clean-negative source split is traceable; defect-free status is not re-proven by this audit
8,8.jpg,8m.jpg,clean_negative/clean_8_58.jpg,clean_negative,598,852,256,256,256,1108,1476,,,,,sliding_window_clean,,,,,,8,8.jpg,train,PASS,resolved,source-level only,clean-negative source split is traceable; defect-free status is not re-proven by this audit
8,8.jpg,8m.jpg,clean_negative/clean_8_59.jpg,clean_negative,646,852,256,256,256,1108,1476,,,,,sliding_window_clean,,,,,,8,8.jpg,train,PASS,resolved,source-level only,clean-negative source split is traceable; defect-free status is not re-proven by this audit
8,8.jpg,8m.jpg,clean_negative/clean_8_60.jpg,clean_negative,677,861,256,256,256,1108,1476,,,,,sliding_window_clean,,,,,,8,8.jpg,train,PASS,resolved,source-level only,clean-negative source split is traceable; defect-free status is not re-proven by this audit
8,8.jpg,8m.jpg,clean_negative/clean_8_61.jpg,clean_negative,0,872,256,256,256,1108,1476,,,,,sliding_window_clean,,,,,,8,8.jpg,train,PASS,resolved,source-level only,clean-negative source split is traceable; defect-free status is not re-proven by this audit
8,8.jpg,8m.jpg,clean_negative/clean_8_62.jpg,clean_negative,742,894,256,256,256,1108,1476,,,,,sliding_window_clean,,,,,,8,8.jpg,train,PASS,resolved,source-level only,clean-negative source split is traceable; defect-free status is not re-proven by this audit
8,8.jpg,8m.jpg,clean_negative/clean_8_63.jpg,clean_negative,790,894,256,256,256,1108,1476,,,,,sliding_window_clean,,,,,,8,8.jpg,train,PASS,resolved,source-level only,clean-negative source split is traceable; defect-free status is not re-proven by this audit
8,8.jpg,8m.jpg,clean_negative/clean_8_64.jpg,clean_negative,838,894,256,256,256,1108,1476,,,,,sliding_window_clean,,,,,,8,8.jpg,train,PASS,resolved,source-level only,clean-negative source split is traceable; defect-free status is not re-proven by this audit
8,8.jpg,8m.jpg,clean_negative/clean_8_65.jpg,clean_negative,416,900,256,256,256,1108,1476,,,,,sliding_window_clean,,,,,,8,8.jpg,train,PASS,resolved,source-level only,clean-negative source split is traceable; defect-free status is not re-proven by this audit
8,8.jpg,8m.jpg,clean_negative/clean_8_66.jpg,clean_negative,454,900,256,256,256,1108,1476,,,,,sliding_window_clean,,,,,,8,8.jpg,train,PASS,resolved,source-level only,clean-negative source split is traceable; defect-free status is not re-proven by this audit
8,8.jpg,8m.jpg,clean_negative/clean_8_67.jpg,clean_negative,502,900,256,256,256,1108,1476,,,,,sliding_window_clean,,,,,,8,8.jpg,train,PASS,resolved,source-level only,clean-negative source split is traceable; defect-free status is not re-proven by this audit
8,8.jpg,8m.jpg,clean_negative/clean_8_68.jpg,clean_negative,550,900,256,256,256,1108,1476,,,,,sliding_window_clean,,,,,,8,8.jpg,train,PASS,resolved,source-level only,clean-negative source split is traceable; defect-free status is not re-proven by this audit
8,8.jpg,8m.jpg,clean_negative/clean_8_69.jpg,clean_negative,598,900,256,256,256,1108,1476,,,,,sliding_window_clean,,,,,,8,8.jpg,train,PASS,resolved,source-level only,clean-negative source split is traceable; defect-free status is not re-proven by this audit
8,8.jpg,8m.jpg,clean_negative/clean_8_70.jpg,clean_negative,646,900,256,256,256,1108,1476,,,,,sliding_window_clean,,,,,,8,8.jpg,train,PASS,resolved,source-level only,clean-negative source split is traceable; defect-free status is not re-proven by this audit
8,8.jpg,8m.jpg,clean_negative/clean_8_71.jpg,clean_negative,694,900,256,256,256,1108,1476,,,,,sliding_window_clean,,,,,,8,8.jpg,train,PASS,resolved,source-level only,clean-negative source split is traceable; defect-free status is not re-proven by this audit
8,8.jpg,8m.jpg,clean_negative/clean_8_72.jpg,clean_negative,742,900,256,256,256,1108,1476,,,,,sliding_window_clean,,,,,,8,8.jpg,train,PASS,resolved,source-level only,clean-negative source split is traceable; defect-free status is not re-proven by this audit
8,8.jpg,8m.jpg,clean_negative/clean_8_73.jpg,clean_negative,790,900,256,256,256,1108,1476,,,,,sliding_window_clean,,,,,,8,8.jpg,train,PASS,resolved,source-level only,clean-negative source split is traceable; defect-free status is not re-proven by this audit
8,8.jpg,8m.jpg,clean_negative/clean_8_74.jpg,clean_negative,838,900,256,256,256,1108,1476,,,,,sliding_window_clean,,,,,,8,8.jpg,train,PASS,resolved,source-level only,clean-negative source split is traceable; defect-free status is not re-proven by this audit
8,8.jpg,8m.jpg,clean_negative/clean_8_75.jpg,clean_negative,502,905,256,256,256,1108,1476,,,,,sliding_window_clean,,,,,,8,8.jpg,train,PASS,resolved,source-level only,clean-negative source split is traceable; defect-free status is not re-proven by this audit
8,8.jpg,8m.jpg,clean_negative/clean_8_76.jpg,clean_negative,550,905,256,256,256,1108,1476,,,,,sliding_window_clean,,,,,,8,8.jpg,train,PASS,resolved,source-level only,clean-negative source split is traceable; defect-free status is not re-proven by this audit
8,8.jpg,8m.jpg,clean_negative/clean_8_77.jpg,clean_negative,598,905,256,256,256,1108,1476,,,,,sliding_window_clean,,,,,,8,8.jpg,train,PASS,resolved,source-level only,clean-negative source split is traceable; defect-free status is not re-proven by this audit
8,8.jpg,8m.jpg,clean_negative/clean_8_78.jpg,clean_negative,646,905,256,256,256,1108,1476,,,,,sliding_window_clean,,,,,,8,8.jpg,train,PASS,resolved,source-level only,clean-negative source split is traceable; defect-free status is not re-proven by this audit
8,8.jpg,8m.jpg,clean_negative/clean_8_79.jpg,clean_negative,694,905,256,256,256,1108,1476,,,,,sliding_window_clean,,,,,,8,8.jpg,train,PASS,resolved,source-level only,clean-negative source split is traceable; defect-free status is not re-proven by this audit
8,8.jpg,8m.jpg,clean_negative/clean_8_80.jpg,clean_negative,742,905,256,256,256,1108,1476,,,,,sliding_window_clean,,,,,,8,8.jpg,train,PASS,resolved,source-level only,clean-negative source split is traceable; defect-free status is not re-proven by this audit
8,8.jpg,8m.jpg,clean_negative/clean_8_81.jpg,clean_negative,490,906,256,256,256,1108,1476,,,,,sliding_window_clean,,,,,,8,8.jpg,train,PASS,resolved,source-level only,clean-negative source split is traceable; defect-free status is not re-proven by this audit
8,8.jpg,8m.jpg,clean_negative/clean_8_82.jpg,clean_negative,0,920,256,256,256,1108,1476,,,,,sliding_window_clean,,,,,,8,8.jpg,train,PASS,resolved,source-level only,clean-negative source split is traceable; defect-free status is not re-proven by this audit
8,8.jpg,8m.jpg,clean_negative/clean_8_83.jpg,clean_negative,438,931,256,256,256,1108,1476,,,,,sliding_window_clean,,,,,,8,8.jpg,train,PASS,resolved,source-level only,clean-negative source split is traceable; defect-free status is not re-proven by this audit
8,8.jpg,8m.jpg,clean_negative/clean_8_84.jpg,clean_negative,807,939,256,256,256,1108,1476,,,,,sliding_window_clean,,,,,,8,8.jpg,train,PASS,resolved,source-level only,clean-negative source split is traceable; defect-free status is not re-proven by this audit
8,8.jpg,8m.jpg,clean_negative/clean_8_85.jpg,clean_negative,416,948,256,256,256,1108,1476,,,,,sliding_window_clean,,,,,,8,8.jpg,train,PASS,resolved,source-level only,clean-negative source split is traceable; defect-free status is not re-proven by this audit
8,8.jpg,8m.jpg,clean_negative/clean_8_86.jpg,clean_negative,838,948,256,256,256,1108,1476,,,,,sliding_window_clean,,,,,,8,8.jpg,train,PASS,resolved,source-level only,clean-negative source split is traceable; defect-free status is not re-proven by this audit
8,8.jpg,8m.jpg,clean_negative/clean_8_87.jpg,clean_negative,0,952,256,256,256,1108,1476,,,,,sliding_window_clean,,,,,,8,8.jpg,train,PASS,resolved,source-level only,clean-negative source split is traceable; defect-free status is not re-proven by this audit
8,8.jpg,8m.jpg,clean_negative/clean_8_88.jpg,clean_negative,413,965,256,256,256,1108,1476,,,,,sliding_window_clean,,,,,,8,8.jpg,train,PASS,resolved,source-level only,clean-negative source split is traceable; defect-free status is not re-proven by this audit
8,8.jpg,8m.jpg,clean_negative/clean_8_89.jpg,clean_negative,406,996,256,256,256,1108,1476,,,,,sliding_window_clean,,,,,,8,8.jpg,train,PASS,resolved,source-level only,clean-negative source split is traceable; defect-free status is not re-proven by this audit
8,8.jpg,8m.jpg,clean_negative/clean_8_90.jpg,clean_negative,407,996,256,256,256,1108,1476,,,,,sliding_window_clean,,,,,,8,8.jpg,train,PASS,resolved,source-level only,clean-negative source split is traceable; defect-free status is not re-proven by this audit
8,8.jpg,8m.jpg,clean_negative/clean_8_91.jpg,clean_negative,812,996,256,256,256,1108,1476,,,,,sliding_window_clean,,,,,,8,8.jpg,train,PASS,resolved,source-level only,clean-negative source split is traceable; defect-free status is not re-proven by this audit
8,8.jpg,8m.jpg,clean_negative/clean_8_92.jpg,clean_negative,838,996,256,256,256,1108,1476,,,,,sliding_window_clean,,,,,,8,8.jpg,train,PASS,resolved,source-level only,clean-negative source split is traceable; defect-free status is not re-proven by this audit
8,8.jpg,8m.jpg,clean_negative/clean_8_93.jpg,clean_negative,375,1019,256,256,256,1108,1476,,,,,sliding_window_clean,,,,,,8,8.jpg,train,PASS,resolved,source-level only,clean-negative source split is traceable; defect-free status is not re-proven by this audit
8,8.jpg,8m.jpg,clean_negative/clean_8_94.jpg,clean_negative,293,1041,256,256,256,1108,1476,,,,,sliding_window_clean,,,,,,8,8.jpg,train,PASS,resolved,source-level only,clean-negative source split is traceable; defect-free status is not re-proven by this audit
8,8.jpg,8m.jpg,clean_negative/clean_8_95.jpg,clean_negative,310,1041,256,256,256,1108,1476,,,,,sliding_window_clean,,,,,,8,8.jpg,train,PASS,resolved,source-level only,clean-negative source split is traceable; defect-free status is not re-proven by this audit
8,8.jpg,8m.jpg,clean_negative/clean_8_96.jpg,clean_negative,310,1044,256,256,256,1108,1476,,,,,sliding_window_clean,,,,,,8,8.jpg,train,PASS,resolved,source-level only,clean-negative source split is traceable; defect-free status is not re-proven by this audit
8,8.jpg,8m.jpg,clean_negative/clean_8_97.jpg,clean_negative,358,1044,256,256,256,1108,1476,,,,,sliding_window_clean,,,,,,8,8.jpg,train,PASS,resolved,source-level only,clean-negative source split is traceable; defect-free status is not re-proven by this audit
8,8.jpg,8m.jpg,clean_negative/clean_8_98.jpg,clean_negative,406,1044,256,256,256,1108,1476,,,,,sliding_window_clean,,,,,,8,8.jpg,train,PASS,resolved,source-level only,clean-negative source split is traceable; defect-free status is not re-proven by this audit
8,8.jpg,8m.jpg,clean_negative/clean_8_99.jpg,clean_negative,407,1044,256,256,256,1108,1476,,,,,sliding_window_clean,,,,,,8,8.jpg,train,PASS,resolved,source-level only,clean-negative source split is traceable; defect-free status is not re-proven by this audit
8,8.jpg,8m.jpg,clean_negative/clean_8_100.jpg,clean_negative,812,1044,256,256,256,1108,1476,,,,,sliding_window_clean,,,,,,8,8.jpg,train,PASS,resolved,source-level only,clean-negative source split is traceable; defect-free status is not re-proven by this audit
8,8.jpg,8m.jpg,clean_negative/clean_8_101.jpg,clean_negative,838,1044,256,256,256,1108,1476,,,,,sliding_window_clean,,,,,,8,8.jpg,train,PASS,resolved,source-level only,clean-negative source split is traceable; defect-free status is not re-proven by this audit
8,8.jpg,8m.jpg,clean_negative/clean_8_102.jpg,clean_negative,319,1092,256,256,256,1108,1476,,,,,sliding_window_clean,,,,,,8,8.jpg,train,PASS,resolved,source-level only,clean-negative source split is traceable; defect-free status is not re-proven by this audit
8,8.jpg,8m.jpg,clean_negative/clean_8_103.jpg,clean_negative,358,1092,256,256,256,1108,1476,,,,,sliding_window_clean,,,,,,8,8.jpg,train,PASS,resolved,source-level only,clean-negative source split is traceable; defect-free status is not re-proven by this audit
8,8.jpg,8m.jpg,clean_negative/clean_8_104.jpg,clean_negative,406,1092,256,256,256,1108,1476,,,,,sliding_window_clean,,,,,,8,8.jpg,train,PASS,resolved,source-level only,clean-negative source split is traceable; defect-free status is not re-proven by this audit
8,8.jpg,8m.jpg,clean_negative/clean_8_105.jpg,clean_negative,407,1092,256,256,256,1108,1476,,,,,sliding_window_clean,,,,,,8,8.jpg,train,PASS,resolved,source-level only,clean-negative source split is traceable; defect-free status is not re-proven by this audit
8,8.jpg,8m.jpg,clean_negative/clean_8_106.jpg,clean_negative,812,1092,256,256,256,1108,1476,,,,,sliding_window_clean,,,,,,8,8.jpg,train,PASS,resolved,source-level only,clean-negative source split is traceable; defect-free status is not re-proven by this audit
8,8.jpg,8m.jpg,clean_negative/clean_8_107.jpg,clean_negative,838,1092,256,256,256,1108,1476,,,,,sliding_window_clean,,,,,,8,8.jpg,train,PASS,resolved,source-level only,clean-negative source split is traceable; defect-free status is not re-proven by this audit
8,8.jpg,8m.jpg,clean_negative/clean_8_108.jpg,clean_negative,319,1140,256,256,256,1108,1476,,,,,sliding_window_clean,,,,,,8,8.jpg,train,PASS,resolved,source-level only,clean-negative source split is traceable; defect-free status is not re-proven by this audit
8,8.jpg,8m.jpg,clean_negative/clean_8_109.jpg,clean_negative,358,1140,256,256,256,1108,1476,,,,,sliding_window_clean,,,,,,8,8.jpg,train,PASS,resolved,source-level only,clean-negative source split is traceable; defect-free status is not re-proven by this audit
8,8.jpg,8m.jpg,clean_negative/clean_8_110.jpg,clean_negative,406,1140,256,256,256,1108,1476,,,,,sliding_window_clean,,,,,,8,8.jpg,train,PASS,resolved,source-level only,clean-negative source split is traceable; defect-free status is not re-proven by this audit
8,8.jpg,8m.jpg,clean_negative/clean_8_111.jpg,clean_negative,407,1140,256,256,256,1108,1476,,,,,sliding_window_clean,,,,,,8,8.jpg,train,PASS,resolved,source-level only,clean-negative source split is traceable; defect-free status is not re-proven by this audit
8,8.jpg,8m.jpg,clean_negative/clean_8_112.jpg,clean_negative,812,1140,256,256,256,1108,1476,,,,,sliding_window_clean,,,,,,8,8.jpg,train,PASS,resolved,source-level only,clean-negative source split is traceable; defect-free status is not re-proven by this audit
8,8.jpg,8m.jpg,clean_negative/clean_8_113.jpg,clean_negative,838,1140,256,256,256,1108,1476,,,,,sliding_window_clean,,,,,,8,8.jpg,train,PASS,resolved,source-level only,clean-negative source split is traceable; defect-free status is not re-proven by this audit
8,8.jpg,8m.jpg,clean_negative/clean_8_114.jpg,clean_negative,319,1188,256,256,256,1108,1476,,,,,sliding_window_clean,,,,,,8,8.jpg,train,PASS,resolved,source-level only,clean-negative source split is traceable; defect-free status is not re-proven by this audit
8,8.jpg,8m.jpg,clean_negative/clean_8_115.jpg,clean_negative,358,1188,256,256,256,1108,1476,,,,,sliding_window_clean,,,,,,8,8.jpg,train,PASS,resolved,source-level only,clean-negative source split is traceable; defect-free status is not re-proven by this audit
8,8.jpg,8m.jpg,clean_negative/clean_8_116.jpg,clean_negative,406,1188,256,256,256,1108,1476,,,,,sliding_window_clean,,,,,,8,8.jpg,train,PASS,resolved,source-level only,clean-negative source split is traceable; defect-free status is not re-proven by this audit
8,8.jpg,8m.jpg,clean_negative/clean_8_117.jpg,clean_negative,407,1188,256,256,256,1108,1476,,,,,sliding_window_clean,,,,,,8,8.jpg,train,PASS,resolved,source-level only,clean-negative source split is traceable; defect-free status is not re-proven by this audit
8,8.jpg,8m.jpg,clean_negative/clean_8_118.jpg,clean_negative,812,1188,256,256,256,1108,1476,,,,,sliding_window_clean,,,,,,8,8.jpg,train,PASS,resolved,source-level only,clean-negative source split is traceable; defect-free status is not re-proven by this audit
8,8.jpg,8m.jpg,clean_negative/clean_8_119.jpg,clean_negative,838,1188,256,256,256,1108,1476,,,,,sliding_window_clean,,,,,,8,8.jpg,train,PASS,resolved,source-level only,clean-negative source split is traceable; defect-free status is not re-proven by this audit
8,8.jpg,8m.jpg,clean_negative/clean_8_120.jpg,clean_negative,319,1220,256,256,256,1108,1476,,,,,sliding_window_clean,,,,,,8,8.jpg,train,PASS,resolved,source-level only,clean-negative source split is traceable; defect-free status is not re-proven by this audit
8,8.jpg,8m.jpg,clean_negative/clean_8_121.jpg,clean_negative,358,1220,256,256,256,1108,1476,,,,,sliding_window_clean,,,,,,8,8.jpg,train,PASS,resolved,source-level only,clean-negative source split is traceable; defect-free status is not re-proven by this audit
8,8.jpg,8m.jpg,clean_negative/clean_8_122.jpg,clean_negative,406,1220,256,256,256,1108,1476,,,,,sliding_window_clean,,,,,,8,8.jpg,train,PASS,resolved,source-level only,clean-negative source split is traceable; defect-free status is not re-proven by this audit
8,8.jpg,8m.jpg,clean_negative/clean_8_123.jpg,clean_negative,407,1220,256,256,256,1108,1476,,,,,sliding_window_clean,,,,,,8,8.jpg,train,PASS,resolved,source-level only,clean-negative source split is traceable; defect-free status is not re-proven by this audit
8,8.jpg,8m.jpg,clean_negative/clean_8_124.jpg,clean_negative,812,1220,256,256,256,1108,1476,,,,,sliding_window_clean,,,,,,8,8.jpg,train,PASS,resolved,source-level only,clean-negative source split is traceable; defect-free status is not re-proven by this audit
8,8.jpg,8m.jpg,clean_negative/clean_8_125.jpg,clean_negative,838,1220,256,256,256,1108,1476,,,,,sliding_window_clean,,,,,,8,8.jpg,train,PASS,resolved,source-level only,clean-negative source split is traceable; defect-free status is not re-proven by this audit
8,8.jpg,8m.jpg,dirty_positive/dirty_8_1.jpg,dirty_positive,325,1,256,256,256,1108,1476,1,453,77,1390,centered_positive,325,1,registered,registered,homography_inliers=4617/4617,8,8.jpg,train,PASS,resolved,exact,
8,8.jpg,8m.jpg,dirty_positive/dirty_8_2.jpg,dirty_positive,300,1,256,256,256,1108,1476,1,453,77,1390,jittered_positive,300,1,registered,registered,homography_inliers=4617/4617,8,8.jpg,train,PASS,resolved,exact,
8,8.jpg,8m.jpg,dirty_positive/dirty_8_3.jpg,dirty_positive,273,1,256,256,256,1108,1476,1,453,77,1390,jittered_positive,273,1,registered,registered,homography_inliers=4617/4617,8,8.jpg,train,PASS,resolved,exact,
8,8.jpg,8m.jpg,dirty_positive/dirty_8_4.jpg,dirty_positive,330,49,256,256,256,1108,1476,1,453,77,1390,jittered_positive,330,49,registered,registered,homography_inliers=4617/4617,8,8.jpg,train,PASS,resolved,exact,
8,8.jpg,8m.jpg,dirty_positive/dirty_8_5.jpg,dirty_positive,514,12,256,256,256,1108,1476,2,642,140,817,centered_positive,514,12,registered,registered,homography_inliers=4617/4617,8,8.jpg,train,PASS,resolved,exact,
8,8.jpg,8m.jpg,dirty_positive/dirty_8_6.jpg,dirty_positive,558,72,256,256,256,1108,1476,2,642,140,817,jittered_positive,558,72,registered,registered,homography_inliers=4617/4617,8,8.jpg,train,PASS,resolved,exact,
8,8.jpg,8m.jpg,dirty_positive/dirty_8_7.jpg,dirty_positive,563,54,256,256,256,1108,1476,2,642,140,817,jittered_positive,563,54,registered,registered,homography_inliers=4617/4617,8,8.jpg,train,PASS,resolved,exact,
8,8.jpg,8m.jpg,dirty_positive/dirty_8_8.jpg,dirty_positive,519,3,256,256,256,1108,1476,2,642,140,817,jittered_positive,519,3,registered,registered,homography_inliers=4617/4617,8,8.jpg,train,PASS,resolved,exact,
8,8.jpg,8m.jpg,dirty_positive/dirty_8_9.jpg,dirty_positive,555,83,256,256,256,1108,1476,3,683,211,2113,centered_positive,555,83,registered,registered,homography_inliers=4617/4617,8,8.jpg,train,PASS,resolved,exact,
8,8.jpg,8m.jpg,dirty_positive/dirty_8_10.jpg,dirty_positive,520,107,256,256,256,1108,1476,3,683,211,2113,jittered_positive,520,107,registered,registered,homography_inliers=4617/4617,8,8.jpg,train,PASS,resolved,exact,
8,8.jpg,8m.jpg,dirty_positive/dirty_8_11.jpg,dirty_positive,601,47,256,256,256,1108,1476,3,683,211,2113,jittered_positive,601,47,registered,registered,homography_inliers=4617/4617,8,8.jpg,train,PASS,resolved,exact,
8,8.jpg,8m.jpg,dirty_positive/dirty_8_12.jpg,dirty_positive,563,143,256,256,256,1108,1476,3,683,211,2113,jittered_positive,563,143,registered,registered,homography_inliers=4617/4617,8,8.jpg,train,PASS,resolved,exact,
8,8.jpg,8m.jpg,dirty_positive/dirty_8_13.jpg,dirty_positive,289,76,256,256,256,1108,1476,4,417,204,1308,centered_positive,289,76,registered,registered,homography_inliers=4617/4617,8,8.jpg,train,PASS,resolved,exact,
8,8.jpg,8m.jpg,dirty_positive/dirty_8_14.jpg,dirty_positive,303,23,256,256,256,1108,1476,4,417,204,1308,jittered_positive,303,23,registered,registered,homography_inliers=4617/4617,8,8.jpg,train,PASS,resolved,exact,
8,8.jpg,8m.jpg,dirty_positive/dirty_8_15.jpg,dirty_positive,281,113,256,256,256,1108,1476,4,417,204,1308,jittered_positive,281,113,registered,registered,homography_inliers=4617/4617,8,8.jpg,train,PASS,resolved,exact,
8,8.jpg,8m.jpg,dirty_positive/dirty_8_16.jpg,dirty_positive,239,13,256,256,256,1108,1476,4,417,204,1308,jittered_positive,239,13,registered,registered,homography_inliers=4617/4617,8,8.jpg,train,PASS,resolved,exact,
8,8.jpg,8m.jpg,dirty_positive/dirty_8_17.jpg,dirty_positive,415,92,256,256,256,1108,1476,5,543,220,1102,centered_positive,415,92,registered,registered,homography_inliers=4617/4617,8,8.jpg,train,PASS,resolved,exact,
8,8.jpg,8m.jpg,dirty_positive/dirty_8_18.jpg,dirty_positive,403,105,256,256,256,1108,1476,5,543,220,1102,jittered_positive,403,105,registered,registered,homography_inliers=4617/4617,8,8.jpg,train,PASS,resolved,exact,
8,8.jpg,8m.jpg,dirty_positive/dirty_8_19.jpg,dirty_positive,405,63,256,256,256,1108,1476,5,543,220,1102,jittered_positive,405,63,registered,registered,homography_inliers=4617/4617,8,8.jpg,train,PASS,resolved,exact,
8,8.jpg,8m.jpg,dirty_positive/dirty_8_20.jpg,dirty_positive,416,102,256,256,256,1108,1476,5,543,220,1102,jittered_positive,416,102,registered,registered,homography_inliers=4617/4617,8,8.jpg,train,PASS,resolved,exact,
8,8.jpg,8m.jpg,dirty_positive/dirty_8_21.jpg,dirty_positive,738,136,256,256,256,1108,1476,6,866,264,1199,centered_positive,738,136,registered,registered,homography_inliers=4617/4617,8,8.jpg,train,PASS,resolved,exact,
8,8.jpg,8m.jpg,dirty_positive/dirty_8_22.jpg,dirty_positive,757,102,256,256,256,1108,1476,6,866,264,1199,jittered_positive,757,102,registered,registered,homography_inliers=4617/4617,8,8.jpg,train,PASS,resolved,exact,
8,8.jpg,8m.jpg,dirty_positive/dirty_8_23.jpg,dirty_positive,675,199,256,256,256,1108,1476,6,866,264,1199,jittered_positive,675,199,registered,registered,homography_inliers=4617/4617,8,8.jpg,train,PASS,resolved,exact,
8,8.jpg,8m.jpg,dirty_positive/dirty_8_24.jpg,dirty_positive,784,116,256,256,256,1108,1476,6,866,264,1199,jittered_positive,784,116,registered,registered,homography_inliers=4617/4617,8,8.jpg,train,PASS,resolved,exact,
8,8.jpg,8m.jpg,dirty_positive/dirty_8_25.jpg,dirty_positive,116,190,256,256,256,1108,1476,7,244,318,1185,centered_positive,116,190,registered,registered,homography_inliers=4617/4617,8,8.jpg,train,PASS,resolved,exact,
8,8.jpg,8m.jpg,dirty_positive/dirty_8_26.jpg,dirty_positive,85,223,256,256,256,1108,1476,7,244,318,1185,jittered_positive,85,223,registered,registered,homography_inliers=4617/4617,8,8.jpg,train,PASS,resolved,exact,
8,8.jpg,8m.jpg,dirty_positive/dirty_8_27.jpg,dirty_positive,110,254,256,256,256,1108,1476,7,244,318,1185,jittered_positive,110,254,registered,registered,homography_inliers=4617/4617,8,8.jpg,train,PASS,resolved,exact,
8,8.jpg,8m.jpg,dirty_positive/dirty_8_28.jpg,dirty_positive,142,144,256,256,256,1108,1476,7,244,318,1185,jittered_positive,142,144,registered,registered,homography_inliers=4617/4617,8,8.jpg,train,PASS,resolved,exact,
8,8.jpg,8m.jpg,dirty_positive/dirty_8_29.jpg,dirty_positive,25,183,256,256,256,1108,1476,8,153,311,1148,centered_positive,25,183,registered,registered,homography_inliers=4617/4617,8,8.jpg,train,PASS,resolved,exact,
8,8.jpg,8m.jpg,dirty_positive/dirty_8_30.jpg,dirty_positive,62,129,256,256,256,1108,1476,8,153,311,1148,jittered_positive,62,129,registered,registered,homography_inliers=4617/4617,8,8.jpg,train,PASS,resolved,exact,
8,8.jpg,8m.jpg,dirty_positive/dirty_8_31.jpg,dirty_positive,72,123,256,256,256,1108,1476,8,153,311,1148,jittered_positive,72,123,registered,registered,homography_inliers=4617/4617,8,8.jpg,train,PASS,resolved,exact,
8,8.jpg,8m.jpg,dirty_positive/dirty_8_32.jpg,dirty_positive,78,138,256,256,256,1108,1476,8,153,311,1148,jittered_positive,78,138,registered,registered,homography_inliers=4617/4617,8,8.jpg,train,PASS,resolved,exact,
8,8.jpg,8m.jpg,dirty_positive/dirty_8_33.jpg,dirty_positive,852,249,256,256,256,1108,1476,9,1002,377,1912,centered_positive,852,249,registered,registered,homography_inliers=4617/4617,8,8.jpg,train,PASS,resolved,exact,
8,8.jpg,8m.jpg,dirty_positive/dirty_8_34.jpg,dirty_positive,852,294,256,256,256,1108,1476,9,1002,377,1912,jittered_positive,852,294,registered,registered,homography_inliers=4617/4617,8,8.jpg,train,PASS,resolved,exact,
8,8.jpg,8m.jpg,dirty_positive/dirty_8_35.jpg,dirty_positive,852,291,256,256,256,1108,1476,9,1002,377,1912,jittered_positive,852,291,registered,registered,homography_inliers=4617/4617,8,8.jpg,train,PASS,resolved,exact,
8,8.jpg,8m.jpg,dirty_positive/dirty_8_36.jpg,dirty_positive,852,214,256,256,256,1108,1476,9,1002,377,1912,jittered_positive,852,214,registered,registered,homography_inliers=4617/4617,8,8.jpg,train,PASS,resolved,exact,
8,8.jpg,8m.jpg,dirty_positive/dirty_8_37.jpg,dirty_positive,427,250,256,256,256,1108,1476,10,555,378,2817,centered_positive,427,250,registered,registered,homography_inliers=4617/4617,8,8.jpg,train,PASS,resolved,exact,
8,8.jpg,8m.jpg,dirty_positive/dirty_8_38.jpg,dirty_positive,466,191,256,256,256,1108,1476,10,555,378,2817,jittered_positive,466,191,registered,registered,homography_inliers=4617/4617,8,8.jpg,train,PASS,resolved,exact,
8,8.jpg,8m.jpg,dirty_positive/dirty_8_39.jpg,dirty_positive,446,229,256,256,256,1108,1476,10,555,378,2817,jittered_positive,446,229,registered,registered,homography_inliers=4617/4617,8,8.jpg,train,PASS,resolved,exact,
8,8.jpg,8m.jpg,dirty_positive/dirty_8_40.jpg,dirty_positive,480,278,256,256,256,1108,1476,10,555,378,2817,jittered_positive,480,278,registered,registered,homography_inliers=4617/4617,8,8.jpg,train,PASS,resolved,exact,
8,8.jpg,8m.jpg,dirty_positive/dirty_8_41.jpg,dirty_positive,275,249,256,256,256,1108,1476,11,403,377,1074,centered_positive,275,249,registered,registered,homography_inliers=4617/4617,8,8.jpg,train,PASS,resolved,exact,
8,8.jpg,8m.jpg,dirty_positive/dirty_8_42.jpg,dirty_positive,233,296,256,256,256,1108,1476,11,403,377,1074,jittered_positive,233,296,registered,registered,homography_inliers=4617/4617,8,8.jpg,train,PASS,resolved,exact,
8,8.jpg,8m.jpg,dirty_positive/dirty_8_43.jpg,dirty_positive,238,247,256,256,256,1108,1476,11,403,377,1074,jittered_positive,238,247,registered,registered,homography_inliers=4617/4617,8,8.jpg,train,PASS,resolved,exact,
8,8.jpg,8m.jpg,dirty_positive/dirty_8_44.jpg,dirty_positive,322,287,256,256,256,1108,1476,11,403,377,1074,jittered_positive,322,287,registered,registered,homography_inliers=4617/4617,8,8.jpg,train,PASS,resolved,exact,
8,8.jpg,8m.jpg,dirty_positive/dirty_8_45.jpg,dirty_positive,66,290,256,256,256,1108,1476,12,194,418,2279,centered_positive,66,290,registered,registered,homography_inliers=4617/4617,8,8.jpg,train,PASS,resolved,exact,
8,8.jpg,8m.jpg,dirty_positive/dirty_8_46.jpg,dirty_positive,22,327,256,256,256,1108,1476,12,194,418,2279,jittered_positive,22,327,registered,registered,homography_inliers=4617/4617,8,8.jpg,train,PASS,resolved,exact,
8,8.jpg,8m.jpg,dirty_positive/dirty_8_47.jpg,dirty_positive,81,312,256,256,256,1108,1476,12,194,418,2279,jittered_positive,81,312,registered,registered,homography_inliers=4617/4617,8,8.jpg,train,PASS,resolved,exact,
8,8.jpg,8m.jpg,dirty_positive/dirty_8_48.jpg,dirty_positive,58,311,256,256,256,1108,1476,12,194,418,2279,jittered_positive,58,311,registered,registered,homography_inliers=4617/4617,8,8.jpg,train,PASS,resolved,exact,
8,8.jpg,8m.jpg,dirty_positive/dirty_8_49.jpg,dirty_positive,792,335,256,256,256,1108,1476,13,920,463,1206,centered_positive,792,335,registered,registered,homography_inliers=4617/4617,8,8.jpg,train,PASS,resolved,exact,
8,8.jpg,8m.jpg,dirty_positive/dirty_8_50.jpg,dirty_positive,771,290,256,256,256,1108,1476,13,920,463,1206,jittered_positive,771,290,registered,registered,homography_inliers=4617/4617,8,8.jpg,train,PASS,resolved,exact,
8,8.jpg,8m.jpg,dirty_positive/dirty_8_51.jpg,dirty_positive,757,320,256,256,256,1108,1476,13,920,463,1206,jittered_positive,757,320,registered,registered,homography_inliers=4617/4617,8,8.jpg,train,PASS,resolved,exact,
8,8.jpg,8m.jpg,dirty_positive/dirty_8_52.jpg,dirty_positive,817,360,256,256,256,1108,1476,13,920,463,1206,jittered_positive,817,360,registered,registered,homography_inliers=4617/4617,8,8.jpg,train,PASS,resolved,exact,
8,8.jpg,8m.jpg,dirty_positive/dirty_8_53.jpg,dirty_positive,673,463,256,256,256,1108,1476,14,801,591,4028,centered_positive,673,463,registered,registered,homography_inliers=4617/4617,8,8.jpg,train,PASS,resolved,exact,
8,8.jpg,8m.jpg,dirty_positive/dirty_8_54.jpg,dirty_positive,646,459,256,256,256,1108,1476,14,801,591,4028,jittered_positive,646,459,registered,registered,homography_inliers=4617/4617,8,8.jpg,train,PASS,resolved,exact,
8,8.jpg,8m.jpg,dirty_positive/dirty_8_55.jpg,dirty_positive,635,436,256,256,256,1108,1476,14,801,591,4028,jittered_positive,635,436,registered,registered,homography_inliers=4617/4617,8,8.jpg,train,PASS,resolved,exact,
8,8.jpg,8m.jpg,dirty_positive/dirty_8_56.jpg,dirty_positive,674,449,256,256,256,1108,1476,14,801,591,4028,jittered_positive,674,449,registered,registered,homography_inliers=4617/4617,8,8.jpg,train,PASS,resolved,exact,
8,8.jpg,8m.jpg,dirty_positive/dirty_8_57.jpg,dirty_positive,19,533,256,256,256,1108,1476,15,147,661,1322,centered_positive,19,533,registered,registered,homography_inliers=4617/4617,8,8.jpg,train,PASS,resolved,exact,
8,8.jpg,8m.jpg,dirty_positive/dirty_8_58.jpg,dirty_positive,1,508,256,256,256,1108,1476,15,147,661,1322,jittered_positive,1,508,registered,registered,homography_inliers=4617/4617,8,8.jpg,train,PASS,resolved,exact,
8,8.jpg,8m.jpg,dirty_positive/dirty_8_59.jpg,dirty_positive,1,514,256,256,256,1108,1476,15,147,661,1322,jittered_positive,1,514,registered,registered,homography_inliers=4617/4617,8,8.jpg,train,PASS,resolved,exact,
8,8.jpg,8m.jpg,dirty_positive/dirty_8_60.jpg,dirty_positive,81,587,256,256,256,1108,1476,15,147,661,1322,jittered_positive,81,587,registered,registered,homography_inliers=4617/4617,8,8.jpg,train,PASS,resolved,exact,
8,8.jpg,8m.jpg,dirty_positive/dirty_8_61.jpg,dirty_positive,852,674,256,256,256,1108,1476,16,1029,802,2467,centered_positive,852,674,registered,registered,homography_inliers=4617/4617,8,8.jpg,train,PASS,resolved,exact,
8,8.jpg,8m.jpg,dirty_positive/dirty_8_62.jpg,dirty_positive,852,692,256,256,256,1108,1476,16,1029,802,2467,jittered_positive,852,692,registered,registered,homography_inliers=4617/4617,8,8.jpg,train,PASS,resolved,exact,
8,8.jpg,8m.jpg,dirty_positive/dirty_8_63.jpg,dirty_positive,852,648,256,256,256,1108,1476,16,1029,802,2467,jittered_positive,852,648,registered,registered,homography_inliers=4617/4617,8,8.jpg,train,PASS,resolved,exact,
8,8.jpg,8m.jpg,dirty_positive/dirty_8_64.jpg,dirty_positive,852,627,256,256,256,1108,1476,16,1029,802,2467,jittered_positive,852,627,registered,registered,homography_inliers=4617/4617,8,8.jpg,train,PASS,resolved,exact,
8,8.jpg,8m.jpg,dirty_positive/dirty_8_65.jpg,dirty_positive,212,837,256,256,256,1108,1476,17,340,965,1590,centered_positive,212,837,registered,registered,homography_inliers=4617/4617,8,8.jpg,train,PASS,resolved,exact,
8,8.jpg,8m.jpg,dirty_positive/dirty_8_66.jpg,dirty_positive,268,886,256,256,256,1108,1476,17,340,965,1590,jittered_positive,268,886,registered,registered,homography_inliers=4617/4617,8,8.jpg,train,PASS,resolved,exact,
8,8.jpg,8m.jpg,dirty_positive/dirty_8_67.jpg,dirty_positive,225,843,256,256,256,1108,1476,17,340,965,1590,jittered_positive,225,843,registered,registered,homography_inliers=4617/4617,8,8.jpg,train,PASS,resolved,exact,
8,8.jpg,8m.jpg,dirty_positive/dirty_8_68.jpg,dirty_positive,162,863,256,256,256,1108,1476,17,340,965,1590,jittered_positive,162,863,registered,registered,homography_inliers=4617/4617,8,8.jpg,train,PASS,resolved,exact,
8,8.jpg,8m.jpg,dirty_positive/dirty_8_69.jpg,dirty_positive,609,1107,256,256,256,1108,1476,18,737,1235,1569,centered_positive,609,1107,registered,registered,homography_inliers=4617/4617,8,8.jpg,train,PASS,resolved,exact,
8,8.jpg,8m.jpg,dirty_positive/dirty_8_70.jpg,dirty_positive,563,1122,256,256,256,1108,1476,18,737,1235,1569,jittered_positive,563,1122,registered,registered,homography_inliers=4617/4617,8,8.jpg,train,PASS,resolved,exact,
8,8.jpg,8m.jpg,dirty_positive/dirty_8_71.jpg,dirty_positive,663,1158,256,256,256,1108,1476,18,737,1235,1569,jittered_positive,663,1158,registered,registered,homography_inliers=4617/4617,8,8.jpg,train,PASS,resolved,exact,
8,8.jpg,8m.jpg,dirty_positive/dirty_8_72.jpg,dirty_positive,554,1057,256,256,256,1108,1476,18,737,1235,1569,jittered_positive,554,1057,registered,registered,homography_inliers=4617/4617,8,8.jpg,train,PASS,resolved,exact,
8,8.jpg,8m.jpg,dirty_positive/dirty_8_73.jpg,dirty_positive,29,1184,256,256,256,1108,1476,19,157,1312,2496,centered_positive,29,1184,registered,registered,homography_inliers=4617/4617,8,8.jpg,train,PASS,resolved,exact,
8,8.jpg,8m.jpg,dirty_positive/dirty_8_74.jpg,dirty_positive,59,1193,256,256,256,1108,1476,19,157,1312,2496,jittered_positive,59,1193,registered,registered,homography_inliers=4617/4617,8,8.jpg,train,PASS,resolved,exact,
8,8.jpg,8m.jpg,dirty_positive/dirty_8_75.jpg,dirty_positive,1,1143,256,256,256,1108,1476,19,157,1312,2496,jittered_positive,1,1143,registered,registered,homography_inliers=4617/4617,8,8.jpg,train,PASS,resolved,exact,
8,8.jpg,8m.jpg,dirty_positive/dirty_8_76.jpg,dirty_positive,63,1220,256,256,256,1108,1476,19,157,1312,2496,jittered_positive,63,1220,registered,registered,homography_inliers=4617/4617,8,8.jpg,train,PASS,resolved,exact,
8,8.jpg,8m.jpg,dirty_positive/dirty_8_77.jpg,dirty_positive,131,1220,256,256,256,1108,1476,20,259,1352,1179,centered_positive,131,1220,registered,registered,homography_inliers=4617/4617,8,8.jpg,train,PASS,resolved,exact,
8,8.jpg,8m.jpg,dirty_positive/dirty_8_78.jpg,dirty_positive,77,1220,256,256,256,1108,1476,20,259,1352,1179,jittered_positive,77,1220,registered,registered,homography_inliers=4617/4617,8,8.jpg,train,PASS,resolved,exact,
8,8.jpg,8m.jpg,dirty_positive/dirty_8_79.jpg,dirty_positive,115,1220,256,256,256,1108,1476,20,259,1352,1179,jittered_positive,115,1220,registered,registered,homography_inliers=4617/4617,8,8.jpg,train,PASS,resolved,exact,
8,8.jpg,8m.jpg,dirty_positive/dirty_8_80.jpg,dirty_positive,188,1220,256,256,256,1108,1476,20,259,1352,1179,jittered_positive,188,1220,registered,registered,homography_inliers=4617/4617,8,8.jpg,train,PASS,resolved,exact,
9,9.jpg,9m.jpg,clean_negative/clean_9_1.jpg,clean_negative,0,0,256,256,256,1108,1476,,,,,sliding_window_clean,,,,,,9,9.jpg,validation,PASS,resolved,source-level only,clean-negative source split is traceable; defect-free status is not re-proven by this audit
9,9.jpg,9m.jpg,clean_negative/clean_9_2.jpg,clean_negative,48,0,256,256,256,1108,1476,,,,,sliding_window_clean,,,,,,9,9.jpg,validation,PASS,resolved,source-level only,clean-negative source split is traceable; defect-free status is not re-proven by this audit
9,9.jpg,9m.jpg,clean_negative/clean_9_3.jpg,clean_negative,96,0,256,256,256,1108,1476,,,,,sliding_window_clean,,,,,,9,9.jpg,validation,PASS,resolved,source-level only,clean-negative source split is traceable; defect-free status is not re-proven by this audit
9,9.jpg,9m.jpg,clean_negative/clean_9_4.jpg,clean_negative,144,0,256,256,256,1108,1476,,,,,sliding_window_clean,,,,,,9,9.jpg,validation,PASS,resolved,source-level only,clean-negative source split is traceable; defect-free status is not re-proven by this audit
9,9.jpg,9m.jpg,clean_negative/clean_9_5.jpg,clean_negative,192,0,256,256,256,1108,1476,,,,,sliding_window_clean,,,,,,9,9.jpg,validation,PASS,resolved,source-level only,clean-negative source split is traceable; defect-free status is not re-proven by this audit
9,9.jpg,9m.jpg,clean_negative/clean_9_6.jpg,clean_negative,240,0,256,256,256,1108,1476,,,,,sliding_window_clean,,,,,,9,9.jpg,validation,PASS,resolved,source-level only,clean-negative source split is traceable; defect-free status is not re-proven by this audit
9,9.jpg,9m.jpg,clean_negative/clean_9_7.jpg,clean_negative,288,0,256,256,256,1108,1476,,,,,sliding_window_clean,,,,,,9,9.jpg,validation,PASS,resolved,source-level only,clean-negative source split is traceable; defect-free status is not re-proven by this audit
9,9.jpg,9m.jpg,clean_negative/clean_9_8.jpg,clean_negative,336,0,256,256,256,1108,1476,,,,,sliding_window_clean,,,,,,9,9.jpg,validation,PASS,resolved,source-level only,clean-negative source split is traceable; defect-free status is not re-proven by this audit
9,9.jpg,9m.jpg,clean_negative/clean_9_9.jpg,clean_negative,384,0,256,256,256,1108,1476,,,,,sliding_window_clean,,,,,,9,9.jpg,validation,PASS,resolved,source-level only,clean-negative source split is traceable; defect-free status is not re-proven by this audit
9,9.jpg,9m.jpg,clean_negative/clean_9_10.jpg,clean_negative,432,0,256,256,256,1108,1476,,,,,sliding_window_clean,,,,,,9,9.jpg,validation,PASS,resolved,source-level only,clean-negative source split is traceable; defect-free status is not re-proven by this audit
9,9.jpg,9m.jpg,clean_negative/clean_9_11.jpg,clean_negative,480,0,256,256,256,1108,1476,,,,,sliding_window_clean,,,,,,9,9.jpg,validation,PASS,resolved,source-level only,clean-negative source split is traceable; defect-free status is not re-proven by this audit
9,9.jpg,9m.jpg,clean_negative/clean_9_12.jpg,clean_negative,528,0,256,256,256,1108,1476,,,,,sliding_window_clean,,,,,,9,9.jpg,validation,PASS,resolved,source-level only,clean-negative source split is traceable; defect-free status is not re-proven by this audit
9,9.jpg,9m.jpg,clean_negative/clean_9_13.jpg,clean_negative,576,0,256,256,256,1108,1476,,,,,sliding_window_clean,,,,,,9,9.jpg,validation,PASS,resolved,source-level only,clean-negative source split is traceable; defect-free status is not re-proven by this audit
9,9.jpg,9m.jpg,clean_negative/clean_9_14.jpg,clean_negative,624,0,256,256,256,1108,1476,,,,,sliding_window_clean,,,,,,9,9.jpg,validation,PASS,resolved,source-level only,clean-negative source split is traceable; defect-free status is not re-proven by this audit
9,9.jpg,9m.jpg,clean_negative/clean_9_15.jpg,clean_negative,672,0,256,256,256,1108,1476,,,,,sliding_window_clean,,,,,,9,9.jpg,validation,PASS,resolved,source-level only,clean-negative source split is traceable; defect-free status is not re-proven by this audit
9,9.jpg,9m.jpg,clean_negative/clean_9_16.jpg,clean_negative,720,0,256,256,256,1108,1476,,,,,sliding_window_clean,,,,,,9,9.jpg,validation,PASS,resolved,source-level only,clean-negative source split is traceable; defect-free status is not re-proven by this audit
9,9.jpg,9m.jpg,clean_negative/clean_9_17.jpg,clean_negative,768,0,256,256,256,1108,1476,,,,,sliding_window_clean,,,,,,9,9.jpg,validation,PASS,resolved,source-level only,clean-negative source split is traceable; defect-free status is not re-proven by this audit
9,9.jpg,9m.jpg,clean_negative/clean_9_18.jpg,clean_negative,816,0,256,256,256,1108,1476,,,,,sliding_window_clean,,,,,,9,9.jpg,validation,PASS,resolved,source-level only,clean-negative source split is traceable; defect-free status is not re-proven by this audit
9,9.jpg,9m.jpg,clean_negative/clean_9_19.jpg,clean_negative,852,0,256,256,256,1108,1476,,,,,sliding_window_clean,,,,,,9,9.jpg,validation,PASS,resolved,source-level only,clean-negative source split is traceable; defect-free status is not re-proven by this audit
9,9.jpg,9m.jpg,clean_negative/clean_9_20.jpg,clean_negative,0,48,256,256,256,1108,1476,,,,,sliding_window_clean,,,,,,9,9.jpg,validation,PASS,resolved,source-level only,clean-negative source split is traceable; defect-free status is not re-proven by this audit
9,9.jpg,9m.jpg,clean_negative/clean_9_21.jpg,clean_negative,48,48,256,256,256,1108,1476,,,,,sliding_window_clean,,,,,,9,9.jpg,validation,PASS,resolved,source-level only,clean-negative source split is traceable; defect-free status is not re-proven by this audit
9,9.jpg,9m.jpg,clean_negative/clean_9_22.jpg,clean_negative,96,48,256,256,256,1108,1476,,,,,sliding_window_clean,,,,,,9,9.jpg,validation,PASS,resolved,source-level only,clean-negative source split is traceable; defect-free status is not re-proven by this audit
9,9.jpg,9m.jpg,clean_negative/clean_9_23.jpg,clean_negative,144,48,256,256,256,1108,1476,,,,,sliding_window_clean,,,,,,9,9.jpg,validation,PASS,resolved,source-level only,clean-negative source split is traceable; defect-free status is not re-proven by this audit
9,9.jpg,9m.jpg,clean_negative/clean_9_24.jpg,clean_negative,192,48,256,256,256,1108,1476,,,,,sliding_window_clean,,,,,,9,9.jpg,validation,PASS,resolved,source-level only,clean-negative source split is traceable; defect-free status is not re-proven by this audit
9,9.jpg,9m.jpg,clean_negative/clean_9_25.jpg,clean_negative,240,48,256,256,256,1108,1476,,,,,sliding_window_clean,,,,,,9,9.jpg,validation,PASS,resolved,source-level only,clean-negative source split is traceable; defect-free status is not re-proven by this audit
9,9.jpg,9m.jpg,clean_negative/clean_9_26.jpg,clean_negative,288,48,256,256,256,1108,1476,,,,,sliding_window_clean,,,,,,9,9.jpg,validation,PASS,resolved,source-level only,clean-negative source split is traceable; defect-free status is not re-proven by this audit
9,9.jpg,9m.jpg,clean_negative/clean_9_27.jpg,clean_negative,336,48,256,256,256,1108,1476,,,,,sliding_window_clean,,,,,,9,9.jpg,validation,PASS,resolved,source-level only,clean-negative source split is traceable; defect-free status is not re-proven by this audit
9,9.jpg,9m.jpg,clean_negative/clean_9_28.jpg,clean_negative,384,48,256,256,256,1108,1476,,,,,sliding_window_clean,,,,,,9,9.jpg,validation,PASS,resolved,source-level only,clean-negative source split is traceable; defect-free status is not re-proven by this audit
9,9.jpg,9m.jpg,clean_negative/clean_9_29.jpg,clean_negative,432,48,256,256,256,1108,1476,,,,,sliding_window_clean,,,,,,9,9.jpg,validation,PASS,resolved,source-level only,clean-negative source split is traceable; defect-free status is not re-proven by this audit
9,9.jpg,9m.jpg,clean_negative/clean_9_30.jpg,clean_negative,480,48,256,256,256,1108,1476,,,,,sliding_window_clean,,,,,,9,9.jpg,validation,PASS,resolved,source-level only,clean-negative source split is traceable; defect-free status is not re-proven by this audit
9,9.jpg,9m.jpg,clean_negative/clean_9_31.jpg,clean_negative,528,48,256,256,256,1108,1476,,,,,sliding_window_clean,,,,,,9,9.jpg,validation,PASS,resolved,source-level only,clean-negative source split is traceable; defect-free status is not re-proven by this audit
9,9.jpg,9m.jpg,clean_negative/clean_9_32.jpg,clean_negative,576,48,256,256,256,1108,1476,,,,,sliding_window_clean,,,,,,9,9.jpg,validation,PASS,resolved,source-level only,clean-negative source split is traceable; defect-free status is not re-proven by this audit
9,9.jpg,9m.jpg,clean_negative/clean_9_33.jpg,clean_negative,624,48,256,256,256,1108,1476,,,,,sliding_window_clean,,,,,,9,9.jpg,validation,PASS,resolved,source-level only,clean-negative source split is traceable; defect-free status is not re-proven by this audit
9,9.jpg,9m.jpg,clean_negative/clean_9_34.jpg,clean_negative,672,48,256,256,256,1108,1476,,,,,sliding_window_clean,,,,,,9,9.jpg,validation,PASS,resolved,source-level only,clean-negative source split is traceable; defect-free status is not re-proven by this audit
9,9.jpg,9m.jpg,clean_negative/clean_9_35.jpg,clean_negative,720,48,256,256,256,1108,1476,,,,,sliding_window_clean,,,,,,9,9.jpg,validation,PASS,resolved,source-level only,clean-negative source split is traceable; defect-free status is not re-proven by this audit
9,9.jpg,9m.jpg,clean_negative/clean_9_36.jpg,clean_negative,768,48,256,256,256,1108,1476,,,,,sliding_window_clean,,,,,,9,9.jpg,validation,PASS,resolved,source-level only,clean-negative source split is traceable; defect-free status is not re-proven by this audit
9,9.jpg,9m.jpg,clean_negative/clean_9_37.jpg,clean_negative,816,48,256,256,256,1108,1476,,,,,sliding_window_clean,,,,,,9,9.jpg,validation,PASS,resolved,source-level only,clean-negative source split is traceable; defect-free status is not re-proven by this audit
9,9.jpg,9m.jpg,clean_negative/clean_9_38.jpg,clean_negative,852,48,256,256,256,1108,1476,,,,,sliding_window_clean,,,,,,9,9.jpg,validation,PASS,resolved,source-level only,clean-negative source split is traceable; defect-free status is not re-proven by this audit
9,9.jpg,9m.jpg,clean_negative/clean_9_39.jpg,clean_negative,0,96,256,256,256,1108,1476,,,,,sliding_window_clean,,,,,,9,9.jpg,validation,PASS,resolved,source-level only,clean-negative source split is traceable; defect-free status is not re-proven by this audit
9,9.jpg,9m.jpg,clean_negative/clean_9_40.jpg,clean_negative,48,96,256,256,256,1108,1476,,,,,sliding_window_clean,,,,,,9,9.jpg,validation,PASS,resolved,source-level only,clean-negative source split is traceable; defect-free status is not re-proven by this audit
9,9.jpg,9m.jpg,clean_negative/clean_9_41.jpg,clean_negative,96,96,256,256,256,1108,1476,,,,,sliding_window_clean,,,,,,9,9.jpg,validation,PASS,resolved,source-level only,clean-negative source split is traceable; defect-free status is not re-proven by this audit
9,9.jpg,9m.jpg,clean_negative/clean_9_42.jpg,clean_negative,144,96,256,256,256,1108,1476,,,,,sliding_window_clean,,,,,,9,9.jpg,validation,PASS,resolved,source-level only,clean-negative source split is traceable; defect-free status is not re-proven by this audit
9,9.jpg,9m.jpg,clean_negative/clean_9_43.jpg,clean_negative,192,96,256,256,256,1108,1476,,,,,sliding_window_clean,,,,,,9,9.jpg,validation,PASS,resolved,source-level only,clean-negative source split is traceable; defect-free status is not re-proven by this audit
9,9.jpg,9m.jpg,clean_negative/clean_9_44.jpg,clean_negative,240,96,256,256,256,1108,1476,,,,,sliding_window_clean,,,,,,9,9.jpg,validation,PASS,resolved,source-level only,clean-negative source split is traceable; defect-free status is not re-proven by this audit
9,9.jpg,9m.jpg,clean_negative/clean_9_45.jpg,clean_negative,288,96,256,256,256,1108,1476,,,,,sliding_window_clean,,,,,,9,9.jpg,validation,PASS,resolved,source-level only,clean-negative source split is traceable; defect-free status is not re-proven by this audit
9,9.jpg,9m.jpg,clean_negative/clean_9_46.jpg,clean_negative,336,96,256,256,256,1108,1476,,,,,sliding_window_clean,,,,,,9,9.jpg,validation,PASS,resolved,source-level only,clean-negative source split is traceable; defect-free status is not re-proven by this audit
9,9.jpg,9m.jpg,clean_negative/clean_9_47.jpg,clean_negative,384,96,256,256,256,1108,1476,,,,,sliding_window_clean,,,,,,9,9.jpg,validation,PASS,resolved,source-level only,clean-negative source split is traceable; defect-free status is not re-proven by this audit
9,9.jpg,9m.jpg,clean_negative/clean_9_48.jpg,clean_negative,432,96,256,256,256,1108,1476,,,,,sliding_window_clean,,,,,,9,9.jpg,validation,PASS,resolved,source-level only,clean-negative source split is traceable; defect-free status is not re-proven by this audit
9,9.jpg,9m.jpg,clean_negative/clean_9_49.jpg,clean_negative,480,96,256,256,256,1108,1476,,,,,sliding_window_clean,,,,,,9,9.jpg,validation,PASS,resolved,source-level only,clean-negative source split is traceable; defect-free status is not re-proven by this audit
9,9.jpg,9m.jpg,clean_negative/clean_9_50.jpg,clean_negative,528,96,256,256,256,1108,1476,,,,,sliding_window_clean,,,,,,9,9.jpg,validation,PASS,resolved,source-level only,clean-negative source split is traceable; defect-free status is not re-proven by this audit
9,9.jpg,9m.jpg,clean_negative/clean_9_51.jpg,clean_negative,576,96,256,256,256,1108,1476,,,,,sliding_window_clean,,,,,,9,9.jpg,validation,PASS,resolved,source-level only,clean-negative source split is traceable; defect-free status is not re-proven by this audit
9,9.jpg,9m.jpg,clean_negative/clean_9_52.jpg,clean_negative,624,96,256,256,256,1108,1476,,,,,sliding_window_clean,,,,,,9,9.jpg,validation,PASS,resolved,source-level only,clean-negative source split is traceable; defect-free status is not re-proven by this audit
9,9.jpg,9m.jpg,clean_negative/clean_9_53.jpg,clean_negative,672,96,256,256,256,1108,1476,,,,,sliding_window_clean,,,,,,9,9.jpg,validation,PASS,resolved,source-level only,clean-negative source split is traceable; defect-free status is not re-proven by this audit
9,9.jpg,9m.jpg,clean_negative/clean_9_54.jpg,clean_negative,720,96,256,256,256,1108,1476,,,,,sliding_window_clean,,,,,,9,9.jpg,validation,PASS,resolved,source-level only,clean-negative source split is traceable; defect-free status is not re-proven by this audit
9,9.jpg,9m.jpg,clean_negative/clean_9_55.jpg,clean_negative,768,96,256,256,256,1108,1476,,,,,sliding_window_clean,,,,,,9,9.jpg,validation,PASS,resolved,source-level only,clean-negative source split is traceable; defect-free status is not re-proven by this audit
9,9.jpg,9m.jpg,clean_negative/clean_9_56.jpg,clean_negative,816,96,256,256,256,1108,1476,,,,,sliding_window_clean,,,,,,9,9.jpg,validation,PASS,resolved,source-level only,clean-negative source split is traceable; defect-free status is not re-proven by this audit
9,9.jpg,9m.jpg,clean_negative/clean_9_57.jpg,clean_negative,852,96,256,256,256,1108,1476,,,,,sliding_window_clean,,,,,,9,9.jpg,validation,PASS,resolved,source-level only,clean-negative source split is traceable; defect-free status is not re-proven by this audit
9,9.jpg,9m.jpg,clean_negative/clean_9_58.jpg,clean_negative,0,144,256,256,256,1108,1476,,,,,sliding_window_clean,,,,,,9,9.jpg,validation,PASS,resolved,source-level only,clean-negative source split is traceable; defect-free status is not re-proven by this audit
9,9.jpg,9m.jpg,clean_negative/clean_9_59.jpg,clean_negative,48,144,256,256,256,1108,1476,,,,,sliding_window_clean,,,,,,9,9.jpg,validation,PASS,resolved,source-level only,clean-negative source split is traceable; defect-free status is not re-proven by this audit
9,9.jpg,9m.jpg,clean_negative/clean_9_60.jpg,clean_negative,96,144,256,256,256,1108,1476,,,,,sliding_window_clean,,,,,,9,9.jpg,validation,PASS,resolved,source-level only,clean-negative source split is traceable; defect-free status is not re-proven by this audit
9,9.jpg,9m.jpg,clean_negative/clean_9_61.jpg,clean_negative,144,144,256,256,256,1108,1476,,,,,sliding_window_clean,,,,,,9,9.jpg,validation,PASS,resolved,source-level only,clean-negative source split is traceable; defect-free status is not re-proven by this audit
9,9.jpg,9m.jpg,clean_negative/clean_9_62.jpg,clean_negative,192,144,256,256,256,1108,1476,,,,,sliding_window_clean,,,,,,9,9.jpg,validation,PASS,resolved,source-level only,clean-negative source split is traceable; defect-free status is not re-proven by this audit
9,9.jpg,9m.jpg,clean_negative/clean_9_63.jpg,clean_negative,240,144,256,256,256,1108,1476,,,,,sliding_window_clean,,,,,,9,9.jpg,validation,PASS,resolved,source-level only,clean-negative source split is traceable; defect-free status is not re-proven by this audit
9,9.jpg,9m.jpg,clean_negative/clean_9_64.jpg,clean_negative,288,144,256,256,256,1108,1476,,,,,sliding_window_clean,,,,,,9,9.jpg,validation,PASS,resolved,source-level only,clean-negative source split is traceable; defect-free status is not re-proven by this audit
9,9.jpg,9m.jpg,clean_negative/clean_9_65.jpg,clean_negative,336,144,256,256,256,1108,1476,,,,,sliding_window_clean,,,,,,9,9.jpg,validation,PASS,resolved,source-level only,clean-negative source split is traceable; defect-free status is not re-proven by this audit
9,9.jpg,9m.jpg,clean_negative/clean_9_66.jpg,clean_negative,384,144,256,256,256,1108,1476,,,,,sliding_window_clean,,,,,,9,9.jpg,validation,PASS,resolved,source-level only,clean-negative source split is traceable; defect-free status is not re-proven by this audit
9,9.jpg,9m.jpg,clean_negative/clean_9_67.jpg,clean_negative,432,144,256,256,256,1108,1476,,,,,sliding_window_clean,,,,,,9,9.jpg,validation,PASS,resolved,source-level only,clean-negative source split is traceable; defect-free status is not re-proven by this audit
9,9.jpg,9m.jpg,clean_negative/clean_9_68.jpg,clean_negative,480,144,256,256,256,1108,1476,,,,,sliding_window_clean,,,,,,9,9.jpg,validation,PASS,resolved,source-level only,clean-negative source split is traceable; defect-free status is not re-proven by this audit
9,9.jpg,9m.jpg,clean_negative/clean_9_69.jpg,clean_negative,528,144,256,256,256,1108,1476,,,,,sliding_window_clean,,,,,,9,9.jpg,validation,PASS,resolved,source-level only,clean-negative source split is traceable; defect-free status is not re-proven by this audit
9,9.jpg,9m.jpg,clean_negative/clean_9_70.jpg,clean_negative,576,144,256,256,256,1108,1476,,,,,sliding_window_clean,,,,,,9,9.jpg,validation,PASS,resolved,source-level only,clean-negative source split is traceable; defect-free status is not re-proven by this audit
9,9.jpg,9m.jpg,clean_negative/clean_9_71.jpg,clean_negative,624,144,256,256,256,1108,1476,,,,,sliding_window_clean,,,,,,9,9.jpg,validation,PASS,resolved,source-level only,clean-negative source split is traceable; defect-free status is not re-proven by this audit
9,9.jpg,9m.jpg,clean_negative/clean_9_72.jpg,clean_negative,672,144,256,256,256,1108,1476,,,,,sliding_window_clean,,,,,,9,9.jpg,validation,PASS,resolved,source-level only,clean-negative source split is traceable; defect-free status is not re-proven by this audit
9,9.jpg,9m.jpg,clean_negative/clean_9_73.jpg,clean_negative,720,144,256,256,256,1108,1476,,,,,sliding_window_clean,,,,,,9,9.jpg,validation,PASS,resolved,source-level only,clean-negative source split is traceable; defect-free status is not re-proven by this audit
9,9.jpg,9m.jpg,clean_negative/clean_9_74.jpg,clean_negative,768,144,256,256,256,1108,1476,,,,,sliding_window_clean,,,,,,9,9.jpg,validation,PASS,resolved,source-level only,clean-negative source split is traceable; defect-free status is not re-proven by this audit
9,9.jpg,9m.jpg,clean_negative/clean_9_75.jpg,clean_negative,816,144,256,256,256,1108,1476,,,,,sliding_window_clean,,,,,,9,9.jpg,validation,PASS,resolved,source-level only,clean-negative source split is traceable; defect-free status is not re-proven by this audit
9,9.jpg,9m.jpg,clean_negative/clean_9_76.jpg,clean_negative,852,144,256,256,256,1108,1476,,,,,sliding_window_clean,,,,,,9,9.jpg,validation,PASS,resolved,source-level only,clean-negative source split is traceable; defect-free status is not re-proven by this audit
9,9.jpg,9m.jpg,clean_negative/clean_9_77.jpg,clean_negative,363,185,256,256,256,1108,1476,,,,,sliding_window_clean,,,,,,9,9.jpg,validation,PASS,resolved,source-level only,clean-negative source split is traceable; defect-free status is not re-proven by this audit
9,9.jpg,9m.jpg,clean_negative/clean_9_78.jpg,clean_negative,361,191,256,256,256,1108,1476,,,,,sliding_window_clean,,,,,,9,9.jpg,validation,PASS,resolved,source-level only,clean-negative source split is traceable; defect-free status is not re-proven by this audit
9,9.jpg,9m.jpg,clean_negative/clean_9_79.jpg,clean_negative,0,192,256,256,256,1108,1476,,,,,sliding_window_clean,,,,,,9,9.jpg,validation,PASS,resolved,source-level only,clean-negative source split is traceable; defect-free status is not re-proven by this audit
9,9.jpg,9m.jpg,clean_negative/clean_9_80.jpg,clean_negative,48,192,256,256,256,1108,1476,,,,,sliding_window_clean,,,,,,9,9.jpg,validation,PASS,resolved,source-level only,clean-negative source split is traceable; defect-free status is not re-proven by this audit
9,9.jpg,9m.jpg,clean_negative/clean_9_81.jpg,clean_negative,96,192,256,256,256,1108,1476,,,,,sliding_window_clean,,,,,,9,9.jpg,validation,PASS,resolved,source-level only,clean-negative source split is traceable; defect-free status is not re-proven by this audit
9,9.jpg,9m.jpg,clean_negative/clean_9_82.jpg,clean_negative,144,192,256,256,256,1108,1476,,,,,sliding_window_clean,,,,,,9,9.jpg,validation,PASS,resolved,source-level only,clean-negative source split is traceable; defect-free status is not re-proven by this audit
9,9.jpg,9m.jpg,clean_negative/clean_9_83.jpg,clean_negative,192,192,256,256,256,1108,1476,,,,,sliding_window_clean,,,,,,9,9.jpg,validation,PASS,resolved,source-level only,clean-negative source split is traceable; defect-free status is not re-proven by this audit
9,9.jpg,9m.jpg,clean_negative/clean_9_84.jpg,clean_negative,240,192,256,256,256,1108,1476,,,,,sliding_window_clean,,,,,,9,9.jpg,validation,PASS,resolved,source-level only,clean-negative source split is traceable; defect-free status is not re-proven by this audit
9,9.jpg,9m.jpg,clean_negative/clean_9_85.jpg,clean_negative,288,192,256,256,256,1108,1476,,,,,sliding_window_clean,,,,,,9,9.jpg,validation,PASS,resolved,source-level only,clean-negative source split is traceable; defect-free status is not re-proven by this audit
9,9.jpg,9m.jpg,clean_negative/clean_9_86.jpg,clean_negative,336,192,256,256,256,1108,1476,,,,,sliding_window_clean,,,,,,9,9.jpg,validation,PASS,resolved,source-level only,clean-negative source split is traceable; defect-free status is not re-proven by this audit
9,9.jpg,9m.jpg,clean_negative/clean_9_87.jpg,clean_negative,360,192,256,256,256,1108,1476,,,,,sliding_window_clean,,,,,,9,9.jpg,validation,PASS,resolved,source-level only,clean-negative source split is traceable; defect-free status is not re-proven by this audit
9,9.jpg,9m.jpg,clean_negative/clean_9_88.jpg,clean_negative,713,192,256,256,256,1108,1476,,,,,sliding_window_clean,,,,,,9,9.jpg,validation,PASS,resolved,source-level only,clean-negative source split is traceable; defect-free status is not re-proven by this audit
9,9.jpg,9m.jpg,clean_negative/clean_9_89.jpg,clean_negative,720,192,256,256,256,1108,1476,,,,,sliding_window_clean,,,,,,9,9.jpg,validation,PASS,resolved,source-level only,clean-negative source split is traceable; defect-free status is not re-proven by this audit
9,9.jpg,9m.jpg,clean_negative/clean_9_90.jpg,clean_negative,768,192,256,256,256,1108,1476,,,,,sliding_window_clean,,,,,,9,9.jpg,validation,PASS,resolved,source-level only,clean-negative source split is traceable; defect-free status is not re-proven by this audit
9,9.jpg,9m.jpg,clean_negative/clean_9_91.jpg,clean_negative,816,192,256,256,256,1108,1476,,,,,sliding_window_clean,,,,,,9,9.jpg,validation,PASS,resolved,source-level only,clean-negative source split is traceable; defect-free status is not re-proven by this audit
9,9.jpg,9m.jpg,clean_negative/clean_9_92.jpg,clean_negative,852,192,256,256,256,1108,1476,,,,,sliding_window_clean,,,,,,9,9.jpg,validation,PASS,resolved,source-level only,clean-negative source split is traceable; defect-free status is not re-proven by this audit
9,9.jpg,9m.jpg,clean_negative/clean_9_93.jpg,clean_negative,144,206,256,256,256,1108,1476,,,,,sliding_window_clean,,,,,,9,9.jpg,validation,PASS,resolved,source-level only,clean-negative source split is traceable; defect-free status is not re-proven by this audit
9,9.jpg,9m.jpg,clean_negative/clean_9_94.jpg,clean_negative,192,206,256,256,256,1108,1476,,,,,sliding_window_clean,,,,,,9,9.jpg,validation,PASS,resolved,source-level only,clean-negative source split is traceable; defect-free status is not re-proven by this audit
9,9.jpg,9m.jpg,clean_negative/clean_9_95.jpg,clean_negative,240,206,256,256,256,1108,1476,,,,,sliding_window_clean,,,,,,9,9.jpg,validation,PASS,resolved,source-level only,clean-negative source split is traceable; defect-free status is not re-proven by this audit
9,9.jpg,9m.jpg,clean_negative/clean_9_96.jpg,clean_negative,288,206,256,256,256,1108,1476,,,,,sliding_window_clean,,,,,,9,9.jpg,validation,PASS,resolved,source-level only,clean-negative source split is traceable; defect-free status is not re-proven by this audit
9,9.jpg,9m.jpg,clean_negative/clean_9_97.jpg,clean_negative,308,206,256,256,256,1108,1476,,,,,sliding_window_clean,,,,,,9,9.jpg,validation,PASS,resolved,source-level only,clean-negative source split is traceable; defect-free status is not re-proven by this audit
9,9.jpg,9m.jpg,clean_negative/clean_9_98.jpg,clean_negative,83,232,256,256,256,1108,1476,,,,,sliding_window_clean,,,,,,9,9.jpg,validation,PASS,resolved,source-level only,clean-negative source split is traceable; defect-free status is not re-proven by this audit
9,9.jpg,9m.jpg,clean_negative/clean_9_99.jpg,clean_negative,0,240,256,256,256,1108,1476,,,,,sliding_window_clean,,,,,,9,9.jpg,validation,PASS,resolved,source-level only,clean-negative source split is traceable; defect-free status is not re-proven by this audit
9,9.jpg,9m.jpg,clean_negative/clean_9_100.jpg,clean_negative,48,240,256,256,256,1108,1476,,,,,sliding_window_clean,,,,,,9,9.jpg,validation,PASS,resolved,source-level only,clean-negative source split is traceable; defect-free status is not re-proven by this audit
9,9.jpg,9m.jpg,clean_negative/clean_9_101.jpg,clean_negative,713,240,256,256,256,1108,1476,,,,,sliding_window_clean,,,,,,9,9.jpg,validation,PASS,resolved,source-level only,clean-negative source split is traceable; defect-free status is not re-proven by this audit
9,9.jpg,9m.jpg,clean_negative/clean_9_102.jpg,clean_negative,720,240,256,256,256,1108,1476,,,,,sliding_window_clean,,,,,,9,9.jpg,validation,PASS,resolved,source-level only,clean-negative source split is traceable; defect-free status is not re-proven by this audit
9,9.jpg,9m.jpg,clean_negative/clean_9_103.jpg,clean_negative,768,240,256,256,256,1108,1476,,,,,sliding_window_clean,,,,,,9,9.jpg,validation,PASS,resolved,source-level only,clean-negative source split is traceable; defect-free status is not re-proven by this audit
9,9.jpg,9m.jpg,clean_negative/clean_9_104.jpg,clean_negative,816,240,256,256,256,1108,1476,,,,,sliding_window_clean,,,,,,9,9.jpg,validation,PASS,resolved,source-level only,clean-negative source split is traceable; defect-free status is not re-proven by this audit
9,9.jpg,9m.jpg,clean_negative/clean_9_105.jpg,clean_negative,852,240,256,256,256,1108,1476,,,,,sliding_window_clean,,,,,,9,9.jpg,validation,PASS,resolved,source-level only,clean-negative source split is traceable; defect-free status is not re-proven by this audit
9,9.jpg,9m.jpg,clean_negative/clean_9_106.jpg,clean_negative,73,253,256,256,256,1108,1476,,,,,sliding_window_clean,,,,,,9,9.jpg,validation,PASS,resolved,source-level only,clean-negative source split is traceable; defect-free status is not re-proven by this audit
9,9.jpg,9m.jpg,clean_negative/clean_9_107.jpg,clean_negative,713,253,256,256,256,1108,1476,,,,,sliding_window_clean,,,,,,9,9.jpg,validation,PASS,resolved,source-level only,clean-negative source split is traceable; defect-free status is not re-proven by this audit
9,9.jpg,9m.jpg,clean_negative/clean_9_108.jpg,clean_negative,720,253,256,256,256,1108,1476,,,,,sliding_window_clean,,,,,,9,9.jpg,validation,PASS,resolved,source-level only,clean-negative source split is traceable; defect-free status is not re-proven by this audit
9,9.jpg,9m.jpg,clean_negative/clean_9_109.jpg,clean_negative,768,253,256,256,256,1108,1476,,,,,sliding_window_clean,,,,,,9,9.jpg,validation,PASS,resolved,source-level only,clean-negative source split is traceable; defect-free status is not re-proven by this audit
9,9.jpg,9m.jpg,clean_negative/clean_9_110.jpg,clean_negative,26,266,256,256,256,1108,1476,,,,,sliding_window_clean,,,,,,9,9.jpg,validation,PASS,resolved,source-level only,clean-negative source split is traceable; defect-free status is not re-proven by this audit
9,9.jpg,9m.jpg,clean_negative/clean_9_111.jpg,clean_negative,832,281,256,256,256,1108,1476,,,,,sliding_window_clean,,,,,,9,9.jpg,validation,PASS,resolved,source-level only,clean-negative source split is traceable; defect-free status is not re-proven by this audit
9,9.jpg,9m.jpg,clean_negative/clean_9_112.jpg,clean_negative,0,288,256,256,256,1108,1476,,,,,sliding_window_clean,,,,,,9,9.jpg,validation,PASS,resolved,source-level only,clean-negative source split is traceable; defect-free status is not re-proven by this audit
9,9.jpg,9m.jpg,clean_negative/clean_9_113.jpg,clean_negative,852,288,256,256,256,1108,1476,,,,,sliding_window_clean,,,,,,9,9.jpg,validation,PASS,resolved,source-level only,clean-negative source split is traceable; defect-free status is not re-proven by this audit
9,9.jpg,9m.jpg,clean_negative/clean_9_114.jpg,clean_negative,0,336,256,256,256,1108,1476,,,,,sliding_window_clean,,,,,,9,9.jpg,validation,PASS,resolved,source-level only,clean-negative source split is traceable; defect-free status is not re-proven by this audit
9,9.jpg,9m.jpg,clean_negative/clean_9_115.jpg,clean_negative,10,336,256,256,256,1108,1476,,,,,sliding_window_clean,,,,,,9,9.jpg,validation,PASS,resolved,source-level only,clean-negative source split is traceable; defect-free status is not re-proven by this audit
9,9.jpg,9m.jpg,clean_negative/clean_9_116.jpg,clean_negative,834,336,256,256,256,1108,1476,,,,,sliding_window_clean,,,,,,9,9.jpg,validation,PASS,resolved,source-level only,clean-negative source split is traceable; defect-free status is not re-proven by this audit
9,9.jpg,9m.jpg,clean_negative/clean_9_117.jpg,clean_negative,852,336,256,256,256,1108,1476,,,,,sliding_window_clean,,,,,,9,9.jpg,validation,PASS,resolved,source-level only,clean-negative source split is traceable; defect-free status is not re-proven by this audit
9,9.jpg,9m.jpg,clean_negative/clean_9_118.jpg,clean_negative,834,338,256,256,256,1108,1476,,,,,sliding_window_clean,,,,,,9,9.jpg,validation,PASS,resolved,source-level only,clean-negative source split is traceable; defect-free status is not re-proven by this audit
9,9.jpg,9m.jpg,clean_negative/clean_9_119.jpg,clean_negative,852,338,256,256,256,1108,1476,,,,,sliding_window_clean,,,,,,9,9.jpg,validation,PASS,resolved,source-level only,clean-negative source split is traceable; defect-free status is not re-proven by this audit
9,9.jpg,9m.jpg,clean_negative/clean_9_120.jpg,clean_negative,0,384,256,256,256,1108,1476,,,,,sliding_window_clean,,,,,,9,9.jpg,validation,PASS,resolved,source-level only,clean-negative source split is traceable; defect-free status is not re-proven by this audit
9,9.jpg,9m.jpg,clean_negative/clean_9_121.jpg,clean_negative,10,384,256,256,256,1108,1476,,,,,sliding_window_clean,,,,,,9,9.jpg,validation,PASS,resolved,source-level only,clean-negative source split is traceable; defect-free status is not re-proven by this audit
9,9.jpg,9m.jpg,clean_negative/clean_9_122.jpg,clean_negative,0,432,256,256,256,1108,1476,,,,,sliding_window_clean,,,,,,9,9.jpg,validation,PASS,resolved,source-level only,clean-negative source split is traceable; defect-free status is not re-proven by this audit
9,9.jpg,9m.jpg,clean_negative/clean_9_123.jpg,clean_negative,10,432,256,256,256,1108,1476,,,,,sliding_window_clean,,,,,,9,9.jpg,validation,PASS,resolved,source-level only,clean-negative source split is traceable; defect-free status is not re-proven by this audit
9,9.jpg,9m.jpg,clean_negative/clean_9_124.jpg,clean_negative,0,480,256,256,256,1108,1476,,,,,sliding_window_clean,,,,,,9,9.jpg,validation,PASS,resolved,source-level only,clean-negative source split is traceable; defect-free status is not re-proven by this audit
9,9.jpg,9m.jpg,clean_negative/clean_9_125.jpg,clean_negative,10,480,256,256,256,1108,1476,,,,,sliding_window_clean,,,,,,9,9.jpg,validation,PASS,resolved,source-level only,clean-negative source split is traceable; defect-free status is not re-proven by this audit
9,9.jpg,9m.jpg,clean_negative/clean_9_126.jpg,clean_negative,0,851,256,256,256,1108,1476,,,,,sliding_window_clean,,,,,,9,9.jpg,validation,PASS,resolved,source-level only,clean-negative source split is traceable; defect-free status is not re-proven by this audit
9,9.jpg,9m.jpg,clean_negative/clean_9_127.jpg,clean_negative,48,851,256,256,256,1108,1476,,,,,sliding_window_clean,,,,,,9,9.jpg,validation,PASS,resolved,source-level only,clean-negative source split is traceable; defect-free status is not re-proven by this audit
9,9.jpg,9m.jpg,clean_negative/clean_9_128.jpg,clean_negative,96,851,256,256,256,1108,1476,,,,,sliding_window_clean,,,,,,9,9.jpg,validation,PASS,resolved,source-level only,clean-negative source split is traceable; defect-free status is not re-proven by this audit
9,9.jpg,9m.jpg,clean_negative/clean_9_129.jpg,clean_negative,140,883,256,256,256,1108,1476,,,,,sliding_window_clean,,,,,,9,9.jpg,validation,PASS,resolved,source-level only,clean-negative source split is traceable; defect-free status is not re-proven by this audit
9,9.jpg,9m.jpg,clean_negative/clean_9_130.jpg,clean_negative,180,885,256,256,256,1108,1476,,,,,sliding_window_clean,,,,,,9,9.jpg,validation,PASS,resolved,source-level only,clean-negative source split is traceable; defect-free status is not re-proven by this audit
9,9.jpg,9m.jpg,clean_negative/clean_9_131.jpg,clean_negative,571,891,256,256,256,1108,1476,,,,,sliding_window_clean,,,,,,9,9.jpg,validation,PASS,resolved,source-level only,clean-negative source split is traceable; defect-free status is not re-proven by this audit
9,9.jpg,9m.jpg,clean_negative/clean_9_132.jpg,clean_negative,0,899,256,256,256,1108,1476,,,,,sliding_window_clean,,,,,,9,9.jpg,validation,PASS,resolved,source-level only,clean-negative source split is traceable; defect-free status is not re-proven by this audit
9,9.jpg,9m.jpg,clean_negative/clean_9_133.jpg,clean_negative,48,899,256,256,256,1108,1476,,,,,sliding_window_clean,,,,,,9,9.jpg,validation,PASS,resolved,source-level only,clean-negative source split is traceable; defect-free status is not re-proven by this audit
9,9.jpg,9m.jpg,clean_negative/clean_9_134.jpg,clean_negative,96,899,256,256,256,1108,1476,,,,,sliding_window_clean,,,,,,9,9.jpg,validation,PASS,resolved,source-level only,clean-negative source split is traceable; defect-free status is not re-proven by this audit
9,9.jpg,9m.jpg,clean_negative/clean_9_135.jpg,clean_negative,144,899,256,256,256,1108,1476,,,,,sliding_window_clean,,,,,,9,9.jpg,validation,PASS,resolved,source-level only,clean-negative source split is traceable; defect-free status is not re-proven by this audit
9,9.jpg,9m.jpg,clean_negative/clean_9_136.jpg,clean_negative,180,899,256,256,256,1108,1476,,,,,sliding_window_clean,,,,,,9,9.jpg,validation,PASS,resolved,source-level only,clean-negative source split is traceable; defect-free status is not re-proven by this audit
9,9.jpg,9m.jpg,clean_negative/clean_9_137.jpg,clean_negative,571,899,256,256,256,1108,1476,,,,,sliding_window_clean,,,,,,9,9.jpg,validation,PASS,resolved,source-level only,clean-negative source split is traceable; defect-free status is not re-proven by this audit
9,9.jpg,9m.jpg,clean_negative/clean_9_138.jpg,clean_negative,573,901,256,256,256,1108,1476,,,,,sliding_window_clean,,,,,,9,9.jpg,validation,PASS,resolved,source-level only,clean-negative source split is traceable; defect-free status is not re-proven by this audit
9,9.jpg,9m.jpg,clean_negative/clean_9_139.jpg,clean_negative,600,937,256,256,256,1108,1476,,,,,sliding_window_clean,,,,,,9,9.jpg,validation,PASS,resolved,source-level only,clean-negative source split is traceable; defect-free status is not re-proven by this audit
9,9.jpg,9m.jpg,clean_negative/clean_9_140.jpg,clean_negative,0,947,256,256,256,1108,1476,,,,,sliding_window_clean,,,,,,9,9.jpg,validation,PASS,resolved,source-level only,clean-negative source split is traceable; defect-free status is not re-proven by this audit
9,9.jpg,9m.jpg,clean_negative/clean_9_141.jpg,clean_negative,48,947,256,256,256,1108,1476,,,,,sliding_window_clean,,,,,,9,9.jpg,validation,PASS,resolved,source-level only,clean-negative source split is traceable; defect-free status is not re-proven by this audit
9,9.jpg,9m.jpg,clean_negative/clean_9_142.jpg,clean_negative,96,947,256,256,256,1108,1476,,,,,sliding_window_clean,,,,,,9,9.jpg,validation,PASS,resolved,source-level only,clean-negative source split is traceable; defect-free status is not re-proven by this audit
9,9.jpg,9m.jpg,clean_negative/clean_9_143.jpg,clean_negative,144,947,256,256,256,1108,1476,,,,,sliding_window_clean,,,,,,9,9.jpg,validation,PASS,resolved,source-level only,clean-negative source split is traceable; defect-free status is not re-proven by this audit
9,9.jpg,9m.jpg,clean_negative/clean_9_144.jpg,clean_negative,180,947,256,256,256,1108,1476,,,,,sliding_window_clean,,,,,,9,9.jpg,validation,PASS,resolved,source-level only,clean-negative source split is traceable; defect-free status is not re-proven by this audit
9,9.jpg,9m.jpg,clean_negative/clean_9_145.jpg,clean_negative,571,947,256,256,256,1108,1476,,,,,sliding_window_clean,,,,,,9,9.jpg,validation,PASS,resolved,source-level only,clean-negative source split is traceable; defect-free status is not re-proven by this audit
9,9.jpg,9m.jpg,clean_negative/clean_9_146.jpg,clean_negative,576,947,256,256,256,1108,1476,,,,,sliding_window_clean,,,,,,9,9.jpg,validation,PASS,resolved,source-level only,clean-negative source split is traceable; defect-free status is not re-proven by this audit
9,9.jpg,9m.jpg,clean_negative/clean_9_147.jpg,clean_negative,624,947,256,256,256,1108,1476,,,,,sliding_window_clean,,,,,,9,9.jpg,validation,PASS,resolved,source-level only,clean-negative source split is traceable; defect-free status is not re-proven by this audit
9,9.jpg,9m.jpg,clean_negative/clean_9_148.jpg,clean_negative,672,948,256,256,256,1108,1476,,,,,sliding_window_clean,,,,,,9,9.jpg,validation,PASS,resolved,source-level only,clean-negative source split is traceable; defect-free status is not re-proven by this audit
9,9.jpg,9m.jpg,clean_negative/clean_9_149.jpg,clean_negative,720,948,256,256,256,1108,1476,,,,,sliding_window_clean,,,,,,9,9.jpg,validation,PASS,resolved,source-level only,clean-negative source split is traceable; defect-free status is not re-proven by this audit
9,9.jpg,9m.jpg,clean_negative/clean_9_150.jpg,clean_negative,768,948,256,256,256,1108,1476,,,,,sliding_window_clean,,,,,,9,9.jpg,validation,PASS,resolved,source-level only,clean-negative source split is traceable; defect-free status is not re-proven by this audit
9,9.jpg,9m.jpg,clean_negative/clean_9_151.jpg,clean_negative,782,948,256,256,256,1108,1476,,,,,sliding_window_clean,,,,,,9,9.jpg,validation,PASS,resolved,source-level only,clean-negative source split is traceable; defect-free status is not re-proven by this audit
9,9.jpg,9m.jpg,clean_negative/clean_9_152.jpg,clean_negative,0,995,256,256,256,1108,1476,,,,,sliding_window_clean,,,,,,9,9.jpg,validation,PASS,resolved,source-level only,clean-negative source split is traceable; defect-free status is not re-proven by this audit
9,9.jpg,9m.jpg,clean_negative/clean_9_153.jpg,clean_negative,48,995,256,256,256,1108,1476,,,,,sliding_window_clean,,,,,,9,9.jpg,validation,PASS,resolved,source-level only,clean-negative source split is traceable; defect-free status is not re-proven by this audit
9,9.jpg,9m.jpg,clean_negative/clean_9_154.jpg,clean_negative,96,995,256,256,256,1108,1476,,,,,sliding_window_clean,,,,,,9,9.jpg,validation,PASS,resolved,source-level only,clean-negative source split is traceable; defect-free status is not re-proven by this audit
9,9.jpg,9m.jpg,clean_negative/clean_9_155.jpg,clean_negative,144,995,256,256,256,1108,1476,,,,,sliding_window_clean,,,,,,9,9.jpg,validation,PASS,resolved,source-level only,clean-negative source split is traceable; defect-free status is not re-proven by this audit
9,9.jpg,9m.jpg,clean_negative/clean_9_156.jpg,clean_negative,180,995,256,256,256,1108,1476,,,,,sliding_window_clean,,,,,,9,9.jpg,validation,PASS,resolved,source-level only,clean-negative source split is traceable; defect-free status is not re-proven by this audit
9,9.jpg,9m.jpg,clean_negative/clean_9_157.jpg,clean_negative,571,995,256,256,256,1108,1476,,,,,sliding_window_clean,,,,,,9,9.jpg,validation,PASS,resolved,source-level only,clean-negative source split is traceable; defect-free status is not re-proven by this audit
9,9.jpg,9m.jpg,clean_negative/clean_9_158.jpg,clean_negative,576,995,256,256,256,1108,1476,,,,,sliding_window_clean,,,,,,9,9.jpg,validation,PASS,resolved,source-level only,clean-negative source split is traceable; defect-free status is not re-proven by this audit
9,9.jpg,9m.jpg,clean_negative/clean_9_159.jpg,clean_negative,624,995,256,256,256,1108,1476,,,,,sliding_window_clean,,,,,,9,9.jpg,validation,PASS,resolved,source-level only,clean-negative source split is traceable; defect-free status is not re-proven by this audit
9,9.jpg,9m.jpg,clean_negative/clean_9_160.jpg,clean_negative,672,995,256,256,256,1108,1476,,,,,sliding_window_clean,,,,,,9,9.jpg,validation,PASS,resolved,source-level only,clean-negative source split is traceable; defect-free status is not re-proven by this audit
9,9.jpg,9m.jpg,clean_negative/clean_9_161.jpg,clean_negative,720,995,256,256,256,1108,1476,,,,,sliding_window_clean,,,,,,9,9.jpg,validation,PASS,resolved,source-level only,clean-negative source split is traceable; defect-free status is not re-proven by this audit
9,9.jpg,9m.jpg,clean_negative/clean_9_162.jpg,clean_negative,768,995,256,256,256,1108,1476,,,,,sliding_window_clean,,,,,,9,9.jpg,validation,PASS,resolved,source-level only,clean-negative source split is traceable; defect-free status is not re-proven by this audit
9,9.jpg,9m.jpg,clean_negative/clean_9_163.jpg,clean_negative,782,995,256,256,256,1108,1476,,,,,sliding_window_clean,,,,,,9,9.jpg,validation,PASS,resolved,source-level only,clean-negative source split is traceable; defect-free status is not re-proven by this audit
9,9.jpg,9m.jpg,clean_negative/clean_9_164.jpg,clean_negative,852,1037,256,256,256,1108,1476,,,,,sliding_window_clean,,,,,,9,9.jpg,validation,PASS,resolved,source-level only,clean-negative source split is traceable; defect-free status is not re-proven by this audit
9,9.jpg,9m.jpg,clean_negative/clean_9_165.jpg,clean_negative,0,1043,256,256,256,1108,1476,,,,,sliding_window_clean,,,,,,9,9.jpg,validation,PASS,resolved,source-level only,clean-negative source split is traceable; defect-free status is not re-proven by this audit
9,9.jpg,9m.jpg,clean_negative/clean_9_166.jpg,clean_negative,48,1043,256,256,256,1108,1476,,,,,sliding_window_clean,,,,,,9,9.jpg,validation,PASS,resolved,source-level only,clean-negative source split is traceable; defect-free status is not re-proven by this audit
9,9.jpg,9m.jpg,clean_negative/clean_9_167.jpg,clean_negative,96,1043,256,256,256,1108,1476,,,,,sliding_window_clean,,,,,,9,9.jpg,validation,PASS,resolved,source-level only,clean-negative source split is traceable; defect-free status is not re-proven by this audit
9,9.jpg,9m.jpg,clean_negative/clean_9_168.jpg,clean_negative,144,1043,256,256,256,1108,1476,,,,,sliding_window_clean,,,,,,9,9.jpg,validation,PASS,resolved,source-level only,clean-negative source split is traceable; defect-free status is not re-proven by this audit
9,9.jpg,9m.jpg,clean_negative/clean_9_169.jpg,clean_negative,180,1043,256,256,256,1108,1476,,,,,sliding_window_clean,,,,,,9,9.jpg,validation,PASS,resolved,source-level only,clean-negative source split is traceable; defect-free status is not re-proven by this audit
9,9.jpg,9m.jpg,clean_negative/clean_9_170.jpg,clean_negative,576,1043,256,256,256,1108,1476,,,,,sliding_window_clean,,,,,,9,9.jpg,validation,PASS,resolved,source-level only,clean-negative source split is traceable; defect-free status is not re-proven by this audit
9,9.jpg,9m.jpg,clean_negative/clean_9_171.jpg,clean_negative,624,1043,256,256,256,1108,1476,,,,,sliding_window_clean,,,,,,9,9.jpg,validation,PASS,resolved,source-level only,clean-negative source split is traceable; defect-free status is not re-proven by this audit
9,9.jpg,9m.jpg,clean_negative/clean_9_172.jpg,clean_negative,672,1043,256,256,256,1108,1476,,,,,sliding_window_clean,,,,,,9,9.jpg,validation,PASS,resolved,source-level only,clean-negative source split is traceable; defect-free status is not re-proven by this audit
9,9.jpg,9m.jpg,clean_negative/clean_9_173.jpg,clean_negative,720,1043,256,256,256,1108,1476,,,,,sliding_window_clean,,,,,,9,9.jpg,validation,PASS,resolved,source-level only,clean-negative source split is traceable; defect-free status is not re-proven by this audit
9,9.jpg,9m.jpg,clean_negative/clean_9_174.jpg,clean_negative,768,1043,256,256,256,1108,1476,,,,,sliding_window_clean,,,,,,9,9.jpg,validation,PASS,resolved,source-level only,clean-negative source split is traceable; defect-free status is not re-proven by this audit
9,9.jpg,9m.jpg,clean_negative/clean_9_175.jpg,clean_negative,816,1043,256,256,256,1108,1476,,,,,sliding_window_clean,,,,,,9,9.jpg,validation,PASS,resolved,source-level only,clean-negative source split is traceable; defect-free status is not re-proven by this audit
9,9.jpg,9m.jpg,clean_negative/clean_9_176.jpg,clean_negative,852,1043,256,256,256,1108,1476,,,,,sliding_window_clean,,,,,,9,9.jpg,validation,PASS,resolved,source-level only,clean-negative source split is traceable; defect-free status is not re-proven by this audit
9,9.jpg,9m.jpg,clean_negative/clean_9_177.jpg,clean_negative,558,1062,256,256,256,1108,1476,,,,,sliding_window_clean,,,,,,9,9.jpg,validation,PASS,resolved,source-level only,clean-negative source split is traceable; defect-free status is not re-proven by this audit
9,9.jpg,9m.jpg,clean_negative/clean_9_178.jpg,clean_negative,0,1091,256,256,256,1108,1476,,,,,sliding_window_clean,,,,,,9,9.jpg,validation,PASS,resolved,source-level only,clean-negative source split is traceable; defect-free status is not re-proven by this audit
9,9.jpg,9m.jpg,clean_negative/clean_9_179.jpg,clean_negative,48,1091,256,256,256,1108,1476,,,,,sliding_window_clean,,,,,,9,9.jpg,validation,PASS,resolved,source-level only,clean-negative source split is traceable; defect-free status is not re-proven by this audit
9,9.jpg,9m.jpg,clean_negative/clean_9_180.jpg,clean_negative,96,1091,256,256,256,1108,1476,,,,,sliding_window_clean,,,,,,9,9.jpg,validation,PASS,resolved,source-level only,clean-negative source split is traceable; defect-free status is not re-proven by this audit
9,9.jpg,9m.jpg,clean_negative/clean_9_181.jpg,clean_negative,144,1091,256,256,256,1108,1476,,,,,sliding_window_clean,,,,,,9,9.jpg,validation,PASS,resolved,source-level only,clean-negative source split is traceable; defect-free status is not re-proven by this audit
9,9.jpg,9m.jpg,clean_negative/clean_9_182.jpg,clean_negative,191,1091,256,256,256,1108,1476,,,,,sliding_window_clean,,,,,,9,9.jpg,validation,PASS,resolved,source-level only,clean-negative source split is traceable; defect-free status is not re-proven by this audit
9,9.jpg,9m.jpg,clean_negative/clean_9_183.jpg,clean_negative,576,1091,256,256,256,1108,1476,,,,,sliding_window_clean,,,,,,9,9.jpg,validation,PASS,resolved,source-level only,clean-negative source split is traceable; defect-free status is not re-proven by this audit
9,9.jpg,9m.jpg,clean_negative/clean_9_184.jpg,clean_negative,624,1091,256,256,256,1108,1476,,,,,sliding_window_clean,,,,,,9,9.jpg,validation,PASS,resolved,source-level only,clean-negative source split is traceable; defect-free status is not re-proven by this audit
9,9.jpg,9m.jpg,clean_negative/clean_9_185.jpg,clean_negative,672,1091,256,256,256,1108,1476,,,,,sliding_window_clean,,,,,,9,9.jpg,validation,PASS,resolved,source-level only,clean-negative source split is traceable; defect-free status is not re-proven by this audit
9,9.jpg,9m.jpg,clean_negative/clean_9_186.jpg,clean_negative,720,1091,256,256,256,1108,1476,,,,,sliding_window_clean,,,,,,9,9.jpg,validation,PASS,resolved,source-level only,clean-negative source split is traceable; defect-free status is not re-proven by this audit
9,9.jpg,9m.jpg,clean_negative/clean_9_187.jpg,clean_negative,768,1091,256,256,256,1108,1476,,,,,sliding_window_clean,,,,,,9,9.jpg,validation,PASS,resolved,source-level only,clean-negative source split is traceable; defect-free status is not re-proven by this audit
9,9.jpg,9m.jpg,clean_negative/clean_9_188.jpg,clean_negative,816,1091,256,256,256,1108,1476,,,,,sliding_window_clean,,,,,,9,9.jpg,validation,PASS,resolved,source-level only,clean-negative source split is traceable; defect-free status is not re-proven by this audit
9,9.jpg,9m.jpg,clean_negative/clean_9_189.jpg,clean_negative,852,1091,256,256,256,1108,1476,,,,,sliding_window_clean,,,,,,9,9.jpg,validation,PASS,resolved,source-level only,clean-negative source split is traceable; defect-free status is not re-proven by this audit
9,9.jpg,9m.jpg,clean_negative/clean_9_190.jpg,clean_negative,531,1095,256,256,256,1108,1476,,,,,sliding_window_clean,,,,,,9,9.jpg,validation,PASS,resolved,source-level only,clean-negative source split is traceable; defect-free status is not re-proven by this audit
9,9.jpg,9m.jpg,clean_negative/clean_9_191.jpg,clean_negative,240,1112,256,256,256,1108,1476,,,,,sliding_window_clean,,,,,,9,9.jpg,validation,PASS,resolved,source-level only,clean-negative source split is traceable; defect-free status is not re-proven by this audit
9,9.jpg,9m.jpg,clean_negative/clean_9_192.jpg,clean_negative,288,1112,256,256,256,1108,1476,,,,,sliding_window_clean,,,,,,9,9.jpg,validation,PASS,resolved,source-level only,clean-negative source split is traceable; defect-free status is not re-proven by this audit
9,9.jpg,9m.jpg,clean_negative/clean_9_193.jpg,clean_negative,336,1112,256,256,256,1108,1476,,,,,sliding_window_clean,,,,,,9,9.jpg,validation,PASS,resolved,source-level only,clean-negative source split is traceable; defect-free status is not re-proven by this audit
9,9.jpg,9m.jpg,clean_negative/clean_9_194.jpg,clean_negative,384,1112,256,256,256,1108,1476,,,,,sliding_window_clean,,,,,,9,9.jpg,validation,PASS,resolved,source-level only,clean-negative source split is traceable; defect-free status is not re-proven by this audit
9,9.jpg,9m.jpg,clean_negative/clean_9_195.jpg,clean_negative,432,1112,256,256,256,1108,1476,,,,,sliding_window_clean,,,,,,9,9.jpg,validation,PASS,resolved,source-level only,clean-negative source split is traceable; defect-free status is not re-proven by this audit
9,9.jpg,9m.jpg,clean_negative/clean_9_196.jpg,clean_negative,480,1112,256,256,256,1108,1476,,,,,sliding_window_clean,,,,,,9,9.jpg,validation,PASS,resolved,source-level only,clean-negative source split is traceable; defect-free status is not re-proven by this audit
9,9.jpg,9m.jpg,clean_negative/clean_9_197.jpg,clean_negative,0,1139,256,256,256,1108,1476,,,,,sliding_window_clean,,,,,,9,9.jpg,validation,PASS,resolved,source-level only,clean-negative source split is traceable; defect-free status is not re-proven by this audit
9,9.jpg,9m.jpg,clean_negative/clean_9_198.jpg,clean_negative,48,1139,256,256,256,1108,1476,,,,,sliding_window_clean,,,,,,9,9.jpg,validation,PASS,resolved,source-level only,clean-negative source split is traceable; defect-free status is not re-proven by this audit
9,9.jpg,9m.jpg,clean_negative/clean_9_199.jpg,clean_negative,96,1139,256,256,256,1108,1476,,,,,sliding_window_clean,,,,,,9,9.jpg,validation,PASS,resolved,source-level only,clean-negative source split is traceable; defect-free status is not re-proven by this audit
9,9.jpg,9m.jpg,clean_negative/clean_9_200.jpg,clean_negative,144,1139,256,256,256,1108,1476,,,,,sliding_window_clean,,,,,,9,9.jpg,validation,PASS,resolved,source-level only,clean-negative source split is traceable; defect-free status is not re-proven by this audit
9,9.jpg,9m.jpg,clean_negative/clean_9_201.jpg,clean_negative,192,1139,256,256,256,1108,1476,,,,,sliding_window_clean,,,,,,9,9.jpg,validation,PASS,resolved,source-level only,clean-negative source split is traceable; defect-free status is not re-proven by this audit
9,9.jpg,9m.jpg,clean_negative/clean_9_202.jpg,clean_negative,240,1139,256,256,256,1108,1476,,,,,sliding_window_clean,,,,,,9,9.jpg,validation,PASS,resolved,source-level only,clean-negative source split is traceable; defect-free status is not re-proven by this audit
9,9.jpg,9m.jpg,clean_negative/clean_9_203.jpg,clean_negative,288,1139,256,256,256,1108,1476,,,,,sliding_window_clean,,,,,,9,9.jpg,validation,PASS,resolved,source-level only,clean-negative source split is traceable; defect-free status is not re-proven by this audit
9,9.jpg,9m.jpg,clean_negative/clean_9_204.jpg,clean_negative,336,1139,256,256,256,1108,1476,,,,,sliding_window_clean,,,,,,9,9.jpg,validation,PASS,resolved,source-level only,clean-negative source split is traceable; defect-free status is not re-proven by this audit
9,9.jpg,9m.jpg,clean_negative/clean_9_205.jpg,clean_negative,384,1139,256,256,256,1108,1476,,,,,sliding_window_clean,,,,,,9,9.jpg,validation,PASS,resolved,source-level only,clean-negative source split is traceable; defect-free status is not re-proven by this audit
9,9.jpg,9m.jpg,clean_negative/clean_9_206.jpg,clean_negative,432,1139,256,256,256,1108,1476,,,,,sliding_window_clean,,,,,,9,9.jpg,validation,PASS,resolved,source-level only,clean-negative source split is traceable; defect-free status is not re-proven by this audit
9,9.jpg,9m.jpg,clean_negative/clean_9_207.jpg,clean_negative,480,1139,256,256,256,1108,1476,,,,,sliding_window_clean,,,,,,9,9.jpg,validation,PASS,resolved,source-level only,clean-negative source split is traceable; defect-free status is not re-proven by this audit
9,9.jpg,9m.jpg,clean_negative/clean_9_208.jpg,clean_negative,528,1139,256,256,256,1108,1476,,,,,sliding_window_clean,,,,,,9,9.jpg,validation,PASS,resolved,source-level only,clean-negative source split is traceable; defect-free status is not re-proven by this audit
9,9.jpg,9m.jpg,clean_negative/clean_9_209.jpg,clean_negative,576,1139,256,256,256,1108,1476,,,,,sliding_window_clean,,,,,,9,9.jpg,validation,PASS,resolved,source-level only,clean-negative source split is traceable; defect-free status is not re-proven by this audit
9,9.jpg,9m.jpg,clean_negative/clean_9_210.jpg,clean_negative,624,1139,256,256,256,1108,1476,,,,,sliding_window_clean,,,,,,9,9.jpg,validation,PASS,resolved,source-level only,clean-negative source split is traceable; defect-free status is not re-proven by this audit
9,9.jpg,9m.jpg,clean_negative/clean_9_211.jpg,clean_negative,672,1139,256,256,256,1108,1476,,,,,sliding_window_clean,,,,,,9,9.jpg,validation,PASS,resolved,source-level only,clean-negative source split is traceable; defect-free status is not re-proven by this audit
9,9.jpg,9m.jpg,clean_negative/clean_9_212.jpg,clean_negative,720,1139,256,256,256,1108,1476,,,,,sliding_window_clean,,,,,,9,9.jpg,validation,PASS,resolved,source-level only,clean-negative source split is traceable; defect-free status is not re-proven by this audit
9,9.jpg,9m.jpg,clean_negative/clean_9_213.jpg,clean_negative,768,1139,256,256,256,1108,1476,,,,,sliding_window_clean,,,,,,9,9.jpg,validation,PASS,resolved,source-level only,clean-negative source split is traceable; defect-free status is not re-proven by this audit
9,9.jpg,9m.jpg,clean_negative/clean_9_214.jpg,clean_negative,816,1139,256,256,256,1108,1476,,,,,sliding_window_clean,,,,,,9,9.jpg,validation,PASS,resolved,source-level only,clean-negative source split is traceable; defect-free status is not re-proven by this audit
9,9.jpg,9m.jpg,clean_negative/clean_9_215.jpg,clean_negative,852,1139,256,256,256,1108,1476,,,,,sliding_window_clean,,,,,,9,9.jpg,validation,PASS,resolved,source-level only,clean-negative source split is traceable; defect-free status is not re-proven by this audit
9,9.jpg,9m.jpg,clean_negative/clean_9_216.jpg,clean_negative,0,1187,256,256,256,1108,1476,,,,,sliding_window_clean,,,,,,9,9.jpg,validation,PASS,resolved,source-level only,clean-negative source split is traceable; defect-free status is not re-proven by this audit
9,9.jpg,9m.jpg,clean_negative/clean_9_217.jpg,clean_negative,48,1187,256,256,256,1108,1476,,,,,sliding_window_clean,,,,,,9,9.jpg,validation,PASS,resolved,source-level only,clean-negative source split is traceable; defect-free status is not re-proven by this audit
9,9.jpg,9m.jpg,clean_negative/clean_9_218.jpg,clean_negative,96,1187,256,256,256,1108,1476,,,,,sliding_window_clean,,,,,,9,9.jpg,validation,PASS,resolved,source-level only,clean-negative source split is traceable; defect-free status is not re-proven by this audit
9,9.jpg,9m.jpg,clean_negative/clean_9_219.jpg,clean_negative,144,1187,256,256,256,1108,1476,,,,,sliding_window_clean,,,,,,9,9.jpg,validation,PASS,resolved,source-level only,clean-negative source split is traceable; defect-free status is not re-proven by this audit
9,9.jpg,9m.jpg,clean_negative/clean_9_220.jpg,clean_negative,192,1187,256,256,256,1108,1476,,,,,sliding_window_clean,,,,,,9,9.jpg,validation,PASS,resolved,source-level only,clean-negative source split is traceable; defect-free status is not re-proven by this audit
9,9.jpg,9m.jpg,clean_negative/clean_9_221.jpg,clean_negative,240,1187,256,256,256,1108,1476,,,,,sliding_window_clean,,,,,,9,9.jpg,validation,PASS,resolved,source-level only,clean-negative source split is traceable; defect-free status is not re-proven by this audit
9,9.jpg,9m.jpg,clean_negative/clean_9_222.jpg,clean_negative,288,1187,256,256,256,1108,1476,,,,,sliding_window_clean,,,,,,9,9.jpg,validation,PASS,resolved,source-level only,clean-negative source split is traceable; defect-free status is not re-proven by this audit
9,9.jpg,9m.jpg,clean_negative/clean_9_223.jpg,clean_negative,336,1187,256,256,256,1108,1476,,,,,sliding_window_clean,,,,,,9,9.jpg,validation,PASS,resolved,source-level only,clean-negative source split is traceable; defect-free status is not re-proven by this audit
9,9.jpg,9m.jpg,clean_negative/clean_9_224.jpg,clean_negative,384,1187,256,256,256,1108,1476,,,,,sliding_window_clean,,,,,,9,9.jpg,validation,PASS,resolved,source-level only,clean-negative source split is traceable; defect-free status is not re-proven by this audit
9,9.jpg,9m.jpg,clean_negative/clean_9_225.jpg,clean_negative,432,1187,256,256,256,1108,1476,,,,,sliding_window_clean,,,,,,9,9.jpg,validation,PASS,resolved,source-level only,clean-negative source split is traceable; defect-free status is not re-proven by this audit
9,9.jpg,9m.jpg,clean_negative/clean_9_226.jpg,clean_negative,480,1187,256,256,256,1108,1476,,,,,sliding_window_clean,,,,,,9,9.jpg,validation,PASS,resolved,source-level only,clean-negative source split is traceable; defect-free status is not re-proven by this audit
9,9.jpg,9m.jpg,clean_negative/clean_9_227.jpg,clean_negative,528,1187,256,256,256,1108,1476,,,,,sliding_window_clean,,,,,,9,9.jpg,validation,PASS,resolved,source-level only,clean-negative source split is traceable; defect-free status is not re-proven by this audit
9,9.jpg,9m.jpg,clean_negative/clean_9_228.jpg,clean_negative,576,1187,256,256,256,1108,1476,,,,,sliding_window_clean,,,,,,9,9.jpg,validation,PASS,resolved,source-level only,clean-negative source split is traceable; defect-free status is not re-proven by this audit
9,9.jpg,9m.jpg,clean_negative/clean_9_229.jpg,clean_negative,624,1187,256,256,256,1108,1476,,,,,sliding_window_clean,,,,,,9,9.jpg,validation,PASS,resolved,source-level only,clean-negative source split is traceable; defect-free status is not re-proven by this audit
9,9.jpg,9m.jpg,clean_negative/clean_9_230.jpg,clean_negative,672,1187,256,256,256,1108,1476,,,,,sliding_window_clean,,,,,,9,9.jpg,validation,PASS,resolved,source-level only,clean-negative source split is traceable; defect-free status is not re-proven by this audit
9,9.jpg,9m.jpg,clean_negative/clean_9_231.jpg,clean_negative,720,1187,256,256,256,1108,1476,,,,,sliding_window_clean,,,,,,9,9.jpg,validation,PASS,resolved,source-level only,clean-negative source split is traceable; defect-free status is not re-proven by this audit
9,9.jpg,9m.jpg,clean_negative/clean_9_232.jpg,clean_negative,768,1187,256,256,256,1108,1476,,,,,sliding_window_clean,,,,,,9,9.jpg,validation,PASS,resolved,source-level only,clean-negative source split is traceable; defect-free status is not re-proven by this audit
9,9.jpg,9m.jpg,clean_negative/clean_9_233.jpg,clean_negative,816,1187,256,256,256,1108,1476,,,,,sliding_window_clean,,,,,,9,9.jpg,validation,PASS,resolved,source-level only,clean-negative source split is traceable; defect-free status is not re-proven by this audit
9,9.jpg,9m.jpg,clean_negative/clean_9_234.jpg,clean_negative,852,1187,256,256,256,1108,1476,,,,,sliding_window_clean,,,,,,9,9.jpg,validation,PASS,resolved,source-level only,clean-negative source split is traceable; defect-free status is not re-proven by this audit
9,9.jpg,9m.jpg,clean_negative/clean_9_235.jpg,clean_negative,0,1220,256,256,256,1108,1476,,,,,sliding_window_clean,,,,,,9,9.jpg,validation,PASS,resolved,source-level only,clean-negative source split is traceable; defect-free status is not re-proven by this audit
9,9.jpg,9m.jpg,clean_negative/clean_9_236.jpg,clean_negative,48,1220,256,256,256,1108,1476,,,,,sliding_window_clean,,,,,,9,9.jpg,validation,PASS,resolved,source-level only,clean-negative source split is traceable; defect-free status is not re-proven by this audit
9,9.jpg,9m.jpg,clean_negative/clean_9_237.jpg,clean_negative,96,1220,256,256,256,1108,1476,,,,,sliding_window_clean,,,,,,9,9.jpg,validation,PASS,resolved,source-level only,clean-negative source split is traceable; defect-free status is not re-proven by this audit
9,9.jpg,9m.jpg,clean_negative/clean_9_238.jpg,clean_negative,144,1220,256,256,256,1108,1476,,,,,sliding_window_clean,,,,,,9,9.jpg,validation,PASS,resolved,source-level only,clean-negative source split is traceable; defect-free status is not re-proven by this audit
9,9.jpg,9m.jpg,clean_negative/clean_9_239.jpg,clean_negative,192,1220,256,256,256,1108,1476,,,,,sliding_window_clean,,,,,,9,9.jpg,validation,PASS,resolved,source-level only,clean-negative source split is traceable; defect-free status is not re-proven by this audit
9,9.jpg,9m.jpg,clean_negative/clean_9_240.jpg,clean_negative,240,1220,256,256,256,1108,1476,,,,,sliding_window_clean,,,,,,9,9.jpg,validation,PASS,resolved,source-level only,clean-negative source split is traceable; defect-free status is not re-proven by this audit
9,9.jpg,9m.jpg,clean_negative/clean_9_241.jpg,clean_negative,288,1220,256,256,256,1108,1476,,,,,sliding_window_clean,,,,,,9,9.jpg,validation,PASS,resolved,source-level only,clean-negative source split is traceable; defect-free status is not re-proven by this audit
9,9.jpg,9m.jpg,clean_negative/clean_9_242.jpg,clean_negative,336,1220,256,256,256,1108,1476,,,,,sliding_window_clean,,,,,,9,9.jpg,validation,PASS,resolved,source-level only,clean-negative source split is traceable; defect-free status is not re-proven by this audit
9,9.jpg,9m.jpg,clean_negative/clean_9_243.jpg,clean_negative,384,1220,256,256,256,1108,1476,,,,,sliding_window_clean,,,,,,9,9.jpg,validation,PASS,resolved,source-level only,clean-negative source split is traceable; defect-free status is not re-proven by this audit
9,9.jpg,9m.jpg,clean_negative/clean_9_244.jpg,clean_negative,432,1220,256,256,256,1108,1476,,,,,sliding_window_clean,,,,,,9,9.jpg,validation,PASS,resolved,source-level only,clean-negative source split is traceable; defect-free status is not re-proven by this audit
9,9.jpg,9m.jpg,clean_negative/clean_9_245.jpg,clean_negative,480,1220,256,256,256,1108,1476,,,,,sliding_window_clean,,,,,,9,9.jpg,validation,PASS,resolved,source-level only,clean-negative source split is traceable; defect-free status is not re-proven by this audit
9,9.jpg,9m.jpg,clean_negative/clean_9_246.jpg,clean_negative,528,1220,256,256,256,1108,1476,,,,,sliding_window_clean,,,,,,9,9.jpg,validation,PASS,resolved,source-level only,clean-negative source split is traceable; defect-free status is not re-proven by this audit
9,9.jpg,9m.jpg,clean_negative/clean_9_247.jpg,clean_negative,576,1220,256,256,256,1108,1476,,,,,sliding_window_clean,,,,,,9,9.jpg,validation,PASS,resolved,source-level only,clean-negative source split is traceable; defect-free status is not re-proven by this audit
9,9.jpg,9m.jpg,clean_negative/clean_9_248.jpg,clean_negative,624,1220,256,256,256,1108,1476,,,,,sliding_window_clean,,,,,,9,9.jpg,validation,PASS,resolved,source-level only,clean-negative source split is traceable; defect-free status is not re-proven by this audit
9,9.jpg,9m.jpg,clean_negative/clean_9_249.jpg,clean_negative,672,1220,256,256,256,1108,1476,,,,,sliding_window_clean,,,,,,9,9.jpg,validation,PASS,resolved,source-level only,clean-negative source split is traceable; defect-free status is not re-proven by this audit
9,9.jpg,9m.jpg,clean_negative/clean_9_250.jpg,clean_negative,720,1220,256,256,256,1108,1476,,,,,sliding_window_clean,,,,,,9,9.jpg,validation,PASS,resolved,source-level only,clean-negative source split is traceable; defect-free status is not re-proven by this audit
9,9.jpg,9m.jpg,clean_negative/clean_9_251.jpg,clean_negative,768,1220,256,256,256,1108,1476,,,,,sliding_window_clean,,,,,,9,9.jpg,validation,PASS,resolved,source-level only,clean-negative source split is traceable; defect-free status is not re-proven by this audit
9,9.jpg,9m.jpg,clean_negative/clean_9_252.jpg,clean_negative,816,1220,256,256,256,1108,1476,,,,,sliding_window_clean,,,,,,9,9.jpg,validation,PASS,resolved,source-level only,clean-negative source split is traceable; defect-free status is not re-proven by this audit
9,9.jpg,9m.jpg,clean_negative/clean_9_253.jpg,clean_negative,852,1220,256,256,256,1108,1476,,,,,sliding_window_clean,,,,,,9,9.jpg,validation,PASS,resolved,source-level only,clean-negative source split is traceable; defect-free status is not re-proven by this audit
9,9.jpg,9m.jpg,dirty_positive/dirty_9_1.jpg,dirty_positive,535,325,256,256,256,1108,1476,1,663,453,878,centered_positive,535,325,registered,registered,homography_inliers=4139/4140,9,9.jpg,validation,PASS,resolved,exact,
9,9.jpg,9m.jpg,dirty_positive/dirty_9_2.jpg,dirty_positive,509,276,256,256,256,1108,1476,1,663,453,878,jittered_positive,509,276,registered,registered,homography_inliers=4139/4140,9,9.jpg,validation,PASS,resolved,exact,
9,9.jpg,9m.jpg,dirty_positive/dirty_9_3.jpg,dirty_positive,586,287,256,256,256,1108,1476,1,663,453,878,jittered_positive,586,287,registered,registered,homography_inliers=4139/4140,9,9.jpg,validation,PASS,resolved,exact,
9,9.jpg,9m.jpg,dirty_positive/dirty_9_4.jpg,dirty_positive,558,282,256,256,256,1108,1476,1,663,453,878,jittered_positive,558,282,registered,registered,homography_inliers=4139/4140,9,9.jpg,validation,PASS,resolved,exact,
9,9.jpg,9m.jpg,dirty_positive/dirty_9_5.jpg,dirty_positive,463,383,256,256,256,1108,1476,2,591,511,1038,centered_positive,463,383,registered,registered,homography_inliers=4139/4140,9,9.jpg,validation,PASS,resolved,exact,
9,9.jpg,9m.jpg,dirty_positive/dirty_9_6.jpg,dirty_positive,443,329,256,256,256,1108,1476,2,591,511,1038,jittered_positive,443,329,registered,registered,homography_inliers=4139/4140,9,9.jpg,validation,PASS,resolved,exact,
9,9.jpg,9m.jpg,dirty_positive/dirty_9_7.jpg,dirty_positive,462,431,256,256,256,1108,1476,2,591,511,1038,jittered_positive,462,431,registered,registered,homography_inliers=4139/4140,9,9.jpg,validation,PASS,resolved,exact,
9,9.jpg,9m.jpg,dirty_positive/dirty_9_8.jpg,dirty_positive,511,359,256,256,256,1108,1476,2,591,511,1038,jittered_positive,511,359,registered,registered,homography_inliers=4139/4140,9,9.jpg,validation,PASS,resolved,exact,
9,9.jpg,9m.jpg,dirty_positive/dirty_9_9.jpg,dirty_positive,253,382,256,256,256,1108,1476,3,381,510,824,centered_positive,253,382,registered,registered,homography_inliers=4139/4140,9,9.jpg,validation,PASS,resolved,exact,
9,9.jpg,9m.jpg,dirty_positive/dirty_9_10.jpg,dirty_positive,282,413,256,256,256,1108,1476,3,381,510,824,jittered_positive,282,413,registered,registered,homography_inliers=4139/4140,9,9.jpg,validation,PASS,resolved,exact,
9,9.jpg,9m.jpg,dirty_positive/dirty_9_11.jpg,dirty_positive,261,417,256,256,256,1108,1476,3,381,510,824,jittered_positive,261,417,registered,registered,homography_inliers=4139/4140,9,9.jpg,validation,PASS,resolved,exact,
9,9.jpg,9m.jpg,dirty_positive/dirty_9_12.jpg,dirty_positive,293,404,256,256,256,1108,1476,3,381,510,824,jittered_positive,293,404,registered,registered,homography_inliers=4139/4140,9,9.jpg,validation,PASS,resolved,exact,
9,9.jpg,9m.jpg,dirty_positive/dirty_9_13.jpg,dirty_positive,181,420,256,256,256,1108,1476,4,309,548,548,centered_positive,181,420,registered,registered,homography_inliers=4139/4140,9,9.jpg,validation,PASS,resolved,exact,
9,9.jpg,9m.jpg,dirty_positive/dirty_9_14.jpg,dirty_positive,130,441,256,256,256,1108,1476,4,309,548,548,jittered_positive,130,441,registered,registered,homography_inliers=4139/4140,9,9.jpg,validation,PASS,resolved,exact,
9,9.jpg,9m.jpg,dirty_positive/dirty_9_15.jpg,dirty_positive,133,440,256,256,256,1108,1476,4,309,548,548,jittered_positive,133,440,registered,registered,homography_inliers=4139/4140,9,9.jpg,validation,PASS,resolved,exact,
9,9.jpg,9m.jpg,dirty_positive/dirty_9_16.jpg,dirty_positive,141,454,256,256,256,1108,1476,4,309,548,548,jittered_positive,141,454,registered,registered,homography_inliers=4139/4140,9,9.jpg,validation,PASS,resolved,exact,
9,9.jpg,9m.jpg,dirty_positive/dirty_9_17.jpg,dirty_positive,663,478,256,256,256,1108,1476,5,791,606,2257,centered_positive,663,478,registered,registered,homography_inliers=4139/4140,9,9.jpg,validation,PASS,resolved,exact,
9,9.jpg,9m.jpg,dirty_positive/dirty_9_18.jpg,dirty_positive,671,478,256,256,256,1108,1476,5,791,606,2257,jittered_positive,671,478,registered,registered,homography_inliers=4139/4140,9,9.jpg,validation,PASS,resolved,exact,
9,9.jpg,9m.jpg,dirty_positive/dirty_9_19.jpg,dirty_positive,637,499,256,256,256,1108,1476,5,791,606,2257,jittered_positive,637,499,registered,registered,homography_inliers=4139/4140,9,9.jpg,validation,PASS,resolved,exact,
9,9.jpg,9m.jpg,dirty_positive/dirty_9_20.jpg,dirty_positive,619,450,256,256,256,1108,1476,5,791,606,2257,jittered_positive,619,450,registered,registered,homography_inliers=4139/4140,9,9.jpg,validation,PASS,resolved,exact,
9,9.jpg,9m.jpg,dirty_positive/dirty_9_21.jpg,dirty_positive,753,523,256,256,256,1108,1476,6,881,651,995,centered_positive,753,523,registered,registered,homography_inliers=4139/4140,9,9.jpg,validation,PASS,resolved,exact,
9,9.jpg,9m.jpg,dirty_positive/dirty_9_22.jpg,dirty_positive,778,538,256,256,256,1108,1476,6,881,651,995,jittered_positive,778,538,registered,registered,homography_inliers=4139/4140,9,9.jpg,validation,PASS,resolved,exact,
9,9.jpg,9m.jpg,dirty_positive/dirty_9_23.jpg,dirty_positive,789,492,256,256,256,1108,1476,6,881,651,995,jittered_positive,789,492,registered,registered,homography_inliers=4139/4140,9,9.jpg,validation,PASS,resolved,exact,
9,9.jpg,9m.jpg,dirty_positive/dirty_9_24.jpg,dirty_positive,710,538,256,256,256,1108,1476,6,881,651,995,jittered_positive,710,538,registered,registered,homography_inliers=4139/4140,9,9.jpg,validation,PASS,resolved,exact,
9,9.jpg,9m.jpg,dirty_positive/dirty_9_25.jpg,dirty_positive,351,543,256,256,256,1108,1476,7,479,671,824,centered_positive,351,543,registered,registered,homography_inliers=4139/4140,9,9.jpg,validation,PASS,resolved,exact,
9,9.jpg,9m.jpg,dirty_positive/dirty_9_26.jpg,dirty_positive,383,563,256,256,256,1108,1476,7,479,671,824,jittered_positive,383,563,registered,registered,homography_inliers=4139/4140,9,9.jpg,validation,PASS,resolved,exact,
9,9.jpg,9m.jpg,dirty_positive/dirty_9_27.jpg,dirty_positive,319,502,256,256,256,1108,1476,7,479,671,824,jittered_positive,319,502,registered,registered,homography_inliers=4139/4140,9,9.jpg,validation,PASS,resolved,exact,
9,9.jpg,9m.jpg,dirty_positive/dirty_9_28.jpg,dirty_positive,395,571,256,256,256,1108,1476,7,479,671,824,jittered_positive,395,571,registered,registered,homography_inliers=4139/4140,9,9.jpg,validation,PASS,resolved,exact,
9,9.jpg,9m.jpg,dirty_positive/dirty_9_29.jpg,dirty_positive,630,629,256,256,256,1108,1476,8,758,757,1109,centered_positive,630,629,registered,registered,homography_inliers=4139/4140,9,9.jpg,validation,PASS,resolved,exact,
9,9.jpg,9m.jpg,dirty_positive/dirty_9_30.jpg,dirty_positive,570,657,256,256,256,1108,1476,8,758,757,1109,jittered_positive,570,657,registered,registered,homography_inliers=4139/4140,9,9.jpg,validation,PASS,resolved,exact,
9,9.jpg,9m.jpg,dirty_positive/dirty_9_31.jpg,dirty_positive,645,611,256,256,256,1108,1476,8,758,757,1109,jittered_positive,645,611,registered,registered,homography_inliers=4139/4140,9,9.jpg,validation,PASS,resolved,exact,
9,9.jpg,9m.jpg,dirty_positive/dirty_9_32.jpg,dirty_positive,620,652,256,256,256,1108,1476,8,758,757,1109,jittered_positive,620,652,registered,registered,homography_inliers=4139/4140,9,9.jpg,validation,PASS,resolved,exact,
9,9.jpg,9m.jpg,dirty_positive/dirty_9_33.jpg,dirty_positive,295,685,256,256,256,1108,1476,9,423,813,1401,centered_positive,295,685,registered,registered,homography_inliers=4139/4140,9,9.jpg,validation,PASS,resolved,exact,
9,9.jpg,9m.jpg,dirty_positive/dirty_9_34.jpg,dirty_positive,355,670,256,256,256,1108,1476,9,423,813,1401,jittered_positive,355,670,registered,registered,homography_inliers=4139/4140,9,9.jpg,validation,PASS,resolved,exact,
9,9.jpg,9m.jpg,dirty_positive/dirty_9_35.jpg,dirty_positive,288,656,256,256,256,1108,1476,9,423,813,1401,jittered_positive,288,656,registered,registered,homography_inliers=4139/4140,9,9.jpg,validation,PASS,resolved,exact,
9,9.jpg,9m.jpg,dirty_positive/dirty_9_36.jpg,dirty_positive,270,640,256,256,256,1108,1476,9,423,813,1401,jittered_positive,270,640,registered,registered,homography_inliers=4139/4140,9,9.jpg,validation,PASS,resolved,exact,
9,9.jpg,9m.jpg,dirty_positive/dirty_9_37.jpg,dirty_positive,57,672,256,256,256,1108,1476,10,185,800,737,centered_positive,57,672,registered,registered,homography_inliers=4139/4140,9,9.jpg,validation,PASS,resolved,exact,
9,9.jpg,9m.jpg,dirty_positive/dirty_9_38.jpg,dirty_positive,68,633,256,256,256,1108,1476,10,185,800,737,jittered_positive,68,633,registered,registered,homography_inliers=4139/4140,9,9.jpg,validation,PASS,resolved,exact,
9,9.jpg,9m.jpg,dirty_positive/dirty_9_39.jpg,dirty_positive,2,694,256,256,256,1108,1476,10,185,800,737,jittered_positive,2,694,registered,registered,homography_inliers=4139/4140,9,9.jpg,validation,PASS,resolved,exact,
9,9.jpg,9m.jpg,dirty_positive/dirty_9_40.jpg,dirty_positive,26,704,256,256,256,1108,1476,10,185,800,737,jittered_positive,26,704,registered,registered,homography_inliers=4139/4140,9,9.jpg,validation,PASS,resolved,exact,
9,9.jpg,9m.jpg,dirty_positive/dirty_9_41.jpg,dirty_positive,763,755,256,256,256,1108,1476,11,891,883,1268,centered_positive,763,755,registered,registered,homography_inliers=4139/4140,9,9.jpg,validation,PASS,resolved,exact,
9,9.jpg,9m.jpg,dirty_positive/dirty_9_42.jpg,dirty_positive,738,732,256,256,256,1108,1476,11,891,883,1268,jittered_positive,738,732,registered,registered,homography_inliers=4139/4140,9,9.jpg,validation,PASS,resolved,exact,
9,9.jpg,9m.jpg,dirty_positive/dirty_9_43.jpg,dirty_positive,745,733,256,256,256,1108,1476,11,891,883,1268,jittered_positive,745,733,registered,registered,homography_inliers=4139/4140,9,9.jpg,validation,PASS,resolved,exact,
9,9.jpg,9m.jpg,dirty_positive/dirty_9_44.jpg,dirty_positive,811,702,256,256,256,1108,1476,11,891,883,1268,jittered_positive,811,702,registered,registered,homography_inliers=4139/4140,9,9.jpg,validation,PASS,resolved,exact,
9,9.jpg,9m.jpg,dirty_positive/dirty_9_45.jpg,dirty_positive,852,858,256,256,256,1108,1476,12,1080,986,737,centered_positive,852,858,registered,registered,homography_inliers=4139/4140,9,9.jpg,validation,PASS,resolved,exact,
9,9.jpg,9m.jpg,dirty_positive/dirty_9_46.jpg,dirty_positive,852,887,256,256,256,1108,1476,12,1080,986,737,jittered_positive,852,887,registered,registered,homography_inliers=4139/4140,9,9.jpg,validation,PASS,resolved,exact,
9,9.jpg,9m.jpg,dirty_positive/dirty_9_47.jpg,dirty_positive,848,907,256,256,256,1108,1476,12,1080,986,737,jittered_positive,848,907,registered,registered,homography_inliers=4139/4140,9,9.jpg,validation,PASS,resolved,exact,
9,9.jpg,9m.jpg,dirty_positive/dirty_9_48.jpg,dirty_positive,852,908,256,256,256,1108,1476,12,1080,986,737,jittered_positive,852,908,registered,registered,homography_inliers=4139/4140,9,9.jpg,validation,PASS,resolved,exact,
9,9.jpg,9m.jpg,dirty_positive/dirty_9_49.jpg,dirty_positive,375,907,256,256,256,1108,1476,13,503,1035,1512,centered_positive,375,907,registered,registered,homography_inliers=4139/4140,9,9.jpg,validation,PASS,resolved,exact,
9,9.jpg,9m.jpg,dirty_positive/dirty_9_50.jpg,dirty_positive,370,904,256,256,256,1108,1476,13,503,1035,1512,jittered_positive,370,904,registered,registered,homography_inliers=4139/4140,9,9.jpg,validation,PASS,resolved,exact,
9,9.jpg,9m.jpg,dirty_positive/dirty_9_51.jpg,dirty_positive,390,963,256,256,256,1108,1476,13,503,1035,1512,jittered_positive,390,963,registered,registered,homography_inliers=4139/4140,9,9.jpg,validation,PASS,resolved,exact,
9,9.jpg,9m.jpg,dirty_positive/dirty_9_52.jpg,dirty_positive,360,937,256,256,256,1108,1476,13,503,1035,1512,jittered_positive,360,937,registered,registered,homography_inliers=4139/4140,9,9.jpg,validation,PASS,resolved,exact,
10,10.jpg,10m.jpg,clean_negative/clean_10_1.jpg,clean_negative,279,0,256,256,256,1108,1476,,,,,sliding_window_clean,,,,,,10,10.jpg,train,PASS,resolved,source-level only,clean-negative source split is traceable; defect-free status is not re-proven by this audit
10,10.jpg,10m.jpg,clean_negative/clean_10_2.jpg,clean_negative,327,0,256,256,256,1108,1476,,,,,sliding_window_clean,,,,,,10,10.jpg,train,PASS,resolved,source-level only,clean-negative source split is traceable; defect-free status is not re-proven by this audit
10,10.jpg,10m.jpg,clean_negative/clean_10_3.jpg,clean_negative,375,0,256,256,256,1108,1476,,,,,sliding_window_clean,,,,,,10,10.jpg,train,PASS,resolved,source-level only,clean-negative source split is traceable; defect-free status is not re-proven by this audit
10,10.jpg,10m.jpg,clean_negative/clean_10_4.jpg,clean_negative,279,41,256,256,256,1108,1476,,,,,sliding_window_clean,,,,,,10,10.jpg,train,PASS,resolved,source-level only,clean-negative source split is traceable; defect-free status is not re-proven by this audit
10,10.jpg,10m.jpg,clean_negative/clean_10_5.jpg,clean_negative,327,41,256,256,256,1108,1476,,,,,sliding_window_clean,,,,,,10,10.jpg,train,PASS,resolved,source-level only,clean-negative source split is traceable; defect-free status is not re-proven by this audit
10,10.jpg,10m.jpg,clean_negative/clean_10_6.jpg,clean_negative,375,41,256,256,256,1108,1476,,,,,sliding_window_clean,,,,,,10,10.jpg,train,PASS,resolved,source-level only,clean-negative source split is traceable; defect-free status is not re-proven by this audit
10,10.jpg,10m.jpg,clean_negative/clean_10_7.jpg,clean_negative,0,270,256,256,256,1108,1476,,,,,sliding_window_clean,,,,,,10,10.jpg,train,PASS,resolved,source-level only,clean-negative source split is traceable; defect-free status is not re-proven by this audit
10,10.jpg,10m.jpg,clean_negative/clean_10_8.jpg,clean_negative,48,270,256,256,256,1108,1476,,,,,sliding_window_clean,,,,,,10,10.jpg,train,PASS,resolved,source-level only,clean-negative source split is traceable; defect-free status is not re-proven by this audit
10,10.jpg,10m.jpg,clean_negative/clean_10_9.jpg,clean_negative,93,270,256,256,256,1108,1476,,,,,sliding_window_clean,,,,,,10,10.jpg,train,PASS,resolved,source-level only,clean-negative source split is traceable; defect-free status is not re-proven by this audit
10,10.jpg,10m.jpg,clean_negative/clean_10_10.jpg,clean_negative,676,297,256,256,256,1108,1476,,,,,sliding_window_clean,,,,,,10,10.jpg,train,PASS,resolved,source-level only,clean-negative source split is traceable; defect-free status is not re-proven by this audit
10,10.jpg,10m.jpg,clean_negative/clean_10_11.jpg,clean_negative,724,297,256,256,256,1108,1476,,,,,sliding_window_clean,,,,,,10,10.jpg,train,PASS,resolved,source-level only,clean-negative source split is traceable; defect-free status is not re-proven by this audit
10,10.jpg,10m.jpg,clean_negative/clean_10_12.jpg,clean_negative,772,297,256,256,256,1108,1476,,,,,sliding_window_clean,,,,,,10,10.jpg,train,PASS,resolved,source-level only,clean-negative source split is traceable; defect-free status is not re-proven by this audit
10,10.jpg,10m.jpg,clean_negative/clean_10_13.jpg,clean_negative,820,297,256,256,256,1108,1476,,,,,sliding_window_clean,,,,,,10,10.jpg,train,PASS,resolved,source-level only,clean-negative source split is traceable; defect-free status is not re-proven by this audit
10,10.jpg,10m.jpg,clean_negative/clean_10_14.jpg,clean_negative,852,297,256,256,256,1108,1476,,,,,sliding_window_clean,,,,,,10,10.jpg,train,PASS,resolved,source-level only,clean-negative source split is traceable; defect-free status is not re-proven by this audit
10,10.jpg,10m.jpg,clean_negative/clean_10_15.jpg,clean_negative,65,298,256,256,256,1108,1476,,,,,sliding_window_clean,,,,,,10,10.jpg,train,PASS,resolved,source-level only,clean-negative source split is traceable; defect-free status is not re-proven by this audit
10,10.jpg,10m.jpg,clean_negative/clean_10_16.jpg,clean_negative,0,318,256,256,256,1108,1476,,,,,sliding_window_clean,,,,,,10,10.jpg,train,PASS,resolved,source-level only,clean-negative source split is traceable; defect-free status is not re-proven by this audit
10,10.jpg,10m.jpg,clean_negative/clean_10_17.jpg,clean_negative,48,318,256,256,256,1108,1476,,,,,sliding_window_clean,,,,,,10,10.jpg,train,PASS,resolved,source-level only,clean-negative source split is traceable; defect-free status is not re-proven by this audit
10,10.jpg,10m.jpg,clean_negative/clean_10_18.jpg,clean_negative,676,345,256,256,256,1108,1476,,,,,sliding_window_clean,,,,,,10,10.jpg,train,PASS,resolved,source-level only,clean-negative source split is traceable; defect-free status is not re-proven by this audit
10,10.jpg,10m.jpg,clean_negative/clean_10_19.jpg,clean_negative,724,345,256,256,256,1108,1476,,,,,sliding_window_clean,,,,,,10,10.jpg,train,PASS,resolved,source-level only,clean-negative source split is traceable; defect-free status is not re-proven by this audit
10,10.jpg,10m.jpg,clean_negative/clean_10_20.jpg,clean_negative,772,345,256,256,256,1108,1476,,,,,sliding_window_clean,,,,,,10,10.jpg,train,PASS,resolved,source-level only,clean-negative source split is traceable; defect-free status is not re-proven by this audit
10,10.jpg,10m.jpg,clean_negative/clean_10_21.jpg,clean_negative,820,345,256,256,256,1108,1476,,,,,sliding_window_clean,,,,,,10,10.jpg,train,PASS,resolved,source-level only,clean-negative source split is traceable; defect-free status is not re-proven by this audit
10,10.jpg,10m.jpg,clean_negative/clean_10_22.jpg,clean_negative,852,345,256,256,256,1108,1476,,,,,sliding_window_clean,,,,,,10,10.jpg,train,PASS,resolved,source-level only,clean-negative source split is traceable; defect-free status is not re-proven by this audit
10,10.jpg,10m.jpg,clean_negative/clean_10_23.jpg,clean_negative,0,366,256,256,256,1108,1476,,,,,sliding_window_clean,,,,,,10,10.jpg,train,PASS,resolved,source-level only,clean-negative source split is traceable; defect-free status is not re-proven by this audit
10,10.jpg,10m.jpg,clean_negative/clean_10_24.jpg,clean_negative,48,366,256,256,256,1108,1476,,,,,sliding_window_clean,,,,,,10,10.jpg,train,PASS,resolved,source-level only,clean-negative source split is traceable; defect-free status is not re-proven by this audit
10,10.jpg,10m.jpg,clean_negative/clean_10_25.jpg,clean_negative,55,366,256,256,256,1108,1476,,,,,sliding_window_clean,,,,,,10,10.jpg,train,PASS,resolved,source-level only,clean-negative source split is traceable; defect-free status is not re-proven by this audit
10,10.jpg,10m.jpg,clean_negative/clean_10_26.jpg,clean_negative,676,393,256,256,256,1108,1476,,,,,sliding_window_clean,,,,,,10,10.jpg,train,PASS,resolved,source-level only,clean-negative source split is traceable; defect-free status is not re-proven by this audit
10,10.jpg,10m.jpg,clean_negative/clean_10_27.jpg,clean_negative,724,393,256,256,256,1108,1476,,,,,sliding_window_clean,,,,,,10,10.jpg,train,PASS,resolved,source-level only,clean-negative source split is traceable; defect-free status is not re-proven by this audit
10,10.jpg,10m.jpg,clean_negative/clean_10_28.jpg,clean_negative,772,393,256,256,256,1108,1476,,,,,sliding_window_clean,,,,,,10,10.jpg,train,PASS,resolved,source-level only,clean-negative source split is traceable; defect-free status is not re-proven by this audit
10,10.jpg,10m.jpg,clean_negative/clean_10_29.jpg,clean_negative,820,393,256,256,256,1108,1476,,,,,sliding_window_clean,,,,,,10,10.jpg,train,PASS,resolved,source-level only,clean-negative source split is traceable; defect-free status is not re-proven by this audit
10,10.jpg,10m.jpg,clean_negative/clean_10_30.jpg,clean_negative,852,393,256,256,256,1108,1476,,,,,sliding_window_clean,,,,,,10,10.jpg,train,PASS,resolved,source-level only,clean-negative source split is traceable; defect-free status is not re-proven by this audit
10,10.jpg,10m.jpg,clean_negative/clean_10_31.jpg,clean_negative,48,400,256,256,256,1108,1476,,,,,sliding_window_clean,,,,,,10,10.jpg,train,PASS,resolved,source-level only,clean-negative source split is traceable; defect-free status is not re-proven by this audit
10,10.jpg,10m.jpg,clean_negative/clean_10_32.jpg,clean_negative,55,400,256,256,256,1108,1476,,,,,sliding_window_clean,,,,,,10,10.jpg,train,PASS,resolved,source-level only,clean-negative source split is traceable; defect-free status is not re-proven by this audit
10,10.jpg,10m.jpg,clean_negative/clean_10_33.jpg,clean_negative,0,411,256,256,256,1108,1476,,,,,sliding_window_clean,,,,,,10,10.jpg,train,PASS,resolved,source-level only,clean-negative source split is traceable; defect-free status is not re-proven by this audit
10,10.jpg,10m.jpg,clean_negative/clean_10_34.jpg,clean_negative,676,441,256,256,256,1108,1476,,,,,sliding_window_clean,,,,,,10,10.jpg,train,PASS,resolved,source-level only,clean-negative source split is traceable; defect-free status is not re-proven by this audit
10,10.jpg,10m.jpg,clean_negative/clean_10_35.jpg,clean_negative,724,441,256,256,256,1108,1476,,,,,sliding_window_clean,,,,,,10,10.jpg,train,PASS,resolved,source-level only,clean-negative source split is traceable; defect-free status is not re-proven by this audit
10,10.jpg,10m.jpg,clean_negative/clean_10_36.jpg,clean_negative,772,441,256,256,256,1108,1476,,,,,sliding_window_clean,,,,,,10,10.jpg,train,PASS,resolved,source-level only,clean-negative source split is traceable; defect-free status is not re-proven by this audit
10,10.jpg,10m.jpg,clean_negative/clean_10_37.jpg,clean_negative,820,441,256,256,256,1108,1476,,,,,sliding_window_clean,,,,,,10,10.jpg,train,PASS,resolved,source-level only,clean-negative source split is traceable; defect-free status is not re-proven by this audit
10,10.jpg,10m.jpg,clean_negative/clean_10_38.jpg,clean_negative,852,441,256,256,256,1108,1476,,,,,sliding_window_clean,,,,,,10,10.jpg,train,PASS,resolved,source-level only,clean-negative source split is traceable; defect-free status is not re-proven by this audit
10,10.jpg,10m.jpg,clean_negative/clean_10_39.jpg,clean_negative,676,475,256,256,256,1108,1476,,,,,sliding_window_clean,,,,,,10,10.jpg,train,PASS,resolved,source-level only,clean-negative source split is traceable; defect-free status is not re-proven by this audit
10,10.jpg,10m.jpg,clean_negative/clean_10_40.jpg,clean_negative,724,475,256,256,256,1108,1476,,,,,sliding_window_clean,,,,,,10,10.jpg,train,PASS,resolved,source-level only,clean-negative source split is traceable; defect-free status is not re-proven by this audit
10,10.jpg,10m.jpg,clean_negative/clean_10_41.jpg,clean_negative,772,488,256,256,256,1108,1476,,,,,sliding_window_clean,,,,,,10,10.jpg,train,PASS,resolved,source-level only,clean-negative source split is traceable; defect-free status is not re-proven by this audit
10,10.jpg,10m.jpg,clean_negative/clean_10_42.jpg,clean_negative,820,488,256,256,256,1108,1476,,,,,sliding_window_clean,,,,,,10,10.jpg,train,PASS,resolved,source-level only,clean-negative source split is traceable; defect-free status is not re-proven by this audit
10,10.jpg,10m.jpg,clean_negative/clean_10_43.jpg,clean_negative,852,488,256,256,256,1108,1476,,,,,sliding_window_clean,,,,,,10,10.jpg,train,PASS,resolved,source-level only,clean-negative source split is traceable; defect-free status is not re-proven by this audit
10,10.jpg,10m.jpg,clean_negative/clean_10_44.jpg,clean_negative,0,796,256,256,256,1108,1476,,,,,sliding_window_clean,,,,,,10,10.jpg,train,PASS,resolved,source-level only,clean-negative source split is traceable; defect-free status is not re-proven by this audit
10,10.jpg,10m.jpg,clean_negative/clean_10_45.jpg,clean_negative,48,796,256,256,256,1108,1476,,,,,sliding_window_clean,,,,,,10,10.jpg,train,PASS,resolved,source-level only,clean-negative source split is traceable; defect-free status is not re-proven by this audit
10,10.jpg,10m.jpg,clean_negative/clean_10_46.jpg,clean_negative,96,796,256,256,256,1108,1476,,,,,sliding_window_clean,,,,,,10,10.jpg,train,PASS,resolved,source-level only,clean-negative source split is traceable; defect-free status is not re-proven by this audit
10,10.jpg,10m.jpg,clean_negative/clean_10_47.jpg,clean_negative,120,796,256,256,256,1108,1476,,,,,sliding_window_clean,,,,,,10,10.jpg,train,PASS,resolved,source-level only,clean-negative source split is traceable; defect-free status is not re-proven by this audit
10,10.jpg,10m.jpg,clean_negative/clean_10_48.jpg,clean_negative,0,844,256,256,256,1108,1476,,,,,sliding_window_clean,,,,,,10,10.jpg,train,PASS,resolved,source-level only,clean-negative source split is traceable; defect-free status is not re-proven by this audit
10,10.jpg,10m.jpg,clean_negative/clean_10_49.jpg,clean_negative,48,844,256,256,256,1108,1476,,,,,sliding_window_clean,,,,,,10,10.jpg,train,PASS,resolved,source-level only,clean-negative source split is traceable; defect-free status is not re-proven by this audit
10,10.jpg,10m.jpg,clean_negative/clean_10_50.jpg,clean_negative,96,844,256,256,256,1108,1476,,,,,sliding_window_clean,,,,,,10,10.jpg,train,PASS,resolved,source-level only,clean-negative source split is traceable; defect-free status is not re-proven by this audit
10,10.jpg,10m.jpg,clean_negative/clean_10_51.jpg,clean_negative,120,844,256,256,256,1108,1476,,,,,sliding_window_clean,,,,,,10,10.jpg,train,PASS,resolved,source-level only,clean-negative source split is traceable; defect-free status is not re-proven by this audit
10,10.jpg,10m.jpg,clean_negative/clean_10_52.jpg,clean_negative,0,892,256,256,256,1108,1476,,,,,sliding_window_clean,,,,,,10,10.jpg,train,PASS,resolved,source-level only,clean-negative source split is traceable; defect-free status is not re-proven by this audit
10,10.jpg,10m.jpg,clean_negative/clean_10_53.jpg,clean_negative,48,892,256,256,256,1108,1476,,,,,sliding_window_clean,,,,,,10,10.jpg,train,PASS,resolved,source-level only,clean-negative source split is traceable; defect-free status is not re-proven by this audit
10,10.jpg,10m.jpg,clean_negative/clean_10_54.jpg,clean_negative,96,892,256,256,256,1108,1476,,,,,sliding_window_clean,,,,,,10,10.jpg,train,PASS,resolved,source-level only,clean-negative source split is traceable; defect-free status is not re-proven by this audit
10,10.jpg,10m.jpg,clean_negative/clean_10_55.jpg,clean_negative,120,892,256,256,256,1108,1476,,,,,sliding_window_clean,,,,,,10,10.jpg,train,PASS,resolved,source-level only,clean-negative source split is traceable; defect-free status is not re-proven by this audit
10,10.jpg,10m.jpg,clean_negative/clean_10_56.jpg,clean_negative,0,940,256,256,256,1108,1476,,,,,sliding_window_clean,,,,,,10,10.jpg,train,PASS,resolved,source-level only,clean-negative source split is traceable; defect-free status is not re-proven by this audit
10,10.jpg,10m.jpg,clean_negative/clean_10_57.jpg,clean_negative,48,940,256,256,256,1108,1476,,,,,sliding_window_clean,,,,,,10,10.jpg,train,PASS,resolved,source-level only,clean-negative source split is traceable; defect-free status is not re-proven by this audit
10,10.jpg,10m.jpg,clean_negative/clean_10_58.jpg,clean_negative,96,940,256,256,256,1108,1476,,,,,sliding_window_clean,,,,,,10,10.jpg,train,PASS,resolved,source-level only,clean-negative source split is traceable; defect-free status is not re-proven by this audit
10,10.jpg,10m.jpg,clean_negative/clean_10_59.jpg,clean_negative,120,940,256,256,256,1108,1476,,,,,sliding_window_clean,,,,,,10,10.jpg,train,PASS,resolved,source-level only,clean-negative source split is traceable; defect-free status is not re-proven by this audit
10,10.jpg,10m.jpg,clean_negative/clean_10_60.jpg,clean_negative,128,986,256,256,256,1108,1476,,,,,sliding_window_clean,,,,,,10,10.jpg,train,PASS,resolved,source-level only,clean-negative source split is traceable; defect-free status is not re-proven by this audit
10,10.jpg,10m.jpg,clean_negative/clean_10_61.jpg,clean_negative,0,988,256,256,256,1108,1476,,,,,sliding_window_clean,,,,,,10,10.jpg,train,PASS,resolved,source-level only,clean-negative source split is traceable; defect-free status is not re-proven by this audit
10,10.jpg,10m.jpg,clean_negative/clean_10_62.jpg,clean_negative,48,988,256,256,256,1108,1476,,,,,sliding_window_clean,,,,,,10,10.jpg,train,PASS,resolved,source-level only,clean-negative source split is traceable; defect-free status is not re-proven by this audit
10,10.jpg,10m.jpg,clean_negative/clean_10_63.jpg,clean_negative,96,988,256,256,256,1108,1476,,,,,sliding_window_clean,,,,,,10,10.jpg,train,PASS,resolved,source-level only,clean-negative source split is traceable; defect-free status is not re-proven by this audit
10,10.jpg,10m.jpg,clean_negative/clean_10_64.jpg,clean_negative,128,988,256,256,256,1108,1476,,,,,sliding_window_clean,,,,,,10,10.jpg,train,PASS,resolved,source-level only,clean-negative source split is traceable; defect-free status is not re-proven by this audit
10,10.jpg,10m.jpg,clean_negative/clean_10_65.jpg,clean_negative,0,1036,256,256,256,1108,1476,,,,,sliding_window_clean,,,,,,10,10.jpg,train,PASS,resolved,source-level only,clean-negative source split is traceable; defect-free status is not re-proven by this audit
10,10.jpg,10m.jpg,clean_negative/clean_10_66.jpg,clean_negative,48,1036,256,256,256,1108,1476,,,,,sliding_window_clean,,,,,,10,10.jpg,train,PASS,resolved,source-level only,clean-negative source split is traceable; defect-free status is not re-proven by this audit
10,10.jpg,10m.jpg,clean_negative/clean_10_67.jpg,clean_negative,96,1036,256,256,256,1108,1476,,,,,sliding_window_clean,,,,,,10,10.jpg,train,PASS,resolved,source-level only,clean-negative source split is traceable; defect-free status is not re-proven by this audit
10,10.jpg,10m.jpg,clean_negative/clean_10_68.jpg,clean_negative,128,1036,256,256,256,1108,1476,,,,,sliding_window_clean,,,,,,10,10.jpg,train,PASS,resolved,source-level only,clean-negative source split is traceable; defect-free status is not re-proven by this audit
10,10.jpg,10m.jpg,clean_negative/clean_10_69.jpg,clean_negative,526,1077,256,256,256,1108,1476,,,,,sliding_window_clean,,,,,,10,10.jpg,train,PASS,resolved,source-level only,clean-negative source split is traceable; defect-free status is not re-proven by this audit
10,10.jpg,10m.jpg,clean_negative/clean_10_70.jpg,clean_negative,528,1077,256,256,256,1108,1476,,,,,sliding_window_clean,,,,,,10,10.jpg,train,PASS,resolved,source-level only,clean-negative source split is traceable; defect-free status is not re-proven by this audit
10,10.jpg,10m.jpg,clean_negative/clean_10_71.jpg,clean_negative,576,1077,256,256,256,1108,1476,,,,,sliding_window_clean,,,,,,10,10.jpg,train,PASS,resolved,source-level only,clean-negative source split is traceable; defect-free status is not re-proven by this audit
10,10.jpg,10m.jpg,clean_negative/clean_10_72.jpg,clean_negative,604,1077,256,256,256,1108,1476,,,,,sliding_window_clean,,,,,,10,10.jpg,train,PASS,resolved,source-level only,clean-negative source split is traceable; defect-free status is not re-proven by this audit
10,10.jpg,10m.jpg,clean_negative/clean_10_73.jpg,clean_negative,0,1084,256,256,256,1108,1476,,,,,sliding_window_clean,,,,,,10,10.jpg,train,PASS,resolved,source-level only,clean-negative source split is traceable; defect-free status is not re-proven by this audit
10,10.jpg,10m.jpg,clean_negative/clean_10_74.jpg,clean_negative,48,1084,256,256,256,1108,1476,,,,,sliding_window_clean,,,,,,10,10.jpg,train,PASS,resolved,source-level only,clean-negative source split is traceable; defect-free status is not re-proven by this audit
10,10.jpg,10m.jpg,clean_negative/clean_10_75.jpg,clean_negative,96,1084,256,256,256,1108,1476,,,,,sliding_window_clean,,,,,,10,10.jpg,train,PASS,resolved,source-level only,clean-negative source split is traceable; defect-free status is not re-proven by this audit
10,10.jpg,10m.jpg,clean_negative/clean_10_76.jpg,clean_negative,128,1084,256,256,256,1108,1476,,,,,sliding_window_clean,,,,,,10,10.jpg,train,PASS,resolved,source-level only,clean-negative source split is traceable; defect-free status is not re-proven by this audit
10,10.jpg,10m.jpg,clean_negative/clean_10_77.jpg,clean_negative,526,1084,256,256,256,1108,1476,,,,,sliding_window_clean,,,,,,10,10.jpg,train,PASS,resolved,source-level only,clean-negative source split is traceable; defect-free status is not re-proven by this audit
10,10.jpg,10m.jpg,clean_negative/clean_10_78.jpg,clean_negative,528,1084,256,256,256,1108,1476,,,,,sliding_window_clean,,,,,,10,10.jpg,train,PASS,resolved,source-level only,clean-negative source split is traceable; defect-free status is not re-proven by this audit
10,10.jpg,10m.jpg,clean_negative/clean_10_79.jpg,clean_negative,576,1084,256,256,256,1108,1476,,,,,sliding_window_clean,,,,,,10,10.jpg,train,PASS,resolved,source-level only,clean-negative source split is traceable; defect-free status is not re-proven by this audit
10,10.jpg,10m.jpg,clean_negative/clean_10_80.jpg,clean_negative,604,1084,256,256,256,1108,1476,,,,,sliding_window_clean,,,,,,10,10.jpg,train,PASS,resolved,source-level only,clean-negative source split is traceable; defect-free status is not re-proven by this audit
10,10.jpg,10m.jpg,clean_negative/clean_10_81.jpg,clean_negative,0,1132,256,256,256,1108,1476,,,,,sliding_window_clean,,,,,,10,10.jpg,train,PASS,resolved,source-level only,clean-negative source split is traceable; defect-free status is not re-proven by this audit
10,10.jpg,10m.jpg,clean_negative/clean_10_82.jpg,clean_negative,48,1132,256,256,256,1108,1476,,,,,sliding_window_clean,,,,,,10,10.jpg,train,PASS,resolved,source-level only,clean-negative source split is traceable; defect-free status is not re-proven by this audit
10,10.jpg,10m.jpg,clean_negative/clean_10_83.jpg,clean_negative,96,1132,256,256,256,1108,1476,,,,,sliding_window_clean,,,,,,10,10.jpg,train,PASS,resolved,source-level only,clean-negative source split is traceable; defect-free status is not re-proven by this audit
10,10.jpg,10m.jpg,clean_negative/clean_10_84.jpg,clean_negative,128,1132,256,256,256,1108,1476,,,,,sliding_window_clean,,,,,,10,10.jpg,train,PASS,resolved,source-level only,clean-negative source split is traceable; defect-free status is not re-proven by this audit
10,10.jpg,10m.jpg,clean_negative/clean_10_85.jpg,clean_negative,528,1132,256,256,256,1108,1476,,,,,sliding_window_clean,,,,,,10,10.jpg,train,PASS,resolved,source-level only,clean-negative source split is traceable; defect-free status is not re-proven by this audit
10,10.jpg,10m.jpg,clean_negative/clean_10_86.jpg,clean_negative,576,1132,256,256,256,1108,1476,,,,,sliding_window_clean,,,,,,10,10.jpg,train,PASS,resolved,source-level only,clean-negative source split is traceable; defect-free status is not re-proven by this audit
10,10.jpg,10m.jpg,clean_negative/clean_10_87.jpg,clean_negative,615,1140,256,256,256,1108,1476,,,,,sliding_window_clean,,,,,,10,10.jpg,train,PASS,resolved,source-level only,clean-negative source split is traceable; defect-free status is not re-proven by this audit
10,10.jpg,10m.jpg,clean_negative/clean_10_88.jpg,clean_negative,517,1151,256,256,256,1108,1476,,,,,sliding_window_clean,,,,,,10,10.jpg,train,PASS,resolved,source-level only,clean-negative source split is traceable; defect-free status is not re-proven by this audit
10,10.jpg,10m.jpg,clean_negative/clean_10_89.jpg,clean_negative,672,1151,256,256,256,1108,1476,,,,,sliding_window_clean,,,,,,10,10.jpg,train,PASS,resolved,source-level only,clean-negative source split is traceable; defect-free status is not re-proven by this audit
10,10.jpg,10m.jpg,clean_negative/clean_10_90.jpg,clean_negative,720,1151,256,256,256,1108,1476,,,,,sliding_window_clean,,,,,,10,10.jpg,train,PASS,resolved,source-level only,clean-negative source split is traceable; defect-free status is not re-proven by this audit
10,10.jpg,10m.jpg,clean_negative/clean_10_91.jpg,clean_negative,768,1151,256,256,256,1108,1476,,,,,sliding_window_clean,,,,,,10,10.jpg,train,PASS,resolved,source-level only,clean-negative source split is traceable; defect-free status is not re-proven by this audit
10,10.jpg,10m.jpg,clean_negative/clean_10_92.jpg,clean_negative,816,1151,256,256,256,1108,1476,,,,,sliding_window_clean,,,,,,10,10.jpg,train,PASS,resolved,source-level only,clean-negative source split is traceable; defect-free status is not re-proven by this audit
10,10.jpg,10m.jpg,clean_negative/clean_10_93.jpg,clean_negative,852,1151,256,256,256,1108,1476,,,,,sliding_window_clean,,,,,,10,10.jpg,train,PASS,resolved,source-level only,clean-negative source split is traceable; defect-free status is not re-proven by this audit
10,10.jpg,10m.jpg,clean_negative/clean_10_94.jpg,clean_negative,0,1180,256,256,256,1108,1476,,,,,sliding_window_clean,,,,,,10,10.jpg,train,PASS,resolved,source-level only,clean-negative source split is traceable; defect-free status is not re-proven by this audit
10,10.jpg,10m.jpg,clean_negative/clean_10_95.jpg,clean_negative,48,1180,256,256,256,1108,1476,,,,,sliding_window_clean,,,,,,10,10.jpg,train,PASS,resolved,source-level only,clean-negative source split is traceable; defect-free status is not re-proven by this audit
10,10.jpg,10m.jpg,clean_negative/clean_10_96.jpg,clean_negative,96,1180,256,256,256,1108,1476,,,,,sliding_window_clean,,,,,,10,10.jpg,train,PASS,resolved,source-level only,clean-negative source split is traceable; defect-free status is not re-proven by this audit
10,10.jpg,10m.jpg,clean_negative/clean_10_97.jpg,clean_negative,528,1180,256,256,256,1108,1476,,,,,sliding_window_clean,,,,,,10,10.jpg,train,PASS,resolved,source-level only,clean-negative source split is traceable; defect-free status is not re-proven by this audit
10,10.jpg,10m.jpg,clean_negative/clean_10_98.jpg,clean_negative,576,1180,256,256,256,1108,1476,,,,,sliding_window_clean,,,,,,10,10.jpg,train,PASS,resolved,source-level only,clean-negative source split is traceable; defect-free status is not re-proven by this audit
10,10.jpg,10m.jpg,clean_negative/clean_10_99.jpg,clean_negative,624,1180,256,256,256,1108,1476,,,,,sliding_window_clean,,,,,,10,10.jpg,train,PASS,resolved,source-level only,clean-negative source split is traceable; defect-free status is not re-proven by this audit
10,10.jpg,10m.jpg,clean_negative/clean_10_100.jpg,clean_negative,672,1180,256,256,256,1108,1476,,,,,sliding_window_clean,,,,,,10,10.jpg,train,PASS,resolved,source-level only,clean-negative source split is traceable; defect-free status is not re-proven by this audit
10,10.jpg,10m.jpg,clean_negative/clean_10_101.jpg,clean_negative,720,1180,256,256,256,1108,1476,,,,,sliding_window_clean,,,,,,10,10.jpg,train,PASS,resolved,source-level only,clean-negative source split is traceable; defect-free status is not re-proven by this audit
10,10.jpg,10m.jpg,clean_negative/clean_10_102.jpg,clean_negative,768,1180,256,256,256,1108,1476,,,,,sliding_window_clean,,,,,,10,10.jpg,train,PASS,resolved,source-level only,clean-negative source split is traceable; defect-free status is not re-proven by this audit
10,10.jpg,10m.jpg,clean_negative/clean_10_103.jpg,clean_negative,816,1180,256,256,256,1108,1476,,,,,sliding_window_clean,,,,,,10,10.jpg,train,PASS,resolved,source-level only,clean-negative source split is traceable; defect-free status is not re-proven by this audit
10,10.jpg,10m.jpg,clean_negative/clean_10_104.jpg,clean_negative,852,1180,256,256,256,1108,1476,,,,,sliding_window_clean,,,,,,10,10.jpg,train,PASS,resolved,source-level only,clean-negative source split is traceable; defect-free status is not re-proven by this audit
10,10.jpg,10m.jpg,clean_negative/clean_10_105.jpg,clean_negative,143,1181,256,256,256,1108,1476,,,,,sliding_window_clean,,,,,,10,10.jpg,train,PASS,resolved,source-level only,clean-negative source split is traceable; defect-free status is not re-proven by this audit
10,10.jpg,10m.jpg,clean_negative/clean_10_106.jpg,clean_negative,482,1185,256,256,256,1108,1476,,,,,sliding_window_clean,,,,,,10,10.jpg,train,PASS,resolved,source-level only,clean-negative source split is traceable; defect-free status is not re-proven by this audit
10,10.jpg,10m.jpg,clean_negative/clean_10_107.jpg,clean_negative,192,1197,256,256,256,1108,1476,,,,,sliding_window_clean,,,,,,10,10.jpg,train,PASS,resolved,source-level only,clean-negative source split is traceable; defect-free status is not re-proven by this audit
10,10.jpg,10m.jpg,clean_negative/clean_10_108.jpg,clean_negative,240,1197,256,256,256,1108,1476,,,,,sliding_window_clean,,,,,,10,10.jpg,train,PASS,resolved,source-level only,clean-negative source split is traceable; defect-free status is not re-proven by this audit
10,10.jpg,10m.jpg,clean_negative/clean_10_109.jpg,clean_negative,288,1197,256,256,256,1108,1476,,,,,sliding_window_clean,,,,,,10,10.jpg,train,PASS,resolved,source-level only,clean-negative source split is traceable; defect-free status is not re-proven by this audit
10,10.jpg,10m.jpg,clean_negative/clean_10_110.jpg,clean_negative,336,1197,256,256,256,1108,1476,,,,,sliding_window_clean,,,,,,10,10.jpg,train,PASS,resolved,source-level only,clean-negative source split is traceable; defect-free status is not re-proven by this audit
10,10.jpg,10m.jpg,clean_negative/clean_10_111.jpg,clean_negative,384,1197,256,256,256,1108,1476,,,,,sliding_window_clean,,,,,,10,10.jpg,train,PASS,resolved,source-level only,clean-negative source split is traceable; defect-free status is not re-proven by this audit
10,10.jpg,10m.jpg,clean_negative/clean_10_112.jpg,clean_negative,432,1197,256,256,256,1108,1476,,,,,sliding_window_clean,,,,,,10,10.jpg,train,PASS,resolved,source-level only,clean-negative source split is traceable; defect-free status is not re-proven by this audit
10,10.jpg,10m.jpg,clean_negative/clean_10_113.jpg,clean_negative,0,1220,256,256,256,1108,1476,,,,,sliding_window_clean,,,,,,10,10.jpg,train,PASS,resolved,source-level only,clean-negative source split is traceable; defect-free status is not re-proven by this audit
10,10.jpg,10m.jpg,clean_negative/clean_10_114.jpg,clean_negative,48,1220,256,256,256,1108,1476,,,,,sliding_window_clean,,,,,,10,10.jpg,train,PASS,resolved,source-level only,clean-negative source split is traceable; defect-free status is not re-proven by this audit
10,10.jpg,10m.jpg,clean_negative/clean_10_115.jpg,clean_negative,96,1220,256,256,256,1108,1476,,,,,sliding_window_clean,,,,,,10,10.jpg,train,PASS,resolved,source-level only,clean-negative source split is traceable; defect-free status is not re-proven by this audit
10,10.jpg,10m.jpg,clean_negative/clean_10_116.jpg,clean_negative,144,1220,256,256,256,1108,1476,,,,,sliding_window_clean,,,,,,10,10.jpg,train,PASS,resolved,source-level only,clean-negative source split is traceable; defect-free status is not re-proven by this audit
10,10.jpg,10m.jpg,clean_negative/clean_10_117.jpg,clean_negative,192,1220,256,256,256,1108,1476,,,,,sliding_window_clean,,,,,,10,10.jpg,train,PASS,resolved,source-level only,clean-negative source split is traceable; defect-free status is not re-proven by this audit
10,10.jpg,10m.jpg,clean_negative/clean_10_118.jpg,clean_negative,240,1220,256,256,256,1108,1476,,,,,sliding_window_clean,,,,,,10,10.jpg,train,PASS,resolved,source-level only,clean-negative source split is traceable; defect-free status is not re-proven by this audit
10,10.jpg,10m.jpg,clean_negative/clean_10_119.jpg,clean_negative,288,1220,256,256,256,1108,1476,,,,,sliding_window_clean,,,,,,10,10.jpg,train,PASS,resolved,source-level only,clean-negative source split is traceable; defect-free status is not re-proven by this audit
10,10.jpg,10m.jpg,clean_negative/clean_10_120.jpg,clean_negative,336,1220,256,256,256,1108,1476,,,,,sliding_window_clean,,,,,,10,10.jpg,train,PASS,resolved,source-level only,clean-negative source split is traceable; defect-free status is not re-proven by this audit
10,10.jpg,10m.jpg,clean_negative/clean_10_121.jpg,clean_negative,384,1220,256,256,256,1108,1476,,,,,sliding_window_clean,,,,,,10,10.jpg,train,PASS,resolved,source-level only,clean-negative source split is traceable; defect-free status is not re-proven by this audit
10,10.jpg,10m.jpg,clean_negative/clean_10_122.jpg,clean_negative,432,1220,256,256,256,1108,1476,,,,,sliding_window_clean,,,,,,10,10.jpg,train,PASS,resolved,source-level only,clean-negative source split is traceable; defect-free status is not re-proven by this audit
10,10.jpg,10m.jpg,clean_negative/clean_10_123.jpg,clean_negative,480,1220,256,256,256,1108,1476,,,,,sliding_window_clean,,,,,,10,10.jpg,train,PASS,resolved,source-level only,clean-negative source split is traceable; defect-free status is not re-proven by this audit
10,10.jpg,10m.jpg,clean_negative/clean_10_124.jpg,clean_negative,528,1220,256,256,256,1108,1476,,,,,sliding_window_clean,,,,,,10,10.jpg,train,PASS,resolved,source-level only,clean-negative source split is traceable; defect-free status is not re-proven by this audit
10,10.jpg,10m.jpg,clean_negative/clean_10_125.jpg,clean_negative,576,1220,256,256,256,1108,1476,,,,,sliding_window_clean,,,,,,10,10.jpg,train,PASS,resolved,source-level only,clean-negative source split is traceable; defect-free status is not re-proven by this audit
10,10.jpg,10m.jpg,clean_negative/clean_10_126.jpg,clean_negative,624,1220,256,256,256,1108,1476,,,,,sliding_window_clean,,,,,,10,10.jpg,train,PASS,resolved,source-level only,clean-negative source split is traceable; defect-free status is not re-proven by this audit
10,10.jpg,10m.jpg,clean_negative/clean_10_127.jpg,clean_negative,672,1220,256,256,256,1108,1476,,,,,sliding_window_clean,,,,,,10,10.jpg,train,PASS,resolved,source-level only,clean-negative source split is traceable; defect-free status is not re-proven by this audit
10,10.jpg,10m.jpg,clean_negative/clean_10_128.jpg,clean_negative,720,1220,256,256,256,1108,1476,,,,,sliding_window_clean,,,,,,10,10.jpg,train,PASS,resolved,source-level only,clean-negative source split is traceable; defect-free status is not re-proven by this audit
10,10.jpg,10m.jpg,clean_negative/clean_10_129.jpg,clean_negative,768,1220,256,256,256,1108,1476,,,,,sliding_window_clean,,,,,,10,10.jpg,train,PASS,resolved,source-level only,clean-negative source split is traceable; defect-free status is not re-proven by this audit
10,10.jpg,10m.jpg,clean_negative/clean_10_130.jpg,clean_negative,816,1220,256,256,256,1108,1476,,,,,sliding_window_clean,,,,,,10,10.jpg,train,PASS,resolved,source-level only,clean-negative source split is traceable; defect-free status is not re-proven by this audit
10,10.jpg,10m.jpg,clean_negative/clean_10_131.jpg,clean_negative,852,1220,256,256,256,1108,1476,,,,,sliding_window_clean,,,,,,10,10.jpg,train,PASS,resolved,source-level only,clean-negative source split is traceable; defect-free status is not re-proven by this audit
10,10.jpg,10m.jpg,dirty_positive/dirty_10_1.jpg,dirty_positive,713,0,256,256,256,1108,1476,1,841,99,2658,centered_positive,713,0,registered,registered,homography_inliers=4933/4934,10,10.jpg,train,PASS,resolved,exact,
10,10.jpg,10m.jpg,dirty_positive/dirty_10_2.jpg,dirty_positive,761,54,256,256,256,1108,1476,1,841,99,2658,jittered_positive,761,54,registered,registered,homography_inliers=4933/4934,10,10.jpg,train,PASS,resolved,exact,
10,10.jpg,10m.jpg,dirty_positive/dirty_10_3.jpg,dirty_positive,721,33,256,256,256,1108,1476,1,841,99,2658,jittered_positive,721,33,registered,registered,homography_inliers=4933/4934,10,10.jpg,train,PASS,resolved,exact,
10,10.jpg,10m.jpg,dirty_positive/dirty_10_4.jpg,dirty_positive,777,43,256,256,256,1108,1476,1,841,99,2658,jittered_positive,777,43,registered,registered,homography_inliers=4933/4934,10,10.jpg,train,PASS,resolved,exact,
10,10.jpg,10m.jpg,dirty_positive/dirty_10_5.jpg,dirty_positive,79,69,256,256,256,1108,1476,2,207,197,1460,centered_positive,79,69,registered,registered,homography_inliers=4933/4934,10,10.jpg,train,PASS,resolved,exact,
10,10.jpg,10m.jpg,dirty_positive/dirty_10_6.jpg,dirty_positive,56,56,256,256,256,1108,1476,2,207,197,1460,jittered_positive,56,56,registered,registered,homography_inliers=4933/4934,10,10.jpg,train,PASS,resolved,exact,
10,10.jpg,10m.jpg,dirty_positive/dirty_10_7.jpg,dirty_positive,50,69,256,256,256,1108,1476,2,207,197,1460,jittered_positive,50,69,registered,registered,homography_inliers=4933/4934,10,10.jpg,train,PASS,resolved,exact,
10,10.jpg,10m.jpg,dirty_positive/dirty_10_8.jpg,dirty_positive,28,128,256,256,256,1108,1476,2,207,197,1460,jittered_positive,28,128,registered,registered,homography_inliers=4933/4934,10,10.jpg,train,PASS,resolved,exact,
10,10.jpg,10m.jpg,dirty_positive/dirty_10_9.jpg,dirty_positive,587,96,256,256,256,1108,1476,3,715,224,1454,centered_positive,587,96,registered,registered,homography_inliers=4933/4934,10,10.jpg,train,PASS,resolved,exact,
10,10.jpg,10m.jpg,dirty_positive/dirty_10_10.jpg,dirty_positive,618,58,256,256,256,1108,1476,3,715,224,1454,jittered_positive,618,58,registered,registered,homography_inliers=4933/4934,10,10.jpg,train,PASS,resolved,exact,
10,10.jpg,10m.jpg,dirty_positive/dirty_10_11.jpg,dirty_positive,554,104,256,256,256,1108,1476,3,715,224,1454,jittered_positive,554,104,registered,registered,homography_inliers=4933/4934,10,10.jpg,train,PASS,resolved,exact,
10,10.jpg,10m.jpg,dirty_positive/dirty_10_12.jpg,dirty_positive,544,73,256,256,256,1108,1476,3,715,224,1454,jittered_positive,544,73,registered,registered,homography_inliers=4933/4934,10,10.jpg,train,PASS,resolved,exact,
10,10.jpg,10m.jpg,dirty_positive/dirty_10_13.jpg,dirty_positive,787,109,256,256,256,1108,1476,4,915,237,1133,centered_positive,787,109,registered,registered,homography_inliers=4933/4934,10,10.jpg,train,PASS,resolved,exact,
10,10.jpg,10m.jpg,dirty_positive/dirty_10_14.jpg,dirty_positive,792,160,256,256,256,1108,1476,4,915,237,1133,jittered_positive,792,160,registered,registered,homography_inliers=4933/4934,10,10.jpg,train,PASS,resolved,exact,
10,10.jpg,10m.jpg,dirty_positive/dirty_10_15.jpg,dirty_positive,760,156,256,256,256,1108,1476,4,915,237,1133,jittered_positive,760,156,registered,registered,homography_inliers=4933/4934,10,10.jpg,train,PASS,resolved,exact,
10,10.jpg,10m.jpg,dirty_positive/dirty_10_16.jpg,dirty_positive,746,101,256,256,256,1108,1476,4,915,237,1133,jittered_positive,746,101,registered,registered,homography_inliers=4933/4934,10,10.jpg,train,PASS,resolved,exact,
10,10.jpg,10m.jpg,dirty_positive/dirty_10_17.jpg,dirty_positive,306,236,256,256,256,1108,1476,5,434,364,1587,centered_positive,306,236,registered,registered,homography_inliers=4933/4934,10,10.jpg,train,PASS,resolved,exact,
10,10.jpg,10m.jpg,dirty_positive/dirty_10_18.jpg,dirty_positive,357,261,256,256,256,1108,1476,5,434,364,1587,jittered_positive,357,261,registered,registered,homography_inliers=4933/4934,10,10.jpg,train,PASS,resolved,exact,
10,10.jpg,10m.jpg,dirty_positive/dirty_10_19.jpg,dirty_positive,248,278,256,256,256,1108,1476,5,434,364,1587,jittered_positive,248,278,registered,registered,homography_inliers=4933/4934,10,10.jpg,train,PASS,resolved,exact,
10,10.jpg,10m.jpg,dirty_positive/dirty_10_20.jpg,dirty_positive,255,273,256,256,256,1108,1476,5,434,364,1587,jittered_positive,255,273,registered,registered,homography_inliers=4933/4934,10,10.jpg,train,PASS,resolved,exact,
10,10.jpg,10m.jpg,dirty_positive/dirty_10_21.jpg,dirty_positive,467,370,256,256,256,1108,1476,6,595,498,1579,centered_positive,467,370,registered,registered,homography_inliers=4933/4934,10,10.jpg,train,PASS,resolved,exact,
10,10.jpg,10m.jpg,dirty_positive/dirty_10_22.jpg,dirty_positive,531,401,256,256,256,1108,1476,6,595,498,1579,jittered_positive,531,401,registered,registered,homography_inliers=4933/4934,10,10.jpg,train,PASS,resolved,exact,
10,10.jpg,10m.jpg,dirty_positive/dirty_10_23.jpg,dirty_positive,463,404,256,256,256,1108,1476,6,595,498,1579,jittered_positive,463,404,registered,registered,homography_inliers=4933/4934,10,10.jpg,train,PASS,resolved,exact,
10,10.jpg,10m.jpg,dirty_positive/dirty_10_24.jpg,dirty_positive,423,401,256,256,256,1108,1476,6,595,498,1579,jittered_positive,423,401,registered,registered,homography_inliers=4933/4934,10,10.jpg,train,PASS,resolved,exact,
10,10.jpg,10m.jpg,dirty_positive/dirty_10_25.jpg,dirty_positive,347,381,256,256,256,1108,1476,7,475,509,1091,centered_positive,347,381,registered,registered,homography_inliers=4933/4934,10,10.jpg,train,PASS,resolved,exact,
10,10.jpg,10m.jpg,dirty_positive/dirty_10_26.jpg,dirty_positive,340,324,256,256,256,1108,1476,7,475,509,1091,jittered_positive,340,324,registered,registered,homography_inliers=4933/4934,10,10.jpg,train,PASS,resolved,exact,
10,10.jpg,10m.jpg,dirty_positive/dirty_10_27.jpg,dirty_positive,364,342,256,256,256,1108,1476,7,475,509,1091,jittered_positive,364,342,registered,registered,homography_inliers=4933/4934,10,10.jpg,train,PASS,resolved,exact,
10,10.jpg,10m.jpg,dirty_positive/dirty_10_28.jpg,dirty_positive,368,354,256,256,256,1108,1476,7,475,509,1091,jittered_positive,368,354,registered,registered,homography_inliers=4933/4934,10,10.jpg,train,PASS,resolved,exact,
10,10.jpg,10m.jpg,dirty_positive/dirty_10_29.jpg,dirty_positive,239,447,256,256,256,1108,1476,8,367,575,955,centered_positive,239,447,registered,registered,homography_inliers=4933/4934,10,10.jpg,train,PASS,resolved,exact,
10,10.jpg,10m.jpg,dirty_positive/dirty_10_30.jpg,dirty_positive,210,392,256,256,256,1108,1476,8,367,575,955,jittered_positive,210,392,registered,registered,homography_inliers=4933/4934,10,10.jpg,train,PASS,resolved,exact,
10,10.jpg,10m.jpg,dirty_positive/dirty_10_31.jpg,dirty_positive,248,503,256,256,256,1108,1476,8,367,575,955,jittered_positive,248,503,registered,registered,homography_inliers=4933/4934,10,10.jpg,train,PASS,resolved,exact,
10,10.jpg,10m.jpg,dirty_positive/dirty_10_32.jpg,dirty_positive,210,503,256,256,256,1108,1476,8,367,575,955,jittered_positive,210,503,registered,registered,homography_inliers=4933/4934,10,10.jpg,train,PASS,resolved,exact,
10,10.jpg,10m.jpg,dirty_positive/dirty_10_33.jpg,dirty_positive,289,552,256,256,256,1108,1476,9,417,680,877,centered_positive,289,552,registered,registered,homography_inliers=4933/4934,10,10.jpg,train,PASS,resolved,exact,
10,10.jpg,10m.jpg,dirty_positive/dirty_10_34.jpg,dirty_positive,339,489,256,256,256,1108,1476,9,417,680,877,jittered_positive,339,489,registered,registered,homography_inliers=4933/4934,10,10.jpg,train,PASS,resolved,exact,
10,10.jpg,10m.jpg,dirty_positive/dirty_10_35.jpg,dirty_positive,245,492,256,256,256,1108,1476,9,417,680,877,jittered_positive,245,492,registered,registered,homography_inliers=4933/4934,10,10.jpg,train,PASS,resolved,exact,
10,10.jpg,10m.jpg,dirty_positive/dirty_10_36.jpg,dirty_positive,290,543,256,256,256,1108,1476,9,417,680,877,jittered_positive,290,543,registered,registered,homography_inliers=4933/4934,10,10.jpg,train,PASS,resolved,exact,
10,10.jpg,10m.jpg,dirty_positive/dirty_10_37.jpg,dirty_positive,149,598,256,256,256,1108,1476,10,277,726,1372,centered_positive,149,598,registered,registered,homography_inliers=4933/4934,10,10.jpg,train,PASS,resolved,exact,
10,10.jpg,10m.jpg,dirty_positive/dirty_10_38.jpg,dirty_positive,123,642,256,256,256,1108,1476,10,277,726,1372,jittered_positive,123,642,registered,registered,homography_inliers=4933/4934,10,10.jpg,train,PASS,resolved,exact,
10,10.jpg,10m.jpg,dirty_positive/dirty_10_39.jpg,dirty_positive,113,607,256,256,256,1108,1476,10,277,726,1372,jittered_positive,113,607,registered,registered,homography_inliers=4933/4934,10,10.jpg,train,PASS,resolved,exact,
10,10.jpg,10m.jpg,dirty_positive/dirty_10_40.jpg,dirty_positive,145,611,256,256,256,1108,1476,10,277,726,1372,jittered_positive,145,611,registered,registered,homography_inliers=4933/4934,10,10.jpg,train,PASS,resolved,exact,
10,10.jpg,10m.jpg,dirty_positive/dirty_10_41.jpg,dirty_positive,585,665,256,256,256,1108,1476,11,713,793,1152,centered_positive,585,665,registered,registered,homography_inliers=4933/4934,10,10.jpg,train,PASS,resolved,exact,
10,10.jpg,10m.jpg,dirty_positive/dirty_10_42.jpg,dirty_positive,552,613,256,256,256,1108,1476,11,713,793,1152,jittered_positive,552,613,registered,registered,homography_inliers=4933/4934,10,10.jpg,train,PASS,resolved,exact,
10,10.jpg,10m.jpg,dirty_positive/dirty_10_43.jpg,dirty_positive,582,708,256,256,256,1108,1476,11,713,793,1152,jittered_positive,582,708,registered,registered,homography_inliers=4933/4934,10,10.jpg,train,PASS,resolved,exact,
10,10.jpg,10m.jpg,dirty_positive/dirty_10_44.jpg,dirty_positive,638,617,256,256,256,1108,1476,11,713,793,1152,jittered_positive,638,617,registered,registered,homography_inliers=4933/4934,10,10.jpg,train,PASS,resolved,exact,
10,10.jpg,10m.jpg,dirty_positive/dirty_10_45.jpg,dirty_positive,806,677,256,256,256,1108,1476,12,934,805,1263,centered_positive,806,677,registered,registered,homography_inliers=4933/4934,10,10.jpg,train,PASS,resolved,exact,
10,10.jpg,10m.jpg,dirty_positive/dirty_10_46.jpg,dirty_positive,770,740,256,256,256,1108,1476,12,934,805,1263,jittered_positive,770,740,registered,registered,homography_inliers=4933/4934,10,10.jpg,train,PASS,resolved,exact,
10,10.jpg,10m.jpg,dirty_positive/dirty_10_47.jpg,dirty_positive,746,674,256,256,256,1108,1476,12,934,805,1263,jittered_positive,746,674,registered,registered,homography_inliers=4933/4934,10,10.jpg,train,PASS,resolved,exact,
10,10.jpg,10m.jpg,dirty_positive/dirty_10_48.jpg,dirty_positive,778,687,256,256,256,1108,1476,12,934,805,1263,jittered_positive,778,687,registered,registered,homography_inliers=4933/4934,10,10.jpg,train,PASS,resolved,exact,
10,10.jpg,10m.jpg,dirty_positive/dirty_10_49.jpg,dirty_positive,753,771,256,256,256,1108,1476,13,881,899,960,centered_positive,753,771,registered,registered,homography_inliers=4933/4934,10,10.jpg,train,PASS,resolved,exact,
10,10.jpg,10m.jpg,dirty_positive/dirty_10_50.jpg,dirty_positive,798,707,256,256,256,1108,1476,13,881,899,960,jittered_positive,798,707,registered,registered,homography_inliers=4933/4934,10,10.jpg,train,PASS,resolved,exact,
10,10.jpg,10m.jpg,dirty_positive/dirty_10_51.jpg,dirty_positive,779,768,256,256,256,1108,1476,13,881,899,960,jittered_positive,779,768,registered,registered,homography_inliers=4933/4934,10,10.jpg,train,PASS,resolved,exact,
10,10.jpg,10m.jpg,dirty_positive/dirty_10_52.jpg,dirty_positive,795,754,256,256,256,1108,1476,13,881,899,960,jittered_positive,795,754,registered,registered,homography_inliers=4933/4934,10,10.jpg,train,PASS,resolved,exact,
10,10.jpg,10m.jpg,dirty_positive/dirty_10_53.jpg,dirty_positive,313,812,256,256,256,1108,1476,14,441,940,1245,centered_positive,313,812,registered,registered,homography_inliers=4933/4934,10,10.jpg,train,PASS,resolved,exact,
10,10.jpg,10m.jpg,dirty_positive/dirty_10_54.jpg,dirty_positive,270,840,256,256,256,1108,1476,14,441,940,1245,jittered_positive,270,840,registered,registered,homography_inliers=4933/4934,10,10.jpg,train,PASS,resolved,exact,
10,10.jpg,10m.jpg,dirty_positive/dirty_10_55.jpg,dirty_positive,266,753,256,256,256,1108,1476,14,441,940,1245,jittered_positive,266,753,registered,registered,homography_inliers=4933/4934,10,10.jpg,train,PASS,resolved,exact,
10,10.jpg,10m.jpg,dirty_positive/dirty_10_56.jpg,dirty_positive,348,868,256,256,256,1108,1476,14,441,940,1245,jittered_positive,348,868,registered,registered,homography_inliers=4933/4934,10,10.jpg,train,PASS,resolved,exact,
10,10.jpg,10m.jpg,dirty_positive/dirty_10_57.jpg,dirty_positive,566,816,256,256,256,1108,1476,15,694,944,1320,centered_positive,566,816,registered,registered,homography_inliers=4933/4934,10,10.jpg,train,PASS,resolved,exact,
10,10.jpg,10m.jpg,dirty_positive/dirty_10_58.jpg,dirty_positive,513,851,256,256,256,1108,1476,15,694,944,1320,jittered_positive,513,851,registered,registered,homography_inliers=4933/4934,10,10.jpg,train,PASS,resolved,exact,
10,10.jpg,10m.jpg,dirty_positive/dirty_10_59.jpg,dirty_positive,597,816,256,256,256,1108,1476,15,694,944,1320,jittered_positive,597,816,registered,registered,homography_inliers=4933/4934,10,10.jpg,train,PASS,resolved,exact,
10,10.jpg,10m.jpg,dirty_positive/dirty_10_60.jpg,dirty_positive,506,843,256,256,256,1108,1476,15,694,944,1320,jittered_positive,506,843,registered,registered,homography_inliers=4933/4934,10,10.jpg,train,PASS,resolved,exact,
10,10.jpg,10m.jpg,dirty_positive/dirty_10_61.jpg,dirty_positive,843,827,256,256,256,1108,1476,16,971,955,1289,centered_positive,843,827,registered,registered,homography_inliers=4933/4934,10,10.jpg,train,PASS,resolved,exact,
10,10.jpg,10m.jpg,dirty_positive/dirty_10_62.jpg,dirty_positive,796,851,256,256,256,1108,1476,16,971,955,1289,jittered_positive,796,851,registered,registered,homography_inliers=4933/4934,10,10.jpg,train,PASS,resolved,exact,
10,10.jpg,10m.jpg,dirty_positive/dirty_10_63.jpg,dirty_positive,840,789,256,256,256,1108,1476,16,971,955,1289,jittered_positive,840,789,registered,registered,homography_inliers=4933/4934,10,10.jpg,train,PASS,resolved,exact,
10,10.jpg,10m.jpg,dirty_positive/dirty_10_64.jpg,dirty_positive,852,797,256,256,256,1108,1476,16,971,955,1289,jittered_positive,852,797,registered,registered,homography_inliers=4933/4934,10,10.jpg,train,PASS,resolved,exact,
10,10.jpg,10m.jpg,dirty_positive/dirty_10_65.jpg,dirty_positive,610,888,256,256,256,1108,1476,17,738,1016,1116,centered_positive,610,888,registered,registered,homography_inliers=4933/4934,10,10.jpg,train,PASS,resolved,exact,
10,10.jpg,10m.jpg,dirty_positive/dirty_10_66.jpg,dirty_positive,557,914,256,256,256,1108,1476,17,738,1016,1116,jittered_positive,557,914,registered,registered,homography_inliers=4933/4934,10,10.jpg,train,PASS,resolved,exact,
10,10.jpg,10m.jpg,dirty_positive/dirty_10_67.jpg,dirty_positive,632,868,256,256,256,1108,1476,17,738,1016,1116,jittered_positive,632,868,registered,registered,homography_inliers=4933/4934,10,10.jpg,train,PASS,resolved,exact,
10,10.jpg,10m.jpg,dirty_positive/dirty_10_68.jpg,dirty_positive,664,946,256,256,256,1108,1476,17,738,1016,1116,jittered_positive,664,946,registered,registered,homography_inliers=4933/4934,10,10.jpg,train,PASS,resolved,exact,
10,10.jpg,10m.jpg,dirty_positive/dirty_10_69.jpg,dirty_positive,852,939,256,256,256,1108,1476,18,994,1067,750,centered_positive,852,939,registered,registered,homography_inliers=4933/4934,10,10.jpg,train,PASS,resolved,exact,
10,10.jpg,10m.jpg,dirty_positive/dirty_10_70.jpg,dirty_positive,834,909,256,256,256,1108,1476,18,994,1067,750,jittered_positive,834,909,registered,registered,homography_inliers=4933/4934,10,10.jpg,train,PASS,resolved,exact,
10,10.jpg,10m.jpg,dirty_positive/dirty_10_71.jpg,dirty_positive,804,992,256,256,256,1108,1476,18,994,1067,750,jittered_positive,804,992,registered,registered,homography_inliers=4933/4934,10,10.jpg,train,PASS,resolved,exact,
10,10.jpg,10m.jpg,dirty_positive/dirty_10_72.jpg,dirty_positive,797,950,256,256,256,1108,1476,18,994,1067,750,jittered_positive,797,950,registered,registered,homography_inliers=4933/4934,10,10.jpg,train,PASS,resolved,exact,
10,10.jpg,10m.jpg,dirty_positive/dirty_10_73.jpg,dirty_positive,789,965,256,256,256,1108,1476,19,917,1093,1069,centered_positive,789,965,registered,registered,homography_inliers=4933/4934,10,10.jpg,train,PASS,resolved,exact,
10,10.jpg,10m.jpg,dirty_positive/dirty_10_74.jpg,dirty_positive,776,912,256,256,256,1108,1476,19,917,1093,1069,jittered_positive,776,912,registered,registered,homography_inliers=4933/4934,10,10.jpg,train,PASS,resolved,exact,
10,10.jpg,10m.jpg,dirty_positive/dirty_10_75.jpg,dirty_positive,776,911,256,256,256,1108,1476,19,917,1093,1069,jittered_positive,776,911,registered,registered,homography_inliers=4933/4934,10,10.jpg,train,PASS,resolved,exact,
10,10.jpg,10m.jpg,dirty_positive/dirty_10_76.jpg,dirty_positive,805,980,256,256,256,1108,1476,19,917,1093,1069,jittered_positive,805,980,registered,registered,homography_inliers=4933/4934,10,10.jpg,train,PASS,resolved,exact,
10,10.jpg,10m.jpg,dirty_positive/dirty_10_77.jpg,dirty_positive,327,1005,256,256,256,1108,1476,20,455,1133,1321,centered_positive,327,1005,registered,registered,homography_inliers=4933/4934,10,10.jpg,train,PASS,resolved,exact,
10,10.jpg,10m.jpg,dirty_positive/dirty_10_78.jpg,dirty_positive,364,1062,256,256,256,1108,1476,20,455,1133,1321,jittered_positive,364,1062,registered,registered,homography_inliers=4933/4934,10,10.jpg,train,PASS,resolved,exact,
10,10.jpg,10m.jpg,dirty_positive/dirty_10_79.jpg,dirty_positive,327,950,256,256,256,1108,1476,20,455,1133,1321,jittered_positive,327,950,registered,registered,homography_inliers=4933/4934,10,10.jpg,train,PASS,resolved,exact,
10,10.jpg,10m.jpg,dirty_positive/dirty_10_80.jpg,dirty_positive,311,1014,256,256,256,1108,1476,20,455,1133,1321,jittered_positive,311,1014,registered,registered,homography_inliers=4933/4934,10,10.jpg,train,PASS,resolved,exact,
11,11.jpg,11m.jpg,clean_negative/clean_11_1.jpg,clean_negative,304,0,256,256,256,1108,1476,,,,,sliding_window_clean,,,,,,11,11.jpg,test,FAIL,resolved,source-level only,clean-negative source split is traceable; defect-free status is not re-proven by this audit
11,11.jpg,11m.jpg,clean_negative/clean_11_2.jpg,clean_negative,352,0,256,256,256,1108,1476,,,,,sliding_window_clean,,,,,,11,11.jpg,test,FAIL,resolved,source-level only,clean-negative source split is traceable; defect-free status is not re-proven by this audit
11,11.jpg,11m.jpg,clean_negative/clean_11_3.jpg,clean_negative,400,0,256,256,256,1108,1476,,,,,sliding_window_clean,,,,,,11,11.jpg,test,FAIL,resolved,source-level only,clean-negative source split is traceable; defect-free status is not re-proven by this audit
11,11.jpg,11m.jpg,clean_negative/clean_11_4.jpg,clean_negative,448,0,256,256,256,1108,1476,,,,,sliding_window_clean,,,,,,11,11.jpg,test,FAIL,resolved,source-level only,clean-negative source split is traceable; defect-free status is not re-proven by this audit
11,11.jpg,11m.jpg,clean_negative/clean_11_5.jpg,clean_negative,496,0,256,256,256,1108,1476,,,,,sliding_window_clean,,,,,,11,11.jpg,test,FAIL,resolved,source-level only,clean-negative source split is traceable; defect-free status is not re-proven by this audit
11,11.jpg,11m.jpg,clean_negative/clean_11_6.jpg,clean_negative,544,0,256,256,256,1108,1476,,,,,sliding_window_clean,,,,,,11,11.jpg,test,FAIL,resolved,source-level only,clean-negative source split is traceable; defect-free status is not re-proven by this audit
11,11.jpg,11m.jpg,clean_negative/clean_11_7.jpg,clean_negative,592,0,256,256,256,1108,1476,,,,,sliding_window_clean,,,,,,11,11.jpg,test,FAIL,resolved,source-level only,clean-negative source split is traceable; defect-free status is not re-proven by this audit
11,11.jpg,11m.jpg,clean_negative/clean_11_8.jpg,clean_negative,640,0,256,256,256,1108,1476,,,,,sliding_window_clean,,,,,,11,11.jpg,test,FAIL,resolved,source-level only,clean-negative source split is traceable; defect-free status is not re-proven by this audit
11,11.jpg,11m.jpg,clean_negative/clean_11_9.jpg,clean_negative,688,0,256,256,256,1108,1476,,,,,sliding_window_clean,,,,,,11,11.jpg,test,FAIL,resolved,source-level only,clean-negative source split is traceable; defect-free status is not re-proven by this audit
11,11.jpg,11m.jpg,clean_negative/clean_11_10.jpg,clean_negative,736,0,256,256,256,1108,1476,,,,,sliding_window_clean,,,,,,11,11.jpg,test,FAIL,resolved,source-level only,clean-negative source split is traceable; defect-free status is not re-proven by this audit
11,11.jpg,11m.jpg,clean_negative/clean_11_11.jpg,clean_negative,784,0,256,256,256,1108,1476,,,,,sliding_window_clean,,,,,,11,11.jpg,test,FAIL,resolved,source-level only,clean-negative source split is traceable; defect-free status is not re-proven by this audit
11,11.jpg,11m.jpg,clean_negative/clean_11_12.jpg,clean_negative,832,0,256,256,256,1108,1476,,,,,sliding_window_clean,,,,,,11,11.jpg,test,FAIL,resolved,source-level only,clean-negative source split is traceable; defect-free status is not re-proven by this audit
11,11.jpg,11m.jpg,clean_negative/clean_11_13.jpg,clean_negative,312,36,256,256,256,1108,1476,,,,,sliding_window_clean,,,,,,11,11.jpg,test,FAIL,resolved,source-level only,clean-negative source split is traceable; defect-free status is not re-proven by this audit
11,11.jpg,11m.jpg,clean_negative/clean_11_14.jpg,clean_negative,352,36,256,256,256,1108,1476,,,,,sliding_window_clean,,,,,,11,11.jpg,test,FAIL,resolved,source-level only,clean-negative source split is traceable; defect-free status is not re-proven by this audit
11,11.jpg,11m.jpg,clean_negative/clean_11_15.jpg,clean_negative,592,40,256,256,256,1108,1476,,,,,sliding_window_clean,,,,,,11,11.jpg,test,FAIL,resolved,source-level only,clean-negative source split is traceable; defect-free status is not re-proven by this audit
11,11.jpg,11m.jpg,clean_negative/clean_11_16.jpg,clean_negative,640,40,256,256,256,1108,1476,,,,,sliding_window_clean,,,,,,11,11.jpg,test,FAIL,resolved,source-level only,clean-negative source split is traceable; defect-free status is not re-proven by this audit
11,11.jpg,11m.jpg,clean_negative/clean_11_17.jpg,clean_negative,688,40,256,256,256,1108,1476,,,,,sliding_window_clean,,,,,,11,11.jpg,test,FAIL,resolved,source-level only,clean-negative source split is traceable; defect-free status is not re-proven by this audit
11,11.jpg,11m.jpg,clean_negative/clean_11_18.jpg,clean_negative,736,40,256,256,256,1108,1476,,,,,sliding_window_clean,,,,,,11,11.jpg,test,FAIL,resolved,source-level only,clean-negative source split is traceable; defect-free status is not re-proven by this audit
11,11.jpg,11m.jpg,clean_negative/clean_11_19.jpg,clean_negative,784,40,256,256,256,1108,1476,,,,,sliding_window_clean,,,,,,11,11.jpg,test,FAIL,resolved,source-level only,clean-negative source split is traceable; defect-free status is not re-proven by this audit
11,11.jpg,11m.jpg,clean_negative/clean_11_20.jpg,clean_negative,832,40,256,256,256,1108,1476,,,,,sliding_window_clean,,,,,,11,11.jpg,test,FAIL,resolved,source-level only,clean-negative source split is traceable; defect-free status is not re-proven by this audit
11,11.jpg,11m.jpg,clean_negative/clean_11_21.jpg,clean_negative,404,43,256,256,256,1108,1476,,,,,sliding_window_clean,,,,,,11,11.jpg,test,FAIL,resolved,source-level only,clean-negative source split is traceable; defect-free status is not re-proven by this audit
11,11.jpg,11m.jpg,clean_negative/clean_11_22.jpg,clean_negative,448,48,256,256,256,1108,1476,,,,,sliding_window_clean,,,,,,11,11.jpg,test,FAIL,resolved,source-level only,clean-negative source split is traceable; defect-free status is not re-proven by this audit
11,11.jpg,11m.jpg,clean_negative/clean_11_23.jpg,clean_negative,496,48,256,256,256,1108,1476,,,,,sliding_window_clean,,,,,,11,11.jpg,test,FAIL,resolved,source-level only,clean-negative source split is traceable; defect-free status is not re-proven by this audit
11,11.jpg,11m.jpg,clean_negative/clean_11_24.jpg,clean_negative,544,48,256,256,256,1108,1476,,,,,sliding_window_clean,,,,,,11,11.jpg,test,FAIL,resolved,source-level only,clean-negative source split is traceable; defect-free status is not re-proven by this audit
11,11.jpg,11m.jpg,clean_negative/clean_11_25.jpg,clean_negative,556,586,256,256,256,1108,1476,,,,,sliding_window_clean,,,,,,11,11.jpg,test,FAIL,resolved,source-level only,clean-negative source split is traceable; defect-free status is not re-proven by this audit
11,11.jpg,11m.jpg,clean_negative/clean_11_26.jpg,clean_negative,604,586,256,256,256,1108,1476,,,,,sliding_window_clean,,,,,,11,11.jpg,test,FAIL,resolved,source-level only,clean-negative source split is traceable; defect-free status is not re-proven by this audit
11,11.jpg,11m.jpg,clean_negative/clean_11_27.jpg,clean_negative,647,586,256,256,256,1108,1476,,,,,sliding_window_clean,,,,,,11,11.jpg,test,FAIL,resolved,source-level only,clean-negative source split is traceable; defect-free status is not re-proven by this audit
11,11.jpg,11m.jpg,clean_negative/clean_11_28.jpg,clean_negative,556,619,256,256,256,1108,1476,,,,,sliding_window_clean,,,,,,11,11.jpg,test,FAIL,resolved,source-level only,clean-negative source split is traceable; defect-free status is not re-proven by this audit
11,11.jpg,11m.jpg,clean_negative/clean_11_29.jpg,clean_negative,663,623,256,256,256,1108,1476,,,,,sliding_window_clean,,,,,,11,11.jpg,test,FAIL,resolved,source-level only,clean-negative source split is traceable; defect-free status is not re-proven by this audit
11,11.jpg,11m.jpg,clean_negative/clean_11_30.jpg,clean_negative,605,631,256,256,256,1108,1476,,,,,sliding_window_clean,,,,,,11,11.jpg,test,FAIL,resolved,source-level only,clean-negative source split is traceable; defect-free status is not re-proven by this audit
11,11.jpg,11m.jpg,clean_negative/clean_11_31.jpg,clean_negative,652,634,256,256,256,1108,1476,,,,,sliding_window_clean,,,,,,11,11.jpg,test,FAIL,resolved,source-level only,clean-negative source split is traceable; defect-free status is not re-proven by this audit
11,11.jpg,11m.jpg,clean_negative/clean_11_32.jpg,clean_negative,700,640,256,256,256,1108,1476,,,,,sliding_window_clean,,,,,,11,11.jpg,test,FAIL,resolved,source-level only,clean-negative source split is traceable; defect-free status is not re-proven by this audit
11,11.jpg,11m.jpg,clean_negative/clean_11_33.jpg,clean_negative,748,640,256,256,256,1108,1476,,,,,sliding_window_clean,,,,,,11,11.jpg,test,FAIL,resolved,source-level only,clean-negative source split is traceable; defect-free status is not re-proven by this audit
11,11.jpg,11m.jpg,clean_negative/clean_11_34.jpg,clean_negative,751,640,256,256,256,1108,1476,,,,,sliding_window_clean,,,,,,11,11.jpg,test,FAIL,resolved,source-level only,clean-negative source split is traceable; defect-free status is not re-proven by this audit
11,11.jpg,11m.jpg,clean_negative/clean_11_35.jpg,clean_negative,628,682,256,256,256,1108,1476,,,,,sliding_window_clean,,,,,,11,11.jpg,test,FAIL,resolved,source-level only,clean-negative source split is traceable; defect-free status is not re-proven by this audit
11,11.jpg,11m.jpg,clean_negative/clean_11_36.jpg,clean_negative,652,682,256,256,256,1108,1476,,,,,sliding_window_clean,,,,,,11,11.jpg,test,FAIL,resolved,source-level only,clean-negative source split is traceable; defect-free status is not re-proven by this audit
11,11.jpg,11m.jpg,clean_negative/clean_11_37.jpg,clean_negative,700,682,256,256,256,1108,1476,,,,,sliding_window_clean,,,,,,11,11.jpg,test,FAIL,resolved,source-level only,clean-negative source split is traceable; defect-free status is not re-proven by this audit
11,11.jpg,11m.jpg,clean_negative/clean_11_38.jpg,clean_negative,748,682,256,256,256,1108,1476,,,,,sliding_window_clean,,,,,,11,11.jpg,test,FAIL,resolved,source-level only,clean-negative source split is traceable; defect-free status is not re-proven by this audit
11,11.jpg,11m.jpg,clean_negative/clean_11_39.jpg,clean_negative,796,684,256,256,256,1108,1476,,,,,sliding_window_clean,,,,,,11,11.jpg,test,FAIL,resolved,source-level only,clean-negative source split is traceable; defect-free status is not re-proven by this audit
11,11.jpg,11m.jpg,clean_negative/clean_11_40.jpg,clean_negative,844,685,256,256,256,1108,1476,,,,,sliding_window_clean,,,,,,11,11.jpg,test,FAIL,resolved,source-level only,clean-negative source split is traceable; defect-free status is not re-proven by this audit
11,11.jpg,11m.jpg,clean_negative/clean_11_41.jpg,clean_negative,628,728,256,256,256,1108,1476,,,,,sliding_window_clean,,,,,,11,11.jpg,test,FAIL,resolved,source-level only,clean-negative source split is traceable; defect-free status is not re-proven by this audit
11,11.jpg,11m.jpg,clean_negative/clean_11_42.jpg,clean_negative,652,728,256,256,256,1108,1476,,,,,sliding_window_clean,,,,,,11,11.jpg,test,FAIL,resolved,source-level only,clean-negative source split is traceable; defect-free status is not re-proven by this audit
11,11.jpg,11m.jpg,clean_negative/clean_11_43.jpg,clean_negative,700,728,256,256,256,1108,1476,,,,,sliding_window_clean,,,,,,11,11.jpg,test,FAIL,resolved,source-level only,clean-negative source split is traceable; defect-free status is not re-proven by this audit
11,11.jpg,11m.jpg,clean_negative/clean_11_44.jpg,clean_negative,748,728,256,256,256,1108,1476,,,,,sliding_window_clean,,,,,,11,11.jpg,test,FAIL,resolved,source-level only,clean-negative source split is traceable; defect-free status is not re-proven by this audit
11,11.jpg,11m.jpg,clean_negative/clean_11_45.jpg,clean_negative,796,728,256,256,256,1108,1476,,,,,sliding_window_clean,,,,,,11,11.jpg,test,FAIL,resolved,source-level only,clean-negative source split is traceable; defect-free status is not re-proven by this audit
11,11.jpg,11m.jpg,clean_negative/clean_11_46.jpg,clean_negative,844,730,256,256,256,1108,1476,,,,,sliding_window_clean,,,,,,11,11.jpg,test,FAIL,resolved,source-level only,clean-negative source split is traceable; defect-free status is not re-proven by this audit
11,11.jpg,11m.jpg,clean_negative/clean_11_47.jpg,clean_negative,845,1070,256,256,256,1108,1476,,,,,sliding_window_clean,,,,,,11,11.jpg,test,FAIL,resolved,source-level only,clean-negative source split is traceable; defect-free status is not re-proven by this audit
11,11.jpg,11m.jpg,clean_negative/clean_11_48.jpg,clean_negative,646,1093,256,256,256,1108,1476,,,,,sliding_window_clean,,,,,,11,11.jpg,test,FAIL,resolved,source-level only,clean-negative source split is traceable; defect-free status is not re-proven by this audit
11,11.jpg,11m.jpg,clean_negative/clean_11_49.jpg,clean_negative,694,1093,256,256,256,1108,1476,,,,,sliding_window_clean,,,,,,11,11.jpg,test,FAIL,resolved,source-level only,clean-negative source split is traceable; defect-free status is not re-proven by this audit
11,11.jpg,11m.jpg,clean_negative/clean_11_50.jpg,clean_negative,742,1093,256,256,256,1108,1476,,,,,sliding_window_clean,,,,,,11,11.jpg,test,FAIL,resolved,source-level only,clean-negative source split is traceable; defect-free status is not re-proven by this audit
11,11.jpg,11m.jpg,clean_negative/clean_11_51.jpg,clean_negative,790,1093,256,256,256,1108,1476,,,,,sliding_window_clean,,,,,,11,11.jpg,test,FAIL,resolved,source-level only,clean-negative source split is traceable; defect-free status is not re-proven by this audit
11,11.jpg,11m.jpg,clean_negative/clean_11_52.jpg,clean_negative,646,1111,256,256,256,1108,1476,,,,,sliding_window_clean,,,,,,11,11.jpg,test,FAIL,resolved,source-level only,clean-negative source split is traceable; defect-free status is not re-proven by this audit
11,11.jpg,11m.jpg,clean_negative/clean_11_53.jpg,clean_negative,694,1111,256,256,256,1108,1476,,,,,sliding_window_clean,,,,,,11,11.jpg,test,FAIL,resolved,source-level only,clean-negative source split is traceable; defect-free status is not re-proven by this audit
11,11.jpg,11m.jpg,clean_negative/clean_11_54.jpg,clean_negative,742,1111,256,256,256,1108,1476,,,,,sliding_window_clean,,,,,,11,11.jpg,test,FAIL,resolved,source-level only,clean-negative source split is traceable; defect-free status is not re-proven by this audit
11,11.jpg,11m.jpg,clean_negative/clean_11_55.jpg,clean_negative,790,1111,256,256,256,1108,1476,,,,,sliding_window_clean,,,,,,11,11.jpg,test,FAIL,resolved,source-level only,clean-negative source split is traceable; defect-free status is not re-proven by this audit
11,11.jpg,11m.jpg,clean_negative/clean_11_56.jpg,clean_negative,838,1111,256,256,256,1108,1476,,,,,sliding_window_clean,,,,,,11,11.jpg,test,FAIL,resolved,source-level only,clean-negative source split is traceable; defect-free status is not re-proven by this audit
11,11.jpg,11m.jpg,clean_negative/clean_11_57.jpg,clean_negative,646,1159,256,256,256,1108,1476,,,,,sliding_window_clean,,,,,,11,11.jpg,test,FAIL,resolved,source-level only,clean-negative source split is traceable; defect-free status is not re-proven by this audit
11,11.jpg,11m.jpg,clean_negative/clean_11_58.jpg,clean_negative,694,1159,256,256,256,1108,1476,,,,,sliding_window_clean,,,,,,11,11.jpg,test,FAIL,resolved,source-level only,clean-negative source split is traceable; defect-free status is not re-proven by this audit
11,11.jpg,11m.jpg,clean_negative/clean_11_59.jpg,clean_negative,742,1159,256,256,256,1108,1476,,,,,sliding_window_clean,,,,,,11,11.jpg,test,FAIL,resolved,source-level only,clean-negative source split is traceable; defect-free status is not re-proven by this audit
11,11.jpg,11m.jpg,clean_negative/clean_11_60.jpg,clean_negative,790,1159,256,256,256,1108,1476,,,,,sliding_window_clean,,,,,,11,11.jpg,test,FAIL,resolved,source-level only,clean-negative source split is traceable; defect-free status is not re-proven by this audit
11,11.jpg,11m.jpg,clean_negative/clean_11_61.jpg,clean_negative,838,1159,256,256,256,1108,1476,,,,,sliding_window_clean,,,,,,11,11.jpg,test,FAIL,resolved,source-level only,clean-negative source split is traceable; defect-free status is not re-proven by this audit
11,11.jpg,11m.jpg,clean_negative/clean_11_62.jpg,clean_negative,646,1207,256,256,256,1108,1476,,,,,sliding_window_clean,,,,,,11,11.jpg,test,FAIL,resolved,source-level only,clean-negative source split is traceable; defect-free status is not re-proven by this audit
11,11.jpg,11m.jpg,clean_negative/clean_11_63.jpg,clean_negative,694,1207,256,256,256,1108,1476,,,,,sliding_window_clean,,,,,,11,11.jpg,test,FAIL,resolved,source-level only,clean-negative source split is traceable; defect-free status is not re-proven by this audit
11,11.jpg,11m.jpg,clean_negative/clean_11_64.jpg,clean_negative,742,1207,256,256,256,1108,1476,,,,,sliding_window_clean,,,,,,11,11.jpg,test,FAIL,resolved,source-level only,clean-negative source split is traceable; defect-free status is not re-proven by this audit
11,11.jpg,11m.jpg,clean_negative/clean_11_65.jpg,clean_negative,790,1207,256,256,256,1108,1476,,,,,sliding_window_clean,,,,,,11,11.jpg,test,FAIL,resolved,source-level only,clean-negative source split is traceable; defect-free status is not re-proven by this audit
11,11.jpg,11m.jpg,clean_negative/clean_11_66.jpg,clean_negative,838,1207,256,256,256,1108,1476,,,,,sliding_window_clean,,,,,,11,11.jpg,test,FAIL,resolved,source-level only,clean-negative source split is traceable; defect-free status is not re-proven by this audit
11,11.jpg,11m.jpg,dirty_positive/dirty_11_1.jpg,dirty_positive,121,163,256,256,256,1108,1476,1,249,291,1047,centered_positive,121,163,registered,registered,homography_inliers=4339/4340,11,11.jpg,test,FAIL,resolved,exact,
11,11.jpg,11m.jpg,dirty_positive/dirty_11_2.jpg,dirty_positive,148,111,256,256,256,1108,1476,1,249,291,1047,jittered_positive,148,111,registered,registered,homography_inliers=4339/4340,11,11.jpg,test,FAIL,resolved,exact,
11,11.jpg,11m.jpg,dirty_positive/dirty_11_3.jpg,dirty_positive,141,168,256,256,256,1108,1476,1,249,291,1047,jittered_positive,141,168,registered,registered,homography_inliers=4339/4340,11,11.jpg,test,FAIL,resolved,exact,
11,11.jpg,11m.jpg,dirty_positive/dirty_11_4.jpg,dirty_positive,88,193,256,256,256,1108,1476,1,249,291,1047,jittered_positive,88,193,registered,registered,homography_inliers=4339/4340,11,11.jpg,test,FAIL,resolved,exact,
11,11.jpg,11m.jpg,dirty_positive/dirty_11_5.jpg,dirty_positive,20,172,256,256,256,1108,1476,2,148,300,1056,centered_positive,20,172,registered,registered,homography_inliers=4339/4340,11,11.jpg,test,FAIL,resolved,exact,
11,11.jpg,11m.jpg,dirty_positive/dirty_11_6.jpg,dirty_positive,67,210,256,256,256,1108,1476,2,148,300,1056,jittered_positive,67,210,registered,registered,homography_inliers=4339/4340,11,11.jpg,test,FAIL,resolved,exact,
11,11.jpg,11m.jpg,dirty_positive/dirty_11_7.jpg,dirty_positive,68,206,256,256,256,1108,1476,2,148,300,1056,jittered_positive,68,206,registered,registered,homography_inliers=4339/4340,11,11.jpg,test,FAIL,resolved,exact,
11,11.jpg,11m.jpg,dirty_positive/dirty_11_8.jpg,dirty_positive,42,155,256,256,256,1108,1476,2,148,300,1056,jittered_positive,42,155,registered,registered,homography_inliers=4339/4340,11,11.jpg,test,FAIL,resolved,exact,
11,11.jpg,11m.jpg,dirty_positive/dirty_11_9.jpg,dirty_positive,202,242,256,256,256,1108,1476,3,330,370,1865,centered_positive,202,242,registered,registered,homography_inliers=4339/4340,11,11.jpg,test,FAIL,resolved,exact,
11,11.jpg,11m.jpg,dirty_positive/dirty_11_10.jpg,dirty_positive,265,305,256,256,256,1108,1476,3,330,370,1865,jittered_positive,265,305,registered,registered,homography_inliers=4339/4340,11,11.jpg,test,FAIL,resolved,exact,
11,11.jpg,11m.jpg,dirty_positive/dirty_11_11.jpg,dirty_positive,232,246,256,256,256,1108,1476,3,330,370,1865,jittered_positive,232,246,registered,registered,homography_inliers=4339/4340,11,11.jpg,test,FAIL,resolved,exact,
11,11.jpg,11m.jpg,dirty_positive/dirty_11_12.jpg,dirty_positive,159,286,256,256,256,1108,1476,3,330,370,1865,jittered_positive,159,286,registered,registered,homography_inliers=4339/4340,11,11.jpg,test,FAIL,resolved,exact,
11,11.jpg,11m.jpg,dirty_positive/dirty_11_13.jpg,dirty_positive,688,229,256,256,256,1108,1476,4,816,357,1156,centered_positive,688,229,registered,registered,homography_inliers=4339/4340,11,11.jpg,test,FAIL,resolved,exact,
11,11.jpg,11m.jpg,dirty_positive/dirty_11_14.jpg,dirty_positive,644,275,256,256,256,1108,1476,4,816,357,1156,jittered_positive,644,275,registered,registered,homography_inliers=4339/4340,11,11.jpg,test,FAIL,resolved,exact,
11,11.jpg,11m.jpg,dirty_positive/dirty_11_15.jpg,dirty_positive,670,240,256,256,256,1108,1476,4,816,357,1156,jittered_positive,670,240,registered,registered,homography_inliers=4339/4340,11,11.jpg,test,FAIL,resolved,exact,
11,11.jpg,11m.jpg,dirty_positive/dirty_11_16.jpg,dirty_positive,706,191,256,256,256,1108,1476,4,816,357,1156,jittered_positive,706,191,registered,registered,homography_inliers=4339/4340,11,11.jpg,test,FAIL,resolved,exact,
11,11.jpg,11m.jpg,dirty_positive/dirty_11_17.jpg,dirty_positive,345,250,256,256,256,1108,1476,5,473,378,870,centered_positive,345,250,registered,registered,homography_inliers=4339/4340,11,11.jpg,test,FAIL,resolved,exact,
11,11.jpg,11m.jpg,dirty_positive/dirty_11_18.jpg,dirty_positive,301,269,256,256,256,1108,1476,5,473,378,870,jittered_positive,301,269,registered,registered,homography_inliers=4339/4340,11,11.jpg,test,FAIL,resolved,exact,
11,11.jpg,11m.jpg,dirty_positive/dirty_11_19.jpg,dirty_positive,356,264,256,256,256,1108,1476,5,473,378,870,jittered_positive,356,264,registered,registered,homography_inliers=4339/4340,11,11.jpg,test,FAIL,resolved,exact,
11,11.jpg,11m.jpg,dirty_positive/dirty_11_20.jpg,dirty_positive,395,295,256,256,256,1108,1476,5,473,378,870,jittered_positive,395,295,registered,registered,homography_inliers=4339/4340,11,11.jpg,test,FAIL,resolved,exact,
11,11.jpg,11m.jpg,dirty_positive/dirty_11_21.jpg,dirty_positive,589,257,256,256,256,1108,1476,6,717,385,1090,centered_positive,589,257,registered,registered,homography_inliers=4339/4340,11,11.jpg,test,FAIL,resolved,exact,
11,11.jpg,11m.jpg,dirty_positive/dirty_11_22.jpg,dirty_positive,567,306,256,256,256,1108,1476,6,717,385,1090,jittered_positive,567,306,registered,registered,homography_inliers=4339/4340,11,11.jpg,test,FAIL,resolved,exact,
11,11.jpg,11m.jpg,dirty_positive/dirty_11_23.jpg,dirty_positive,614,307,256,256,256,1108,1476,6,717,385,1090,jittered_positive,614,307,registered,registered,homography_inliers=4339/4340,11,11.jpg,test,FAIL,resolved,exact,
11,11.jpg,11m.jpg,dirty_positive/dirty_11_24.jpg,dirty_positive,535,283,256,256,256,1108,1476,6,717,385,1090,jittered_positive,535,283,registered,registered,homography_inliers=4339/4340,11,11.jpg,test,FAIL,resolved,exact,
11,11.jpg,11m.jpg,dirty_positive/dirty_11_25.jpg,dirty_positive,18,274,256,256,256,1108,1476,7,146,402,952,centered_positive,18,274,registered,registered,homography_inliers=4339/4340,11,11.jpg,test,FAIL,resolved,exact,
11,11.jpg,11m.jpg,dirty_positive/dirty_11_26.jpg,dirty_positive,65,280,256,256,256,1108,1476,7,146,402,952,jittered_positive,65,280,registered,registered,homography_inliers=4339/4340,11,11.jpg,test,FAIL,resolved,exact,
11,11.jpg,11m.jpg,dirty_positive/dirty_11_27.jpg,dirty_positive,1,229,256,256,256,1108,1476,7,146,402,952,jittered_positive,1,229,registered,registered,homography_inliers=4339/4340,11,11.jpg,test,FAIL,resolved,exact,
11,11.jpg,11m.jpg,dirty_positive/dirty_11_28.jpg,dirty_positive,57,303,256,256,256,1108,1476,7,146,402,952,jittered_positive,57,303,registered,registered,homography_inliers=4339/4340,11,11.jpg,test,FAIL,resolved,exact,
11,11.jpg,11m.jpg,dirty_positive/dirty_11_29.jpg,dirty_positive,197,316,256,256,256,1108,1476,8,325,444,645,centered_positive,197,316,registered,registered,homography_inliers=4339/4340,11,11.jpg,test,FAIL,resolved,exact,
11,11.jpg,11m.jpg,dirty_positive/dirty_11_30.jpg,dirty_positive,173,259,256,256,256,1108,1476,8,325,444,645,jittered_positive,173,259,registered,registered,homography_inliers=4339/4340,11,11.jpg,test,FAIL,resolved,exact,
11,11.jpg,11m.jpg,dirty_positive/dirty_11_31.jpg,dirty_positive,169,364,256,256,256,1108,1476,8,325,444,645,jittered_positive,169,364,registered,registered,homography_inliers=4339/4340,11,11.jpg,test,FAIL,resolved,exact,
11,11.jpg,11m.jpg,dirty_positive/dirty_11_32.jpg,dirty_positive,141,284,256,256,256,1108,1476,8,325,444,645,jittered_positive,141,284,registered,registered,homography_inliers=4339/4340,11,11.jpg,test,FAIL,resolved,exact,
11,11.jpg,11m.jpg,dirty_positive/dirty_11_33.jpg,dirty_positive,333,340,256,256,256,1108,1476,9,461,468,588,centered_positive,333,340,registered,registered,homography_inliers=4339/4340,11,11.jpg,test,FAIL,resolved,exact,
11,11.jpg,11m.jpg,dirty_positive/dirty_11_34.jpg,dirty_positive,286,336,256,256,256,1108,1476,9,461,468,588,jittered_positive,286,336,registered,registered,homography_inliers=4339/4340,11,11.jpg,test,FAIL,resolved,exact,
11,11.jpg,11m.jpg,dirty_positive/dirty_11_35.jpg,dirty_positive,362,368,256,256,256,1108,1476,9,461,468,588,jittered_positive,362,368,registered,registered,homography_inliers=4339/4340,11,11.jpg,test,FAIL,resolved,exact,
11,11.jpg,11m.jpg,dirty_positive/dirty_11_36.jpg,dirty_positive,367,284,256,256,256,1108,1476,9,461,468,588,jittered_positive,367,284,registered,registered,homography_inliers=4339/4340,11,11.jpg,test,FAIL,resolved,exact,
11,11.jpg,11m.jpg,dirty_positive/dirty_11_37.jpg,dirty_positive,53,363,256,256,256,1108,1476,10,181,491,793,centered_positive,53,363,registered,registered,homography_inliers=4339/4340,11,11.jpg,test,FAIL,resolved,exact,
11,11.jpg,11m.jpg,dirty_positive/dirty_11_38.jpg,dirty_positive,28,414,256,256,256,1108,1476,10,181,491,793,jittered_positive,28,414,registered,registered,homography_inliers=4339/4340,11,11.jpg,test,FAIL,resolved,exact,
11,11.jpg,11m.jpg,dirty_positive/dirty_11_39.jpg,dirty_positive,83,394,256,256,256,1108,1476,10,181,491,793,jittered_positive,83,394,registered,registered,homography_inliers=4339/4340,11,11.jpg,test,FAIL,resolved,exact,
11,11.jpg,11m.jpg,dirty_positive/dirty_11_40.jpg,dirty_positive,102,318,256,256,256,1108,1476,10,181,491,793,jittered_positive,102,318,registered,registered,homography_inliers=4339/4340,11,11.jpg,test,FAIL,resolved,exact,
11,11.jpg,11m.jpg,dirty_positive/dirty_11_41.jpg,dirty_positive,132,370,256,256,256,1108,1476,11,260,498,756,centered_positive,132,370,registered,registered,homography_inliers=4339/4340,11,11.jpg,test,FAIL,resolved,exact,
11,11.jpg,11m.jpg,dirty_positive/dirty_11_42.jpg,dirty_positive,103,399,256,256,256,1108,1476,11,260,498,756,jittered_positive,103,399,registered,registered,homography_inliers=4339/4340,11,11.jpg,test,FAIL,resolved,exact,
11,11.jpg,11m.jpg,dirty_positive/dirty_11_43.jpg,dirty_positive,169,386,256,256,256,1108,1476,11,260,498,756,jittered_positive,169,386,registered,registered,homography_inliers=4339/4340,11,11.jpg,test,FAIL,resolved,exact,
11,11.jpg,11m.jpg,dirty_positive/dirty_11_44.jpg,dirty_positive,139,369,256,256,256,1108,1476,11,260,498,756,jittered_positive,139,369,registered,registered,homography_inliers=4339/4340,11,11.jpg,test,FAIL,resolved,exact,
11,11.jpg,11m.jpg,dirty_positive/dirty_11_45.jpg,dirty_positive,584,394,256,256,256,1108,1476,12,712,522,1165,centered_positive,584,394,registered,registered,homography_inliers=4339/4340,11,11.jpg,test,FAIL,resolved,exact,
11,11.jpg,11m.jpg,dirty_positive/dirty_11_46.jpg,dirty_positive,549,336,256,256,256,1108,1476,12,712,522,1165,jittered_positive,549,336,registered,registered,homography_inliers=4339/4340,11,11.jpg,test,FAIL,resolved,exact,
11,11.jpg,11m.jpg,dirty_positive/dirty_11_47.jpg,dirty_positive,567,457,256,256,256,1108,1476,12,712,522,1165,jittered_positive,567,457,registered,registered,homography_inliers=4339/4340,11,11.jpg,test,FAIL,resolved,exact,
11,11.jpg,11m.jpg,dirty_positive/dirty_11_48.jpg,dirty_positive,619,360,256,256,256,1108,1476,12,712,522,1165,jittered_positive,619,360,registered,registered,homography_inliers=4339/4340,11,11.jpg,test,FAIL,resolved,exact,
11,11.jpg,11m.jpg,dirty_positive/dirty_11_49.jpg,dirty_positive,852,440,256,256,256,1108,1476,13,985,568,1633,centered_positive,852,440,registered,registered,homography_inliers=4339/4340,11,11.jpg,test,FAIL,resolved,exact,
11,11.jpg,11m.jpg,dirty_positive/dirty_11_50.jpg,dirty_positive,852,442,256,256,256,1108,1476,13,985,568,1633,jittered_positive,852,442,registered,registered,homography_inliers=4339/4340,11,11.jpg,test,FAIL,resolved,exact,
11,11.jpg,11m.jpg,dirty_positive/dirty_11_51.jpg,dirty_positive,852,430,256,256,256,1108,1476,13,985,568,1633,jittered_positive,852,430,registered,registered,homography_inliers=4339/4340,11,11.jpg,test,FAIL,resolved,exact,
11,11.jpg,11m.jpg,dirty_positive/dirty_11_52.jpg,dirty_positive,852,501,256,256,256,1108,1476,13,985,568,1633,jittered_positive,852,501,registered,registered,homography_inliers=4339/4340,11,11.jpg,test,FAIL,resolved,exact,
11,11.jpg,11m.jpg,dirty_positive/dirty_11_53.jpg,dirty_positive,356,447,256,256,256,1108,1476,14,484,575,1062,centered_positive,356,447,registered,registered,homography_inliers=4339/4340,11,11.jpg,test,FAIL,resolved,exact,
11,11.jpg,11m.jpg,dirty_positive/dirty_11_54.jpg,dirty_positive,343,414,256,256,256,1108,1476,14,484,575,1062,jittered_positive,343,414,registered,registered,homography_inliers=4339/4340,11,11.jpg,test,FAIL,resolved,exact,
11,11.jpg,11m.jpg,dirty_positive/dirty_11_55.jpg,dirty_positive,326,401,256,256,256,1108,1476,14,484,575,1062,jittered_positive,326,401,registered,registered,homography_inliers=4339/4340,11,11.jpg,test,FAIL,resolved,exact,
11,11.jpg,11m.jpg,dirty_positive/dirty_11_56.jpg,dirty_positive,407,427,256,256,256,1108,1476,14,484,575,1062,jittered_positive,407,427,registered,registered,homography_inliers=4339/4340,11,11.jpg,test,FAIL,resolved,exact,
11,11.jpg,11m.jpg,dirty_positive/dirty_11_57.jpg,dirty_positive,111,475,256,256,256,1108,1476,15,239,603,681,centered_positive,111,475,registered,registered,homography_inliers=4339/4340,11,11.jpg,test,FAIL,resolved,exact,
11,11.jpg,11m.jpg,dirty_positive/dirty_11_58.jpg,dirty_positive,160,433,256,256,256,1108,1476,15,239,603,681,jittered_positive,160,433,registered,registered,homography_inliers=4339/4340,11,11.jpg,test,FAIL,resolved,exact,
11,11.jpg,11m.jpg,dirty_positive/dirty_11_59.jpg,dirty_positive,128,499,256,256,256,1108,1476,15,239,603,681,jittered_positive,128,499,registered,registered,homography_inliers=4339/4340,11,11.jpg,test,FAIL,resolved,exact,
11,11.jpg,11m.jpg,dirty_positive/dirty_11_60.jpg,dirty_positive,63,485,256,256,256,1108,1476,15,239,603,681,jittered_positive,63,485,registered,registered,homography_inliers=4339/4340,11,11.jpg,test,FAIL,resolved,exact,
11,11.jpg,11m.jpg,dirty_positive/dirty_11_61.jpg,dirty_positive,852,501,256,256,256,1108,1476,16,1064,629,972,centered_positive,852,501,registered,registered,homography_inliers=4339/4340,11,11.jpg,test,FAIL,resolved,exact,
11,11.jpg,11m.jpg,dirty_positive/dirty_11_62.jpg,dirty_positive,852,477,256,256,256,1108,1476,16,1064,629,972,jittered_positive,852,477,registered,registered,homography_inliers=4339/4340,11,11.jpg,test,FAIL,resolved,exact,
11,11.jpg,11m.jpg,dirty_positive/dirty_11_63.jpg,dirty_positive,832,529,256,256,256,1108,1476,16,1064,629,972,jittered_positive,832,529,registered,registered,homography_inliers=4339/4340,11,11.jpg,test,FAIL,resolved,exact,
11,11.jpg,11m.jpg,dirty_positive/dirty_11_64.jpg,dirty_positive,845,468,256,256,256,1108,1476,16,1064,629,972,jittered_positive,845,468,registered,registered,homography_inliers=4339/4340,11,11.jpg,test,FAIL,resolved,exact,
11,11.jpg,11m.jpg,dirty_positive/dirty_11_65.jpg,dirty_positive,146,535,256,256,256,1108,1476,17,274,663,793,centered_positive,146,535,registered,registered,homography_inliers=4339/4340,11,11.jpg,test,FAIL,resolved,exact,
11,11.jpg,11m.jpg,dirty_positive/dirty_11_66.jpg,dirty_positive,133,506,256,256,256,1108,1476,17,274,663,793,jittered_positive,133,506,registered,registered,homography_inliers=4339/4340,11,11.jpg,test,FAIL,resolved,exact,
11,11.jpg,11m.jpg,dirty_positive/dirty_11_67.jpg,dirty_positive,142,597,256,256,256,1108,1476,17,274,663,793,jittered_positive,142,597,registered,registered,homography_inliers=4339/4340,11,11.jpg,test,FAIL,resolved,exact,
11,11.jpg,11m.jpg,dirty_positive/dirty_11_68.jpg,dirty_positive,88,563,256,256,256,1108,1476,17,274,663,793,jittered_positive,88,563,registered,registered,homography_inliers=4339/4340,11,11.jpg,test,FAIL,resolved,exact,
11,11.jpg,11m.jpg,dirty_positive/dirty_11_69.jpg,dirty_positive,375,545,256,256,256,1108,1476,18,503,673,947,centered_positive,375,545,registered,registered,homography_inliers=4339/4340,11,11.jpg,test,FAIL,resolved,exact,
11,11.jpg,11m.jpg,dirty_positive/dirty_11_70.jpg,dirty_positive,405,600,256,256,256,1108,1476,18,503,673,947,jittered_positive,405,600,registered,registered,homography_inliers=4339/4340,11,11.jpg,test,FAIL,resolved,exact,
11,11.jpg,11m.jpg,dirty_positive/dirty_11_71.jpg,dirty_positive,344,503,256,256,256,1108,1476,18,503,673,947,jittered_positive,344,503,registered,registered,homography_inliers=4339/4340,11,11.jpg,test,FAIL,resolved,exact,
11,11.jpg,11m.jpg,dirty_positive/dirty_11_72.jpg,dirty_positive,327,560,256,256,256,1108,1476,18,503,673,947,jittered_positive,327,560,registered,registered,homography_inliers=4339/4340,11,11.jpg,test,FAIL,resolved,exact,
11,11.jpg,11m.jpg,dirty_positive/dirty_11_73.jpg,dirty_positive,285,558,256,256,256,1108,1476,19,413,686,688,centered_positive,285,558,registered,registered,homography_inliers=4339/4340,11,11.jpg,test,FAIL,resolved,exact,
11,11.jpg,11m.jpg,dirty_positive/dirty_11_74.jpg,dirty_positive,322,616,256,256,256,1108,1476,19,413,686,688,jittered_positive,322,616,registered,registered,homography_inliers=4339/4340,11,11.jpg,test,FAIL,resolved,exact,
11,11.jpg,11m.jpg,dirty_positive/dirty_11_75.jpg,dirty_positive,326,598,256,256,256,1108,1476,19,413,686,688,jittered_positive,326,598,registered,registered,homography_inliers=4339/4340,11,11.jpg,test,FAIL,resolved,exact,
11,11.jpg,11m.jpg,dirty_positive/dirty_11_76.jpg,dirty_positive,239,526,256,256,256,1108,1476,19,413,686,688,jittered_positive,239,526,registered,registered,homography_inliers=4339/4340,11,11.jpg,test,FAIL,resolved,exact,
11,11.jpg,11m.jpg,dirty_positive/dirty_11_77.jpg,dirty_positive,151,593,256,256,256,1108,1476,20,279,721,847,centered_positive,151,593,registered,registered,homography_inliers=4339/4340,11,11.jpg,test,FAIL,resolved,exact,
11,11.jpg,11m.jpg,dirty_positive/dirty_11_78.jpg,dirty_positive,168,547,256,256,256,1108,1476,20,279,721,847,jittered_positive,168,547,registered,registered,homography_inliers=4339/4340,11,11.jpg,test,FAIL,resolved,exact,
11,11.jpg,11m.jpg,dirty_positive/dirty_11_79.jpg,dirty_positive,202,648,256,256,256,1108,1476,20,279,721,847,jittered_positive,202,648,registered,registered,homography_inliers=4339/4340,11,11.jpg,test,FAIL,resolved,exact,
11,11.jpg,11m.jpg,dirty_positive/dirty_11_80.jpg,dirty_positive,175,561,256,256,256,1108,1476,20,279,721,847,jittered_positive,175,561,registered,registered,homography_inliers=4339/4340,11,11.jpg,test,FAIL,resolved,exact,
11,11.jpg,11m.jpg,dirty_positive/dirty_11_81.jpg,dirty_positive,271,634,256,256,256,1108,1476,21,399,762,1158,centered_positive,271,634,registered,registered,homography_inliers=4339/4340,11,11.jpg,test,FAIL,resolved,exact,
11,11.jpg,11m.jpg,dirty_positive/dirty_11_82.jpg,dirty_positive,253,603,256,256,256,1108,1476,21,399,762,1158,jittered_positive,253,603,registered,registered,homography_inliers=4339/4340,11,11.jpg,test,FAIL,resolved,exact,
11,11.jpg,11m.jpg,dirty_positive/dirty_11_83.jpg,dirty_positive,317,698,256,256,256,1108,1476,21,399,762,1158,jittered_positive,317,698,registered,registered,homography_inliers=4339/4340,11,11.jpg,test,FAIL,resolved,exact,
11,11.jpg,11m.jpg,dirty_positive/dirty_11_84.jpg,dirty_positive,221,601,256,256,256,1108,1476,21,399,762,1158,jittered_positive,221,601,registered,registered,homography_inliers=4339/4340,11,11.jpg,test,FAIL,resolved,exact,
11,11.jpg,11m.jpg,dirty_positive/dirty_11_85.jpg,dirty_positive,65,670,256,256,256,1108,1476,22,193,798,787,centered_positive,65,670,registered,registered,homography_inliers=4339/4340,11,11.jpg,test,FAIL,resolved,exact,
11,11.jpg,11m.jpg,dirty_positive/dirty_11_86.jpg,dirty_positive,40,683,256,256,256,1108,1476,22,193,798,787,jittered_positive,40,683,registered,registered,homography_inliers=4339/4340,11,11.jpg,test,FAIL,resolved,exact,
11,11.jpg,11m.jpg,dirty_positive/dirty_11_87.jpg,dirty_positive,43,647,256,256,256,1108,1476,22,193,798,787,jittered_positive,43,647,registered,registered,homography_inliers=4339/4340,11,11.jpg,test,FAIL,resolved,exact,
11,11.jpg,11m.jpg,dirty_positive/dirty_11_88.jpg,dirty_positive,83,663,256,256,256,1108,1476,22,193,798,787,jittered_positive,83,663,registered,registered,homography_inliers=4339/4340,11,11.jpg,test,FAIL,resolved,exact,
11,11.jpg,11m.jpg,dirty_positive/dirty_11_89.jpg,dirty_positive,429,826,256,256,256,1108,1476,23,557,954,1534,centered_positive,429,826,registered,registered,homography_inliers=4339/4340,11,11.jpg,test,FAIL,resolved,exact,
11,11.jpg,11m.jpg,dirty_positive/dirty_11_90.jpg,dirty_positive,453,834,256,256,256,1108,1476,23,557,954,1534,jittered_positive,453,834,registered,registered,homography_inliers=4339/4340,11,11.jpg,test,FAIL,resolved,exact,
11,11.jpg,11m.jpg,dirty_positive/dirty_11_91.jpg,dirty_positive,385,826,256,256,256,1108,1476,23,557,954,1534,jittered_positive,385,826,registered,registered,homography_inliers=4339/4340,11,11.jpg,test,FAIL,resolved,exact,
11,11.jpg,11m.jpg,dirty_positive/dirty_11_92.jpg,dirty_positive,415,832,256,256,256,1108,1476,23,557,954,1534,jittered_positive,415,832,registered,registered,homography_inliers=4339/4340,11,11.jpg,test,FAIL,resolved,exact,
11,11.jpg,11m.jpg,dirty_positive/dirty_11_93.jpg,dirty_positive,166,820,256,256,256,1108,1476,24,294,948,1197,centered_positive,166,820,registered,registered,homography_inliers=4339/4340,11,11.jpg,test,FAIL,resolved,exact,
11,11.jpg,11m.jpg,dirty_positive/dirty_11_94.jpg,dirty_positive,134,833,256,256,256,1108,1476,24,294,948,1197,jittered_positive,134,833,registered,registered,homography_inliers=4339/4340,11,11.jpg,test,FAIL,resolved,exact,
11,11.jpg,11m.jpg,dirty_positive/dirty_11_95.jpg,dirty_positive,125,884,256,256,256,1108,1476,24,294,948,1197,jittered_positive,125,884,registered,registered,homography_inliers=4339/4340,11,11.jpg,test,FAIL,resolved,exact,
11,11.jpg,11m.jpg,dirty_positive/dirty_11_96.jpg,dirty_positive,145,795,256,256,256,1108,1476,24,294,948,1197,jittered_positive,145,795,registered,registered,homography_inliers=4339/4340,11,11.jpg,test,FAIL,resolved,exact,
11,11.jpg,11m.jpg,dirty_positive/dirty_11_97.jpg,dirty_positive,73,824,256,256,256,1108,1476,25,201,952,809,centered_positive,73,824,registered,registered,homography_inliers=4339/4340,11,11.jpg,test,FAIL,resolved,exact,
11,11.jpg,11m.jpg,dirty_positive/dirty_11_98.jpg,dirty_positive,52,846,256,256,256,1108,1476,25,201,952,809,jittered_positive,52,846,registered,registered,homography_inliers=4339/4340,11,11.jpg,test,FAIL,resolved,exact,
11,11.jpg,11m.jpg,dirty_positive/dirty_11_99.jpg,dirty_positive,19,767,256,256,256,1108,1476,25,201,952,809,jittered_positive,19,767,registered,registered,homography_inliers=4339/4340,11,11.jpg,test,FAIL,resolved,exact,
11,11.jpg,11m.jpg,dirty_positive/dirty_11_100.jpg,dirty_positive,29,771,256,256,256,1108,1476,25,201,952,809,jittered_positive,29,771,registered,registered,homography_inliers=4339/4340,11,11.jpg,test,FAIL,resolved,exact,
11,11.jpg,11m.jpg,dirty_positive/dirty_11_101.jpg,dirty_positive,675,910,256,256,256,1108,1476,26,803,1038,1035,centered_positive,675,910,registered,registered,homography_inliers=4339/4340,11,11.jpg,test,FAIL,resolved,exact,
11,11.jpg,11m.jpg,dirty_positive/dirty_11_102.jpg,dirty_positive,678,899,256,256,256,1108,1476,26,803,1038,1035,jittered_positive,678,899,registered,registered,homography_inliers=4339/4340,11,11.jpg,test,FAIL,resolved,exact,
11,11.jpg,11m.jpg,dirty_positive/dirty_11_103.jpg,dirty_positive,717,853,256,256,256,1108,1476,26,803,1038,1035,jittered_positive,717,853,registered,registered,homography_inliers=4339/4340,11,11.jpg,test,FAIL,resolved,exact,
11,11.jpg,11m.jpg,dirty_positive/dirty_11_104.jpg,dirty_positive,738,920,256,256,256,1108,1476,26,803,1038,1035,jittered_positive,738,920,registered,registered,homography_inliers=4339/4340,11,11.jpg,test,FAIL,resolved,exact,
11,11.jpg,11m.jpg,dirty_positive/dirty_11_105.jpg,dirty_positive,74,991,256,256,256,1108,1476,27,202,1119,1567,centered_positive,74,991,registered,registered,homography_inliers=4339/4340,11,11.jpg,test,FAIL,resolved,exact,
11,11.jpg,11m.jpg,dirty_positive/dirty_11_106.jpg,dirty_positive,87,1050,256,256,256,1108,1476,27,202,1119,1567,jittered_positive,87,1050,registered,registered,homography_inliers=4339/4340,11,11.jpg,test,FAIL,resolved,exact,
11,11.jpg,11m.jpg,dirty_positive/dirty_11_107.jpg,dirty_positive,72,1030,256,256,256,1108,1476,27,202,1119,1567,jittered_positive,72,1030,registered,registered,homography_inliers=4339/4340,11,11.jpg,test,FAIL,resolved,exact,
11,11.jpg,11m.jpg,dirty_positive/dirty_11_108.jpg,dirty_positive,86,1043,256,256,256,1108,1476,27,202,1119,1567,jittered_positive,86,1043,registered,registered,homography_inliers=4339/4340,11,11.jpg,test,FAIL,resolved,exact,
11,11.jpg,11m.jpg,dirty_positive/dirty_11_109.jpg,dirty_positive,373,999,256,256,256,1108,1476,28,501,1127,1364,centered_positive,373,999,registered,registered,homography_inliers=4339/4340,11,11.jpg,test,FAIL,resolved,exact,
11,11.jpg,11m.jpg,dirty_positive/dirty_11_110.jpg,dirty_positive,327,950,256,256,256,1108,1476,28,501,1127,1364,jittered_positive,327,950,registered,registered,homography_inliers=4339/4340,11,11.jpg,test,FAIL,resolved,exact,
11,11.jpg,11m.jpg,dirty_positive/dirty_11_111.jpg,dirty_positive,349,1047,256,256,256,1108,1476,28,501,1127,1364,jittered_positive,349,1047,registered,registered,homography_inliers=4339/4340,11,11.jpg,test,FAIL,resolved,exact,
11,11.jpg,11m.jpg,dirty_positive/dirty_11_112.jpg,dirty_positive,415,1058,256,256,256,1108,1476,28,501,1127,1364,jittered_positive,415,1058,registered,registered,homography_inliers=4339/4340,11,11.jpg,test,FAIL,resolved,exact,
11,11.jpg,11m.jpg,dirty_positive/dirty_11_113.jpg,dirty_positive,290,1113,256,256,256,1108,1476,29,418,1241,1785,centered_positive,290,1113,registered,registered,homography_inliers=4339/4340,11,11.jpg,test,FAIL,resolved,exact,
11,11.jpg,11m.jpg,dirty_positive/dirty_11_114.jpg,dirty_positive,344,1101,256,256,256,1108,1476,29,418,1241,1785,jittered_positive,344,1101,registered,registered,homography_inliers=4339/4340,11,11.jpg,test,FAIL,resolved,exact,
11,11.jpg,11m.jpg,dirty_positive/dirty_11_115.jpg,dirty_positive,313,1085,256,256,256,1108,1476,29,418,1241,1785,jittered_positive,313,1085,registered,registered,homography_inliers=4339/4340,11,11.jpg,test,FAIL,resolved,exact,
11,11.jpg,11m.jpg,dirty_positive/dirty_11_116.jpg,dirty_positive,306,1130,256,256,256,1108,1476,29,418,1241,1785,jittered_positive,306,1130,registered,registered,homography_inliers=4339/4340,11,11.jpg,test,FAIL,resolved,exact,
11,11.jpg,11m.jpg,dirty_positive/dirty_11_117.jpg,dirty_positive,13,1126,256,256,256,1108,1476,30,141,1254,1342,centered_positive,13,1126,registered,registered,homography_inliers=4339/4340,11,11.jpg,test,FAIL,resolved,exact,
11,11.jpg,11m.jpg,dirty_positive/dirty_11_118.jpg,dirty_positive,37,1164,256,256,256,1108,1476,30,141,1254,1342,jittered_positive,37,1164,registered,registered,homography_inliers=4339/4340,11,11.jpg,test,FAIL,resolved,exact,
11,11.jpg,11m.jpg,dirty_positive/dirty_11_119.jpg,dirty_positive,0,1156,256,256,256,1108,1476,30,141,1254,1342,jittered_positive,0,1156,registered,registered,homography_inliers=4339/4340,11,11.jpg,test,FAIL,resolved,exact,
11,11.jpg,11m.jpg,dirty_positive/dirty_11_120.jpg,dirty_positive,0,1143,256,256,256,1108,1476,30,141,1254,1342,jittered_positive,0,1143,registered,registered,homography_inliers=4339/4340,11,11.jpg,test,FAIL,resolved,exact,
11,11.jpg,11m.jpg,dirty_positive/dirty_11_121.jpg,dirty_positive,453,1196,256,256,256,1108,1476,31,581,1324,1269,centered_positive,453,1196,registered,registered,homography_inliers=4339/4340,11,11.jpg,test,FAIL,resolved,exact,
11,11.jpg,11m.jpg,dirty_positive/dirty_11_122.jpg,dirty_positive,450,1220,256,256,256,1108,1476,31,581,1324,1269,jittered_positive,450,1220,registered,registered,homography_inliers=4339/4340,11,11.jpg,test,FAIL,resolved,exact,
11,11.jpg,11m.jpg,dirty_positive/dirty_11_123.jpg,dirty_positive,420,1200,256,256,256,1108,1476,31,581,1324,1269,jittered_positive,420,1200,registered,registered,homography_inliers=4339/4340,11,11.jpg,test,FAIL,resolved,exact,
11,11.jpg,11m.jpg,dirty_positive/dirty_11_124.jpg,dirty_positive,504,1195,256,256,256,1108,1476,31,581,1324,1269,jittered_positive,504,1195,registered,registered,homography_inliers=4339/4340,11,11.jpg,test,FAIL,resolved,exact,
12,12.jpg,12m.jpg,clean_negative/clean_12_1.jpg,clean_negative,0,0,256,256,256,1108,1476,,,,,sliding_window_clean,,,,,,12,12.jpg,train,FAIL,resolved,source-level only,clean-negative source split is traceable; defect-free status is not re-proven by this audit
12,12.jpg,12m.jpg,clean_negative/clean_12_2.jpg,clean_negative,48,0,256,256,256,1108,1476,,,,,sliding_window_clean,,,,,,12,12.jpg,train,FAIL,resolved,source-level only,clean-negative source split is traceable; defect-free status is not re-proven by this audit
12,12.jpg,12m.jpg,clean_negative/clean_12_3.jpg,clean_negative,0,48,256,256,256,1108,1476,,,,,sliding_window_clean,,,,,,12,12.jpg,train,FAIL,resolved,source-level only,clean-negative source split is traceable; defect-free status is not re-proven by this audit
12,12.jpg,12m.jpg,clean_negative/clean_12_4.jpg,clean_negative,48,48,256,256,256,1108,1476,,,,,sliding_window_clean,,,,,,12,12.jpg,train,FAIL,resolved,source-level only,clean-negative source split is traceable; defect-free status is not re-proven by this audit
12,12.jpg,12m.jpg,clean_negative/clean_12_5.jpg,clean_negative,0,96,256,256,256,1108,1476,,,,,sliding_window_clean,,,,,,12,12.jpg,train,FAIL,resolved,source-level only,clean-negative source split is traceable; defect-free status is not re-proven by this audit
12,12.jpg,12m.jpg,clean_negative/clean_12_6.jpg,clean_negative,48,96,256,256,256,1108,1476,,,,,sliding_window_clean,,,,,,12,12.jpg,train,FAIL,resolved,source-level only,clean-negative source split is traceable; defect-free status is not re-proven by this audit
12,12.jpg,12m.jpg,clean_negative/clean_12_7.jpg,clean_negative,829,911,256,256,256,1108,1476,,,,,sliding_window_clean,,,,,,12,12.jpg,train,FAIL,resolved,source-level only,clean-negative source split is traceable; defect-free status is not re-proven by this audit
12,12.jpg,12m.jpg,clean_negative/clean_12_8.jpg,clean_negative,669,919,256,256,256,1108,1476,,,,,sliding_window_clean,,,,,,12,12.jpg,train,FAIL,resolved,source-level only,clean-negative source split is traceable; defect-free status is not re-proven by this audit
12,12.jpg,12m.jpg,clean_negative/clean_12_9.jpg,clean_negative,685,919,256,256,256,1108,1476,,,,,sliding_window_clean,,,,,,12,12.jpg,train,FAIL,resolved,source-level only,clean-negative source split is traceable; defect-free status is not re-proven by this audit
12,12.jpg,12m.jpg,clean_negative/clean_12_10.jpg,clean_negative,733,919,256,256,256,1108,1476,,,,,sliding_window_clean,,,,,,12,12.jpg,train,FAIL,resolved,source-level only,clean-negative source split is traceable; defect-free status is not re-proven by this audit
12,12.jpg,12m.jpg,clean_negative/clean_12_11.jpg,clean_negative,781,919,256,256,256,1108,1476,,,,,sliding_window_clean,,,,,,12,12.jpg,train,FAIL,resolved,source-level only,clean-negative source split is traceable; defect-free status is not re-proven by this audit
12,12.jpg,12m.jpg,clean_negative/clean_12_12.jpg,clean_negative,669,959,256,256,256,1108,1476,,,,,sliding_window_clean,,,,,,12,12.jpg,train,FAIL,resolved,source-level only,clean-negative source split is traceable; defect-free status is not re-proven by this audit
12,12.jpg,12m.jpg,clean_negative/clean_12_13.jpg,clean_negative,685,959,256,256,256,1108,1476,,,,,sliding_window_clean,,,,,,12,12.jpg,train,FAIL,resolved,source-level only,clean-negative source split is traceable; defect-free status is not re-proven by this audit
12,12.jpg,12m.jpg,clean_negative/clean_12_14.jpg,clean_negative,733,959,256,256,256,1108,1476,,,,,sliding_window_clean,,,,,,12,12.jpg,train,FAIL,resolved,source-level only,clean-negative source split is traceable; defect-free status is not re-proven by this audit
12,12.jpg,12m.jpg,clean_negative/clean_12_15.jpg,clean_negative,781,959,256,256,256,1108,1476,,,,,sliding_window_clean,,,,,,12,12.jpg,train,FAIL,resolved,source-level only,clean-negative source split is traceable; defect-free status is not re-proven by this audit
12,12.jpg,12m.jpg,clean_negative/clean_12_16.jpg,clean_negative,829,959,256,256,256,1108,1476,,,,,sliding_window_clean,,,,,,12,12.jpg,train,FAIL,resolved,source-level only,clean-negative source split is traceable; defect-free status is not re-proven by this audit
12,12.jpg,12m.jpg,clean_negative/clean_12_17.jpg,clean_negative,669,1007,256,256,256,1108,1476,,,,,sliding_window_clean,,,,,,12,12.jpg,train,FAIL,resolved,source-level only,clean-negative source split is traceable; defect-free status is not re-proven by this audit
12,12.jpg,12m.jpg,clean_negative/clean_12_18.jpg,clean_negative,685,1007,256,256,256,1108,1476,,,,,sliding_window_clean,,,,,,12,12.jpg,train,FAIL,resolved,source-level only,clean-negative source split is traceable; defect-free status is not re-proven by this audit
12,12.jpg,12m.jpg,clean_negative/clean_12_19.jpg,clean_negative,733,1007,256,256,256,1108,1476,,,,,sliding_window_clean,,,,,,12,12.jpg,train,FAIL,resolved,source-level only,clean-negative source split is traceable; defect-free status is not re-proven by this audit
12,12.jpg,12m.jpg,clean_negative/clean_12_20.jpg,clean_negative,781,1007,256,256,256,1108,1476,,,,,sliding_window_clean,,,,,,12,12.jpg,train,FAIL,resolved,source-level only,clean-negative source split is traceable; defect-free status is not re-proven by this audit
12,12.jpg,12m.jpg,clean_negative/clean_12_21.jpg,clean_negative,829,1007,256,256,256,1108,1476,,,,,sliding_window_clean,,,,,,12,12.jpg,train,FAIL,resolved,source-level only,clean-negative source split is traceable; defect-free status is not re-proven by this audit
12,12.jpg,12m.jpg,clean_negative/clean_12_22.jpg,clean_negative,685,1055,256,256,256,1108,1476,,,,,sliding_window_clean,,,,,,12,12.jpg,train,FAIL,resolved,source-level only,clean-negative source split is traceable; defect-free status is not re-proven by this audit
12,12.jpg,12m.jpg,clean_negative/clean_12_23.jpg,clean_negative,733,1055,256,256,256,1108,1476,,,,,sliding_window_clean,,,,,,12,12.jpg,train,FAIL,resolved,source-level only,clean-negative source split is traceable; defect-free status is not re-proven by this audit
12,12.jpg,12m.jpg,clean_negative/clean_12_24.jpg,clean_negative,781,1055,256,256,256,1108,1476,,,,,sliding_window_clean,,,,,,12,12.jpg,train,FAIL,resolved,source-level only,clean-negative source split is traceable; defect-free status is not re-proven by this audit
12,12.jpg,12m.jpg,clean_negative/clean_12_25.jpg,clean_negative,829,1055,256,256,256,1108,1476,,,,,sliding_window_clean,,,,,,12,12.jpg,train,FAIL,resolved,source-level only,clean-negative source split is traceable; defect-free status is not re-proven by this audit
12,12.jpg,12m.jpg,clean_negative/clean_12_26.jpg,clean_negative,653,1070,256,256,256,1108,1476,,,,,sliding_window_clean,,,,,,12,12.jpg,train,FAIL,resolved,source-level only,clean-negative source split is traceable; defect-free status is not re-proven by this audit
12,12.jpg,12m.jpg,clean_negative/clean_12_27.jpg,clean_negative,637,1103,256,256,256,1108,1476,,,,,sliding_window_clean,,,,,,12,12.jpg,train,FAIL,resolved,source-level only,clean-negative source split is traceable; defect-free status is not re-proven by this audit
12,12.jpg,12m.jpg,clean_negative/clean_12_28.jpg,clean_negative,685,1103,256,256,256,1108,1476,,,,,sliding_window_clean,,,,,,12,12.jpg,train,FAIL,resolved,source-level only,clean-negative source split is traceable; defect-free status is not re-proven by this audit
12,12.jpg,12m.jpg,clean_negative/clean_12_29.jpg,clean_negative,733,1103,256,256,256,1108,1476,,,,,sliding_window_clean,,,,,,12,12.jpg,train,FAIL,resolved,source-level only,clean-negative source split is traceable; defect-free status is not re-proven by this audit
12,12.jpg,12m.jpg,clean_negative/clean_12_30.jpg,clean_negative,781,1103,256,256,256,1108,1476,,,,,sliding_window_clean,,,,,,12,12.jpg,train,FAIL,resolved,source-level only,clean-negative source split is traceable; defect-free status is not re-proven by this audit
12,12.jpg,12m.jpg,clean_negative/clean_12_31.jpg,clean_negative,829,1103,256,256,256,1108,1476,,,,,sliding_window_clean,,,,,,12,12.jpg,train,FAIL,resolved,source-level only,clean-negative source split is traceable; defect-free status is not re-proven by this audit
12,12.jpg,12m.jpg,clean_negative/clean_12_32.jpg,clean_negative,614,1105,256,256,256,1108,1476,,,,,sliding_window_clean,,,,,,12,12.jpg,train,FAIL,resolved,source-level only,clean-negative source split is traceable; defect-free status is not re-proven by this audit
12,12.jpg,12m.jpg,clean_negative/clean_12_33.jpg,clean_negative,589,1113,256,256,256,1108,1476,,,,,sliding_window_clean,,,,,,12,12.jpg,train,FAIL,resolved,source-level only,clean-negative source split is traceable; defect-free status is not re-proven by this audit
12,12.jpg,12m.jpg,clean_negative/clean_12_34.jpg,clean_negative,576,1114,256,256,256,1108,1476,,,,,sliding_window_clean,,,,,,12,12.jpg,train,FAIL,resolved,source-level only,clean-negative source split is traceable; defect-free status is not re-proven by this audit
12,12.jpg,12m.jpg,clean_negative/clean_12_35.jpg,clean_negative,589,1151,256,256,256,1108,1476,,,,,sliding_window_clean,,,,,,12,12.jpg,train,FAIL,resolved,source-level only,clean-negative source split is traceable; defect-free status is not re-proven by this audit
12,12.jpg,12m.jpg,clean_negative/clean_12_36.jpg,clean_negative,637,1151,256,256,256,1108,1476,,,,,sliding_window_clean,,,,,,12,12.jpg,train,FAIL,resolved,source-level only,clean-negative source split is traceable; defect-free status is not re-proven by this audit
12,12.jpg,12m.jpg,clean_negative/clean_12_37.jpg,clean_negative,685,1151,256,256,256,1108,1476,,,,,sliding_window_clean,,,,,,12,12.jpg,train,FAIL,resolved,source-level only,clean-negative source split is traceable; defect-free status is not re-proven by this audit
12,12.jpg,12m.jpg,clean_negative/clean_12_38.jpg,clean_negative,733,1151,256,256,256,1108,1476,,,,,sliding_window_clean,,,,,,12,12.jpg,train,FAIL,resolved,source-level only,clean-negative source split is traceable; defect-free status is not re-proven by this audit
12,12.jpg,12m.jpg,clean_negative/clean_12_39.jpg,clean_negative,781,1151,256,256,256,1108,1476,,,,,sliding_window_clean,,,,,,12,12.jpg,train,FAIL,resolved,source-level only,clean-negative source split is traceable; defect-free status is not re-proven by this audit
12,12.jpg,12m.jpg,clean_negative/clean_12_40.jpg,clean_negative,829,1151,256,256,256,1108,1476,,,,,sliding_window_clean,,,,,,12,12.jpg,train,FAIL,resolved,source-level only,clean-negative source split is traceable; defect-free status is not re-proven by this audit
12,12.jpg,12m.jpg,clean_negative/clean_12_41.jpg,clean_negative,558,1168,256,256,256,1108,1476,,,,,sliding_window_clean,,,,,,12,12.jpg,train,FAIL,resolved,source-level only,clean-negative source split is traceable; defect-free status is not re-proven by this audit
12,12.jpg,12m.jpg,clean_negative/clean_12_42.jpg,clean_negative,493,1194,256,256,256,1108,1476,,,,,sliding_window_clean,,,,,,12,12.jpg,train,FAIL,resolved,source-level only,clean-negative source split is traceable; defect-free status is not re-proven by this audit
12,12.jpg,12m.jpg,clean_negative/clean_12_43.jpg,clean_negative,493,1199,256,256,256,1108,1476,,,,,sliding_window_clean,,,,,,12,12.jpg,train,FAIL,resolved,source-level only,clean-negative source split is traceable; defect-free status is not re-proven by this audit
12,12.jpg,12m.jpg,clean_negative/clean_12_44.jpg,clean_negative,541,1199,256,256,256,1108,1476,,,,,sliding_window_clean,,,,,,12,12.jpg,train,FAIL,resolved,source-level only,clean-negative source split is traceable; defect-free status is not re-proven by this audit
12,12.jpg,12m.jpg,clean_negative/clean_12_45.jpg,clean_negative,589,1199,256,256,256,1108,1476,,,,,sliding_window_clean,,,,,,12,12.jpg,train,FAIL,resolved,source-level only,clean-negative source split is traceable; defect-free status is not re-proven by this audit
12,12.jpg,12m.jpg,clean_negative/clean_12_46.jpg,clean_negative,637,1199,256,256,256,1108,1476,,,,,sliding_window_clean,,,,,,12,12.jpg,train,FAIL,resolved,source-level only,clean-negative source split is traceable; defect-free status is not re-proven by this audit
12,12.jpg,12m.jpg,clean_negative/clean_12_47.jpg,clean_negative,685,1199,256,256,256,1108,1476,,,,,sliding_window_clean,,,,,,12,12.jpg,train,FAIL,resolved,source-level only,clean-negative source split is traceable; defect-free status is not re-proven by this audit
12,12.jpg,12m.jpg,clean_negative/clean_12_48.jpg,clean_negative,733,1199,256,256,256,1108,1476,,,,,sliding_window_clean,,,,,,12,12.jpg,train,FAIL,resolved,source-level only,clean-negative source split is traceable; defect-free status is not re-proven by this audit
12,12.jpg,12m.jpg,clean_negative/clean_12_49.jpg,clean_negative,781,1199,256,256,256,1108,1476,,,,,sliding_window_clean,,,,,,12,12.jpg,train,FAIL,resolved,source-level only,clean-negative source split is traceable; defect-free status is not re-proven by this audit
12,12.jpg,12m.jpg,clean_negative/clean_12_50.jpg,clean_negative,829,1199,256,256,256,1108,1476,,,,,sliding_window_clean,,,,,,12,12.jpg,train,FAIL,resolved,source-level only,clean-negative source split is traceable; defect-free status is not re-proven by this audit
12,12.jpg,12m.jpg,clean_negative/clean_12_51.jpg,clean_negative,0,1201,256,256,256,1108,1476,,,,,sliding_window_clean,,,,,,12,12.jpg,train,FAIL,resolved,source-level only,clean-negative source split is traceable; defect-free status is not re-proven by this audit
12,12.jpg,12m.jpg,clean_negative/clean_12_52.jpg,clean_negative,48,1201,256,256,256,1108,1476,,,,,sliding_window_clean,,,,,,12,12.jpg,train,FAIL,resolved,source-level only,clean-negative source split is traceable; defect-free status is not re-proven by this audit
12,12.jpg,12m.jpg,clean_negative/clean_12_53.jpg,clean_negative,74,1201,256,256,256,1108,1476,,,,,sliding_window_clean,,,,,,12,12.jpg,train,FAIL,resolved,source-level only,clean-negative source split is traceable; defect-free status is not re-proven by this audit
12,12.jpg,12m.jpg,dirty_positive/dirty_12_1.jpg,dirty_positive,480,72,256,256,256,1108,1476,1,608,200,1027,centered_positive,480,72,registered,registered,homography_inliers=3915/3915,12,12.jpg,train,FAIL,resolved,exact,
12,12.jpg,12m.jpg,dirty_positive/dirty_12_2.jpg,dirty_positive,452,32,256,256,256,1108,1476,1,608,200,1027,jittered_positive,452,32,registered,registered,homography_inliers=3915/3915,12,12.jpg,train,FAIL,resolved,exact,
12,12.jpg,12m.jpg,dirty_positive/dirty_12_3.jpg,dirty_positive,428,82,256,256,256,1108,1476,1,608,200,1027,jittered_positive,428,82,registered,registered,homography_inliers=3915/3915,12,12.jpg,train,FAIL,resolved,exact,
12,12.jpg,12m.jpg,dirty_positive/dirty_12_4.jpg,dirty_positive,514,115,256,256,256,1108,1476,1,608,200,1027,jittered_positive,514,115,registered,registered,homography_inliers=3915/3915,12,12.jpg,train,FAIL,resolved,exact,
12,12.jpg,12m.jpg,dirty_positive/dirty_12_5.jpg,dirty_positive,252,82,256,256,256,1108,1476,2,380,210,1320,centered_positive,252,82,registered,registered,homography_inliers=3915/3915,12,12.jpg,train,FAIL,resolved,exact,
12,12.jpg,12m.jpg,dirty_positive/dirty_12_6.jpg,dirty_positive,251,58,256,256,256,1108,1476,2,380,210,1320,jittered_positive,251,58,registered,registered,homography_inliers=3915/3915,12,12.jpg,train,FAIL,resolved,exact,
12,12.jpg,12m.jpg,dirty_positive/dirty_12_7.jpg,dirty_positive,271,98,256,256,256,1108,1476,2,380,210,1320,jittered_positive,271,98,registered,registered,homography_inliers=3915/3915,12,12.jpg,train,FAIL,resolved,exact,
12,12.jpg,12m.jpg,dirty_positive/dirty_12_8.jpg,dirty_positive,236,58,256,256,256,1108,1476,2,380,210,1320,jittered_positive,236,58,registered,registered,homography_inliers=3915/3915,12,12.jpg,train,FAIL,resolved,exact,
12,12.jpg,12m.jpg,dirty_positive/dirty_12_9.jpg,dirty_positive,727,160,256,256,256,1108,1476,3,855,288,1307,centered_positive,727,160,registered,registered,homography_inliers=3915/3915,12,12.jpg,train,FAIL,resolved,exact,
12,12.jpg,12m.jpg,dirty_positive/dirty_12_10.jpg,dirty_positive,790,215,256,256,256,1108,1476,3,855,288,1307,jittered_positive,790,215,registered,registered,homography_inliers=3915/3915,12,12.jpg,train,FAIL,resolved,exact,
12,12.jpg,12m.jpg,dirty_positive/dirty_12_11.jpg,dirty_positive,790,174,256,256,256,1108,1476,3,855,288,1307,jittered_positive,790,174,registered,registered,homography_inliers=3915/3915,12,12.jpg,train,FAIL,resolved,exact,
12,12.jpg,12m.jpg,dirty_positive/dirty_12_12.jpg,dirty_positive,790,101,256,256,256,1108,1476,3,855,288,1307,jittered_positive,790,101,registered,registered,homography_inliers=3915/3915,12,12.jpg,train,FAIL,resolved,exact,
12,12.jpg,12m.jpg,dirty_positive/dirty_12_13.jpg,dirty_positive,289,163,256,256,256,1108,1476,4,417,291,893,centered_positive,289,163,registered,registered,homography_inliers=3915/3915,12,12.jpg,train,FAIL,resolved,exact,
12,12.jpg,12m.jpg,dirty_positive/dirty_12_14.jpg,dirty_positive,248,199,256,256,256,1108,1476,4,417,291,893,jittered_positive,248,199,registered,registered,homography_inliers=3915/3915,12,12.jpg,train,FAIL,resolved,exact,
12,12.jpg,12m.jpg,dirty_positive/dirty_12_15.jpg,dirty_positive,342,160,256,256,256,1108,1476,4,417,291,893,jittered_positive,342,160,registered,registered,homography_inliers=3915/3915,12,12.jpg,train,FAIL,resolved,exact,
12,12.jpg,12m.jpg,dirty_positive/dirty_12_16.jpg,dirty_positive,280,189,256,256,256,1108,1476,4,417,291,893,jittered_positive,280,189,registered,registered,homography_inliers=3915/3915,12,12.jpg,train,FAIL,resolved,exact,
12,12.jpg,12m.jpg,dirty_positive/dirty_12_17.jpg,dirty_positive,618,170,256,256,256,1108,1476,5,746,298,1081,centered_positive,618,170,registered,registered,homography_inliers=3915/3915,12,12.jpg,train,FAIL,resolved,exact,
12,12.jpg,12m.jpg,dirty_positive/dirty_12_18.jpg,dirty_positive,566,118,256,256,256,1108,1476,5,746,298,1081,jittered_positive,566,118,registered,registered,homography_inliers=3915/3915,12,12.jpg,train,FAIL,resolved,exact,
12,12.jpg,12m.jpg,dirty_positive/dirty_12_19.jpg,dirty_positive,626,232,256,256,256,1108,1476,5,746,298,1081,jittered_positive,626,232,registered,registered,homography_inliers=3915/3915,12,12.jpg,train,FAIL,resolved,exact,
12,12.jpg,12m.jpg,dirty_positive/dirty_12_20.jpg,dirty_positive,674,179,256,256,256,1108,1476,5,746,298,1081,jittered_positive,674,179,registered,registered,homography_inliers=3915/3915,12,12.jpg,train,FAIL,resolved,exact,
12,12.jpg,12m.jpg,dirty_positive/dirty_12_21.jpg,dirty_positive,367,176,256,256,256,1108,1476,6,495,304,1004,centered_positive,367,176,registered,registered,homography_inliers=3915/3915,12,12.jpg,train,FAIL,resolved,exact,
12,12.jpg,12m.jpg,dirty_positive/dirty_12_22.jpg,dirty_positive,305,139,256,256,256,1108,1476,6,495,304,1004,jittered_positive,305,139,registered,registered,homography_inliers=3915/3915,12,12.jpg,train,FAIL,resolved,exact,
12,12.jpg,12m.jpg,dirty_positive/dirty_12_23.jpg,dirty_positive,413,146,256,256,256,1108,1476,6,495,304,1004,jittered_positive,413,146,registered,registered,homography_inliers=3915/3915,12,12.jpg,train,FAIL,resolved,exact,
12,12.jpg,12m.jpg,dirty_positive/dirty_12_24.jpg,dirty_positive,370,205,256,256,256,1108,1476,6,495,304,1004,jittered_positive,370,205,registered,registered,homography_inliers=3915/3915,12,12.jpg,train,FAIL,resolved,exact,
12,12.jpg,12m.jpg,dirty_positive/dirty_12_25.jpg,dirty_positive,852,260,256,256,256,1108,1476,7,1026,388,1412,centered_positive,852,260,registered,registered,homography_inliers=3915/3915,12,12.jpg,train,FAIL,resolved,exact,
12,12.jpg,12m.jpg,dirty_positive/dirty_12_26.jpg,dirty_positive,852,289,256,256,256,1108,1476,7,1026,388,1412,jittered_positive,852,289,registered,registered,homography_inliers=3915/3915,12,12.jpg,train,FAIL,resolved,exact,
12,12.jpg,12m.jpg,dirty_positive/dirty_12_27.jpg,dirty_positive,799,298,256,256,256,1108,1476,7,1026,388,1412,jittered_positive,799,298,registered,registered,homography_inliers=3915/3915,12,12.jpg,train,FAIL,resolved,exact,
12,12.jpg,12m.jpg,dirty_positive/dirty_12_28.jpg,dirty_positive,801,245,256,256,256,1108,1476,7,1026,388,1412,jittered_positive,801,245,registered,registered,homography_inliers=3915/3915,12,12.jpg,train,FAIL,resolved,exact,
12,12.jpg,12m.jpg,dirty_positive/dirty_12_29.jpg,dirty_positive,399,268,256,256,256,1108,1476,8,527,396,1108,centered_positive,399,268,registered,registered,homography_inliers=3915/3915,12,12.jpg,train,FAIL,resolved,exact,
12,12.jpg,12m.jpg,dirty_positive/dirty_12_30.jpg,dirty_positive,427,277,256,256,256,1108,1476,8,527,396,1108,jittered_positive,427,277,registered,registered,homography_inliers=3915/3915,12,12.jpg,train,FAIL,resolved,exact,
12,12.jpg,12m.jpg,dirty_positive/dirty_12_31.jpg,dirty_positive,353,302,256,256,256,1108,1476,8,527,396,1108,jittered_positive,353,302,registered,registered,homography_inliers=3915/3915,12,12.jpg,train,FAIL,resolved,exact,
12,12.jpg,12m.jpg,dirty_positive/dirty_12_32.jpg,dirty_positive,450,275,256,256,256,1108,1476,8,527,396,1108,jittered_positive,450,275,registered,registered,homography_inliers=3915/3915,12,12.jpg,train,FAIL,resolved,exact,
12,12.jpg,12m.jpg,dirty_positive/dirty_12_33.jpg,dirty_positive,764,282,256,256,256,1108,1476,9,892,410,1306,centered_positive,764,282,registered,registered,homography_inliers=3915/3915,12,12.jpg,train,FAIL,resolved,exact,
12,12.jpg,12m.jpg,dirty_positive/dirty_12_34.jpg,dirty_positive,730,250,256,256,256,1108,1476,9,892,410,1306,jittered_positive,730,250,registered,registered,homography_inliers=3915/3915,12,12.jpg,train,FAIL,resolved,exact,
12,12.jpg,12m.jpg,dirty_positive/dirty_12_35.jpg,dirty_positive,724,318,256,256,256,1108,1476,9,892,410,1306,jittered_positive,724,318,registered,registered,homography_inliers=3915/3915,12,12.jpg,train,FAIL,resolved,exact,
12,12.jpg,12m.jpg,dirty_positive/dirty_12_36.jpg,dirty_positive,795,304,256,256,256,1108,1476,9,892,410,1306,jittered_positive,795,304,registered,registered,homography_inliers=3915/3915,12,12.jpg,train,FAIL,resolved,exact,
12,12.jpg,12m.jpg,dirty_positive/dirty_12_37.jpg,dirty_positive,244,306,256,256,256,1108,1476,10,372,434,2055,centered_positive,244,306,registered,registered,homography_inliers=3915/3915,12,12.jpg,train,FAIL,resolved,exact,
12,12.jpg,12m.jpg,dirty_positive/dirty_12_38.jpg,dirty_positive,273,278,256,256,256,1108,1476,10,372,434,2055,jittered_positive,273,278,registered,registered,homography_inliers=3915/3915,12,12.jpg,train,FAIL,resolved,exact,
12,12.jpg,12m.jpg,dirty_positive/dirty_12_39.jpg,dirty_positive,230,344,256,256,256,1108,1476,10,372,434,2055,jittered_positive,230,344,registered,registered,homography_inliers=3915/3915,12,12.jpg,train,FAIL,resolved,exact,
12,12.jpg,12m.jpg,dirty_positive/dirty_12_40.jpg,dirty_positive,308,252,256,256,256,1108,1476,10,372,434,2055,jittered_positive,308,252,registered,registered,homography_inliers=3915/3915,12,12.jpg,train,FAIL,resolved,exact,
12,12.jpg,12m.jpg,dirty_positive/dirty_12_41.jpg,dirty_positive,118,285,256,256,256,1108,1476,11,246,413,883,centered_positive,118,285,registered,registered,homography_inliers=3915/3915,12,12.jpg,train,FAIL,resolved,exact,
12,12.jpg,12m.jpg,dirty_positive/dirty_12_42.jpg,dirty_positive,65,230,256,256,256,1108,1476,11,246,413,883,jittered_positive,65,230,registered,registered,homography_inliers=3915/3915,12,12.jpg,train,FAIL,resolved,exact,
12,12.jpg,12m.jpg,dirty_positive/dirty_12_43.jpg,dirty_positive,89,306,256,256,256,1108,1476,11,246,413,883,jittered_positive,89,306,registered,registered,homography_inliers=3915/3915,12,12.jpg,train,FAIL,resolved,exact,
12,12.jpg,12m.jpg,dirty_positive/dirty_12_44.jpg,dirty_positive,175,337,256,256,256,1108,1476,11,246,413,883,jittered_positive,175,337,registered,registered,homography_inliers=3915/3915,12,12.jpg,train,FAIL,resolved,exact,
12,12.jpg,12m.jpg,dirty_positive/dirty_12_45.jpg,dirty_positive,308,366,256,256,256,1108,1476,12,436,494,1763,centered_positive,308,366,registered,registered,homography_inliers=3915/3915,12,12.jpg,train,FAIL,resolved,exact,
12,12.jpg,12m.jpg,dirty_positive/dirty_12_46.jpg,dirty_positive,282,337,256,256,256,1108,1476,12,436,494,1763,jittered_positive,282,337,registered,registered,homography_inliers=3915/3915,12,12.jpg,train,FAIL,resolved,exact,
12,12.jpg,12m.jpg,dirty_positive/dirty_12_47.jpg,dirty_positive,327,383,256,256,256,1108,1476,12,436,494,1763,jittered_positive,327,383,registered,registered,homography_inliers=3915/3915,12,12.jpg,train,FAIL,resolved,exact,
12,12.jpg,12m.jpg,dirty_positive/dirty_12_48.jpg,dirty_positive,285,402,256,256,256,1108,1476,12,436,494,1763,jittered_positive,285,402,registered,registered,homography_inliers=3915/3915,12,12.jpg,train,FAIL,resolved,exact,
12,12.jpg,12m.jpg,dirty_positive/dirty_12_49.jpg,dirty_positive,624,531,256,256,256,1108,1476,13,752,659,3694,centered_positive,624,531,registered,registered,homography_inliers=3915/3915,12,12.jpg,train,FAIL,resolved,exact,
12,12.jpg,12m.jpg,dirty_positive/dirty_12_50.jpg,dirty_positive,636,553,256,256,256,1108,1476,13,752,659,3694,jittered_positive,636,553,registered,registered,homography_inliers=3915/3915,12,12.jpg,train,FAIL,resolved,exact,
12,12.jpg,12m.jpg,dirty_positive/dirty_12_51.jpg,dirty_positive,685,543,256,256,256,1108,1476,13,752,659,3694,jittered_positive,685,543,registered,registered,homography_inliers=3915/3915,12,12.jpg,train,FAIL,resolved,exact,
12,12.jpg,12m.jpg,dirty_positive/dirty_12_52.jpg,dirty_positive,681,471,256,256,256,1108,1476,13,752,659,3694,jittered_positive,681,471,registered,registered,homography_inliers=3915/3915,12,12.jpg,train,FAIL,resolved,exact,
12,12.jpg,12m.jpg,dirty_positive/dirty_12_53.jpg,dirty_positive,162,467,256,256,256,1108,1476,14,290,595,591,centered_positive,162,467,registered,registered,homography_inliers=3915/3915,12,12.jpg,train,FAIL,resolved,exact,
12,12.jpg,12m.jpg,dirty_positive/dirty_12_54.jpg,dirty_positive,192,487,256,256,256,1108,1476,14,290,595,591,jittered_positive,192,487,registered,registered,homography_inliers=3915/3915,12,12.jpg,train,FAIL,resolved,exact,
12,12.jpg,12m.jpg,dirty_positive/dirty_12_55.jpg,dirty_positive,126,509,256,256,256,1108,1476,14,290,595,591,jittered_positive,126,509,registered,registered,homography_inliers=3915/3915,12,12.jpg,train,FAIL,resolved,exact,
12,12.jpg,12m.jpg,dirty_positive/dirty_12_56.jpg,dirty_positive,176,409,256,256,256,1108,1476,14,290,595,591,jittered_positive,176,409,registered,registered,homography_inliers=3915/3915,12,12.jpg,train,FAIL,resolved,exact,
12,12.jpg,12m.jpg,dirty_positive/dirty_12_57.jpg,dirty_positive,388,523,256,256,256,1108,1476,15,516,651,1249,centered_positive,388,523,registered,registered,homography_inliers=3915/3915,12,12.jpg,train,FAIL,resolved,exact,
12,12.jpg,12m.jpg,dirty_positive/dirty_12_58.jpg,dirty_positive,445,526,256,256,256,1108,1476,15,516,651,1249,jittered_positive,445,526,registered,registered,homography_inliers=3915/3915,12,12.jpg,train,FAIL,resolved,exact,
12,12.jpg,12m.jpg,dirty_positive/dirty_12_59.jpg,dirty_positive,382,472,256,256,256,1108,1476,15,516,651,1249,jittered_positive,382,472,registered,registered,homography_inliers=3915/3915,12,12.jpg,train,FAIL,resolved,exact,
12,12.jpg,12m.jpg,dirty_positive/dirty_12_60.jpg,dirty_positive,446,502,256,256,256,1108,1476,15,516,651,1249,jittered_positive,446,502,registered,registered,homography_inliers=3915/3915,12,12.jpg,train,FAIL,resolved,exact,
12,12.jpg,12m.jpg,dirty_positive/dirty_12_61.jpg,dirty_positive,787,532,256,256,256,1108,1476,16,915,660,1371,centered_positive,787,532,registered,registered,homography_inliers=3915/3915,12,12.jpg,train,FAIL,resolved,exact,
12,12.jpg,12m.jpg,dirty_positive/dirty_12_62.jpg,dirty_positive,820,505,256,256,256,1108,1476,16,915,660,1371,jittered_positive,820,505,registered,registered,homography_inliers=3915/3915,12,12.jpg,train,FAIL,resolved,exact,
12,12.jpg,12m.jpg,dirty_positive/dirty_12_63.jpg,dirty_positive,785,476,256,256,256,1108,1476,16,915,660,1371,jittered_positive,785,476,registered,registered,homography_inliers=3915/3915,12,12.jpg,train,FAIL,resolved,exact,
12,12.jpg,12m.jpg,dirty_positive/dirty_12_64.jpg,dirty_positive,751,516,256,256,256,1108,1476,16,915,660,1371,jittered_positive,751,516,registered,registered,homography_inliers=3915/3915,12,12.jpg,train,FAIL,resolved,exact,
12,12.jpg,12m.jpg,dirty_positive/dirty_12_65.jpg,dirty_positive,133,510,256,256,256,1108,1476,17,261,638,531,centered_positive,133,510,registered,registered,homography_inliers=3915/3915,12,12.jpg,train,FAIL,resolved,exact,
12,12.jpg,12m.jpg,dirty_positive/dirty_12_66.jpg,dirty_positive,73,558,256,256,256,1108,1476,17,261,638,531,jittered_positive,73,558,registered,registered,homography_inliers=3915/3915,12,12.jpg,train,FAIL,resolved,exact,
12,12.jpg,12m.jpg,dirty_positive/dirty_12_67.jpg,dirty_positive,149,553,256,256,256,1108,1476,17,261,638,531,jittered_positive,149,553,registered,registered,homography_inliers=3915/3915,12,12.jpg,train,FAIL,resolved,exact,
12,12.jpg,12m.jpg,dirty_positive/dirty_12_68.jpg,dirty_positive,107,551,256,256,256,1108,1476,17,261,638,531,jittered_positive,107,551,registered,registered,homography_inliers=3915/3915,12,12.jpg,train,FAIL,resolved,exact,
12,12.jpg,12m.jpg,dirty_positive/dirty_12_69.jpg,dirty_positive,852,557,256,256,256,1108,1476,18,1017,685,721,centered_positive,852,557,registered,registered,homography_inliers=3915/3915,12,12.jpg,train,FAIL,resolved,exact,
12,12.jpg,12m.jpg,dirty_positive/dirty_12_70.jpg,dirty_positive,840,598,256,256,256,1108,1476,18,1017,685,721,jittered_positive,840,598,registered,registered,homography_inliers=3915/3915,12,12.jpg,train,FAIL,resolved,exact,
12,12.jpg,12m.jpg,dirty_positive/dirty_12_71.jpg,dirty_positive,852,613,256,256,256,1108,1476,18,1017,685,721,jittered_positive,852,613,registered,registered,homography_inliers=3915/3915,12,12.jpg,train,FAIL,resolved,exact,
12,12.jpg,12m.jpg,dirty_positive/dirty_12_72.jpg,dirty_positive,803,528,256,256,256,1108,1476,18,1017,685,721,jittered_positive,803,528,registered,registered,homography_inliers=3915/3915,12,12.jpg,train,FAIL,resolved,exact,
12,12.jpg,12m.jpg,dirty_positive/dirty_12_73.jpg,dirty_positive,2,568,256,256,256,1108,1476,19,130,696,650,centered_positive,2,568,registered,registered,homography_inliers=3915/3915,12,12.jpg,train,FAIL,resolved,exact,
12,12.jpg,12m.jpg,dirty_positive/dirty_12_74.jpg,dirty_positive,1,587,256,256,256,1108,1476,19,130,696,650,jittered_positive,1,587,registered,registered,homography_inliers=3915/3915,12,12.jpg,train,FAIL,resolved,exact,
12,12.jpg,12m.jpg,dirty_positive/dirty_12_75.jpg,dirty_positive,60,600,256,256,256,1108,1476,19,130,696,650,jittered_positive,60,600,registered,registered,homography_inliers=3915/3915,12,12.jpg,train,FAIL,resolved,exact,
12,12.jpg,12m.jpg,dirty_positive/dirty_12_76.jpg,dirty_positive,18,548,256,256,256,1108,1476,19,130,696,650,jittered_positive,18,548,registered,registered,homography_inliers=3915/3915,12,12.jpg,train,FAIL,resolved,exact,
12,12.jpg,12m.jpg,dirty_positive/dirty_12_77.jpg,dirty_positive,103,572,256,256,256,1108,1476,20,231,700,549,centered_positive,103,572,registered,registered,homography_inliers=3915/3915,12,12.jpg,train,FAIL,resolved,exact,
12,12.jpg,12m.jpg,dirty_positive/dirty_12_78.jpg,dirty_positive,156,595,256,256,256,1108,1476,20,231,700,549,jittered_positive,156,595,registered,registered,homography_inliers=3915/3915,12,12.jpg,train,FAIL,resolved,exact,
12,12.jpg,12m.jpg,dirty_positive/dirty_12_79.jpg,dirty_positive,129,575,256,256,256,1108,1476,20,231,700,549,jittered_positive,129,575,registered,registered,homography_inliers=3915/3915,12,12.jpg,train,FAIL,resolved,exact,
12,12.jpg,12m.jpg,dirty_positive/dirty_12_80.jpg,dirty_positive,162,557,256,256,256,1108,1476,20,231,700,549,jittered_positive,162,557,registered,registered,homography_inliers=3915/3915,12,12.jpg,train,FAIL,resolved,exact,
12,12.jpg,12m.jpg,dirty_positive/dirty_12_81.jpg,dirty_positive,418,617,256,256,256,1108,1476,21,546,745,1152,centered_positive,418,617,registered,registered,homography_inliers=3915/3915,12,12.jpg,train,FAIL,resolved,exact,
12,12.jpg,12m.jpg,dirty_positive/dirty_12_82.jpg,dirty_positive,417,624,256,256,256,1108,1476,21,546,745,1152,jittered_positive,417,624,registered,registered,homography_inliers=3915/3915,12,12.jpg,train,FAIL,resolved,exact,
12,12.jpg,12m.jpg,dirty_positive/dirty_12_83.jpg,dirty_positive,430,610,256,256,256,1108,1476,21,546,745,1152,jittered_positive,430,610,registered,registered,homography_inliers=3915/3915,12,12.jpg,train,FAIL,resolved,exact,
12,12.jpg,12m.jpg,dirty_positive/dirty_12_84.jpg,dirty_positive,430,626,256,256,256,1108,1476,21,546,745,1152,jittered_positive,430,626,registered,registered,homography_inliers=3915/3915,12,12.jpg,train,FAIL,resolved,exact,
12,12.jpg,12m.jpg,dirty_positive/dirty_12_85.jpg,dirty_positive,168,597,256,256,256,1108,1476,22,296,725,728,centered_positive,168,597,registered,registered,homography_inliers=3915/3915,12,12.jpg,train,FAIL,resolved,exact,
12,12.jpg,12m.jpg,dirty_positive/dirty_12_86.jpg,dirty_positive,157,658,256,256,256,1108,1476,22,296,725,728,jittered_positive,157,658,registered,registered,homography_inliers=3915/3915,12,12.jpg,train,FAIL,resolved,exact,
12,12.jpg,12m.jpg,dirty_positive/dirty_12_87.jpg,dirty_positive,185,655,256,256,256,1108,1476,22,296,725,728,jittered_positive,185,655,registered,registered,homography_inliers=3915/3915,12,12.jpg,train,FAIL,resolved,exact,
12,12.jpg,12m.jpg,dirty_positive/dirty_12_88.jpg,dirty_positive,193,603,256,256,256,1108,1476,22,296,725,728,jittered_positive,193,603,registered,registered,homography_inliers=3915/3915,12,12.jpg,train,FAIL,resolved,exact,
12,12.jpg,12m.jpg,dirty_positive/dirty_12_89.jpg,dirty_positive,264,610,256,256,256,1108,1476,23,392,738,898,centered_positive,264,610,registered,registered,homography_inliers=3915/3915,12,12.jpg,train,FAIL,resolved,exact,
12,12.jpg,12m.jpg,dirty_positive/dirty_12_90.jpg,dirty_positive,273,577,256,256,256,1108,1476,23,392,738,898,jittered_positive,273,577,registered,registered,homography_inliers=3915/3915,12,12.jpg,train,FAIL,resolved,exact,
12,12.jpg,12m.jpg,dirty_positive/dirty_12_91.jpg,dirty_positive,297,647,256,256,256,1108,1476,23,392,738,898,jittered_positive,297,647,registered,registered,homography_inliers=3915/3915,12,12.jpg,train,FAIL,resolved,exact,
12,12.jpg,12m.jpg,dirty_positive/dirty_12_92.jpg,dirty_positive,288,583,256,256,256,1108,1476,23,392,738,898,jittered_positive,288,583,registered,registered,homography_inliers=3915/3915,12,12.jpg,train,FAIL,resolved,exact,
12,12.jpg,12m.jpg,dirty_positive/dirty_12_93.jpg,dirty_positive,825,651,256,256,256,1108,1476,24,953,779,1660,centered_positive,825,651,registered,registered,homography_inliers=3915/3915,12,12.jpg,train,FAIL,resolved,exact,
12,12.jpg,12m.jpg,dirty_positive/dirty_12_94.jpg,dirty_positive,835,597,256,256,256,1108,1476,24,953,779,1660,jittered_positive,835,597,registered,registered,homography_inliers=3915/3915,12,12.jpg,train,FAIL,resolved,exact,
12,12.jpg,12m.jpg,dirty_positive/dirty_12_95.jpg,dirty_positive,834,607,256,256,256,1108,1476,24,953,779,1660,jittered_positive,834,607,registered,registered,homography_inliers=3915/3915,12,12.jpg,train,FAIL,resolved,exact,
12,12.jpg,12m.jpg,dirty_positive/dirty_12_96.jpg,dirty_positive,849,700,256,256,256,1108,1476,24,953,779,1660,jittered_positive,849,700,registered,registered,homography_inliers=3915/3915,12,12.jpg,train,FAIL,resolved,exact,
12,12.jpg,12m.jpg,dirty_positive/dirty_12_97.jpg,dirty_positive,139,664,256,256,256,1108,1476,25,267,792,539,centered_positive,139,664,registered,registered,homography_inliers=3915/3915,12,12.jpg,train,FAIL,resolved,exact,
12,12.jpg,12m.jpg,dirty_positive/dirty_12_98.jpg,dirty_positive,140,722,256,256,256,1108,1476,25,267,792,539,jittered_positive,140,722,registered,registered,homography_inliers=3915/3915,12,12.jpg,train,FAIL,resolved,exact,
12,12.jpg,12m.jpg,dirty_positive/dirty_12_99.jpg,dirty_positive,129,651,256,256,256,1108,1476,25,267,792,539,jittered_positive,129,651,registered,registered,homography_inliers=3915/3915,12,12.jpg,train,FAIL,resolved,exact,
12,12.jpg,12m.jpg,dirty_positive/dirty_12_100.jpg,dirty_positive,144,669,256,256,256,1108,1476,25,267,792,539,jittered_positive,144,669,registered,registered,homography_inliers=3915/3915,12,12.jpg,train,FAIL,resolved,exact,
12,12.jpg,12m.jpg,dirty_positive/dirty_12_101.jpg,dirty_positive,852,711,256,256,256,1108,1476,26,1036,839,1272,centered_positive,852,711,registered,registered,homography_inliers=3915/3915,12,12.jpg,train,FAIL,resolved,exact,
12,12.jpg,12m.jpg,dirty_positive/dirty_12_102.jpg,dirty_positive,823,674,256,256,256,1108,1476,26,1036,839,1272,jittered_positive,823,674,registered,registered,homography_inliers=3915/3915,12,12.jpg,train,FAIL,resolved,exact,
12,12.jpg,12m.jpg,dirty_positive/dirty_12_103.jpg,dirty_positive,849,709,256,256,256,1108,1476,26,1036,839,1272,jittered_positive,849,709,registered,registered,homography_inliers=3915/3915,12,12.jpg,train,FAIL,resolved,exact,
12,12.jpg,12m.jpg,dirty_positive/dirty_12_104.jpg,dirty_positive,800,704,256,256,256,1108,1476,26,1036,839,1272,jittered_positive,800,704,registered,registered,homography_inliers=3915/3915,12,12.jpg,train,FAIL,resolved,exact,
12,12.jpg,12m.jpg,dirty_positive/dirty_12_105.jpg,dirty_positive,110,706,256,256,256,1108,1476,27,238,834,685,centered_positive,110,706,registered,registered,homography_inliers=3915/3915,12,12.jpg,train,FAIL,resolved,exact,
12,12.jpg,12m.jpg,dirty_positive/dirty_12_106.jpg,dirty_positive,105,655,256,256,256,1108,1476,27,238,834,685,jittered_positive,105,655,registered,registered,homography_inliers=3915/3915,12,12.jpg,train,FAIL,resolved,exact,
12,12.jpg,12m.jpg,dirty_positive/dirty_12_107.jpg,dirty_positive,71,747,256,256,256,1108,1476,27,238,834,685,jittered_positive,71,747,registered,registered,homography_inliers=3915/3915,12,12.jpg,train,FAIL,resolved,exact,
12,12.jpg,12m.jpg,dirty_positive/dirty_12_108.jpg,dirty_positive,130,762,256,256,256,1108,1476,27,238,834,685,jittered_positive,130,762,registered,registered,homography_inliers=3915/3915,12,12.jpg,train,FAIL,resolved,exact,
12,12.jpg,12m.jpg,dirty_positive/dirty_12_109.jpg,dirty_positive,228,716,256,256,256,1108,1476,28,356,844,823,centered_positive,228,716,registered,registered,homography_inliers=3915/3915,12,12.jpg,train,FAIL,resolved,exact,
12,12.jpg,12m.jpg,dirty_positive/dirty_12_110.jpg,dirty_positive,189,687,256,256,256,1108,1476,28,356,844,823,jittered_positive,189,687,registered,registered,homography_inliers=3915/3915,12,12.jpg,train,FAIL,resolved,exact,
12,12.jpg,12m.jpg,dirty_positive/dirty_12_111.jpg,dirty_positive,165,692,256,256,256,1108,1476,28,356,844,823,jittered_positive,165,692,registered,registered,homography_inliers=3915/3915,12,12.jpg,train,FAIL,resolved,exact,
12,12.jpg,12m.jpg,dirty_positive/dirty_12_112.jpg,dirty_positive,268,773,256,256,256,1108,1476,28,356,844,823,jittered_positive,268,773,registered,registered,homography_inliers=3915/3915,12,12.jpg,train,FAIL,resolved,exact,
12,12.jpg,12m.jpg,dirty_positive/dirty_12_113.jpg,dirty_positive,679,734,256,256,256,1108,1476,29,807,862,982,centered_positive,679,734,registered,registered,homography_inliers=3915/3915,12,12.jpg,train,FAIL,resolved,exact,
12,12.jpg,12m.jpg,dirty_positive/dirty_12_114.jpg,dirty_positive,737,721,256,256,256,1108,1476,29,807,862,982,jittered_positive,737,721,registered,registered,homography_inliers=3915/3915,12,12.jpg,train,FAIL,resolved,exact,
12,12.jpg,12m.jpg,dirty_positive/dirty_12_115.jpg,dirty_positive,688,752,256,256,256,1108,1476,29,807,862,982,jittered_positive,688,752,registered,registered,homography_inliers=3915/3915,12,12.jpg,train,FAIL,resolved,exact,
12,12.jpg,12m.jpg,dirty_positive/dirty_12_116.jpg,dirty_positive,688,685,256,256,256,1108,1476,29,807,862,982,jittered_positive,688,685,registered,registered,homography_inliers=3915/3915,12,12.jpg,train,FAIL,resolved,exact,
12,12.jpg,12m.jpg,dirty_positive/dirty_12_117.jpg,dirty_positive,53,732,256,256,256,1108,1476,30,181,860,612,centered_positive,53,732,registered,registered,homography_inliers=3915/3915,12,12.jpg,train,FAIL,resolved,exact,
12,12.jpg,12m.jpg,dirty_positive/dirty_12_118.jpg,dirty_positive,11,727,256,256,256,1108,1476,30,181,860,612,jittered_positive,11,727,registered,registered,homography_inliers=3915/3915,12,12.jpg,train,FAIL,resolved,exact,
12,12.jpg,12m.jpg,dirty_positive/dirty_12_119.jpg,dirty_positive,1,712,256,256,256,1108,1476,30,181,860,612,jittered_positive,1,712,registered,registered,homography_inliers=3915/3915,12,12.jpg,train,FAIL,resolved,exact,
12,12.jpg,12m.jpg,dirty_positive/dirty_12_120.jpg,dirty_positive,95,713,256,256,256,1108,1476,30,181,860,612,jittered_positive,95,713,registered,registered,homography_inliers=3915/3915,12,12.jpg,train,FAIL,resolved,exact,
12,12.jpg,12m.jpg,dirty_positive/dirty_12_121.jpg,dirty_positive,402,771,256,256,256,1108,1476,31,530,899,1100,centered_positive,402,771,registered,registered,homography_inliers=3915/3915,12,12.jpg,train,FAIL,resolved,exact,
12,12.jpg,12m.jpg,dirty_positive/dirty_12_122.jpg,dirty_positive,347,808,256,256,256,1108,1476,31,530,899,1100,jittered_positive,347,808,registered,registered,homography_inliers=3915/3915,12,12.jpg,train,FAIL,resolved,exact,
12,12.jpg,12m.jpg,dirty_positive/dirty_12_123.jpg,dirty_positive,464,754,256,256,256,1108,1476,31,530,899,1100,jittered_positive,464,754,registered,registered,homography_inliers=3915/3915,12,12.jpg,train,FAIL,resolved,exact,
12,12.jpg,12m.jpg,dirty_positive/dirty_12_124.jpg,dirty_positive,412,716,256,256,256,1108,1476,31,530,899,1100,jittered_positive,412,716,registered,registered,homography_inliers=3915/3915,12,12.jpg,train,FAIL,resolved,exact,
12,12.jpg,12m.jpg,dirty_positive/dirty_12_125.jpg,dirty_positive,34,820,256,256,256,1108,1476,32,162,948,900,centered_positive,34,820,registered,registered,homography_inliers=3915/3915,12,12.jpg,train,FAIL,resolved,exact,
12,12.jpg,12m.jpg,dirty_positive/dirty_12_126.jpg,dirty_positive,1,832,256,256,256,1108,1476,32,162,948,900,jittered_positive,1,832,registered,registered,homography_inliers=3915/3915,12,12.jpg,train,FAIL,resolved,exact,
12,12.jpg,12m.jpg,dirty_positive/dirty_12_127.jpg,dirty_positive,1,841,256,256,256,1108,1476,32,162,948,900,jittered_positive,1,841,registered,registered,homography_inliers=3915/3915,12,12.jpg,train,FAIL,resolved,exact,
12,12.jpg,12m.jpg,dirty_positive/dirty_12_128.jpg,dirty_positive,42,872,256,256,256,1108,1476,32,162,948,900,jittered_positive,42,872,registered,registered,homography_inliers=3915/3915,12,12.jpg,train,FAIL,resolved,exact,
12,12.jpg,12m.jpg,dirty_positive/dirty_12_129.jpg,dirty_positive,151,890,256,256,256,1108,1476,33,279,1018,796,centered_positive,151,890,registered,registered,homography_inliers=3915/3915,12,12.jpg,train,FAIL,resolved,exact,
12,12.jpg,12m.jpg,dirty_positive/dirty_12_130.jpg,dirty_positive,213,860,256,256,256,1108,1476,33,279,1018,796,jittered_positive,213,860,registered,registered,homography_inliers=3915/3915,12,12.jpg,train,FAIL,resolved,exact,
12,12.jpg,12m.jpg,dirty_positive/dirty_12_131.jpg,dirty_positive,206,895,256,256,256,1108,1476,33,279,1018,796,jittered_positive,206,895,registered,registered,homography_inliers=3915/3915,12,12.jpg,train,FAIL,resolved,exact,
12,12.jpg,12m.jpg,dirty_positive/dirty_12_132.jpg,dirty_positive,136,854,256,256,256,1108,1476,33,279,1018,796,jittered_positive,136,854,registered,registered,homography_inliers=3915/3915,12,12.jpg,train,FAIL,resolved,exact,
12,12.jpg,12m.jpg,dirty_positive/dirty_12_133.jpg,dirty_positive,355,900,256,256,256,1108,1476,34,483,1028,1004,centered_positive,355,900,registered,registered,homography_inliers=3915/3915,12,12.jpg,train,FAIL,resolved,exact,
12,12.jpg,12m.jpg,dirty_positive/dirty_12_134.jpg,dirty_positive,375,877,256,256,256,1108,1476,34,483,1028,1004,jittered_positive,375,877,registered,registered,homography_inliers=3915/3915,12,12.jpg,train,FAIL,resolved,exact,
12,12.jpg,12m.jpg,dirty_positive/dirty_12_135.jpg,dirty_positive,408,901,256,256,256,1108,1476,34,483,1028,1004,jittered_positive,408,901,registered,registered,homography_inliers=3915/3915,12,12.jpg,train,FAIL,resolved,exact,
12,12.jpg,12m.jpg,dirty_positive/dirty_12_136.jpg,dirty_positive,338,839,256,256,256,1108,1476,34,483,1028,1004,jittered_positive,338,839,registered,registered,homography_inliers=3915/3915,12,12.jpg,train,FAIL,resolved,exact,
12,12.jpg,12m.jpg,dirty_positive/dirty_12_137.jpg,dirty_positive,473,917,256,256,256,1108,1476,35,601,1045,1339,centered_positive,473,917,registered,registered,homography_inliers=3915/3915,12,12.jpg,train,FAIL,resolved,exact,
12,12.jpg,12m.jpg,dirty_positive/dirty_12_138.jpg,dirty_positive,495,928,256,256,256,1108,1476,35,601,1045,1339,jittered_positive,495,928,registered,registered,homography_inliers=3915/3915,12,12.jpg,train,FAIL,resolved,exact,
12,12.jpg,12m.jpg,dirty_positive/dirty_12_139.jpg,dirty_positive,458,897,256,256,256,1108,1476,35,601,1045,1339,jittered_positive,458,897,registered,registered,homography_inliers=3915/3915,12,12.jpg,train,FAIL,resolved,exact,
12,12.jpg,12m.jpg,dirty_positive/dirty_12_140.jpg,dirty_positive,512,962,256,256,256,1108,1476,35,601,1045,1339,jittered_positive,512,962,registered,registered,homography_inliers=3915/3915,12,12.jpg,train,FAIL,resolved,exact,
12,12.jpg,12m.jpg,dirty_positive/dirty_12_141.jpg,dirty_positive,1,965,256,256,256,1108,1476,36,57,1093,779,centered_positive,1,965,registered,registered,homography_inliers=3915/3915,12,12.jpg,train,FAIL,resolved,exact,
12,12.jpg,12m.jpg,dirty_positive/dirty_12_142.jpg,dirty_positive,19,923,256,256,256,1108,1476,36,57,1093,779,jittered_positive,19,923,registered,registered,homography_inliers=3915/3915,12,12.jpg,train,FAIL,resolved,exact,
12,12.jpg,12m.jpg,dirty_positive/dirty_12_143.jpg,dirty_positive,38,925,256,256,256,1108,1476,36,57,1093,779,jittered_positive,38,925,registered,registered,homography_inliers=3915/3915,12,12.jpg,train,FAIL,resolved,exact,
12,12.jpg,12m.jpg,dirty_positive/dirty_12_144.jpg,dirty_positive,1,936,256,256,256,1108,1476,36,57,1093,779,jittered_positive,1,936,registered,registered,homography_inliers=3915/3915,12,12.jpg,train,FAIL,resolved,exact,
12,12.jpg,12m.jpg,dirty_positive/dirty_12_145.jpg,dirty_positive,374,993,256,256,256,1108,1476,37,502,1121,1545,centered_positive,374,993,registered,registered,homography_inliers=3915/3915,12,12.jpg,train,FAIL,resolved,exact,
12,12.jpg,12m.jpg,dirty_positive/dirty_12_146.jpg,dirty_positive,432,1011,256,256,256,1108,1476,37,502,1121,1545,jittered_positive,432,1011,registered,registered,homography_inliers=3915/3915,12,12.jpg,train,FAIL,resolved,exact,
12,12.jpg,12m.jpg,dirty_positive/dirty_12_147.jpg,dirty_positive,373,930,256,256,256,1108,1476,37,502,1121,1545,jittered_positive,373,930,registered,registered,homography_inliers=3915/3915,12,12.jpg,train,FAIL,resolved,exact,
12,12.jpg,12m.jpg,dirty_positive/dirty_12_148.jpg,dirty_positive,376,1027,256,256,256,1108,1476,37,502,1121,1545,jittered_positive,376,1027,registered,registered,homography_inliers=3915/3915,12,12.jpg,train,FAIL,resolved,exact,
12,12.jpg,12m.jpg,dirty_positive/dirty_12_149.jpg,dirty_positive,1,1026,256,256,256,1108,1476,38,112,1154,754,centered_positive,1,1026,registered,registered,homography_inliers=3915/3915,12,12.jpg,train,FAIL,resolved,exact,
12,12.jpg,12m.jpg,dirty_positive/dirty_12_150.jpg,dirty_positive,1,1076,256,256,256,1108,1476,38,112,1154,754,jittered_positive,1,1076,registered,registered,homography_inliers=3915/3915,12,12.jpg,train,FAIL,resolved,exact,
12,12.jpg,12m.jpg,dirty_positive/dirty_12_151.jpg,dirty_positive,4,1046,256,256,256,1108,1476,38,112,1154,754,jittered_positive,4,1046,registered,registered,homography_inliers=3915/3915,12,12.jpg,train,FAIL,resolved,exact,
12,12.jpg,12m.jpg,dirty_positive/dirty_12_152.jpg,dirty_positive,13,964,256,256,256,1108,1476,38,112,1154,754,jittered_positive,13,964,registered,registered,homography_inliers=3915/3915,12,12.jpg,train,FAIL,resolved,exact,
12,12.jpg,12m.jpg,dirty_positive/dirty_12_153.jpg,dirty_positive,284,1146,256,256,256,1108,1476,39,412,1274,1757,centered_positive,284,1146,registered,registered,homography_inliers=3915/3915,12,12.jpg,train,FAIL,resolved,exact,
12,12.jpg,12m.jpg,dirty_positive/dirty_12_154.jpg,dirty_positive,286,1174,256,256,256,1108,1476,39,412,1274,1757,jittered_positive,286,1174,registered,registered,homography_inliers=3915/3915,12,12.jpg,train,FAIL,resolved,exact,
12,12.jpg,12m.jpg,dirty_positive/dirty_12_155.jpg,dirty_positive,280,1097,256,256,256,1108,1476,39,412,1274,1757,jittered_positive,280,1097,registered,registered,homography_inliers=3915/3915,12,12.jpg,train,FAIL,resolved,exact,
12,12.jpg,12m.jpg,dirty_positive/dirty_12_156.jpg,dirty_positive,250,1201,256,256,256,1108,1476,39,412,1274,1757,jittered_positive,250,1201,registered,registered,homography_inliers=3915/3915,12,12.jpg,train,FAIL,resolved,exact,
13,13.jpg,13m.jpg,clean_negative/clean_13_1.jpg,clean_negative,0,0,256,256,256,1108,1476,,,,,sliding_window_clean,,,,,,13,13.jpg,test,PASS,resolved,source-level only,clean-negative source split is traceable; defect-free status is not re-proven by this audit
13,13.jpg,13m.jpg,clean_negative/clean_13_2.jpg,clean_negative,48,0,256,256,256,1108,1476,,,,,sliding_window_clean,,,,,,13,13.jpg,test,PASS,resolved,source-level only,clean-negative source split is traceable; defect-free status is not re-proven by this audit
13,13.jpg,13m.jpg,clean_negative/clean_13_3.jpg,clean_negative,96,0,256,256,256,1108,1476,,,,,sliding_window_clean,,,,,,13,13.jpg,test,PASS,resolved,source-level only,clean-negative source split is traceable; defect-free status is not re-proven by this audit
13,13.jpg,13m.jpg,clean_negative/clean_13_4.jpg,clean_negative,144,0,256,256,256,1108,1476,,,,,sliding_window_clean,,,,,,13,13.jpg,test,PASS,resolved,source-level only,clean-negative source split is traceable; defect-free status is not re-proven by this audit
13,13.jpg,13m.jpg,clean_negative/clean_13_5.jpg,clean_negative,192,0,256,256,256,1108,1476,,,,,sliding_window_clean,,,,,,13,13.jpg,test,PASS,resolved,source-level only,clean-negative source split is traceable; defect-free status is not re-proven by this audit
13,13.jpg,13m.jpg,clean_negative/clean_13_6.jpg,clean_negative,240,0,256,256,256,1108,1476,,,,,sliding_window_clean,,,,,,13,13.jpg,test,PASS,resolved,source-level only,clean-negative source split is traceable; defect-free status is not re-proven by this audit
13,13.jpg,13m.jpg,clean_negative/clean_13_7.jpg,clean_negative,288,0,256,256,256,1108,1476,,,,,sliding_window_clean,,,,,,13,13.jpg,test,PASS,resolved,source-level only,clean-negative source split is traceable; defect-free status is not re-proven by this audit
13,13.jpg,13m.jpg,clean_negative/clean_13_8.jpg,clean_negative,336,0,256,256,256,1108,1476,,,,,sliding_window_clean,,,,,,13,13.jpg,test,PASS,resolved,source-level only,clean-negative source split is traceable; defect-free status is not re-proven by this audit
13,13.jpg,13m.jpg,clean_negative/clean_13_9.jpg,clean_negative,384,0,256,256,256,1108,1476,,,,,sliding_window_clean,,,,,,13,13.jpg,test,PASS,resolved,source-level only,clean-negative source split is traceable; defect-free status is not re-proven by this audit
13,13.jpg,13m.jpg,clean_negative/clean_13_10.jpg,clean_negative,432,0,256,256,256,1108,1476,,,,,sliding_window_clean,,,,,,13,13.jpg,test,PASS,resolved,source-level only,clean-negative source split is traceable; defect-free status is not re-proven by this audit
13,13.jpg,13m.jpg,clean_negative/clean_13_11.jpg,clean_negative,480,0,256,256,256,1108,1476,,,,,sliding_window_clean,,,,,,13,13.jpg,test,PASS,resolved,source-level only,clean-negative source split is traceable; defect-free status is not re-proven by this audit
13,13.jpg,13m.jpg,clean_negative/clean_13_12.jpg,clean_negative,528,0,256,256,256,1108,1476,,,,,sliding_window_clean,,,,,,13,13.jpg,test,PASS,resolved,source-level only,clean-negative source split is traceable; defect-free status is not re-proven by this audit
13,13.jpg,13m.jpg,clean_negative/clean_13_13.jpg,clean_negative,576,0,256,256,256,1108,1476,,,,,sliding_window_clean,,,,,,13,13.jpg,test,PASS,resolved,source-level only,clean-negative source split is traceable; defect-free status is not re-proven by this audit
13,13.jpg,13m.jpg,clean_negative/clean_13_14.jpg,clean_negative,624,0,256,256,256,1108,1476,,,,,sliding_window_clean,,,,,,13,13.jpg,test,PASS,resolved,source-level only,clean-negative source split is traceable; defect-free status is not re-proven by this audit
13,13.jpg,13m.jpg,clean_negative/clean_13_15.jpg,clean_negative,672,0,256,256,256,1108,1476,,,,,sliding_window_clean,,,,,,13,13.jpg,test,PASS,resolved,source-level only,clean-negative source split is traceable; defect-free status is not re-proven by this audit
13,13.jpg,13m.jpg,clean_negative/clean_13_16.jpg,clean_negative,720,0,256,256,256,1108,1476,,,,,sliding_window_clean,,,,,,13,13.jpg,test,PASS,resolved,source-level only,clean-negative source split is traceable; defect-free status is not re-proven by this audit
13,13.jpg,13m.jpg,clean_negative/clean_13_17.jpg,clean_negative,768,0,256,256,256,1108,1476,,,,,sliding_window_clean,,,,,,13,13.jpg,test,PASS,resolved,source-level only,clean-negative source split is traceable; defect-free status is not re-proven by this audit
13,13.jpg,13m.jpg,clean_negative/clean_13_18.jpg,clean_negative,816,0,256,256,256,1108,1476,,,,,sliding_window_clean,,,,,,13,13.jpg,test,PASS,resolved,source-level only,clean-negative source split is traceable; defect-free status is not re-proven by this audit
13,13.jpg,13m.jpg,clean_negative/clean_13_19.jpg,clean_negative,852,0,256,256,256,1108,1476,,,,,sliding_window_clean,,,,,,13,13.jpg,test,PASS,resolved,source-level only,clean-negative source split is traceable; defect-free status is not re-proven by this audit
13,13.jpg,13m.jpg,clean_negative/clean_13_20.jpg,clean_negative,0,48,256,256,256,1108,1476,,,,,sliding_window_clean,,,,,,13,13.jpg,test,PASS,resolved,source-level only,clean-negative source split is traceable; defect-free status is not re-proven by this audit
13,13.jpg,13m.jpg,clean_negative/clean_13_21.jpg,clean_negative,48,48,256,256,256,1108,1476,,,,,sliding_window_clean,,,,,,13,13.jpg,test,PASS,resolved,source-level only,clean-negative source split is traceable; defect-free status is not re-proven by this audit
13,13.jpg,13m.jpg,clean_negative/clean_13_22.jpg,clean_negative,96,48,256,256,256,1108,1476,,,,,sliding_window_clean,,,,,,13,13.jpg,test,PASS,resolved,source-level only,clean-negative source split is traceable; defect-free status is not re-proven by this audit
13,13.jpg,13m.jpg,clean_negative/clean_13_23.jpg,clean_negative,144,48,256,256,256,1108,1476,,,,,sliding_window_clean,,,,,,13,13.jpg,test,PASS,resolved,source-level only,clean-negative source split is traceable; defect-free status is not re-proven by this audit
13,13.jpg,13m.jpg,clean_negative/clean_13_24.jpg,clean_negative,192,48,256,256,256,1108,1476,,,,,sliding_window_clean,,,,,,13,13.jpg,test,PASS,resolved,source-level only,clean-negative source split is traceable; defect-free status is not re-proven by this audit
13,13.jpg,13m.jpg,clean_negative/clean_13_25.jpg,clean_negative,240,48,256,256,256,1108,1476,,,,,sliding_window_clean,,,,,,13,13.jpg,test,PASS,resolved,source-level only,clean-negative source split is traceable; defect-free status is not re-proven by this audit
13,13.jpg,13m.jpg,clean_negative/clean_13_26.jpg,clean_negative,288,48,256,256,256,1108,1476,,,,,sliding_window_clean,,,,,,13,13.jpg,test,PASS,resolved,source-level only,clean-negative source split is traceable; defect-free status is not re-proven by this audit
13,13.jpg,13m.jpg,clean_negative/clean_13_27.jpg,clean_negative,336,48,256,256,256,1108,1476,,,,,sliding_window_clean,,,,,,13,13.jpg,test,PASS,resolved,source-level only,clean-negative source split is traceable; defect-free status is not re-proven by this audit
13,13.jpg,13m.jpg,clean_negative/clean_13_28.jpg,clean_negative,384,48,256,256,256,1108,1476,,,,,sliding_window_clean,,,,,,13,13.jpg,test,PASS,resolved,source-level only,clean-negative source split is traceable; defect-free status is not re-proven by this audit
13,13.jpg,13m.jpg,clean_negative/clean_13_29.jpg,clean_negative,432,48,256,256,256,1108,1476,,,,,sliding_window_clean,,,,,,13,13.jpg,test,PASS,resolved,source-level only,clean-negative source split is traceable; defect-free status is not re-proven by this audit
13,13.jpg,13m.jpg,clean_negative/clean_13_30.jpg,clean_negative,480,48,256,256,256,1108,1476,,,,,sliding_window_clean,,,,,,13,13.jpg,test,PASS,resolved,source-level only,clean-negative source split is traceable; defect-free status is not re-proven by this audit
13,13.jpg,13m.jpg,clean_negative/clean_13_31.jpg,clean_negative,528,48,256,256,256,1108,1476,,,,,sliding_window_clean,,,,,,13,13.jpg,test,PASS,resolved,source-level only,clean-negative source split is traceable; defect-free status is not re-proven by this audit
13,13.jpg,13m.jpg,clean_negative/clean_13_32.jpg,clean_negative,576,48,256,256,256,1108,1476,,,,,sliding_window_clean,,,,,,13,13.jpg,test,PASS,resolved,source-level only,clean-negative source split is traceable; defect-free status is not re-proven by this audit
13,13.jpg,13m.jpg,clean_negative/clean_13_33.jpg,clean_negative,624,48,256,256,256,1108,1476,,,,,sliding_window_clean,,,,,,13,13.jpg,test,PASS,resolved,source-level only,clean-negative source split is traceable; defect-free status is not re-proven by this audit
13,13.jpg,13m.jpg,clean_negative/clean_13_34.jpg,clean_negative,672,48,256,256,256,1108,1476,,,,,sliding_window_clean,,,,,,13,13.jpg,test,PASS,resolved,source-level only,clean-negative source split is traceable; defect-free status is not re-proven by this audit
13,13.jpg,13m.jpg,clean_negative/clean_13_35.jpg,clean_negative,720,48,256,256,256,1108,1476,,,,,sliding_window_clean,,,,,,13,13.jpg,test,PASS,resolved,source-level only,clean-negative source split is traceable; defect-free status is not re-proven by this audit
13,13.jpg,13m.jpg,clean_negative/clean_13_36.jpg,clean_negative,768,48,256,256,256,1108,1476,,,,,sliding_window_clean,,,,,,13,13.jpg,test,PASS,resolved,source-level only,clean-negative source split is traceable; defect-free status is not re-proven by this audit
13,13.jpg,13m.jpg,clean_negative/clean_13_37.jpg,clean_negative,816,48,256,256,256,1108,1476,,,,,sliding_window_clean,,,,,,13,13.jpg,test,PASS,resolved,source-level only,clean-negative source split is traceable; defect-free status is not re-proven by this audit
13,13.jpg,13m.jpg,clean_negative/clean_13_38.jpg,clean_negative,852,48,256,256,256,1108,1476,,,,,sliding_window_clean,,,,,,13,13.jpg,test,PASS,resolved,source-level only,clean-negative source split is traceable; defect-free status is not re-proven by this audit
13,13.jpg,13m.jpg,clean_negative/clean_13_39.jpg,clean_negative,0,96,256,256,256,1108,1476,,,,,sliding_window_clean,,,,,,13,13.jpg,test,PASS,resolved,source-level only,clean-negative source split is traceable; defect-free status is not re-proven by this audit
13,13.jpg,13m.jpg,clean_negative/clean_13_40.jpg,clean_negative,48,96,256,256,256,1108,1476,,,,,sliding_window_clean,,,,,,13,13.jpg,test,PASS,resolved,source-level only,clean-negative source split is traceable; defect-free status is not re-proven by this audit
13,13.jpg,13m.jpg,clean_negative/clean_13_41.jpg,clean_negative,96,96,256,256,256,1108,1476,,,,,sliding_window_clean,,,,,,13,13.jpg,test,PASS,resolved,source-level only,clean-negative source split is traceable; defect-free status is not re-proven by this audit
13,13.jpg,13m.jpg,clean_negative/clean_13_42.jpg,clean_negative,144,96,256,256,256,1108,1476,,,,,sliding_window_clean,,,,,,13,13.jpg,test,PASS,resolved,source-level only,clean-negative source split is traceable; defect-free status is not re-proven by this audit
13,13.jpg,13m.jpg,clean_negative/clean_13_43.jpg,clean_negative,192,96,256,256,256,1108,1476,,,,,sliding_window_clean,,,,,,13,13.jpg,test,PASS,resolved,source-level only,clean-negative source split is traceable; defect-free status is not re-proven by this audit
13,13.jpg,13m.jpg,clean_negative/clean_13_44.jpg,clean_negative,240,96,256,256,256,1108,1476,,,,,sliding_window_clean,,,,,,13,13.jpg,test,PASS,resolved,source-level only,clean-negative source split is traceable; defect-free status is not re-proven by this audit
13,13.jpg,13m.jpg,clean_negative/clean_13_45.jpg,clean_negative,288,96,256,256,256,1108,1476,,,,,sliding_window_clean,,,,,,13,13.jpg,test,PASS,resolved,source-level only,clean-negative source split is traceable; defect-free status is not re-proven by this audit
13,13.jpg,13m.jpg,clean_negative/clean_13_46.jpg,clean_negative,336,96,256,256,256,1108,1476,,,,,sliding_window_clean,,,,,,13,13.jpg,test,PASS,resolved,source-level only,clean-negative source split is traceable; defect-free status is not re-proven by this audit
13,13.jpg,13m.jpg,clean_negative/clean_13_47.jpg,clean_negative,384,96,256,256,256,1108,1476,,,,,sliding_window_clean,,,,,,13,13.jpg,test,PASS,resolved,source-level only,clean-negative source split is traceable; defect-free status is not re-proven by this audit
13,13.jpg,13m.jpg,clean_negative/clean_13_48.jpg,clean_negative,432,96,256,256,256,1108,1476,,,,,sliding_window_clean,,,,,,13,13.jpg,test,PASS,resolved,source-level only,clean-negative source split is traceable; defect-free status is not re-proven by this audit
13,13.jpg,13m.jpg,clean_negative/clean_13_49.jpg,clean_negative,480,96,256,256,256,1108,1476,,,,,sliding_window_clean,,,,,,13,13.jpg,test,PASS,resolved,source-level only,clean-negative source split is traceable; defect-free status is not re-proven by this audit
13,13.jpg,13m.jpg,clean_negative/clean_13_50.jpg,clean_negative,528,96,256,256,256,1108,1476,,,,,sliding_window_clean,,,,,,13,13.jpg,test,PASS,resolved,source-level only,clean-negative source split is traceable; defect-free status is not re-proven by this audit
13,13.jpg,13m.jpg,clean_negative/clean_13_51.jpg,clean_negative,576,96,256,256,256,1108,1476,,,,,sliding_window_clean,,,,,,13,13.jpg,test,PASS,resolved,source-level only,clean-negative source split is traceable; defect-free status is not re-proven by this audit
13,13.jpg,13m.jpg,clean_negative/clean_13_52.jpg,clean_negative,624,96,256,256,256,1108,1476,,,,,sliding_window_clean,,,,,,13,13.jpg,test,PASS,resolved,source-level only,clean-negative source split is traceable; defect-free status is not re-proven by this audit
13,13.jpg,13m.jpg,clean_negative/clean_13_53.jpg,clean_negative,672,96,256,256,256,1108,1476,,,,,sliding_window_clean,,,,,,13,13.jpg,test,PASS,resolved,source-level only,clean-negative source split is traceable; defect-free status is not re-proven by this audit
13,13.jpg,13m.jpg,clean_negative/clean_13_54.jpg,clean_negative,720,96,256,256,256,1108,1476,,,,,sliding_window_clean,,,,,,13,13.jpg,test,PASS,resolved,source-level only,clean-negative source split is traceable; defect-free status is not re-proven by this audit
13,13.jpg,13m.jpg,clean_negative/clean_13_55.jpg,clean_negative,768,96,256,256,256,1108,1476,,,,,sliding_window_clean,,,,,,13,13.jpg,test,PASS,resolved,source-level only,clean-negative source split is traceable; defect-free status is not re-proven by this audit
13,13.jpg,13m.jpg,clean_negative/clean_13_56.jpg,clean_negative,816,96,256,256,256,1108,1476,,,,,sliding_window_clean,,,,,,13,13.jpg,test,PASS,resolved,source-level only,clean-negative source split is traceable; defect-free status is not re-proven by this audit
13,13.jpg,13m.jpg,clean_negative/clean_13_57.jpg,clean_negative,852,96,256,256,256,1108,1476,,,,,sliding_window_clean,,,,,,13,13.jpg,test,PASS,resolved,source-level only,clean-negative source split is traceable; defect-free status is not re-proven by this audit
13,13.jpg,13m.jpg,clean_negative/clean_13_58.jpg,clean_negative,192,103,256,256,256,1108,1476,,,,,sliding_window_clean,,,,,,13,13.jpg,test,PASS,resolved,source-level only,clean-negative source split is traceable; defect-free status is not re-proven by this audit
13,13.jpg,13m.jpg,clean_negative/clean_13_59.jpg,clean_negative,240,103,256,256,256,1108,1476,,,,,sliding_window_clean,,,,,,13,13.jpg,test,PASS,resolved,source-level only,clean-negative source split is traceable; defect-free status is not re-proven by this audit
13,13.jpg,13m.jpg,clean_negative/clean_13_60.jpg,clean_negative,288,103,256,256,256,1108,1476,,,,,sliding_window_clean,,,,,,13,13.jpg,test,PASS,resolved,source-level only,clean-negative source split is traceable; defect-free status is not re-proven by this audit
13,13.jpg,13m.jpg,clean_negative/clean_13_61.jpg,clean_negative,336,103,256,256,256,1108,1476,,,,,sliding_window_clean,,,,,,13,13.jpg,test,PASS,resolved,source-level only,clean-negative source split is traceable; defect-free status is not re-proven by this audit
13,13.jpg,13m.jpg,clean_negative/clean_13_62.jpg,clean_negative,384,103,256,256,256,1108,1476,,,,,sliding_window_clean,,,,,,13,13.jpg,test,PASS,resolved,source-level only,clean-negative source split is traceable; defect-free status is not re-proven by this audit
13,13.jpg,13m.jpg,clean_negative/clean_13_63.jpg,clean_negative,432,103,256,256,256,1108,1476,,,,,sliding_window_clean,,,,,,13,13.jpg,test,PASS,resolved,source-level only,clean-negative source split is traceable; defect-free status is not re-proven by this audit
13,13.jpg,13m.jpg,clean_negative/clean_13_64.jpg,clean_negative,528,105,256,256,256,1108,1476,,,,,sliding_window_clean,,,,,,13,13.jpg,test,PASS,resolved,source-level only,clean-negative source split is traceable; defect-free status is not re-proven by this audit
13,13.jpg,13m.jpg,clean_negative/clean_13_65.jpg,clean_negative,576,105,256,256,256,1108,1476,,,,,sliding_window_clean,,,,,,13,13.jpg,test,PASS,resolved,source-level only,clean-negative source split is traceable; defect-free status is not re-proven by this audit
13,13.jpg,13m.jpg,clean_negative/clean_13_66.jpg,clean_negative,624,105,256,256,256,1108,1476,,,,,sliding_window_clean,,,,,,13,13.jpg,test,PASS,resolved,source-level only,clean-negative source split is traceable; defect-free status is not re-proven by this audit
13,13.jpg,13m.jpg,clean_negative/clean_13_67.jpg,clean_negative,672,105,256,256,256,1108,1476,,,,,sliding_window_clean,,,,,,13,13.jpg,test,PASS,resolved,source-level only,clean-negative source split is traceable; defect-free status is not re-proven by this audit
13,13.jpg,13m.jpg,clean_negative/clean_13_68.jpg,clean_negative,720,105,256,256,256,1108,1476,,,,,sliding_window_clean,,,,,,13,13.jpg,test,PASS,resolved,source-level only,clean-negative source split is traceable; defect-free status is not re-proven by this audit
13,13.jpg,13m.jpg,clean_negative/clean_13_69.jpg,clean_negative,472,107,256,256,256,1108,1476,,,,,sliding_window_clean,,,,,,13,13.jpg,test,PASS,resolved,source-level only,clean-negative source split is traceable; defect-free status is not re-proven by this audit
13,13.jpg,13m.jpg,clean_negative/clean_13_70.jpg,clean_negative,460,109,256,256,256,1108,1476,,,,,sliding_window_clean,,,,,,13,13.jpg,test,PASS,resolved,source-level only,clean-negative source split is traceable; defect-free status is not re-proven by this audit
13,13.jpg,13m.jpg,clean_negative/clean_13_71.jpg,clean_negative,461,109,256,256,256,1108,1476,,,,,sliding_window_clean,,,,,,13,13.jpg,test,PASS,resolved,source-level only,clean-negative source split is traceable; defect-free status is not re-proven by this audit
13,13.jpg,13m.jpg,clean_negative/clean_13_72.jpg,clean_negative,785,119,256,256,256,1108,1476,,,,,sliding_window_clean,,,,,,13,13.jpg,test,PASS,resolved,source-level only,clean-negative source split is traceable; defect-free status is not re-proven by this audit
13,13.jpg,13m.jpg,clean_negative/clean_13_73.jpg,clean_negative,144,123,256,256,256,1108,1476,,,,,sliding_window_clean,,,,,,13,13.jpg,test,PASS,resolved,source-level only,clean-negative source split is traceable; defect-free status is not re-proven by this audit
13,13.jpg,13m.jpg,clean_negative/clean_13_74.jpg,clean_negative,148,123,256,256,256,1108,1476,,,,,sliding_window_clean,,,,,,13,13.jpg,test,PASS,resolved,source-level only,clean-negative source split is traceable; defect-free status is not re-proven by this audit
13,13.jpg,13m.jpg,clean_negative/clean_13_75.jpg,clean_negative,89,131,256,256,256,1108,1476,,,,,sliding_window_clean,,,,,,13,13.jpg,test,PASS,resolved,source-level only,clean-negative source split is traceable; defect-free status is not re-proven by this audit
13,13.jpg,13m.jpg,clean_negative/clean_13_76.jpg,clean_negative,0,144,256,256,256,1108,1476,,,,,sliding_window_clean,,,,,,13,13.jpg,test,PASS,resolved,source-level only,clean-negative source split is traceable; defect-free status is not re-proven by this audit
13,13.jpg,13m.jpg,clean_negative/clean_13_77.jpg,clean_negative,48,144,256,256,256,1108,1476,,,,,sliding_window_clean,,,,,,13,13.jpg,test,PASS,resolved,source-level only,clean-negative source split is traceable; defect-free status is not re-proven by this audit
13,13.jpg,13m.jpg,clean_negative/clean_13_78.jpg,clean_negative,816,144,256,256,256,1108,1476,,,,,sliding_window_clean,,,,,,13,13.jpg,test,PASS,resolved,source-level only,clean-negative source split is traceable; defect-free status is not re-proven by this audit
13,13.jpg,13m.jpg,clean_negative/clean_13_79.jpg,clean_negative,852,144,256,256,256,1108,1476,,,,,sliding_window_clean,,,,,,13,13.jpg,test,PASS,resolved,source-level only,clean-negative source split is traceable; defect-free status is not re-proven by this audit
13,13.jpg,13m.jpg,clean_negative/clean_13_80.jpg,clean_negative,66,172,256,256,256,1108,1476,,,,,sliding_window_clean,,,,,,13,13.jpg,test,PASS,resolved,source-level only,clean-negative source split is traceable; defect-free status is not re-proven by this audit
13,13.jpg,13m.jpg,clean_negative/clean_13_81.jpg,clean_negative,805,175,256,256,256,1108,1476,,,,,sliding_window_clean,,,,,,13,13.jpg,test,PASS,resolved,source-level only,clean-negative source split is traceable; defect-free status is not re-proven by this audit
13,13.jpg,13m.jpg,clean_negative/clean_13_82.jpg,clean_negative,816,175,256,256,256,1108,1476,,,,,sliding_window_clean,,,,,,13,13.jpg,test,PASS,resolved,source-level only,clean-negative source split is traceable; defect-free status is not re-proven by this audit
13,13.jpg,13m.jpg,clean_negative/clean_13_83.jpg,clean_negative,852,176,256,256,256,1108,1476,,,,,sliding_window_clean,,,,,,13,13.jpg,test,PASS,resolved,source-level only,clean-negative source split is traceable; defect-free status is not re-proven by this audit
13,13.jpg,13m.jpg,clean_negative/clean_13_84.jpg,clean_negative,0,192,256,256,256,1108,1476,,,,,sliding_window_clean,,,,,,13,13.jpg,test,PASS,resolved,source-level only,clean-negative source split is traceable; defect-free status is not re-proven by this audit
13,13.jpg,13m.jpg,clean_negative/clean_13_85.jpg,clean_negative,47,192,256,256,256,1108,1476,,,,,sliding_window_clean,,,,,,13,13.jpg,test,PASS,resolved,source-level only,clean-negative source split is traceable; defect-free status is not re-proven by this audit
13,13.jpg,13m.jpg,clean_negative/clean_13_86.jpg,clean_negative,0,240,256,256,256,1108,1476,,,,,sliding_window_clean,,,,,,13,13.jpg,test,PASS,resolved,source-level only,clean-negative source split is traceable; defect-free status is not re-proven by this audit
13,13.jpg,13m.jpg,clean_negative/clean_13_87.jpg,clean_negative,34,240,256,256,256,1108,1476,,,,,sliding_window_clean,,,,,,13,13.jpg,test,PASS,resolved,source-level only,clean-negative source split is traceable; defect-free status is not re-proven by this audit
13,13.jpg,13m.jpg,clean_negative/clean_13_88.jpg,clean_negative,608,876,256,256,256,1108,1476,,,,,sliding_window_clean,,,,,,13,13.jpg,test,PASS,resolved,source-level only,clean-negative source split is traceable; defect-free status is not re-proven by this audit
13,13.jpg,13m.jpg,clean_negative/clean_13_89.jpg,clean_negative,509,881,256,256,256,1108,1476,,,,,sliding_window_clean,,,,,,13,13.jpg,test,PASS,resolved,source-level only,clean-negative source split is traceable; defect-free status is not re-proven by this audit
13,13.jpg,13m.jpg,clean_negative/clean_13_90.jpg,clean_negative,557,881,256,256,256,1108,1476,,,,,sliding_window_clean,,,,,,13,13.jpg,test,PASS,resolved,source-level only,clean-negative source split is traceable; defect-free status is not re-proven by this audit
13,13.jpg,13m.jpg,clean_negative/clean_13_91.jpg,clean_negative,766,1058,256,256,256,1108,1476,,,,,sliding_window_clean,,,,,,13,13.jpg,test,PASS,resolved,source-level only,clean-negative source split is traceable; defect-free status is not re-proven by this audit
13,13.jpg,13m.jpg,clean_negative/clean_13_92.jpg,clean_negative,802,1058,256,256,256,1108,1476,,,,,sliding_window_clean,,,,,,13,13.jpg,test,PASS,resolved,source-level only,clean-negative source split is traceable; defect-free status is not re-proven by this audit
13,13.jpg,13m.jpg,clean_negative/clean_13_93.jpg,clean_negative,850,1058,256,256,256,1108,1476,,,,,sliding_window_clean,,,,,,13,13.jpg,test,PASS,resolved,source-level only,clean-negative source split is traceable; defect-free status is not re-proven by this audit
13,13.jpg,13m.jpg,clean_negative/clean_13_94.jpg,clean_negative,766,1106,256,256,256,1108,1476,,,,,sliding_window_clean,,,,,,13,13.jpg,test,PASS,resolved,source-level only,clean-negative source split is traceable; defect-free status is not re-proven by this audit
13,13.jpg,13m.jpg,clean_negative/clean_13_95.jpg,clean_negative,802,1106,256,256,256,1108,1476,,,,,sliding_window_clean,,,,,,13,13.jpg,test,PASS,resolved,source-level only,clean-negative source split is traceable; defect-free status is not re-proven by this audit
13,13.jpg,13m.jpg,clean_negative/clean_13_96.jpg,clean_negative,850,1106,256,256,256,1108,1476,,,,,sliding_window_clean,,,,,,13,13.jpg,test,PASS,resolved,source-level only,clean-negative source split is traceable; defect-free status is not re-proven by this audit
13,13.jpg,13m.jpg,clean_negative/clean_13_97.jpg,clean_negative,336,1111,256,256,256,1108,1476,,,,,sliding_window_clean,,,,,,13,13.jpg,test,PASS,resolved,source-level only,clean-negative source split is traceable; defect-free status is not re-proven by this audit
13,13.jpg,13m.jpg,clean_negative/clean_13_98.jpg,clean_negative,384,1111,256,256,256,1108,1476,,,,,sliding_window_clean,,,,,,13,13.jpg,test,PASS,resolved,source-level only,clean-negative source split is traceable; defect-free status is not re-proven by this audit
13,13.jpg,13m.jpg,clean_negative/clean_13_99.jpg,clean_negative,411,1111,256,256,256,1108,1476,,,,,sliding_window_clean,,,,,,13,13.jpg,test,PASS,resolved,source-level only,clean-negative source split is traceable; defect-free status is not re-proven by this audit
13,13.jpg,13m.jpg,clean_negative/clean_13_100.jpg,clean_negative,297,1114,256,256,256,1108,1476,,,,,sliding_window_clean,,,,,,13,13.jpg,test,PASS,resolved,source-level only,clean-negative source split is traceable; defect-free status is not re-proven by this audit
13,13.jpg,13m.jpg,clean_negative/clean_13_101.jpg,clean_negative,290,1136,256,256,256,1108,1476,,,,,sliding_window_clean,,,,,,13,13.jpg,test,PASS,resolved,source-level only,clean-negative source split is traceable; defect-free status is not re-proven by this audit
13,13.jpg,13m.jpg,clean_negative/clean_13_102.jpg,clean_negative,766,1154,256,256,256,1108,1476,,,,,sliding_window_clean,,,,,,13,13.jpg,test,PASS,resolved,source-level only,clean-negative source split is traceable; defect-free status is not re-proven by this audit
13,13.jpg,13m.jpg,clean_negative/clean_13_103.jpg,clean_negative,802,1154,256,256,256,1108,1476,,,,,sliding_window_clean,,,,,,13,13.jpg,test,PASS,resolved,source-level only,clean-negative source split is traceable; defect-free status is not re-proven by this audit
13,13.jpg,13m.jpg,clean_negative/clean_13_104.jpg,clean_negative,850,1154,256,256,256,1108,1476,,,,,sliding_window_clean,,,,,,13,13.jpg,test,PASS,resolved,source-level only,clean-negative source split is traceable; defect-free status is not re-proven by this audit
13,13.jpg,13m.jpg,clean_negative/clean_13_105.jpg,clean_negative,288,1159,256,256,256,1108,1476,,,,,sliding_window_clean,,,,,,13,13.jpg,test,PASS,resolved,source-level only,clean-negative source split is traceable; defect-free status is not re-proven by this audit
13,13.jpg,13m.jpg,clean_negative/clean_13_106.jpg,clean_negative,336,1159,256,256,256,1108,1476,,,,,sliding_window_clean,,,,,,13,13.jpg,test,PASS,resolved,source-level only,clean-negative source split is traceable; defect-free status is not re-proven by this audit
13,13.jpg,13m.jpg,clean_negative/clean_13_107.jpg,clean_negative,384,1159,256,256,256,1108,1476,,,,,sliding_window_clean,,,,,,13,13.jpg,test,PASS,resolved,source-level only,clean-negative source split is traceable; defect-free status is not re-proven by this audit
13,13.jpg,13m.jpg,clean_negative/clean_13_108.jpg,clean_negative,411,1159,256,256,256,1108,1476,,,,,sliding_window_clean,,,,,,13,13.jpg,test,PASS,resolved,source-level only,clean-negative source split is traceable; defect-free status is not re-proven by this audit
13,13.jpg,13m.jpg,clean_negative/clean_13_109.jpg,clean_negative,251,1175,256,256,256,1108,1476,,,,,sliding_window_clean,,,,,,13,13.jpg,test,PASS,resolved,source-level only,clean-negative source split is traceable; defect-free status is not re-proven by this audit
13,13.jpg,13m.jpg,clean_negative/clean_13_110.jpg,clean_negative,0,1189,256,256,256,1108,1476,,,,,sliding_window_clean,,,,,,13,13.jpg,test,PASS,resolved,source-level only,clean-negative source split is traceable; defect-free status is not re-proven by this audit
13,13.jpg,13m.jpg,clean_negative/clean_13_111.jpg,clean_negative,48,1189,256,256,256,1108,1476,,,,,sliding_window_clean,,,,,,13,13.jpg,test,PASS,resolved,source-level only,clean-negative source split is traceable; defect-free status is not re-proven by this audit
13,13.jpg,13m.jpg,clean_negative/clean_13_112.jpg,clean_negative,96,1189,256,256,256,1108,1476,,,,,sliding_window_clean,,,,,,13,13.jpg,test,PASS,resolved,source-level only,clean-negative source split is traceable; defect-free status is not re-proven by this audit
13,13.jpg,13m.jpg,clean_negative/clean_13_113.jpg,clean_negative,144,1189,256,256,256,1108,1476,,,,,sliding_window_clean,,,,,,13,13.jpg,test,PASS,resolved,source-level only,clean-negative source split is traceable; defect-free status is not re-proven by this audit
13,13.jpg,13m.jpg,clean_negative/clean_13_114.jpg,clean_negative,192,1189,256,256,256,1108,1476,,,,,sliding_window_clean,,,,,,13,13.jpg,test,PASS,resolved,source-level only,clean-negative source split is traceable; defect-free status is not re-proven by this audit
13,13.jpg,13m.jpg,clean_negative/clean_13_115.jpg,clean_negative,802,1202,256,256,256,1108,1476,,,,,sliding_window_clean,,,,,,13,13.jpg,test,PASS,resolved,source-level only,clean-negative source split is traceable; defect-free status is not re-proven by this audit
13,13.jpg,13m.jpg,clean_negative/clean_13_116.jpg,clean_negative,850,1202,256,256,256,1108,1476,,,,,sliding_window_clean,,,,,,13,13.jpg,test,PASS,resolved,source-level only,clean-negative source split is traceable; defect-free status is not re-proven by this audit
13,13.jpg,13m.jpg,clean_negative/clean_13_117.jpg,clean_negative,763,1204,256,256,256,1108,1476,,,,,sliding_window_clean,,,,,,13,13.jpg,test,PASS,resolved,source-level only,clean-negative source split is traceable; defect-free status is not re-proven by this audit
13,13.jpg,13m.jpg,clean_negative/clean_13_118.jpg,clean_negative,0,1207,256,256,256,1108,1476,,,,,sliding_window_clean,,,,,,13,13.jpg,test,PASS,resolved,source-level only,clean-negative source split is traceable; defect-free status is not re-proven by this audit
13,13.jpg,13m.jpg,clean_negative/clean_13_119.jpg,clean_negative,48,1207,256,256,256,1108,1476,,,,,sliding_window_clean,,,,,,13,13.jpg,test,PASS,resolved,source-level only,clean-negative source split is traceable; defect-free status is not re-proven by this audit
13,13.jpg,13m.jpg,clean_negative/clean_13_120.jpg,clean_negative,96,1207,256,256,256,1108,1476,,,,,sliding_window_clean,,,,,,13,13.jpg,test,PASS,resolved,source-level only,clean-negative source split is traceable; defect-free status is not re-proven by this audit
13,13.jpg,13m.jpg,clean_negative/clean_13_121.jpg,clean_negative,144,1207,256,256,256,1108,1476,,,,,sliding_window_clean,,,,,,13,13.jpg,test,PASS,resolved,source-level only,clean-negative source split is traceable; defect-free status is not re-proven by this audit
13,13.jpg,13m.jpg,clean_negative/clean_13_122.jpg,clean_negative,192,1207,256,256,256,1108,1476,,,,,sliding_window_clean,,,,,,13,13.jpg,test,PASS,resolved,source-level only,clean-negative source split is traceable; defect-free status is not re-proven by this audit
13,13.jpg,13m.jpg,clean_negative/clean_13_123.jpg,clean_negative,240,1207,256,256,256,1108,1476,,,,,sliding_window_clean,,,,,,13,13.jpg,test,PASS,resolved,source-level only,clean-negative source split is traceable; defect-free status is not re-proven by this audit
13,13.jpg,13m.jpg,clean_negative/clean_13_124.jpg,clean_negative,288,1207,256,256,256,1108,1476,,,,,sliding_window_clean,,,,,,13,13.jpg,test,PASS,resolved,source-level only,clean-negative source split is traceable; defect-free status is not re-proven by this audit
13,13.jpg,13m.jpg,clean_negative/clean_13_125.jpg,clean_negative,336,1207,256,256,256,1108,1476,,,,,sliding_window_clean,,,,,,13,13.jpg,test,PASS,resolved,source-level only,clean-negative source split is traceable; defect-free status is not re-proven by this audit
13,13.jpg,13m.jpg,clean_negative/clean_13_126.jpg,clean_negative,384,1207,256,256,256,1108,1476,,,,,sliding_window_clean,,,,,,13,13.jpg,test,PASS,resolved,source-level only,clean-negative source split is traceable; defect-free status is not re-proven by this audit
13,13.jpg,13m.jpg,clean_negative/clean_13_127.jpg,clean_negative,417,1211,256,256,256,1108,1476,,,,,sliding_window_clean,,,,,,13,13.jpg,test,PASS,resolved,source-level only,clean-negative source split is traceable; defect-free status is not re-proven by this audit
13,13.jpg,13m.jpg,dirty_positive/dirty_13_1.jpg,dirty_positive,319,290,256,256,256,1108,1476,1,447,418,1258,centered_positive,319,290,registered,registered,homography_inliers=4654/4656,13,13.jpg,test,PASS,resolved,exact,
13,13.jpg,13m.jpg,dirty_positive/dirty_13_2.jpg,dirty_positive,333,266,256,256,256,1108,1476,1,447,418,1258,jittered_positive,333,266,registered,registered,homography_inliers=4654/4656,13,13.jpg,test,PASS,resolved,exact,
13,13.jpg,13m.jpg,dirty_positive/dirty_13_3.jpg,dirty_positive,358,354,256,256,256,1108,1476,1,447,418,1258,jittered_positive,358,354,registered,registered,homography_inliers=4654/4656,13,13.jpg,test,PASS,resolved,exact,
13,13.jpg,13m.jpg,dirty_positive/dirty_13_4.jpg,dirty_positive,334,256,256,256,256,1108,1476,1,447,418,1258,jittered_positive,334,256,registered,registered,homography_inliers=4654/4656,13,13.jpg,test,PASS,resolved,exact,
13,13.jpg,13m.jpg,dirty_positive/dirty_13_5.jpg,dirty_positive,600,292,256,256,256,1108,1476,2,728,420,1358,centered_positive,600,292,registered,registered,homography_inliers=4654/4656,13,13.jpg,test,PASS,resolved,exact,
13,13.jpg,13m.jpg,dirty_positive/dirty_13_6.jpg,dirty_positive,611,322,256,256,256,1108,1476,2,728,420,1358,jittered_positive,611,322,registered,registered,homography_inliers=4654/4656,13,13.jpg,test,PASS,resolved,exact,
13,13.jpg,13m.jpg,dirty_positive/dirty_13_7.jpg,dirty_positive,592,284,256,256,256,1108,1476,2,728,420,1358,jittered_positive,592,284,registered,registered,homography_inliers=4654/4656,13,13.jpg,test,PASS,resolved,exact,
13,13.jpg,13m.jpg,dirty_positive/dirty_13_8.jpg,dirty_positive,570,350,256,256,256,1108,1476,2,728,420,1358,jittered_positive,570,350,registered,registered,homography_inliers=4654/4656,13,13.jpg,test,PASS,resolved,exact,
13,13.jpg,13m.jpg,dirty_positive/dirty_13_9.jpg,dirty_positive,221,324,256,256,256,1108,1476,3,349,452,1430,centered_positive,221,324,registered,registered,homography_inliers=4654/4656,13,13.jpg,test,PASS,resolved,exact,
13,13.jpg,13m.jpg,dirty_positive/dirty_13_10.jpg,dirty_positive,196,376,256,256,256,1108,1476,3,349,452,1430,jittered_positive,196,376,registered,registered,homography_inliers=4654/4656,13,13.jpg,test,PASS,resolved,exact,
13,13.jpg,13m.jpg,dirty_positive/dirty_13_11.jpg,dirty_positive,252,366,256,256,256,1108,1476,3,349,452,1430,jittered_positive,252,366,registered,registered,homography_inliers=4654/4656,13,13.jpg,test,PASS,resolved,exact,
13,13.jpg,13m.jpg,dirty_positive/dirty_13_12.jpg,dirty_positive,277,315,256,256,256,1108,1476,3,349,452,1430,jittered_positive,277,315,registered,registered,homography_inliers=4654/4656,13,13.jpg,test,PASS,resolved,exact,
13,13.jpg,13m.jpg,dirty_positive/dirty_13_13.jpg,dirty_positive,704,352,256,256,256,1108,1476,4,832,480,774,centered_positive,704,352,registered,registered,homography_inliers=4654/4656,13,13.jpg,test,PASS,resolved,exact,
13,13.jpg,13m.jpg,dirty_positive/dirty_13_14.jpg,dirty_positive,703,308,256,256,256,1108,1476,4,832,480,774,jittered_positive,703,308,registered,registered,homography_inliers=4654/4656,13,13.jpg,test,PASS,resolved,exact,
13,13.jpg,13m.jpg,dirty_positive/dirty_13_15.jpg,dirty_positive,754,380,256,256,256,1108,1476,4,832,480,774,jittered_positive,754,380,registered,registered,homography_inliers=4654/4656,13,13.jpg,test,PASS,resolved,exact,
13,13.jpg,13m.jpg,dirty_positive/dirty_13_16.jpg,dirty_positive,659,316,256,256,256,1108,1476,4,832,480,774,jittered_positive,659,316,registered,registered,homography_inliers=4654/4656,13,13.jpg,test,PASS,resolved,exact,
13,13.jpg,13m.jpg,dirty_positive/dirty_13_17.jpg,dirty_positive,838,406,256,256,256,1108,1476,5,966,534,925,centered_positive,838,406,registered,registered,homography_inliers=4654/4656,13,13.jpg,test,PASS,resolved,exact,
13,13.jpg,13m.jpg,dirty_positive/dirty_13_18.jpg,dirty_positive,789,393,256,256,256,1108,1476,5,966,534,925,jittered_positive,789,393,registered,registered,homography_inliers=4654/4656,13,13.jpg,test,PASS,resolved,exact,
13,13.jpg,13m.jpg,dirty_positive/dirty_13_19.jpg,dirty_positive,812,384,256,256,256,1108,1476,5,966,534,925,jittered_positive,812,384,registered,registered,homography_inliers=4654/4656,13,13.jpg,test,PASS,resolved,exact,
13,13.jpg,13m.jpg,dirty_positive/dirty_13_20.jpg,dirty_positive,852,455,256,256,256,1108,1476,5,966,534,925,jittered_positive,852,455,registered,registered,homography_inliers=4654/4656,13,13.jpg,test,PASS,resolved,exact,
13,13.jpg,13m.jpg,dirty_positive/dirty_13_21.jpg,dirty_positive,614,416,256,256,256,1108,1476,6,742,544,1182,centered_positive,614,416,registered,registered,homography_inliers=4654/4656,13,13.jpg,test,PASS,resolved,exact,
13,13.jpg,13m.jpg,dirty_positive/dirty_13_22.jpg,dirty_positive,579,404,256,256,256,1108,1476,6,742,544,1182,jittered_positive,579,404,registered,registered,homography_inliers=4654/4656,13,13.jpg,test,PASS,resolved,exact,
13,13.jpg,13m.jpg,dirty_positive/dirty_13_23.jpg,dirty_positive,675,375,256,256,256,1108,1476,6,742,544,1182,jittered_positive,675,375,registered,registered,homography_inliers=4654/4656,13,13.jpg,test,PASS,resolved,exact,
13,13.jpg,13m.jpg,dirty_positive/dirty_13_24.jpg,dirty_positive,664,366,256,256,256,1108,1476,6,742,544,1182,jittered_positive,664,366,registered,registered,homography_inliers=4654/4656,13,13.jpg,test,PASS,resolved,exact,
13,13.jpg,13m.jpg,dirty_positive/dirty_13_25.jpg,dirty_positive,136,409,256,256,256,1108,1476,7,264,537,558,centered_positive,136,409,registered,registered,homography_inliers=4654/4656,13,13.jpg,test,PASS,resolved,exact,
13,13.jpg,13m.jpg,dirty_positive/dirty_13_26.jpg,dirty_positive,188,378,256,256,256,1108,1476,7,264,537,558,jittered_positive,188,378,registered,registered,homography_inliers=4654/4656,13,13.jpg,test,PASS,resolved,exact,
13,13.jpg,13m.jpg,dirty_positive/dirty_13_27.jpg,dirty_positive,178,461,256,256,256,1108,1476,7,264,537,558,jittered_positive,178,461,registered,registered,homography_inliers=4654/4656,13,13.jpg,test,PASS,resolved,exact,
13,13.jpg,13m.jpg,dirty_positive/dirty_13_28.jpg,dirty_positive,86,463,256,256,256,1108,1476,7,264,537,558,jittered_positive,86,463,registered,registered,homography_inliers=4654/4656,13,13.jpg,test,PASS,resolved,exact,
13,13.jpg,13m.jpg,dirty_positive/dirty_13_29.jpg,dirty_positive,174,452,256,256,256,1108,1476,8,302,580,774,centered_positive,174,452,registered,registered,homography_inliers=4654/4656,13,13.jpg,test,PASS,resolved,exact,
13,13.jpg,13m.jpg,dirty_positive/dirty_13_30.jpg,dirty_positive,188,393,256,256,256,1108,1476,8,302,580,774,jittered_positive,188,393,registered,registered,homography_inliers=4654/4656,13,13.jpg,test,PASS,resolved,exact,
13,13.jpg,13m.jpg,dirty_positive/dirty_13_31.jpg,dirty_positive,211,453,256,256,256,1108,1476,8,302,580,774,jittered_positive,211,453,registered,registered,homography_inliers=4654/4656,13,13.jpg,test,PASS,resolved,exact,
13,13.jpg,13m.jpg,dirty_positive/dirty_13_32.jpg,dirty_positive,110,443,256,256,256,1108,1476,8,302,580,774,jittered_positive,110,443,registered,registered,homography_inliers=4654/4656,13,13.jpg,test,PASS,resolved,exact,
13,13.jpg,13m.jpg,dirty_positive/dirty_13_33.jpg,dirty_positive,852,504,256,256,256,1108,1476,9,1065,632,1350,centered_positive,852,504,registered,registered,homography_inliers=4654/4656,13,13.jpg,test,PASS,resolved,exact,
13,13.jpg,13m.jpg,dirty_positive/dirty_13_34.jpg,dirty_positive,810,451,256,256,256,1108,1476,9,1065,632,1350,jittered_positive,810,451,registered,registered,homography_inliers=4654/4656,13,13.jpg,test,PASS,resolved,exact,
13,13.jpg,13m.jpg,dirty_positive/dirty_13_35.jpg,dirty_positive,852,528,256,256,256,1108,1476,9,1065,632,1350,jittered_positive,852,528,registered,registered,homography_inliers=4654/4656,13,13.jpg,test,PASS,resolved,exact,
13,13.jpg,13m.jpg,dirty_positive/dirty_13_36.jpg,dirty_positive,810,455,256,256,256,1108,1476,9,1065,632,1350,jittered_positive,810,455,registered,registered,homography_inliers=4654/4656,13,13.jpg,test,PASS,resolved,exact,
13,13.jpg,13m.jpg,dirty_positive/dirty_13_37.jpg,dirty_positive,234,536,256,256,256,1108,1476,10,362,664,1247,centered_positive,234,536,registered,registered,homography_inliers=4654/4656,13,13.jpg,test,PASS,resolved,exact,
13,13.jpg,13m.jpg,dirty_positive/dirty_13_38.jpg,dirty_positive,187,592,256,256,256,1108,1476,10,362,664,1247,jittered_positive,187,592,registered,registered,homography_inliers=4654/4656,13,13.jpg,test,PASS,resolved,exact,
13,13.jpg,13m.jpg,dirty_positive/dirty_13_39.jpg,dirty_positive,178,545,256,256,256,1108,1476,10,362,664,1247,jittered_positive,178,545,registered,registered,homography_inliers=4654/4656,13,13.jpg,test,PASS,resolved,exact,
13,13.jpg,13m.jpg,dirty_positive/dirty_13_40.jpg,dirty_positive,274,518,256,256,256,1108,1476,10,362,664,1247,jittered_positive,274,518,registered,registered,homography_inliers=4654/4656,13,13.jpg,test,PASS,resolved,exact,
13,13.jpg,13m.jpg,dirty_positive/dirty_13_41.jpg,dirty_positive,621,543,256,256,256,1108,1476,11,749,671,1182,centered_positive,621,543,registered,registered,homography_inliers=4654/4656,13,13.jpg,test,PASS,resolved,exact,
13,13.jpg,13m.jpg,dirty_positive/dirty_13_42.jpg,dirty_positive,591,586,256,256,256,1108,1476,11,749,671,1182,jittered_positive,591,586,registered,registered,homography_inliers=4654/4656,13,13.jpg,test,PASS,resolved,exact,
13,13.jpg,13m.jpg,dirty_positive/dirty_13_43.jpg,dirty_positive,652,576,256,256,256,1108,1476,11,749,671,1182,jittered_positive,652,576,registered,registered,homography_inliers=4654/4656,13,13.jpg,test,PASS,resolved,exact,
13,13.jpg,13m.jpg,dirty_positive/dirty_13_44.jpg,dirty_positive,671,575,256,256,256,1108,1476,11,749,671,1182,jittered_positive,671,575,registered,registered,homography_inliers=4654/4656,13,13.jpg,test,PASS,resolved,exact,
13,13.jpg,13m.jpg,dirty_positive/dirty_13_45.jpg,dirty_positive,143,607,256,256,256,1108,1476,12,271,735,649,centered_positive,143,607,registered,registered,homography_inliers=4654/4656,13,13.jpg,test,PASS,resolved,exact,
13,13.jpg,13m.jpg,dirty_positive/dirty_13_46.jpg,dirty_positive,175,563,256,256,256,1108,1476,12,271,735,649,jittered_positive,175,563,registered,registered,homography_inliers=4654/4656,13,13.jpg,test,PASS,resolved,exact,
13,13.jpg,13m.jpg,dirty_positive/dirty_13_47.jpg,dirty_positive,113,632,256,256,256,1108,1476,12,271,735,649,jittered_positive,113,632,registered,registered,homography_inliers=4654/4656,13,13.jpg,test,PASS,resolved,exact,
13,13.jpg,13m.jpg,dirty_positive/dirty_13_48.jpg,dirty_positive,109,588,256,256,256,1108,1476,12,271,735,649,jittered_positive,109,588,registered,registered,homography_inliers=4654/4656,13,13.jpg,test,PASS,resolved,exact,
13,13.jpg,13m.jpg,dirty_positive/dirty_13_49.jpg,dirty_positive,484,677,256,256,256,1108,1476,13,612,805,1505,centered_positive,484,677,registered,registered,homography_inliers=4654/4656,13,13.jpg,test,PASS,resolved,exact,
13,13.jpg,13m.jpg,dirty_positive/dirty_13_50.jpg,dirty_positive,520,645,256,256,256,1108,1476,13,612,805,1505,jittered_positive,520,645,registered,registered,homography_inliers=4654/4656,13,13.jpg,test,PASS,resolved,exact,
13,13.jpg,13m.jpg,dirty_positive/dirty_13_51.jpg,dirty_positive,477,613,256,256,256,1108,1476,13,612,805,1505,jittered_positive,477,613,registered,registered,homography_inliers=4654/4656,13,13.jpg,test,PASS,resolved,exact,
13,13.jpg,13m.jpg,dirty_positive/dirty_13_52.jpg,dirty_positive,425,689,256,256,256,1108,1476,13,612,805,1505,jittered_positive,425,689,registered,registered,homography_inliers=4654/4656,13,13.jpg,test,PASS,resolved,exact,
13,13.jpg,13m.jpg,dirty_positive/dirty_13_53.jpg,dirty_positive,5,685,256,256,256,1108,1476,14,133,813,834,centered_positive,5,685,registered,registered,homography_inliers=4654/4656,13,13.jpg,test,PASS,resolved,exact,
13,13.jpg,13m.jpg,dirty_positive/dirty_13_54.jpg,dirty_positive,59,729,256,256,256,1108,1476,14,133,813,834,jittered_positive,59,729,registered,registered,homography_inliers=4654/4656,13,13.jpg,test,PASS,resolved,exact,
13,13.jpg,13m.jpg,dirty_positive/dirty_13_55.jpg,dirty_positive,38,679,256,256,256,1108,1476,14,133,813,834,jittered_positive,38,679,registered,registered,homography_inliers=4654/4656,13,13.jpg,test,PASS,resolved,exact,
13,13.jpg,13m.jpg,dirty_positive/dirty_13_56.jpg,dirty_positive,4,738,256,256,256,1108,1476,14,133,813,834,jittered_positive,4,738,registered,registered,homography_inliers=4654/4656,13,13.jpg,test,PASS,resolved,exact,
13,13.jpg,13m.jpg,dirty_positive/dirty_13_57.jpg,dirty_positive,120,721,256,256,256,1108,1476,15,248,849,909,centered_positive,120,721,registered,registered,homography_inliers=4654/4656,13,13.jpg,test,PASS,resolved,exact,
13,13.jpg,13m.jpg,dirty_positive/dirty_13_58.jpg,dirty_positive,144,696,256,256,256,1108,1476,15,248,849,909,jittered_positive,144,696,registered,registered,homography_inliers=4654/4656,13,13.jpg,test,PASS,resolved,exact,
13,13.jpg,13m.jpg,dirty_positive/dirty_13_59.jpg,dirty_positive,126,705,256,256,256,1108,1476,15,248,849,909,jittered_positive,126,705,registered,registered,homography_inliers=4654/4656,13,13.jpg,test,PASS,resolved,exact,
13,13.jpg,13m.jpg,dirty_positive/dirty_13_60.jpg,dirty_positive,84,665,256,256,256,1108,1476,15,248,849,909,jittered_positive,84,665,registered,registered,homography_inliers=4654/4656,13,13.jpg,test,PASS,resolved,exact,
13,13.jpg,13m.jpg,dirty_positive/dirty_13_61.jpg,dirty_positive,852,737,256,256,256,1108,1476,16,1057,865,846,centered_positive,852,737,registered,registered,homography_inliers=4654/4656,13,13.jpg,test,PASS,resolved,exact,
13,13.jpg,13m.jpg,dirty_positive/dirty_13_62.jpg,dirty_positive,852,677,256,256,256,1108,1476,16,1057,865,846,jittered_positive,852,677,registered,registered,homography_inliers=4654/4656,13,13.jpg,test,PASS,resolved,exact,
13,13.jpg,13m.jpg,dirty_positive/dirty_13_63.jpg,dirty_positive,849,725,256,256,256,1108,1476,16,1057,865,846,jittered_positive,849,725,registered,registered,homography_inliers=4654/4656,13,13.jpg,test,PASS,resolved,exact,
13,13.jpg,13m.jpg,dirty_positive/dirty_13_64.jpg,dirty_positive,805,698,256,256,256,1108,1476,16,1057,865,846,jittered_positive,805,698,registered,registered,homography_inliers=4654/4656,13,13.jpg,test,PASS,resolved,exact,
13,13.jpg,13m.jpg,dirty_positive/dirty_13_65.jpg,dirty_positive,817,860,256,256,256,1108,1476,17,945,988,1422,centered_positive,817,860,registered,registered,homography_inliers=4654/4656,13,13.jpg,test,PASS,resolved,exact,
13,13.jpg,13m.jpg,dirty_positive/dirty_13_66.jpg,dirty_positive,761,910,256,256,256,1108,1476,17,945,988,1422,jittered_positive,761,910,registered,registered,homography_inliers=4654/4656,13,13.jpg,test,PASS,resolved,exact,
13,13.jpg,13m.jpg,dirty_positive/dirty_13_67.jpg,dirty_positive,765,858,256,256,256,1108,1476,17,945,988,1422,jittered_positive,765,858,registered,registered,homography_inliers=4654/4656,13,13.jpg,test,PASS,resolved,exact,
13,13.jpg,13m.jpg,dirty_positive/dirty_13_68.jpg,dirty_positive,764,898,256,256,256,1108,1476,17,945,988,1422,jittered_positive,764,898,registered,registered,homography_inliers=4654/4656,13,13.jpg,test,PASS,resolved,exact,
13,13.jpg,13m.jpg,dirty_positive/dirty_13_69.jpg,dirty_positive,304,905,256,256,256,1108,1476,18,432,1033,1569,centered_positive,304,905,registered,registered,homography_inliers=4654/4656,13,13.jpg,test,PASS,resolved,exact,
13,13.jpg,13m.jpg,dirty_positive/dirty_13_70.jpg,dirty_positive,352,900,256,256,256,1108,1476,18,432,1033,1569,jittered_positive,352,900,registered,registered,homography_inliers=4654/4656,13,13.jpg,test,PASS,resolved,exact,
13,13.jpg,13m.jpg,dirty_positive/dirty_13_71.jpg,dirty_positive,295,855,256,256,256,1108,1476,18,432,1033,1569,jittered_positive,295,855,registered,registered,homography_inliers=4654/4656,13,13.jpg,test,PASS,resolved,exact,
13,13.jpg,13m.jpg,dirty_positive/dirty_13_72.jpg,dirty_positive,275,969,256,256,256,1108,1476,18,432,1033,1569,jittered_positive,275,969,registered,registered,homography_inliers=4654/4656,13,13.jpg,test,PASS,resolved,exact,
13,13.jpg,13m.jpg,dirty_positive/dirty_13_73.jpg,dirty_positive,93,996,256,256,256,1108,1476,19,221,1124,1369,centered_positive,93,996,registered,registered,homography_inliers=4654/4656,13,13.jpg,test,PASS,resolved,exact,
13,13.jpg,13m.jpg,dirty_positive/dirty_13_74.jpg,dirty_positive,103,991,256,256,256,1108,1476,19,221,1124,1369,jittered_positive,103,991,registered,registered,homography_inliers=4654/4656,13,13.jpg,test,PASS,resolved,exact,
13,13.jpg,13m.jpg,dirty_positive/dirty_13_75.jpg,dirty_positive,110,1014,256,256,256,1108,1476,19,221,1124,1369,jittered_positive,110,1014,registered,registered,homography_inliers=4654/4656,13,13.jpg,test,PASS,resolved,exact,
13,13.jpg,13m.jpg,dirty_positive/dirty_13_76.jpg,dirty_positive,89,1009,256,256,256,1108,1476,19,221,1124,1369,jittered_positive,89,1009,registered,registered,homography_inliers=4654/4656,13,13.jpg,test,PASS,resolved,exact,
13,13.jpg,13m.jpg,dirty_positive/dirty_13_77.jpg,dirty_positive,588,1060,256,256,256,1108,1476,20,716,1188,848,centered_positive,588,1060,registered,registered,homography_inliers=4654/4656,13,13.jpg,test,PASS,resolved,exact,
13,13.jpg,13m.jpg,dirty_positive/dirty_13_78.jpg,dirty_positive,560,1052,256,256,256,1108,1476,20,716,1188,848,jittered_positive,560,1052,registered,registered,homography_inliers=4654/4656,13,13.jpg,test,PASS,resolved,exact,
13,13.jpg,13m.jpg,dirty_positive/dirty_13_79.jpg,dirty_positive,629,1072,256,256,256,1108,1476,20,716,1188,848,jittered_positive,629,1072,registered,registered,homography_inliers=4654/4656,13,13.jpg,test,PASS,resolved,exact,
13,13.jpg,13m.jpg,dirty_positive/dirty_13_80.jpg,dirty_positive,594,1011,256,256,256,1108,1476,20,716,1188,848,jittered_positive,594,1011,registered,registered,homography_inliers=4654/4656,13,13.jpg,test,PASS,resolved,exact,
14,14.jpg,14m.jpg,clean_negative/clean_14_1.jpg,clean_negative,0,0,256,256,256,1108,1476,,,,,sliding_window_clean,,,,,,14,14.jpg,train,PASS,resolved,source-level only,clean-negative source split is traceable; defect-free status is not re-proven by this audit
14,14.jpg,14m.jpg,clean_negative/clean_14_2.jpg,clean_negative,48,0,256,256,256,1108,1476,,,,,sliding_window_clean,,,,,,14,14.jpg,train,PASS,resolved,source-level only,clean-negative source split is traceable; defect-free status is not re-proven by this audit
14,14.jpg,14m.jpg,clean_negative/clean_14_3.jpg,clean_negative,96,0,256,256,256,1108,1476,,,,,sliding_window_clean,,,,,,14,14.jpg,train,PASS,resolved,source-level only,clean-negative source split is traceable; defect-free status is not re-proven by this audit
14,14.jpg,14m.jpg,clean_negative/clean_14_4.jpg,clean_negative,106,0,256,256,256,1108,1476,,,,,sliding_window_clean,,,,,,14,14.jpg,train,PASS,resolved,source-level only,clean-negative source split is traceable; defect-free status is not re-proven by this audit
14,14.jpg,14m.jpg,clean_negative/clean_14_5.jpg,clean_negative,678,0,256,256,256,1108,1476,,,,,sliding_window_clean,,,,,,14,14.jpg,train,PASS,resolved,source-level only,clean-negative source split is traceable; defect-free status is not re-proven by this audit
14,14.jpg,14m.jpg,clean_negative/clean_14_6.jpg,clean_negative,726,0,256,256,256,1108,1476,,,,,sliding_window_clean,,,,,,14,14.jpg,train,PASS,resolved,source-level only,clean-negative source split is traceable; defect-free status is not re-proven by this audit
14,14.jpg,14m.jpg,clean_negative/clean_14_7.jpg,clean_negative,774,0,256,256,256,1108,1476,,,,,sliding_window_clean,,,,,,14,14.jpg,train,PASS,resolved,source-level only,clean-negative source split is traceable; defect-free status is not re-proven by this audit
14,14.jpg,14m.jpg,clean_negative/clean_14_8.jpg,clean_negative,822,0,256,256,256,1108,1476,,,,,sliding_window_clean,,,,,,14,14.jpg,train,PASS,resolved,source-level only,clean-negative source split is traceable; defect-free status is not re-proven by this audit
14,14.jpg,14m.jpg,clean_negative/clean_14_9.jpg,clean_negative,852,0,256,256,256,1108,1476,,,,,sliding_window_clean,,,,,,14,14.jpg,train,PASS,resolved,source-level only,clean-negative source split is traceable; defect-free status is not re-proven by this audit
14,14.jpg,14m.jpg,clean_negative/clean_14_10.jpg,clean_negative,0,48,256,256,256,1108,1476,,,,,sliding_window_clean,,,,,,14,14.jpg,train,PASS,resolved,source-level only,clean-negative source split is traceable; defect-free status is not re-proven by this audit
14,14.jpg,14m.jpg,clean_negative/clean_14_11.jpg,clean_negative,48,48,256,256,256,1108,1476,,,,,sliding_window_clean,,,,,,14,14.jpg,train,PASS,resolved,source-level only,clean-negative source split is traceable; defect-free status is not re-proven by this audit
14,14.jpg,14m.jpg,clean_negative/clean_14_12.jpg,clean_negative,96,48,256,256,256,1108,1476,,,,,sliding_window_clean,,,,,,14,14.jpg,train,PASS,resolved,source-level only,clean-negative source split is traceable; defect-free status is not re-proven by this audit
14,14.jpg,14m.jpg,clean_negative/clean_14_13.jpg,clean_negative,106,48,256,256,256,1108,1476,,,,,sliding_window_clean,,,,,,14,14.jpg,train,PASS,resolved,source-level only,clean-negative source split is traceable; defect-free status is not re-proven by this audit
14,14.jpg,14m.jpg,clean_negative/clean_14_14.jpg,clean_negative,678,48,256,256,256,1108,1476,,,,,sliding_window_clean,,,,,,14,14.jpg,train,PASS,resolved,source-level only,clean-negative source split is traceable; defect-free status is not re-proven by this audit
14,14.jpg,14m.jpg,clean_negative/clean_14_15.jpg,clean_negative,726,48,256,256,256,1108,1476,,,,,sliding_window_clean,,,,,,14,14.jpg,train,PASS,resolved,source-level only,clean-negative source split is traceable; defect-free status is not re-proven by this audit
14,14.jpg,14m.jpg,clean_negative/clean_14_16.jpg,clean_negative,774,48,256,256,256,1108,1476,,,,,sliding_window_clean,,,,,,14,14.jpg,train,PASS,resolved,source-level only,clean-negative source split is traceable; defect-free status is not re-proven by this audit
14,14.jpg,14m.jpg,clean_negative/clean_14_17.jpg,clean_negative,822,48,256,256,256,1108,1476,,,,,sliding_window_clean,,,,,,14,14.jpg,train,PASS,resolved,source-level only,clean-negative source split is traceable; defect-free status is not re-proven by this audit
14,14.jpg,14m.jpg,clean_negative/clean_14_18.jpg,clean_negative,852,48,256,256,256,1108,1476,,,,,sliding_window_clean,,,,,,14,14.jpg,train,PASS,resolved,source-level only,clean-negative source split is traceable; defect-free status is not re-proven by this audit
14,14.jpg,14m.jpg,clean_negative/clean_14_19.jpg,clean_negative,0,96,256,256,256,1108,1476,,,,,sliding_window_clean,,,,,,14,14.jpg,train,PASS,resolved,source-level only,clean-negative source split is traceable; defect-free status is not re-proven by this audit
14,14.jpg,14m.jpg,clean_negative/clean_14_20.jpg,clean_negative,48,96,256,256,256,1108,1476,,,,,sliding_window_clean,,,,,,14,14.jpg,train,PASS,resolved,source-level only,clean-negative source split is traceable; defect-free status is not re-proven by this audit
14,14.jpg,14m.jpg,clean_negative/clean_14_21.jpg,clean_negative,96,96,256,256,256,1108,1476,,,,,sliding_window_clean,,,,,,14,14.jpg,train,PASS,resolved,source-level only,clean-negative source split is traceable; defect-free status is not re-proven by this audit
14,14.jpg,14m.jpg,clean_negative/clean_14_22.jpg,clean_negative,106,96,256,256,256,1108,1476,,,,,sliding_window_clean,,,,,,14,14.jpg,train,PASS,resolved,source-level only,clean-negative source split is traceable; defect-free status is not re-proven by this audit
14,14.jpg,14m.jpg,clean_negative/clean_14_23.jpg,clean_negative,678,96,256,256,256,1108,1476,,,,,sliding_window_clean,,,,,,14,14.jpg,train,PASS,resolved,source-level only,clean-negative source split is traceable; defect-free status is not re-proven by this audit
14,14.jpg,14m.jpg,clean_negative/clean_14_24.jpg,clean_negative,726,96,256,256,256,1108,1476,,,,,sliding_window_clean,,,,,,14,14.jpg,train,PASS,resolved,source-level only,clean-negative source split is traceable; defect-free status is not re-proven by this audit
14,14.jpg,14m.jpg,clean_negative/clean_14_25.jpg,clean_negative,774,96,256,256,256,1108,1476,,,,,sliding_window_clean,,,,,,14,14.jpg,train,PASS,resolved,source-level only,clean-negative source split is traceable; defect-free status is not re-proven by this audit
14,14.jpg,14m.jpg,clean_negative/clean_14_26.jpg,clean_negative,822,96,256,256,256,1108,1476,,,,,sliding_window_clean,,,,,,14,14.jpg,train,PASS,resolved,source-level only,clean-negative source split is traceable; defect-free status is not re-proven by this audit
14,14.jpg,14m.jpg,clean_negative/clean_14_27.jpg,clean_negative,852,96,256,256,256,1108,1476,,,,,sliding_window_clean,,,,,,14,14.jpg,train,PASS,resolved,source-level only,clean-negative source split is traceable; defect-free status is not re-proven by this audit
14,14.jpg,14m.jpg,clean_negative/clean_14_28.jpg,clean_negative,678,105,256,256,256,1108,1476,,,,,sliding_window_clean,,,,,,14,14.jpg,train,PASS,resolved,source-level only,clean-negative source split is traceable; defect-free status is not re-proven by this audit
14,14.jpg,14m.jpg,clean_negative/clean_14_29.jpg,clean_negative,726,105,256,256,256,1108,1476,,,,,sliding_window_clean,,,,,,14,14.jpg,train,PASS,resolved,source-level only,clean-negative source split is traceable; defect-free status is not re-proven by this audit
14,14.jpg,14m.jpg,clean_negative/clean_14_30.jpg,clean_negative,774,105,256,256,256,1108,1476,,,,,sliding_window_clean,,,,,,14,14.jpg,train,PASS,resolved,source-level only,clean-negative source split is traceable; defect-free status is not re-proven by this audit
14,14.jpg,14m.jpg,clean_negative/clean_14_31.jpg,clean_negative,841,131,256,256,256,1108,1476,,,,,sliding_window_clean,,,,,,14,14.jpg,train,PASS,resolved,source-level only,clean-negative source split is traceable; defect-free status is not re-proven by this audit
14,14.jpg,14m.jpg,clean_negative/clean_14_32.jpg,clean_negative,0,144,256,256,256,1108,1476,,,,,sliding_window_clean,,,,,,14,14.jpg,train,PASS,resolved,source-level only,clean-negative source split is traceable; defect-free status is not re-proven by this audit
14,14.jpg,14m.jpg,clean_negative/clean_14_33.jpg,clean_negative,48,144,256,256,256,1108,1476,,,,,sliding_window_clean,,,,,,14,14.jpg,train,PASS,resolved,source-level only,clean-negative source split is traceable; defect-free status is not re-proven by this audit
14,14.jpg,14m.jpg,clean_negative/clean_14_34.jpg,clean_negative,96,144,256,256,256,1108,1476,,,,,sliding_window_clean,,,,,,14,14.jpg,train,PASS,resolved,source-level only,clean-negative source split is traceable; defect-free status is not re-proven by this audit
14,14.jpg,14m.jpg,clean_negative/clean_14_35.jpg,clean_negative,106,144,256,256,256,1108,1476,,,,,sliding_window_clean,,,,,,14,14.jpg,train,PASS,resolved,source-level only,clean-negative source split is traceable; defect-free status is not re-proven by this audit
14,14.jpg,14m.jpg,clean_negative/clean_14_36.jpg,clean_negative,852,144,256,256,256,1108,1476,,,,,sliding_window_clean,,,,,,14,14.jpg,train,PASS,resolved,source-level only,clean-negative source split is traceable; defect-free status is not re-proven by this audit
14,14.jpg,14m.jpg,clean_negative/clean_14_37.jpg,clean_negative,110,177,256,256,256,1108,1476,,,,,sliding_window_clean,,,,,,14,14.jpg,train,PASS,resolved,source-level only,clean-negative source split is traceable; defect-free status is not re-proven by this audit
14,14.jpg,14m.jpg,clean_negative/clean_14_38.jpg,clean_negative,0,192,256,256,256,1108,1476,,,,,sliding_window_clean,,,,,,14,14.jpg,train,PASS,resolved,source-level only,clean-negative source split is traceable; defect-free status is not re-proven by this audit
14,14.jpg,14m.jpg,clean_negative/clean_14_39.jpg,clean_negative,48,192,256,256,256,1108,1476,,,,,sliding_window_clean,,,,,,14,14.jpg,train,PASS,resolved,source-level only,clean-negative source split is traceable; defect-free status is not re-proven by this audit
14,14.jpg,14m.jpg,clean_negative/clean_14_40.jpg,clean_negative,96,192,256,256,256,1108,1476,,,,,sliding_window_clean,,,,,,14,14.jpg,train,PASS,resolved,source-level only,clean-negative source split is traceable; defect-free status is not re-proven by this audit
14,14.jpg,14m.jpg,clean_negative/clean_14_41.jpg,clean_negative,110,192,256,256,256,1108,1476,,,,,sliding_window_clean,,,,,,14,14.jpg,train,PASS,resolved,source-level only,clean-negative source split is traceable; defect-free status is not re-proven by this audit
14,14.jpg,14m.jpg,clean_negative/clean_14_42.jpg,clean_negative,0,240,256,256,256,1108,1476,,,,,sliding_window_clean,,,,,,14,14.jpg,train,PASS,resolved,source-level only,clean-negative source split is traceable; defect-free status is not re-proven by this audit
14,14.jpg,14m.jpg,clean_negative/clean_14_43.jpg,clean_negative,48,240,256,256,256,1108,1476,,,,,sliding_window_clean,,,,,,14,14.jpg,train,PASS,resolved,source-level only,clean-negative source split is traceable; defect-free status is not re-proven by this audit
14,14.jpg,14m.jpg,clean_negative/clean_14_44.jpg,clean_negative,96,240,256,256,256,1108,1476,,,,,sliding_window_clean,,,,,,14,14.jpg,train,PASS,resolved,source-level only,clean-negative source split is traceable; defect-free status is not re-proven by this audit
14,14.jpg,14m.jpg,clean_negative/clean_14_45.jpg,clean_negative,110,240,256,256,256,1108,1476,,,,,sliding_window_clean,,,,,,14,14.jpg,train,PASS,resolved,source-level only,clean-negative source split is traceable; defect-free status is not re-proven by this audit
14,14.jpg,14m.jpg,clean_negative/clean_14_46.jpg,clean_negative,0,288,256,256,256,1108,1476,,,,,sliding_window_clean,,,,,,14,14.jpg,train,PASS,resolved,source-level only,clean-negative source split is traceable; defect-free status is not re-proven by this audit
14,14.jpg,14m.jpg,clean_negative/clean_14_47.jpg,clean_negative,48,288,256,256,256,1108,1476,,,,,sliding_window_clean,,,,,,14,14.jpg,train,PASS,resolved,source-level only,clean-negative source split is traceable; defect-free status is not re-proven by this audit
14,14.jpg,14m.jpg,clean_negative/clean_14_48.jpg,clean_negative,96,288,256,256,256,1108,1476,,,,,sliding_window_clean,,,,,,14,14.jpg,train,PASS,resolved,source-level only,clean-negative source split is traceable; defect-free status is not re-proven by this audit
14,14.jpg,14m.jpg,clean_negative/clean_14_49.jpg,clean_negative,110,288,256,256,256,1108,1476,,,,,sliding_window_clean,,,,,,14,14.jpg,train,PASS,resolved,source-level only,clean-negative source split is traceable; defect-free status is not re-proven by this audit
14,14.jpg,14m.jpg,clean_negative/clean_14_50.jpg,clean_negative,0,336,256,256,256,1108,1476,,,,,sliding_window_clean,,,,,,14,14.jpg,train,PASS,resolved,source-level only,clean-negative source split is traceable; defect-free status is not re-proven by this audit
14,14.jpg,14m.jpg,clean_negative/clean_14_51.jpg,clean_negative,48,336,256,256,256,1108,1476,,,,,sliding_window_clean,,,,,,14,14.jpg,train,PASS,resolved,source-level only,clean-negative source split is traceable; defect-free status is not re-proven by this audit
14,14.jpg,14m.jpg,clean_negative/clean_14_52.jpg,clean_negative,96,336,256,256,256,1108,1476,,,,,sliding_window_clean,,,,,,14,14.jpg,train,PASS,resolved,source-level only,clean-negative source split is traceable; defect-free status is not re-proven by this audit
14,14.jpg,14m.jpg,clean_negative/clean_14_53.jpg,clean_negative,110,336,256,256,256,1108,1476,,,,,sliding_window_clean,,,,,,14,14.jpg,train,PASS,resolved,source-level only,clean-negative source split is traceable; defect-free status is not re-proven by this audit
14,14.jpg,14m.jpg,clean_negative/clean_14_54.jpg,clean_negative,0,384,256,256,256,1108,1476,,,,,sliding_window_clean,,,,,,14,14.jpg,train,PASS,resolved,source-level only,clean-negative source split is traceable; defect-free status is not re-proven by this audit
14,14.jpg,14m.jpg,clean_negative/clean_14_55.jpg,clean_negative,48,384,256,256,256,1108,1476,,,,,sliding_window_clean,,,,,,14,14.jpg,train,PASS,resolved,source-level only,clean-negative source split is traceable; defect-free status is not re-proven by this audit
14,14.jpg,14m.jpg,clean_negative/clean_14_56.jpg,clean_negative,96,384,256,256,256,1108,1476,,,,,sliding_window_clean,,,,,,14,14.jpg,train,PASS,resolved,source-level only,clean-negative source split is traceable; defect-free status is not re-proven by this audit
14,14.jpg,14m.jpg,clean_negative/clean_14_57.jpg,clean_negative,117,398,256,256,256,1108,1476,,,,,sliding_window_clean,,,,,,14,14.jpg,train,PASS,resolved,source-level only,clean-negative source split is traceable; defect-free status is not re-proven by this audit
14,14.jpg,14m.jpg,clean_negative/clean_14_58.jpg,clean_negative,0,432,256,256,256,1108,1476,,,,,sliding_window_clean,,,,,,14,14.jpg,train,PASS,resolved,source-level only,clean-negative source split is traceable; defect-free status is not re-proven by this audit
14,14.jpg,14m.jpg,clean_negative/clean_14_59.jpg,clean_negative,48,432,256,256,256,1108,1476,,,,,sliding_window_clean,,,,,,14,14.jpg,train,PASS,resolved,source-level only,clean-negative source split is traceable; defect-free status is not re-proven by this audit
14,14.jpg,14m.jpg,clean_negative/clean_14_60.jpg,clean_negative,96,432,256,256,256,1108,1476,,,,,sliding_window_clean,,,,,,14,14.jpg,train,PASS,resolved,source-level only,clean-negative source split is traceable; defect-free status is not re-proven by this audit
14,14.jpg,14m.jpg,clean_negative/clean_14_61.jpg,clean_negative,144,432,256,256,256,1108,1476,,,,,sliding_window_clean,,,,,,14,14.jpg,train,PASS,resolved,source-level only,clean-negative source split is traceable; defect-free status is not re-proven by this audit
14,14.jpg,14m.jpg,clean_negative/clean_14_62.jpg,clean_negative,173,434,256,256,256,1108,1476,,,,,sliding_window_clean,,,,,,14,14.jpg,train,PASS,resolved,source-level only,clean-negative source split is traceable; defect-free status is not re-proven by this audit
14,14.jpg,14m.jpg,clean_negative/clean_14_63.jpg,clean_negative,0,480,256,256,256,1108,1476,,,,,sliding_window_clean,,,,,,14,14.jpg,train,PASS,resolved,source-level only,clean-negative source split is traceable; defect-free status is not re-proven by this audit
14,14.jpg,14m.jpg,clean_negative/clean_14_64.jpg,clean_negative,48,480,256,256,256,1108,1476,,,,,sliding_window_clean,,,,,,14,14.jpg,train,PASS,resolved,source-level only,clean-negative source split is traceable; defect-free status is not re-proven by this audit
14,14.jpg,14m.jpg,clean_negative/clean_14_65.jpg,clean_negative,96,480,256,256,256,1108,1476,,,,,sliding_window_clean,,,,,,14,14.jpg,train,PASS,resolved,source-level only,clean-negative source split is traceable; defect-free status is not re-proven by this audit
14,14.jpg,14m.jpg,clean_negative/clean_14_66.jpg,clean_negative,144,480,256,256,256,1108,1476,,,,,sliding_window_clean,,,,,,14,14.jpg,train,PASS,resolved,source-level only,clean-negative source split is traceable; defect-free status is not re-proven by this audit
14,14.jpg,14m.jpg,clean_negative/clean_14_67.jpg,clean_negative,173,480,256,256,256,1108,1476,,,,,sliding_window_clean,,,,,,14,14.jpg,train,PASS,resolved,source-level only,clean-negative source split is traceable; defect-free status is not re-proven by this audit
14,14.jpg,14m.jpg,clean_negative/clean_14_68.jpg,clean_negative,0,528,256,256,256,1108,1476,,,,,sliding_window_clean,,,,,,14,14.jpg,train,PASS,resolved,source-level only,clean-negative source split is traceable; defect-free status is not re-proven by this audit
14,14.jpg,14m.jpg,clean_negative/clean_14_69.jpg,clean_negative,48,528,256,256,256,1108,1476,,,,,sliding_window_clean,,,,,,14,14.jpg,train,PASS,resolved,source-level only,clean-negative source split is traceable; defect-free status is not re-proven by this audit
14,14.jpg,14m.jpg,clean_negative/clean_14_70.jpg,clean_negative,96,528,256,256,256,1108,1476,,,,,sliding_window_clean,,,,,,14,14.jpg,train,PASS,resolved,source-level only,clean-negative source split is traceable; defect-free status is not re-proven by this audit
14,14.jpg,14m.jpg,clean_negative/clean_14_71.jpg,clean_negative,144,528,256,256,256,1108,1476,,,,,sliding_window_clean,,,,,,14,14.jpg,train,PASS,resolved,source-level only,clean-negative source split is traceable; defect-free status is not re-proven by this audit
14,14.jpg,14m.jpg,clean_negative/clean_14_72.jpg,clean_negative,173,528,256,256,256,1108,1476,,,,,sliding_window_clean,,,,,,14,14.jpg,train,PASS,resolved,source-level only,clean-negative source split is traceable; defect-free status is not re-proven by this audit
14,14.jpg,14m.jpg,clean_negative/clean_14_73.jpg,clean_negative,0,576,256,256,256,1108,1476,,,,,sliding_window_clean,,,,,,14,14.jpg,train,PASS,resolved,source-level only,clean-negative source split is traceable; defect-free status is not re-proven by this audit
14,14.jpg,14m.jpg,clean_negative/clean_14_74.jpg,clean_negative,48,576,256,256,256,1108,1476,,,,,sliding_window_clean,,,,,,14,14.jpg,train,PASS,resolved,source-level only,clean-negative source split is traceable; defect-free status is not re-proven by this audit
14,14.jpg,14m.jpg,clean_negative/clean_14_75.jpg,clean_negative,96,576,256,256,256,1108,1476,,,,,sliding_window_clean,,,,,,14,14.jpg,train,PASS,resolved,source-level only,clean-negative source split is traceable; defect-free status is not re-proven by this audit
14,14.jpg,14m.jpg,clean_negative/clean_14_76.jpg,clean_negative,144,576,256,256,256,1108,1476,,,,,sliding_window_clean,,,,,,14,14.jpg,train,PASS,resolved,source-level only,clean-negative source split is traceable; defect-free status is not re-proven by this audit
14,14.jpg,14m.jpg,clean_negative/clean_14_77.jpg,clean_negative,183,581,256,256,256,1108,1476,,,,,sliding_window_clean,,,,,,14,14.jpg,train,PASS,resolved,source-level only,clean-negative source split is traceable; defect-free status is not re-proven by this audit
14,14.jpg,14m.jpg,clean_negative/clean_14_78.jpg,clean_negative,240,604,256,256,256,1108,1476,,,,,sliding_window_clean,,,,,,14,14.jpg,train,PASS,resolved,source-level only,clean-negative source split is traceable; defect-free status is not re-proven by this audit
14,14.jpg,14m.jpg,clean_negative/clean_14_79.jpg,clean_negative,288,604,256,256,256,1108,1476,,,,,sliding_window_clean,,,,,,14,14.jpg,train,PASS,resolved,source-level only,clean-negative source split is traceable; defect-free status is not re-proven by this audit
14,14.jpg,14m.jpg,clean_negative/clean_14_80.jpg,clean_negative,290,604,256,256,256,1108,1476,,,,,sliding_window_clean,,,,,,14,14.jpg,train,PASS,resolved,source-level only,clean-negative source split is traceable; defect-free status is not re-proven by this audit
14,14.jpg,14m.jpg,clean_negative/clean_14_81.jpg,clean_negative,0,624,256,256,256,1108,1476,,,,,sliding_window_clean,,,,,,14,14.jpg,train,PASS,resolved,source-level only,clean-negative source split is traceable; defect-free status is not re-proven by this audit
14,14.jpg,14m.jpg,clean_negative/clean_14_82.jpg,clean_negative,48,624,256,256,256,1108,1476,,,,,sliding_window_clean,,,,,,14,14.jpg,train,PASS,resolved,source-level only,clean-negative source split is traceable; defect-free status is not re-proven by this audit
14,14.jpg,14m.jpg,clean_negative/clean_14_83.jpg,clean_negative,96,624,256,256,256,1108,1476,,,,,sliding_window_clean,,,,,,14,14.jpg,train,PASS,resolved,source-level only,clean-negative source split is traceable; defect-free status is not re-proven by this audit
14,14.jpg,14m.jpg,clean_negative/clean_14_84.jpg,clean_negative,144,624,256,256,256,1108,1476,,,,,sliding_window_clean,,,,,,14,14.jpg,train,PASS,resolved,source-level only,clean-negative source split is traceable; defect-free status is not re-proven by this audit
14,14.jpg,14m.jpg,clean_negative/clean_14_85.jpg,clean_negative,192,624,256,256,256,1108,1476,,,,,sliding_window_clean,,,,,,14,14.jpg,train,PASS,resolved,source-level only,clean-negative source split is traceable; defect-free status is not re-proven by this audit
14,14.jpg,14m.jpg,clean_negative/clean_14_86.jpg,clean_negative,240,624,256,256,256,1108,1476,,,,,sliding_window_clean,,,,,,14,14.jpg,train,PASS,resolved,source-level only,clean-negative source split is traceable; defect-free status is not re-proven by this audit
14,14.jpg,14m.jpg,clean_negative/clean_14_87.jpg,clean_negative,288,624,256,256,256,1108,1476,,,,,sliding_window_clean,,,,,,14,14.jpg,train,PASS,resolved,source-level only,clean-negative source split is traceable; defect-free status is not re-proven by this audit
14,14.jpg,14m.jpg,clean_negative/clean_14_88.jpg,clean_negative,336,637,256,256,256,1108,1476,,,,,sliding_window_clean,,,,,,14,14.jpg,train,PASS,resolved,source-level only,clean-negative source split is traceable; defect-free status is not re-proven by this audit
14,14.jpg,14m.jpg,clean_negative/clean_14_89.jpg,clean_negative,362,637,256,256,256,1108,1476,,,,,sliding_window_clean,,,,,,14,14.jpg,train,PASS,resolved,source-level only,clean-negative source split is traceable; defect-free status is not re-proven by this audit
14,14.jpg,14m.jpg,clean_negative/clean_14_90.jpg,clean_negative,48,657,256,256,256,1108,1476,,,,,sliding_window_clean,,,,,,14,14.jpg,train,PASS,resolved,source-level only,clean-negative source split is traceable; defect-free status is not re-proven by this audit
14,14.jpg,14m.jpg,clean_negative/clean_14_91.jpg,clean_negative,96,657,256,256,256,1108,1476,,,,,sliding_window_clean,,,,,,14,14.jpg,train,PASS,resolved,source-level only,clean-negative source split is traceable; defect-free status is not re-proven by this audit
14,14.jpg,14m.jpg,clean_negative/clean_14_92.jpg,clean_negative,144,657,256,256,256,1108,1476,,,,,sliding_window_clean,,,,,,14,14.jpg,train,PASS,resolved,source-level only,clean-negative source split is traceable; defect-free status is not re-proven by this audit
14,14.jpg,14m.jpg,clean_negative/clean_14_93.jpg,clean_negative,192,657,256,256,256,1108,1476,,,,,sliding_window_clean,,,,,,14,14.jpg,train,PASS,resolved,source-level only,clean-negative source split is traceable; defect-free status is not re-proven by this audit
14,14.jpg,14m.jpg,clean_negative/clean_14_94.jpg,clean_negative,240,657,256,256,256,1108,1476,,,,,sliding_window_clean,,,,,,14,14.jpg,train,PASS,resolved,source-level only,clean-negative source split is traceable; defect-free status is not re-proven by this audit
14,14.jpg,14m.jpg,clean_negative/clean_14_95.jpg,clean_negative,0,659,256,256,256,1108,1476,,,,,sliding_window_clean,,,,,,14,14.jpg,train,PASS,resolved,source-level only,clean-negative source split is traceable; defect-free status is not re-proven by this audit
14,14.jpg,14m.jpg,clean_negative/clean_14_96.jpg,clean_negative,294,665,256,256,256,1108,1476,,,,,sliding_window_clean,,,,,,14,14.jpg,train,PASS,resolved,source-level only,clean-negative source split is traceable; defect-free status is not re-proven by this audit
14,14.jpg,14m.jpg,clean_negative/clean_14_97.jpg,clean_negative,336,672,256,256,256,1108,1476,,,,,sliding_window_clean,,,,,,14,14.jpg,train,PASS,resolved,source-level only,clean-negative source split is traceable; defect-free status is not re-proven by this audit
14,14.jpg,14m.jpg,clean_negative/clean_14_98.jpg,clean_negative,362,672,256,256,256,1108,1476,,,,,sliding_window_clean,,,,,,14,14.jpg,train,PASS,resolved,source-level only,clean-negative source split is traceable; defect-free status is not re-proven by this audit
14,14.jpg,14m.jpg,clean_negative/clean_14_99.jpg,clean_negative,310,720,256,256,256,1108,1476,,,,,sliding_window_clean,,,,,,14,14.jpg,train,PASS,resolved,source-level only,clean-negative source split is traceable; defect-free status is not re-proven by this audit
14,14.jpg,14m.jpg,clean_negative/clean_14_100.jpg,clean_negative,336,720,256,256,256,1108,1476,,,,,sliding_window_clean,,,,,,14,14.jpg,train,PASS,resolved,source-level only,clean-negative source split is traceable; defect-free status is not re-proven by this audit
14,14.jpg,14m.jpg,clean_negative/clean_14_101.jpg,clean_negative,362,720,256,256,256,1108,1476,,,,,sliding_window_clean,,,,,,14,14.jpg,train,PASS,resolved,source-level only,clean-negative source split is traceable; defect-free status is not re-proven by this audit
14,14.jpg,14m.jpg,clean_negative/clean_14_102.jpg,clean_negative,842,759,256,256,256,1108,1476,,,,,sliding_window_clean,,,,,,14,14.jpg,train,PASS,resolved,source-level only,clean-negative source split is traceable; defect-free status is not re-proven by this audit
14,14.jpg,14m.jpg,clean_negative/clean_14_103.jpg,clean_negative,833,797,256,256,256,1108,1476,,,,,sliding_window_clean,,,,,,14,14.jpg,train,PASS,resolved,source-level only,clean-negative source split is traceable; defect-free status is not re-proven by this audit
14,14.jpg,14m.jpg,clean_negative/clean_14_104.jpg,clean_negative,0,1024,256,256,256,1108,1476,,,,,sliding_window_clean,,,,,,14,14.jpg,train,PASS,resolved,source-level only,clean-negative source split is traceable; defect-free status is not re-proven by this audit
14,14.jpg,14m.jpg,clean_negative/clean_14_105.jpg,clean_negative,12,1024,256,256,256,1108,1476,,,,,sliding_window_clean,,,,,,14,14.jpg,train,PASS,resolved,source-level only,clean-negative source split is traceable; defect-free status is not re-proven by this audit
14,14.jpg,14m.jpg,clean_negative/clean_14_106.jpg,clean_negative,0,1072,256,256,256,1108,1476,,,,,sliding_window_clean,,,,,,14,14.jpg,train,PASS,resolved,source-level only,clean-negative source split is traceable; defect-free status is not re-proven by this audit
14,14.jpg,14m.jpg,clean_negative/clean_14_107.jpg,clean_negative,12,1072,256,256,256,1108,1476,,,,,sliding_window_clean,,,,,,14,14.jpg,train,PASS,resolved,source-level only,clean-negative source split is traceable; defect-free status is not re-proven by this audit
14,14.jpg,14m.jpg,clean_negative/clean_14_108.jpg,clean_negative,509,1115,256,256,256,1108,1476,,,,,sliding_window_clean,,,,,,14,14.jpg,train,PASS,resolved,source-level only,clean-negative source split is traceable; defect-free status is not re-proven by this audit
14,14.jpg,14m.jpg,clean_negative/clean_14_109.jpg,clean_negative,0,1120,256,256,256,1108,1476,,,,,sliding_window_clean,,,,,,14,14.jpg,train,PASS,resolved,source-level only,clean-negative source split is traceable; defect-free status is not re-proven by this audit
14,14.jpg,14m.jpg,clean_negative/clean_14_110.jpg,clean_negative,509,1120,256,256,256,1108,1476,,,,,sliding_window_clean,,,,,,14,14.jpg,train,PASS,resolved,source-level only,clean-negative source split is traceable; defect-free status is not re-proven by this audit
14,14.jpg,14m.jpg,clean_negative/clean_14_111.jpg,clean_negative,490,1121,256,256,256,1108,1476,,,,,sliding_window_clean,,,,,,14,14.jpg,train,PASS,resolved,source-level only,clean-negative source split is traceable; defect-free status is not re-proven by this audit
14,14.jpg,14m.jpg,clean_negative/clean_14_112.jpg,clean_negative,337,1123,256,256,256,1108,1476,,,,,sliding_window_clean,,,,,,14,14.jpg,train,PASS,resolved,source-level only,clean-negative source split is traceable; defect-free status is not re-proven by this audit
14,14.jpg,14m.jpg,clean_negative/clean_14_113.jpg,clean_negative,384,1123,256,256,256,1108,1476,,,,,sliding_window_clean,,,,,,14,14.jpg,train,PASS,resolved,source-level only,clean-negative source split is traceable; defect-free status is not re-proven by this audit
14,14.jpg,14m.jpg,clean_negative/clean_14_114.jpg,clean_negative,432,1123,256,256,256,1108,1476,,,,,sliding_window_clean,,,,,,14,14.jpg,train,PASS,resolved,source-level only,clean-negative source split is traceable; defect-free status is not re-proven by this audit
14,14.jpg,14m.jpg,clean_negative/clean_14_115.jpg,clean_negative,480,1123,256,256,256,1108,1476,,,,,sliding_window_clean,,,,,,14,14.jpg,train,PASS,resolved,source-level only,clean-negative source split is traceable; defect-free status is not re-proven by this audit
14,14.jpg,14m.jpg,clean_negative/clean_14_116.jpg,clean_negative,48,1129,256,256,256,1108,1476,,,,,sliding_window_clean,,,,,,14,14.jpg,train,PASS,resolved,source-level only,clean-negative source split is traceable; defect-free status is not re-proven by this audit
14,14.jpg,14m.jpg,clean_negative/clean_14_117.jpg,clean_negative,96,1130,256,256,256,1108,1476,,,,,sliding_window_clean,,,,,,14,14.jpg,train,PASS,resolved,source-level only,clean-negative source split is traceable; defect-free status is not re-proven by this audit
14,14.jpg,14m.jpg,clean_negative/clean_14_118.jpg,clean_negative,144,1130,256,256,256,1108,1476,,,,,sliding_window_clean,,,,,,14,14.jpg,train,PASS,resolved,source-level only,clean-negative source split is traceable; defect-free status is not re-proven by this audit
14,14.jpg,14m.jpg,clean_negative/clean_14_119.jpg,clean_negative,192,1130,256,256,256,1108,1476,,,,,sliding_window_clean,,,,,,14,14.jpg,train,PASS,resolved,source-level only,clean-negative source split is traceable; defect-free status is not re-proven by this audit
14,14.jpg,14m.jpg,clean_negative/clean_14_120.jpg,clean_negative,240,1130,256,256,256,1108,1476,,,,,sliding_window_clean,,,,,,14,14.jpg,train,PASS,resolved,source-level only,clean-negative source split is traceable; defect-free status is not re-proven by this audit
14,14.jpg,14m.jpg,clean_negative/clean_14_121.jpg,clean_negative,288,1130,256,256,256,1108,1476,,,,,sliding_window_clean,,,,,,14,14.jpg,train,PASS,resolved,source-level only,clean-negative source split is traceable; defect-free status is not re-proven by this audit
14,14.jpg,14m.jpg,clean_negative/clean_14_122.jpg,clean_negative,0,1168,256,256,256,1108,1476,,,,,sliding_window_clean,,,,,,14,14.jpg,train,PASS,resolved,source-level only,clean-negative source split is traceable; defect-free status is not re-proven by this audit
14,14.jpg,14m.jpg,clean_negative/clean_14_123.jpg,clean_negative,48,1168,256,256,256,1108,1476,,,,,sliding_window_clean,,,,,,14,14.jpg,train,PASS,resolved,source-level only,clean-negative source split is traceable; defect-free status is not re-proven by this audit
14,14.jpg,14m.jpg,clean_negative/clean_14_124.jpg,clean_negative,96,1168,256,256,256,1108,1476,,,,,sliding_window_clean,,,,,,14,14.jpg,train,PASS,resolved,source-level only,clean-negative source split is traceable; defect-free status is not re-proven by this audit
14,14.jpg,14m.jpg,clean_negative/clean_14_125.jpg,clean_negative,144,1168,256,256,256,1108,1476,,,,,sliding_window_clean,,,,,,14,14.jpg,train,PASS,resolved,source-level only,clean-negative source split is traceable; defect-free status is not re-proven by this audit
14,14.jpg,14m.jpg,clean_negative/clean_14_126.jpg,clean_negative,192,1168,256,256,256,1108,1476,,,,,sliding_window_clean,,,,,,14,14.jpg,train,PASS,resolved,source-level only,clean-negative source split is traceable; defect-free status is not re-proven by this audit
14,14.jpg,14m.jpg,clean_negative/clean_14_127.jpg,clean_negative,240,1168,256,256,256,1108,1476,,,,,sliding_window_clean,,,,,,14,14.jpg,train,PASS,resolved,source-level only,clean-negative source split is traceable; defect-free status is not re-proven by this audit
14,14.jpg,14m.jpg,clean_negative/clean_14_128.jpg,clean_negative,288,1168,256,256,256,1108,1476,,,,,sliding_window_clean,,,,,,14,14.jpg,train,PASS,resolved,source-level only,clean-negative source split is traceable; defect-free status is not re-proven by this audit
14,14.jpg,14m.jpg,clean_negative/clean_14_129.jpg,clean_negative,336,1168,256,256,256,1108,1476,,,,,sliding_window_clean,,,,,,14,14.jpg,train,PASS,resolved,source-level only,clean-negative source split is traceable; defect-free status is not re-proven by this audit
14,14.jpg,14m.jpg,clean_negative/clean_14_130.jpg,clean_negative,384,1168,256,256,256,1108,1476,,,,,sliding_window_clean,,,,,,14,14.jpg,train,PASS,resolved,source-level only,clean-negative source split is traceable; defect-free status is not re-proven by this audit
14,14.jpg,14m.jpg,clean_negative/clean_14_131.jpg,clean_negative,432,1168,256,256,256,1108,1476,,,,,sliding_window_clean,,,,,,14,14.jpg,train,PASS,resolved,source-level only,clean-negative source split is traceable; defect-free status is not re-proven by this audit
14,14.jpg,14m.jpg,clean_negative/clean_14_132.jpg,clean_negative,480,1168,256,256,256,1108,1476,,,,,sliding_window_clean,,,,,,14,14.jpg,train,PASS,resolved,source-level only,clean-negative source split is traceable; defect-free status is not re-proven by this audit
14,14.jpg,14m.jpg,clean_negative/clean_14_133.jpg,clean_negative,525,1173,256,256,256,1108,1476,,,,,sliding_window_clean,,,,,,14,14.jpg,train,PASS,resolved,source-level only,clean-negative source split is traceable; defect-free status is not re-proven by this audit
14,14.jpg,14m.jpg,clean_negative/clean_14_134.jpg,clean_negative,852,1175,256,256,256,1108,1476,,,,,sliding_window_clean,,,,,,14,14.jpg,train,PASS,resolved,source-level only,clean-negative source split is traceable; defect-free status is not re-proven by this audit
14,14.jpg,14m.jpg,clean_negative/clean_14_135.jpg,clean_negative,824,1184,256,256,256,1108,1476,,,,,sliding_window_clean,,,,,,14,14.jpg,train,PASS,resolved,source-level only,clean-negative source split is traceable; defect-free status is not re-proven by this audit
14,14.jpg,14m.jpg,clean_negative/clean_14_136.jpg,clean_negative,818,1185,256,256,256,1108,1476,,,,,sliding_window_clean,,,,,,14,14.jpg,train,PASS,resolved,source-level only,clean-negative source split is traceable; defect-free status is not re-proven by this audit
14,14.jpg,14m.jpg,clean_negative/clean_14_137.jpg,clean_negative,576,1186,256,256,256,1108,1476,,,,,sliding_window_clean,,,,,,14,14.jpg,train,PASS,resolved,source-level only,clean-negative source split is traceable; defect-free status is not re-proven by this audit
14,14.jpg,14m.jpg,clean_negative/clean_14_138.jpg,clean_negative,624,1186,256,256,256,1108,1476,,,,,sliding_window_clean,,,,,,14,14.jpg,train,PASS,resolved,source-level only,clean-negative source split is traceable; defect-free status is not re-proven by this audit
14,14.jpg,14m.jpg,clean_negative/clean_14_139.jpg,clean_negative,672,1186,256,256,256,1108,1476,,,,,sliding_window_clean,,,,,,14,14.jpg,train,PASS,resolved,source-level only,clean-negative source split is traceable; defect-free status is not re-proven by this audit
14,14.jpg,14m.jpg,clean_negative/clean_14_140.jpg,clean_negative,720,1186,256,256,256,1108,1476,,,,,sliding_window_clean,,,,,,14,14.jpg,train,PASS,resolved,source-level only,clean-negative source split is traceable; defect-free status is not re-proven by this audit
14,14.jpg,14m.jpg,clean_negative/clean_14_141.jpg,clean_negative,768,1186,256,256,256,1108,1476,,,,,sliding_window_clean,,,,,,14,14.jpg,train,PASS,resolved,source-level only,clean-negative source split is traceable; defect-free status is not re-proven by this audit
14,14.jpg,14m.jpg,clean_negative/clean_14_142.jpg,clean_negative,0,1216,256,256,256,1108,1476,,,,,sliding_window_clean,,,,,,14,14.jpg,train,PASS,resolved,source-level only,clean-negative source split is traceable; defect-free status is not re-proven by this audit
14,14.jpg,14m.jpg,clean_negative/clean_14_143.jpg,clean_negative,48,1216,256,256,256,1108,1476,,,,,sliding_window_clean,,,,,,14,14.jpg,train,PASS,resolved,source-level only,clean-negative source split is traceable; defect-free status is not re-proven by this audit
14,14.jpg,14m.jpg,clean_negative/clean_14_144.jpg,clean_negative,96,1216,256,256,256,1108,1476,,,,,sliding_window_clean,,,,,,14,14.jpg,train,PASS,resolved,source-level only,clean-negative source split is traceable; defect-free status is not re-proven by this audit
14,14.jpg,14m.jpg,clean_negative/clean_14_145.jpg,clean_negative,144,1216,256,256,256,1108,1476,,,,,sliding_window_clean,,,,,,14,14.jpg,train,PASS,resolved,source-level only,clean-negative source split is traceable; defect-free status is not re-proven by this audit
14,14.jpg,14m.jpg,clean_negative/clean_14_146.jpg,clean_negative,192,1216,256,256,256,1108,1476,,,,,sliding_window_clean,,,,,,14,14.jpg,train,PASS,resolved,source-level only,clean-negative source split is traceable; defect-free status is not re-proven by this audit
14,14.jpg,14m.jpg,clean_negative/clean_14_147.jpg,clean_negative,240,1216,256,256,256,1108,1476,,,,,sliding_window_clean,,,,,,14,14.jpg,train,PASS,resolved,source-level only,clean-negative source split is traceable; defect-free status is not re-proven by this audit
14,14.jpg,14m.jpg,clean_negative/clean_14_148.jpg,clean_negative,288,1216,256,256,256,1108,1476,,,,,sliding_window_clean,,,,,,14,14.jpg,train,PASS,resolved,source-level only,clean-negative source split is traceable; defect-free status is not re-proven by this audit
14,14.jpg,14m.jpg,clean_negative/clean_14_149.jpg,clean_negative,336,1216,256,256,256,1108,1476,,,,,sliding_window_clean,,,,,,14,14.jpg,train,PASS,resolved,source-level only,clean-negative source split is traceable; defect-free status is not re-proven by this audit
14,14.jpg,14m.jpg,clean_negative/clean_14_150.jpg,clean_negative,384,1216,256,256,256,1108,1476,,,,,sliding_window_clean,,,,,,14,14.jpg,train,PASS,resolved,source-level only,clean-negative source split is traceable; defect-free status is not re-proven by this audit
14,14.jpg,14m.jpg,clean_negative/clean_14_151.jpg,clean_negative,432,1216,256,256,256,1108,1476,,,,,sliding_window_clean,,,,,,14,14.jpg,train,PASS,resolved,source-level only,clean-negative source split is traceable; defect-free status is not re-proven by this audit
14,14.jpg,14m.jpg,clean_negative/clean_14_152.jpg,clean_negative,480,1216,256,256,256,1108,1476,,,,,sliding_window_clean,,,,,,14,14.jpg,train,PASS,resolved,source-level only,clean-negative source split is traceable; defect-free status is not re-proven by this audit
14,14.jpg,14m.jpg,clean_negative/clean_14_153.jpg,clean_negative,528,1216,256,256,256,1108,1476,,,,,sliding_window_clean,,,,,,14,14.jpg,train,PASS,resolved,source-level only,clean-negative source split is traceable; defect-free status is not re-proven by this audit
14,14.jpg,14m.jpg,clean_negative/clean_14_154.jpg,clean_negative,576,1216,256,256,256,1108,1476,,,,,sliding_window_clean,,,,,,14,14.jpg,train,PASS,resolved,source-level only,clean-negative source split is traceable; defect-free status is not re-proven by this audit
14,14.jpg,14m.jpg,clean_negative/clean_14_155.jpg,clean_negative,624,1216,256,256,256,1108,1476,,,,,sliding_window_clean,,,,,,14,14.jpg,train,PASS,resolved,source-level only,clean-negative source split is traceable; defect-free status is not re-proven by this audit
14,14.jpg,14m.jpg,clean_negative/clean_14_156.jpg,clean_negative,672,1216,256,256,256,1108,1476,,,,,sliding_window_clean,,,,,,14,14.jpg,train,PASS,resolved,source-level only,clean-negative source split is traceable; defect-free status is not re-proven by this audit
14,14.jpg,14m.jpg,clean_negative/clean_14_157.jpg,clean_negative,720,1216,256,256,256,1108,1476,,,,,sliding_window_clean,,,,,,14,14.jpg,train,PASS,resolved,source-level only,clean-negative source split is traceable; defect-free status is not re-proven by this audit
14,14.jpg,14m.jpg,clean_negative/clean_14_158.jpg,clean_negative,768,1216,256,256,256,1108,1476,,,,,sliding_window_clean,,,,,,14,14.jpg,train,PASS,resolved,source-level only,clean-negative source split is traceable; defect-free status is not re-proven by this audit
14,14.jpg,14m.jpg,clean_negative/clean_14_159.jpg,clean_negative,816,1216,256,256,256,1108,1476,,,,,sliding_window_clean,,,,,,14,14.jpg,train,PASS,resolved,source-level only,clean-negative source split is traceable; defect-free status is not re-proven by this audit
14,14.jpg,14m.jpg,clean_negative/clean_14_160.jpg,clean_negative,852,1216,256,256,256,1108,1476,,,,,sliding_window_clean,,,,,,14,14.jpg,train,PASS,resolved,source-level only,clean-negative source split is traceable; defect-free status is not re-proven by this audit
14,14.jpg,14m.jpg,dirty_positive/dirty_14_1.jpg,dirty_positive,287,24,256,256,256,1108,1476,1,415,152,756,centered_positive,287,24,registered,registered,homography_inliers=4621/4623,14,14.jpg,train,PASS,resolved,exact,
14,14.jpg,14m.jpg,dirty_positive/dirty_14_2.jpg,dirty_positive,267,69,256,256,256,1108,1476,1,415,152,756,jittered_positive,267,69,registered,registered,homography_inliers=4621/4623,14,14.jpg,train,PASS,resolved,exact,
14,14.jpg,14m.jpg,dirty_positive/dirty_14_3.jpg,dirty_positive,349,0,256,256,256,1108,1476,1,415,152,756,jittered_positive,349,0,registered,registered,homography_inliers=4621/4623,14,14.jpg,train,PASS,resolved,exact,
14,14.jpg,14m.jpg,dirty_positive/dirty_14_4.jpg,dirty_positive,311,57,256,256,256,1108,1476,1,415,152,756,jittered_positive,311,57,registered,registered,homography_inliers=4621/4623,14,14.jpg,train,PASS,resolved,exact,
14,14.jpg,14m.jpg,dirty_positive/dirty_14_5.jpg,dirty_positive,493,33,256,256,256,1108,1476,2,621,161,867,centered_positive,493,33,registered,registered,homography_inliers=4621/4623,14,14.jpg,train,PASS,resolved,exact,
14,14.jpg,14m.jpg,dirty_positive/dirty_14_6.jpg,dirty_positive,510,75,256,256,256,1108,1476,2,621,161,867,jittered_positive,510,75,registered,registered,homography_inliers=4621/4623,14,14.jpg,train,PASS,resolved,exact,
14,14.jpg,14m.jpg,dirty_positive/dirty_14_7.jpg,dirty_positive,533,7,256,256,256,1108,1476,2,621,161,867,jittered_positive,533,7,registered,registered,homography_inliers=4621/4623,14,14.jpg,train,PASS,resolved,exact,
14,14.jpg,14m.jpg,dirty_positive/dirty_14_8.jpg,dirty_positive,505,65,256,256,256,1108,1476,2,621,161,867,jittered_positive,505,65,registered,registered,homography_inliers=4621/4623,14,14.jpg,train,PASS,resolved,exact,
14,14.jpg,14m.jpg,dirty_positive/dirty_14_9.jpg,dirty_positive,467,153,256,256,256,1108,1476,3,595,281,1264,centered_positive,467,153,registered,registered,homography_inliers=4621/4623,14,14.jpg,train,PASS,resolved,exact,
14,14.jpg,14m.jpg,dirty_positive/dirty_14_10.jpg,dirty_positive,450,210,256,256,256,1108,1476,3,595,281,1264,jittered_positive,450,210,registered,registered,homography_inliers=4621/4623,14,14.jpg,train,PASS,resolved,exact,
14,14.jpg,14m.jpg,dirty_positive/dirty_14_11.jpg,dirty_positive,464,146,256,256,256,1108,1476,3,595,281,1264,jittered_positive,464,146,registered,registered,homography_inliers=4621/4623,14,14.jpg,train,PASS,resolved,exact,
14,14.jpg,14m.jpg,dirty_positive/dirty_14_12.jpg,dirty_positive,479,125,256,256,256,1108,1476,3,595,281,1264,jittered_positive,479,125,registered,registered,homography_inliers=4621/4623,14,14.jpg,train,PASS,resolved,exact,
14,14.jpg,14m.jpg,dirty_positive/dirty_14_13.jpg,dirty_positive,300,243,256,256,256,1108,1476,4,428,371,1087,centered_positive,300,243,registered,registered,homography_inliers=4621/4623,14,14.jpg,train,PASS,resolved,exact,
14,14.jpg,14m.jpg,dirty_positive/dirty_14_14.jpg,dirty_positive,354,193,256,256,256,1108,1476,4,428,371,1087,jittered_positive,354,193,registered,registered,homography_inliers=4621/4623,14,14.jpg,train,PASS,resolved,exact,
14,14.jpg,14m.jpg,dirty_positive/dirty_14_15.jpg,dirty_positive,341,285,256,256,256,1108,1476,4,428,371,1087,jittered_positive,341,285,registered,registered,homography_inliers=4621/4623,14,14.jpg,train,PASS,resolved,exact,
14,14.jpg,14m.jpg,dirty_positive/dirty_14_16.jpg,dirty_positive,270,278,256,256,256,1108,1476,4,428,371,1087,jittered_positive,270,278,registered,registered,homography_inliers=4621/4623,14,14.jpg,train,PASS,resolved,exact,
14,14.jpg,14m.jpg,dirty_positive/dirty_14_17.jpg,dirty_positive,663,295,256,256,256,1108,1476,5,791,423,1202,centered_positive,663,295,registered,registered,homography_inliers=4621/4623,14,14.jpg,train,PASS,resolved,exact,
14,14.jpg,14m.jpg,dirty_positive/dirty_14_18.jpg,dirty_positive,661,296,256,256,256,1108,1476,5,791,423,1202,jittered_positive,661,296,registered,registered,homography_inliers=4621/4623,14,14.jpg,train,PASS,resolved,exact,
14,14.jpg,14m.jpg,dirty_positive/dirty_14_19.jpg,dirty_positive,651,315,256,256,256,1108,1476,5,791,423,1202,jittered_positive,651,315,registered,registered,homography_inliers=4621/4623,14,14.jpg,train,PASS,resolved,exact,
14,14.jpg,14m.jpg,dirty_positive/dirty_14_20.jpg,dirty_positive,619,346,256,256,256,1108,1476,5,791,423,1202,jittered_positive,619,346,registered,registered,homography_inliers=4621/4623,14,14.jpg,train,PASS,resolved,exact,
14,14.jpg,14m.jpg,dirty_positive/dirty_14_21.jpg,dirty_positive,585,384,256,256,256,1108,1476,6,713,512,885,centered_positive,585,384,registered,registered,homography_inliers=4621/4623,14,14.jpg,train,PASS,resolved,exact,
14,14.jpg,14m.jpg,dirty_positive/dirty_14_22.jpg,dirty_positive,615,343,256,256,256,1108,1476,6,713,512,885,jittered_positive,615,343,registered,registered,homography_inliers=4621/4623,14,14.jpg,train,PASS,resolved,exact,
14,14.jpg,14m.jpg,dirty_positive/dirty_14_23.jpg,dirty_positive,569,333,256,256,256,1108,1476,6,713,512,885,jittered_positive,569,333,registered,registered,homography_inliers=4621/4623,14,14.jpg,train,PASS,resolved,exact,
14,14.jpg,14m.jpg,dirty_positive/dirty_14_24.jpg,dirty_positive,589,416,256,256,256,1108,1476,6,713,512,885,jittered_positive,589,416,registered,registered,homography_inliers=4621/4623,14,14.jpg,train,PASS,resolved,exact,
14,14.jpg,14m.jpg,dirty_positive/dirty_14_25.jpg,dirty_positive,354,423,256,256,256,1108,1476,7,482,551,889,centered_positive,354,423,registered,registered,homography_inliers=4621/4623,14,14.jpg,train,PASS,resolved,exact,
14,14.jpg,14m.jpg,dirty_positive/dirty_14_26.jpg,dirty_positive,300,377,256,256,256,1108,1476,7,482,551,889,jittered_positive,300,377,registered,registered,homography_inliers=4621/4623,14,14.jpg,train,PASS,resolved,exact,
14,14.jpg,14m.jpg,dirty_positive/dirty_14_27.jpg,dirty_positive,338,414,256,256,256,1108,1476,7,482,551,889,jittered_positive,338,414,registered,registered,homography_inliers=4621/4623,14,14.jpg,train,PASS,resolved,exact,
14,14.jpg,14m.jpg,dirty_positive/dirty_14_28.jpg,dirty_positive,412,412,256,256,256,1108,1476,7,482,551,889,jittered_positive,412,412,registered,registered,homography_inliers=4621/4623,14,14.jpg,train,PASS,resolved,exact,
14,14.jpg,14m.jpg,dirty_positive/dirty_14_29.jpg,dirty_positive,466,466,256,256,256,1108,1476,8,594,594,649,centered_positive,466,466,registered,registered,homography_inliers=4621/4623,14,14.jpg,train,PASS,resolved,exact,
14,14.jpg,14m.jpg,dirty_positive/dirty_14_30.jpg,dirty_positive,487,479,256,256,256,1108,1476,8,594,594,649,jittered_positive,487,479,registered,registered,homography_inliers=4621/4623,14,14.jpg,train,PASS,resolved,exact,
14,14.jpg,14m.jpg,dirty_positive/dirty_14_31.jpg,dirty_positive,405,456,256,256,256,1108,1476,8,594,594,649,jittered_positive,405,456,registered,registered,homography_inliers=4621/4623,14,14.jpg,train,PASS,resolved,exact,
14,14.jpg,14m.jpg,dirty_positive/dirty_14_32.jpg,dirty_positive,450,432,256,256,256,1108,1476,8,594,594,649,jittered_positive,450,432,registered,registered,homography_inliers=4621/4623,14,14.jpg,train,PASS,resolved,exact,
14,14.jpg,14m.jpg,dirty_positive/dirty_14_33.jpg,dirty_positive,673,565,256,256,256,1108,1476,9,801,693,2331,centered_positive,673,565,registered,registered,homography_inliers=4621/4623,14,14.jpg,train,PASS,resolved,exact,
14,14.jpg,14m.jpg,dirty_positive/dirty_14_34.jpg,dirty_positive,731,563,256,256,256,1108,1476,9,801,693,2331,jittered_positive,731,563,registered,registered,homography_inliers=4621/4623,14,14.jpg,train,PASS,resolved,exact,
14,14.jpg,14m.jpg,dirty_positive/dirty_14_35.jpg,dirty_positive,661,602,256,256,256,1108,1476,9,801,693,2331,jittered_positive,661,602,registered,registered,homography_inliers=4621/4623,14,14.jpg,train,PASS,resolved,exact,
14,14.jpg,14m.jpg,dirty_positive/dirty_14_36.jpg,dirty_positive,670,583,256,256,256,1108,1476,9,801,693,2331,jittered_positive,670,583,registered,registered,homography_inliers=4621/4623,14,14.jpg,train,PASS,resolved,exact,
14,14.jpg,14m.jpg,dirty_positive/dirty_14_37.jpg,dirty_positive,548,636,256,256,256,1108,1476,10,676,764,1005,centered_positive,548,636,registered,registered,homography_inliers=4621/4623,14,14.jpg,train,PASS,resolved,exact,
14,14.jpg,14m.jpg,dirty_positive/dirty_14_38.jpg,dirty_positive,556,669,256,256,256,1108,1476,10,676,764,1005,jittered_positive,556,669,registered,registered,homography_inliers=4621/4623,14,14.jpg,train,PASS,resolved,exact,
14,14.jpg,14m.jpg,dirty_positive/dirty_14_39.jpg,dirty_positive,603,663,256,256,256,1108,1476,10,676,764,1005,jittered_positive,603,663,registered,registered,homography_inliers=4621/4623,14,14.jpg,train,PASS,resolved,exact,
14,14.jpg,14m.jpg,dirty_positive/dirty_14_40.jpg,dirty_positive,562,638,256,256,256,1108,1476,10,676,764,1005,jittered_positive,562,638,registered,registered,homography_inliers=4621/4623,14,14.jpg,train,PASS,resolved,exact,
14,14.jpg,14m.jpg,dirty_positive/dirty_14_41.jpg,dirty_positive,646,828,256,256,256,1108,1476,11,774,956,975,centered_positive,646,828,registered,registered,homography_inliers=4621/4623,14,14.jpg,train,PASS,resolved,exact,
14,14.jpg,14m.jpg,dirty_positive/dirty_14_42.jpg,dirty_positive,674,891,256,256,256,1108,1476,11,774,956,975,jittered_positive,674,891,registered,registered,homography_inliers=4621/4623,14,14.jpg,train,PASS,resolved,exact,
14,14.jpg,14m.jpg,dirty_positive/dirty_14_43.jpg,dirty_positive,701,789,256,256,256,1108,1476,11,774,956,975,jittered_positive,701,789,registered,registered,homography_inliers=4621/4623,14,14.jpg,train,PASS,resolved,exact,
14,14.jpg,14m.jpg,dirty_positive/dirty_14_44.jpg,dirty_positive,702,845,256,256,256,1108,1476,11,774,956,975,jittered_positive,702,845,registered,registered,homography_inliers=4621/4623,14,14.jpg,train,PASS,resolved,exact,
14,14.jpg,14m.jpg,dirty_positive/dirty_14_45.jpg,dirty_positive,126,840,256,256,256,1108,1476,12,254,968,929,centered_positive,126,840,registered,registered,homography_inliers=4621/4623,14,14.jpg,train,PASS,resolved,exact,
14,14.jpg,14m.jpg,dirty_positive/dirty_14_46.jpg,dirty_positive,114,870,256,256,256,1108,1476,12,254,968,929,jittered_positive,114,870,registered,registered,homography_inliers=4621/4623,14,14.jpg,train,PASS,resolved,exact,
14,14.jpg,14m.jpg,dirty_positive/dirty_14_47.jpg,dirty_positive,142,881,256,256,256,1108,1476,12,254,968,929,jittered_positive,142,881,registered,registered,homography_inliers=4621/4623,14,14.jpg,train,PASS,resolved,exact,
14,14.jpg,14m.jpg,dirty_positive/dirty_14_48.jpg,dirty_positive,73,832,256,256,256,1108,1476,12,254,968,929,jittered_positive,73,832,registered,registered,homography_inliers=4621/4623,14,14.jpg,train,PASS,resolved,exact,
14,14.jpg,14m.jpg,dirty_positive/dirty_14_49.jpg,dirty_positive,199,931,256,256,256,1108,1476,13,327,1059,1210,centered_positive,199,931,registered,registered,homography_inliers=4621/4623,14,14.jpg,train,PASS,resolved,exact,
14,14.jpg,14m.jpg,dirty_positive/dirty_14_50.jpg,dirty_positive,172,871,256,256,256,1108,1476,13,327,1059,1210,jittered_positive,172,871,registered,registered,homography_inliers=4621/4623,14,14.jpg,train,PASS,resolved,exact,
14,14.jpg,14m.jpg,dirty_positive/dirty_14_51.jpg,dirty_positive,201,973,256,256,256,1108,1476,13,327,1059,1210,jittered_positive,201,973,registered,registered,homography_inliers=4621/4623,14,14.jpg,train,PASS,resolved,exact,
14,14.jpg,14m.jpg,dirty_positive/dirty_14_52.jpg,dirty_positive,210,906,256,256,256,1108,1476,13,327,1059,1210,jittered_positive,210,906,registered,registered,homography_inliers=4621/4623,14,14.jpg,train,PASS,resolved,exact,
14,14.jpg,14m.jpg,dirty_positive/dirty_14_53.jpg,dirty_positive,362,947,256,256,256,1108,1476,14,490,1075,783,centered_positive,362,947,registered,registered,homography_inliers=4621/4623,14,14.jpg,train,PASS,resolved,exact,
14,14.jpg,14m.jpg,dirty_positive/dirty_14_54.jpg,dirty_positive,348,967,256,256,256,1108,1476,14,490,1075,783,jittered_positive,348,967,registered,registered,homography_inliers=4621/4623,14,14.jpg,train,PASS,resolved,exact,
14,14.jpg,14m.jpg,dirty_positive/dirty_14_55.jpg,dirty_positive,356,980,256,256,256,1108,1476,14,490,1075,783,jittered_positive,356,980,registered,registered,homography_inliers=4621/4623,14,14.jpg,train,PASS,resolved,exact,
14,14.jpg,14m.jpg,dirty_positive/dirty_14_56.jpg,dirty_positive,360,1010,256,256,256,1108,1476,14,490,1075,783,jittered_positive,360,1010,registered,registered,homography_inliers=4621/4623,14,14.jpg,train,PASS,resolved,exact,
14,14.jpg,14m.jpg,dirty_positive/dirty_14_57.jpg,dirty_positive,698,1002,256,256,256,1108,1476,15,826,1130,1096,centered_positive,698,1002,registered,registered,homography_inliers=4621/4623,14,14.jpg,train,PASS,resolved,exact,
14,14.jpg,14m.jpg,dirty_positive/dirty_14_58.jpg,dirty_positive,720,1003,256,256,256,1108,1476,15,826,1130,1096,jittered_positive,720,1003,registered,registered,homography_inliers=4621/4623,14,14.jpg,train,PASS,resolved,exact,
14,14.jpg,14m.jpg,dirty_positive/dirty_14_59.jpg,dirty_positive,759,1063,256,256,256,1108,1476,15,826,1130,1096,jittered_positive,759,1063,registered,registered,homography_inliers=4621/4623,14,14.jpg,train,PASS,resolved,exact,
14,14.jpg,14m.jpg,dirty_positive/dirty_14_60.jpg,dirty_positive,751,981,256,256,256,1108,1476,15,826,1130,1096,jittered_positive,751,981,registered,registered,homography_inliers=4621/4623,14,14.jpg,train,PASS,resolved,exact,
15,15.jpg,15m.jpg,clean_negative/clean_15_1.jpg,clean_negative,754,0,256,256,256,1108,1476,,,,,sliding_window_clean,,,,,,15,15.jpg,train,PASS,resolved,source-level only,clean-negative source split is traceable; defect-free status is not re-proven by this audit
15,15.jpg,15m.jpg,clean_negative/clean_15_2.jpg,clean_negative,802,0,256,256,256,1108,1476,,,,,sliding_window_clean,,,,,,15,15.jpg,train,PASS,resolved,source-level only,clean-negative source split is traceable; defect-free status is not re-proven by this audit
15,15.jpg,15m.jpg,clean_negative/clean_15_3.jpg,clean_negative,850,0,256,256,256,1108,1476,,,,,sliding_window_clean,,,,,,15,15.jpg,train,PASS,resolved,source-level only,clean-negative source split is traceable; defect-free status is not re-proven by this audit
15,15.jpg,15m.jpg,clean_negative/clean_15_4.jpg,clean_negative,435,120,256,256,256,1108,1476,,,,,sliding_window_clean,,,,,,15,15.jpg,train,PASS,resolved,source-level only,clean-negative source split is traceable; defect-free status is not re-proven by this audit
15,15.jpg,15m.jpg,clean_negative/clean_15_5.jpg,clean_negative,483,120,256,256,256,1108,1476,,,,,sliding_window_clean,,,,,,15,15.jpg,train,PASS,resolved,source-level only,clean-negative source split is traceable; defect-free status is not re-proven by this audit
15,15.jpg,15m.jpg,clean_negative/clean_15_6.jpg,clean_negative,435,168,256,256,256,1108,1476,,,,,sliding_window_clean,,,,,,15,15.jpg,train,PASS,resolved,source-level only,clean-negative source split is traceable; defect-free status is not re-proven by this audit
15,15.jpg,15m.jpg,clean_negative/clean_15_7.jpg,clean_negative,483,168,256,256,256,1108,1476,,,,,sliding_window_clean,,,,,,15,15.jpg,train,PASS,resolved,source-level only,clean-negative source split is traceable; defect-free status is not re-proven by this audit
15,15.jpg,15m.jpg,clean_negative/clean_15_8.jpg,clean_negative,483,178,256,256,256,1108,1476,,,,,sliding_window_clean,,,,,,15,15.jpg,train,PASS,resolved,source-level only,clean-negative source split is traceable; defect-free status is not re-proven by this audit
15,15.jpg,15m.jpg,clean_negative/clean_15_9.jpg,clean_negative,435,197,256,256,256,1108,1476,,,,,sliding_window_clean,,,,,,15,15.jpg,train,PASS,resolved,source-level only,clean-negative source split is traceable; defect-free status is not re-proven by this audit
15,15.jpg,15m.jpg,clean_negative/clean_15_10.jpg,clean_negative,833,392,256,256,256,1108,1476,,,,,sliding_window_clean,,,,,,15,15.jpg,train,PASS,resolved,source-level only,clean-negative source split is traceable; defect-free status is not re-proven by this audit
15,15.jpg,15m.jpg,clean_negative/clean_15_11.jpg,clean_negative,785,397,256,256,256,1108,1476,,,,,sliding_window_clean,,,,,,15,15.jpg,train,PASS,resolved,source-level only,clean-negative source split is traceable; defect-free status is not re-proven by this audit
15,15.jpg,15m.jpg,clean_negative/clean_15_12.jpg,clean_negative,785,429,256,256,256,1108,1476,,,,,sliding_window_clean,,,,,,15,15.jpg,train,PASS,resolved,source-level only,clean-negative source split is traceable; defect-free status is not re-proven by this audit
15,15.jpg,15m.jpg,clean_negative/clean_15_13.jpg,clean_negative,833,429,256,256,256,1108,1476,,,,,sliding_window_clean,,,,,,15,15.jpg,train,PASS,resolved,source-level only,clean-negative source split is traceable; defect-free status is not re-proven by this audit
15,15.jpg,15m.jpg,clean_negative/clean_15_14.jpg,clean_negative,0,848,256,256,256,1108,1476,,,,,sliding_window_clean,,,,,,15,15.jpg,train,PASS,resolved,source-level only,clean-negative source split is traceable; defect-free status is not re-proven by this audit
15,15.jpg,15m.jpg,clean_negative/clean_15_15.jpg,clean_negative,48,848,256,256,256,1108,1476,,,,,sliding_window_clean,,,,,,15,15.jpg,train,PASS,resolved,source-level only,clean-negative source split is traceable; defect-free status is not re-proven by this audit
15,15.jpg,15m.jpg,clean_negative/clean_15_16.jpg,clean_negative,68,848,256,256,256,1108,1476,,,,,sliding_window_clean,,,,,,15,15.jpg,train,PASS,resolved,source-level only,clean-negative source split is traceable; defect-free status is not re-proven by this audit
15,15.jpg,15m.jpg,clean_negative/clean_15_17.jpg,clean_negative,0,896,256,256,256,1108,1476,,,,,sliding_window_clean,,,,,,15,15.jpg,train,PASS,resolved,source-level only,clean-negative source split is traceable; defect-free status is not re-proven by this audit
15,15.jpg,15m.jpg,clean_negative/clean_15_18.jpg,clean_negative,48,896,256,256,256,1108,1476,,,,,sliding_window_clean,,,,,,15,15.jpg,train,PASS,resolved,source-level only,clean-negative source split is traceable; defect-free status is not re-proven by this audit
15,15.jpg,15m.jpg,clean_negative/clean_15_19.jpg,clean_negative,68,896,256,256,256,1108,1476,,,,,sliding_window_clean,,,,,,15,15.jpg,train,PASS,resolved,source-level only,clean-negative source split is traceable; defect-free status is not re-proven by this audit
15,15.jpg,15m.jpg,clean_negative/clean_15_20.jpg,clean_negative,0,944,256,256,256,1108,1476,,,,,sliding_window_clean,,,,,,15,15.jpg,train,PASS,resolved,source-level only,clean-negative source split is traceable; defect-free status is not re-proven by this audit
15,15.jpg,15m.jpg,clean_negative/clean_15_21.jpg,clean_negative,48,944,256,256,256,1108,1476,,,,,sliding_window_clean,,,,,,15,15.jpg,train,PASS,resolved,source-level only,clean-negative source split is traceable; defect-free status is not re-proven by this audit
15,15.jpg,15m.jpg,clean_negative/clean_15_22.jpg,clean_negative,75,957,256,256,256,1108,1476,,,,,sliding_window_clean,,,,,,15,15.jpg,train,PASS,resolved,source-level only,clean-negative source split is traceable; defect-free status is not re-proven by this audit
15,15.jpg,15m.jpg,clean_negative/clean_15_23.jpg,clean_negative,144,974,256,256,256,1108,1476,,,,,sliding_window_clean,,,,,,15,15.jpg,train,PASS,resolved,source-level only,clean-negative source split is traceable; defect-free status is not re-proven by this audit
15,15.jpg,15m.jpg,clean_negative/clean_15_24.jpg,clean_negative,191,974,256,256,256,1108,1476,,,,,sliding_window_clean,,,,,,15,15.jpg,train,PASS,resolved,source-level only,clean-negative source split is traceable; defect-free status is not re-proven by this audit
15,15.jpg,15m.jpg,clean_negative/clean_15_25.jpg,clean_negative,0,992,256,256,256,1108,1476,,,,,sliding_window_clean,,,,,,15,15.jpg,train,PASS,resolved,source-level only,clean-negative source split is traceable; defect-free status is not re-proven by this audit
15,15.jpg,15m.jpg,clean_negative/clean_15_26.jpg,clean_negative,48,992,256,256,256,1108,1476,,,,,sliding_window_clean,,,,,,15,15.jpg,train,PASS,resolved,source-level only,clean-negative source split is traceable; defect-free status is not re-proven by this audit
15,15.jpg,15m.jpg,clean_negative/clean_15_27.jpg,clean_negative,96,992,256,256,256,1108,1476,,,,,sliding_window_clean,,,,,,15,15.jpg,train,PASS,resolved,source-level only,clean-negative source split is traceable; defect-free status is not re-proven by this audit
15,15.jpg,15m.jpg,clean_negative/clean_15_28.jpg,clean_negative,144,992,256,256,256,1108,1476,,,,,sliding_window_clean,,,,,,15,15.jpg,train,PASS,resolved,source-level only,clean-negative source split is traceable; defect-free status is not re-proven by this audit
15,15.jpg,15m.jpg,clean_negative/clean_15_29.jpg,clean_negative,191,992,256,256,256,1108,1476,,,,,sliding_window_clean,,,,,,15,15.jpg,train,PASS,resolved,source-level only,clean-negative source split is traceable; defect-free status is not re-proven by this audit
15,15.jpg,15m.jpg,clean_negative/clean_15_30.jpg,clean_negative,0,1040,256,256,256,1108,1476,,,,,sliding_window_clean,,,,,,15,15.jpg,train,PASS,resolved,source-level only,clean-negative source split is traceable; defect-free status is not re-proven by this audit
15,15.jpg,15m.jpg,clean_negative/clean_15_31.jpg,clean_negative,48,1040,256,256,256,1108,1476,,,,,sliding_window_clean,,,,,,15,15.jpg,train,PASS,resolved,source-level only,clean-negative source split is traceable; defect-free status is not re-proven by this audit
15,15.jpg,15m.jpg,clean_negative/clean_15_32.jpg,clean_negative,96,1040,256,256,256,1108,1476,,,,,sliding_window_clean,,,,,,15,15.jpg,train,PASS,resolved,source-level only,clean-negative source split is traceable; defect-free status is not re-proven by this audit
15,15.jpg,15m.jpg,clean_negative/clean_15_33.jpg,clean_negative,144,1040,256,256,256,1108,1476,,,,,sliding_window_clean,,,,,,15,15.jpg,train,PASS,resolved,source-level only,clean-negative source split is traceable; defect-free status is not re-proven by this audit
15,15.jpg,15m.jpg,clean_negative/clean_15_34.jpg,clean_negative,192,1040,256,256,256,1108,1476,,,,,sliding_window_clean,,,,,,15,15.jpg,train,PASS,resolved,source-level only,clean-negative source split is traceable; defect-free status is not re-proven by this audit
15,15.jpg,15m.jpg,clean_negative/clean_15_35.jpg,clean_negative,240,1051,256,256,256,1108,1476,,,,,sliding_window_clean,,,,,,15,15.jpg,train,PASS,resolved,source-level only,clean-negative source split is traceable; defect-free status is not re-proven by this audit
15,15.jpg,15m.jpg,clean_negative/clean_15_36.jpg,clean_negative,267,1051,256,256,256,1108,1476,,,,,sliding_window_clean,,,,,,15,15.jpg,train,PASS,resolved,source-level only,clean-negative source split is traceable; defect-free status is not re-proven by this audit
15,15.jpg,15m.jpg,clean_negative/clean_15_37.jpg,clean_negative,0,1088,256,256,256,1108,1476,,,,,sliding_window_clean,,,,,,15,15.jpg,train,PASS,resolved,source-level only,clean-negative source split is traceable; defect-free status is not re-proven by this audit
15,15.jpg,15m.jpg,clean_negative/clean_15_38.jpg,clean_negative,48,1088,256,256,256,1108,1476,,,,,sliding_window_clean,,,,,,15,15.jpg,train,PASS,resolved,source-level only,clean-negative source split is traceable; defect-free status is not re-proven by this audit
15,15.jpg,15m.jpg,clean_negative/clean_15_39.jpg,clean_negative,96,1088,256,256,256,1108,1476,,,,,sliding_window_clean,,,,,,15,15.jpg,train,PASS,resolved,source-level only,clean-negative source split is traceable; defect-free status is not re-proven by this audit
15,15.jpg,15m.jpg,clean_negative/clean_15_40.jpg,clean_negative,144,1088,256,256,256,1108,1476,,,,,sliding_window_clean,,,,,,15,15.jpg,train,PASS,resolved,source-level only,clean-negative source split is traceable; defect-free status is not re-proven by this audit
15,15.jpg,15m.jpg,clean_negative/clean_15_41.jpg,clean_negative,192,1088,256,256,256,1108,1476,,,,,sliding_window_clean,,,,,,15,15.jpg,train,PASS,resolved,source-level only,clean-negative source split is traceable; defect-free status is not re-proven by this audit
15,15.jpg,15m.jpg,clean_negative/clean_15_42.jpg,clean_negative,240,1088,256,256,256,1108,1476,,,,,sliding_window_clean,,,,,,15,15.jpg,train,PASS,resolved,source-level only,clean-negative source split is traceable; defect-free status is not re-proven by this audit
15,15.jpg,15m.jpg,clean_negative/clean_15_43.jpg,clean_negative,267,1088,256,256,256,1108,1476,,,,,sliding_window_clean,,,,,,15,15.jpg,train,PASS,resolved,source-level only,clean-negative source split is traceable; defect-free status is not re-proven by this audit
15,15.jpg,15m.jpg,clean_negative/clean_15_44.jpg,clean_negative,650,1130,256,256,256,1108,1476,,,,,sliding_window_clean,,,,,,15,15.jpg,train,PASS,resolved,source-level only,clean-negative source split is traceable; defect-free status is not re-proven by this audit
15,15.jpg,15m.jpg,clean_negative/clean_15_45.jpg,clean_negative,672,1130,256,256,256,1108,1476,,,,,sliding_window_clean,,,,,,15,15.jpg,train,PASS,resolved,source-level only,clean-negative source split is traceable; defect-free status is not re-proven by this audit
15,15.jpg,15m.jpg,clean_negative/clean_15_46.jpg,clean_negative,720,1130,256,256,256,1108,1476,,,,,sliding_window_clean,,,,,,15,15.jpg,train,PASS,resolved,source-level only,clean-negative source split is traceable; defect-free status is not re-proven by this audit
15,15.jpg,15m.jpg,clean_negative/clean_15_47.jpg,clean_negative,768,1130,256,256,256,1108,1476,,,,,sliding_window_clean,,,,,,15,15.jpg,train,PASS,resolved,source-level only,clean-negative source split is traceable; defect-free status is not re-proven by this audit
15,15.jpg,15m.jpg,clean_negative/clean_15_48.jpg,clean_negative,816,1130,256,256,256,1108,1476,,,,,sliding_window_clean,,,,,,15,15.jpg,train,PASS,resolved,source-level only,clean-negative source split is traceable; defect-free status is not re-proven by this audit
15,15.jpg,15m.jpg,clean_negative/clean_15_49.jpg,clean_negative,852,1130,256,256,256,1108,1476,,,,,sliding_window_clean,,,,,,15,15.jpg,train,PASS,resolved,source-level only,clean-negative source split is traceable; defect-free status is not re-proven by this audit
15,15.jpg,15m.jpg,clean_negative/clean_15_50.jpg,clean_negative,649,1131,256,256,256,1108,1476,,,,,sliding_window_clean,,,,,,15,15.jpg,train,PASS,resolved,source-level only,clean-negative source split is traceable; defect-free status is not re-proven by this audit
15,15.jpg,15m.jpg,clean_negative/clean_15_51.jpg,clean_negative,0,1136,256,256,256,1108,1476,,,,,sliding_window_clean,,,,,,15,15.jpg,train,PASS,resolved,source-level only,clean-negative source split is traceable; defect-free status is not re-proven by this audit
15,15.jpg,15m.jpg,clean_negative/clean_15_52.jpg,clean_negative,48,1136,256,256,256,1108,1476,,,,,sliding_window_clean,,,,,,15,15.jpg,train,PASS,resolved,source-level only,clean-negative source split is traceable; defect-free status is not re-proven by this audit
15,15.jpg,15m.jpg,clean_negative/clean_15_53.jpg,clean_negative,96,1136,256,256,256,1108,1476,,,,,sliding_window_clean,,,,,,15,15.jpg,train,PASS,resolved,source-level only,clean-negative source split is traceable; defect-free status is not re-proven by this audit
15,15.jpg,15m.jpg,clean_negative/clean_15_54.jpg,clean_negative,144,1136,256,256,256,1108,1476,,,,,sliding_window_clean,,,,,,15,15.jpg,train,PASS,resolved,source-level only,clean-negative source split is traceable; defect-free status is not re-proven by this audit
15,15.jpg,15m.jpg,clean_negative/clean_15_55.jpg,clean_negative,192,1136,256,256,256,1108,1476,,,,,sliding_window_clean,,,,,,15,15.jpg,train,PASS,resolved,source-level only,clean-negative source split is traceable; defect-free status is not re-proven by this audit
15,15.jpg,15m.jpg,clean_negative/clean_15_56.jpg,clean_negative,240,1136,256,256,256,1108,1476,,,,,sliding_window_clean,,,,,,15,15.jpg,train,PASS,resolved,source-level only,clean-negative source split is traceable; defect-free status is not re-proven by this audit
15,15.jpg,15m.jpg,clean_negative/clean_15_57.jpg,clean_negative,267,1136,256,256,256,1108,1476,,,,,sliding_window_clean,,,,,,15,15.jpg,train,PASS,resolved,source-level only,clean-negative source split is traceable; defect-free status is not re-proven by this audit
15,15.jpg,15m.jpg,clean_negative/clean_15_58.jpg,clean_negative,672,1136,256,256,256,1108,1476,,,,,sliding_window_clean,,,,,,15,15.jpg,train,PASS,resolved,source-level only,clean-negative source split is traceable; defect-free status is not re-proven by this audit
15,15.jpg,15m.jpg,clean_negative/clean_15_59.jpg,clean_negative,720,1136,256,256,256,1108,1476,,,,,sliding_window_clean,,,,,,15,15.jpg,train,PASS,resolved,source-level only,clean-negative source split is traceable; defect-free status is not re-proven by this audit
15,15.jpg,15m.jpg,clean_negative/clean_15_60.jpg,clean_negative,768,1136,256,256,256,1108,1476,,,,,sliding_window_clean,,,,,,15,15.jpg,train,PASS,resolved,source-level only,clean-negative source split is traceable; defect-free status is not re-proven by this audit
15,15.jpg,15m.jpg,clean_negative/clean_15_61.jpg,clean_negative,816,1136,256,256,256,1108,1476,,,,,sliding_window_clean,,,,,,15,15.jpg,train,PASS,resolved,source-level only,clean-negative source split is traceable; defect-free status is not re-proven by this audit
15,15.jpg,15m.jpg,clean_negative/clean_15_62.jpg,clean_negative,852,1136,256,256,256,1108,1476,,,,,sliding_window_clean,,,,,,15,15.jpg,train,PASS,resolved,source-level only,clean-negative source split is traceable; defect-free status is not re-proven by this audit
15,15.jpg,15m.jpg,clean_negative/clean_15_63.jpg,clean_negative,638,1148,256,256,256,1108,1476,,,,,sliding_window_clean,,,,,,15,15.jpg,train,PASS,resolved,source-level only,clean-negative source split is traceable; defect-free status is not re-proven by this audit
15,15.jpg,15m.jpg,clean_negative/clean_15_64.jpg,clean_negative,598,1181,256,256,256,1108,1476,,,,,sliding_window_clean,,,,,,15,15.jpg,train,PASS,resolved,source-level only,clean-negative source split is traceable; defect-free status is not re-proven by this audit
15,15.jpg,15m.jpg,clean_negative/clean_15_65.jpg,clean_negative,0,1184,256,256,256,1108,1476,,,,,sliding_window_clean,,,,,,15,15.jpg,train,PASS,resolved,source-level only,clean-negative source split is traceable; defect-free status is not re-proven by this audit
15,15.jpg,15m.jpg,clean_negative/clean_15_66.jpg,clean_negative,48,1184,256,256,256,1108,1476,,,,,sliding_window_clean,,,,,,15,15.jpg,train,PASS,resolved,source-level only,clean-negative source split is traceable; defect-free status is not re-proven by this audit
15,15.jpg,15m.jpg,clean_negative/clean_15_67.jpg,clean_negative,96,1184,256,256,256,1108,1476,,,,,sliding_window_clean,,,,,,15,15.jpg,train,PASS,resolved,source-level only,clean-negative source split is traceable; defect-free status is not re-proven by this audit
15,15.jpg,15m.jpg,clean_negative/clean_15_68.jpg,clean_negative,144,1184,256,256,256,1108,1476,,,,,sliding_window_clean,,,,,,15,15.jpg,train,PASS,resolved,source-level only,clean-negative source split is traceable; defect-free status is not re-proven by this audit
15,15.jpg,15m.jpg,clean_negative/clean_15_69.jpg,clean_negative,192,1184,256,256,256,1108,1476,,,,,sliding_window_clean,,,,,,15,15.jpg,train,PASS,resolved,source-level only,clean-negative source split is traceable; defect-free status is not re-proven by this audit
15,15.jpg,15m.jpg,clean_negative/clean_15_70.jpg,clean_negative,240,1184,256,256,256,1108,1476,,,,,sliding_window_clean,,,,,,15,15.jpg,train,PASS,resolved,source-level only,clean-negative source split is traceable; defect-free status is not re-proven by this audit
15,15.jpg,15m.jpg,clean_negative/clean_15_71.jpg,clean_negative,288,1184,256,256,256,1108,1476,,,,,sliding_window_clean,,,,,,15,15.jpg,train,PASS,resolved,source-level only,clean-negative source split is traceable; defect-free status is not re-proven by this audit
15,15.jpg,15m.jpg,clean_negative/clean_15_72.jpg,clean_negative,624,1184,256,256,256,1108,1476,,,,,sliding_window_clean,,,,,,15,15.jpg,train,PASS,resolved,source-level only,clean-negative source split is traceable; defect-free status is not re-proven by this audit
15,15.jpg,15m.jpg,clean_negative/clean_15_73.jpg,clean_negative,672,1184,256,256,256,1108,1476,,,,,sliding_window_clean,,,,,,15,15.jpg,train,PASS,resolved,source-level only,clean-negative source split is traceable; defect-free status is not re-proven by this audit
15,15.jpg,15m.jpg,clean_negative/clean_15_74.jpg,clean_negative,720,1184,256,256,256,1108,1476,,,,,sliding_window_clean,,,,,,15,15.jpg,train,PASS,resolved,source-level only,clean-negative source split is traceable; defect-free status is not re-proven by this audit
15,15.jpg,15m.jpg,clean_negative/clean_15_75.jpg,clean_negative,768,1184,256,256,256,1108,1476,,,,,sliding_window_clean,,,,,,15,15.jpg,train,PASS,resolved,source-level only,clean-negative source split is traceable; defect-free status is not re-proven by this audit
15,15.jpg,15m.jpg,clean_negative/clean_15_76.jpg,clean_negative,816,1184,256,256,256,1108,1476,,,,,sliding_window_clean,,,,,,15,15.jpg,train,PASS,resolved,source-level only,clean-negative source split is traceable; defect-free status is not re-proven by this audit
15,15.jpg,15m.jpg,clean_negative/clean_15_77.jpg,clean_negative,852,1184,256,256,256,1108,1476,,,,,sliding_window_clean,,,,,,15,15.jpg,train,PASS,resolved,source-level only,clean-negative source split is traceable; defect-free status is not re-proven by this audit
15,15.jpg,15m.jpg,clean_negative/clean_15_78.jpg,clean_negative,576,1188,256,256,256,1108,1476,,,,,sliding_window_clean,,,,,,15,15.jpg,train,PASS,resolved,source-level only,clean-negative source split is traceable; defect-free status is not re-proven by this audit
15,15.jpg,15m.jpg,clean_negative/clean_15_79.jpg,clean_negative,336,1189,256,256,256,1108,1476,,,,,sliding_window_clean,,,,,,15,15.jpg,train,PASS,resolved,source-level only,clean-negative source split is traceable; defect-free status is not re-proven by this audit
15,15.jpg,15m.jpg,clean_negative/clean_15_80.jpg,clean_negative,384,1189,256,256,256,1108,1476,,,,,sliding_window_clean,,,,,,15,15.jpg,train,PASS,resolved,source-level only,clean-negative source split is traceable; defect-free status is not re-proven by this audit
15,15.jpg,15m.jpg,clean_negative/clean_15_81.jpg,clean_negative,432,1189,256,256,256,1108,1476,,,,,sliding_window_clean,,,,,,15,15.jpg,train,PASS,resolved,source-level only,clean-negative source split is traceable; defect-free status is not re-proven by this audit
15,15.jpg,15m.jpg,clean_negative/clean_15_82.jpg,clean_negative,480,1189,256,256,256,1108,1476,,,,,sliding_window_clean,,,,,,15,15.jpg,train,PASS,resolved,source-level only,clean-negative source split is traceable; defect-free status is not re-proven by this audit
15,15.jpg,15m.jpg,clean_negative/clean_15_83.jpg,clean_negative,528,1189,256,256,256,1108,1476,,,,,sliding_window_clean,,,,,,15,15.jpg,train,PASS,resolved,source-level only,clean-negative source split is traceable; defect-free status is not re-proven by this audit
15,15.jpg,15m.jpg,clean_negative/clean_15_84.jpg,clean_negative,0,1220,256,256,256,1108,1476,,,,,sliding_window_clean,,,,,,15,15.jpg,train,PASS,resolved,source-level only,clean-negative source split is traceable; defect-free status is not re-proven by this audit
15,15.jpg,15m.jpg,clean_negative/clean_15_85.jpg,clean_negative,48,1220,256,256,256,1108,1476,,,,,sliding_window_clean,,,,,,15,15.jpg,train,PASS,resolved,source-level only,clean-negative source split is traceable; defect-free status is not re-proven by this audit
15,15.jpg,15m.jpg,clean_negative/clean_15_86.jpg,clean_negative,96,1220,256,256,256,1108,1476,,,,,sliding_window_clean,,,,,,15,15.jpg,train,PASS,resolved,source-level only,clean-negative source split is traceable; defect-free status is not re-proven by this audit
15,15.jpg,15m.jpg,clean_negative/clean_15_87.jpg,clean_negative,144,1220,256,256,256,1108,1476,,,,,sliding_window_clean,,,,,,15,15.jpg,train,PASS,resolved,source-level only,clean-negative source split is traceable; defect-free status is not re-proven by this audit
15,15.jpg,15m.jpg,clean_negative/clean_15_88.jpg,clean_negative,192,1220,256,256,256,1108,1476,,,,,sliding_window_clean,,,,,,15,15.jpg,train,PASS,resolved,source-level only,clean-negative source split is traceable; defect-free status is not re-proven by this audit
15,15.jpg,15m.jpg,clean_negative/clean_15_89.jpg,clean_negative,240,1220,256,256,256,1108,1476,,,,,sliding_window_clean,,,,,,15,15.jpg,train,PASS,resolved,source-level only,clean-negative source split is traceable; defect-free status is not re-proven by this audit
15,15.jpg,15m.jpg,clean_negative/clean_15_90.jpg,clean_negative,288,1220,256,256,256,1108,1476,,,,,sliding_window_clean,,,,,,15,15.jpg,train,PASS,resolved,source-level only,clean-negative source split is traceable; defect-free status is not re-proven by this audit
15,15.jpg,15m.jpg,clean_negative/clean_15_91.jpg,clean_negative,336,1220,256,256,256,1108,1476,,,,,sliding_window_clean,,,,,,15,15.jpg,train,PASS,resolved,source-level only,clean-negative source split is traceable; defect-free status is not re-proven by this audit
15,15.jpg,15m.jpg,clean_negative/clean_15_92.jpg,clean_negative,384,1220,256,256,256,1108,1476,,,,,sliding_window_clean,,,,,,15,15.jpg,train,PASS,resolved,source-level only,clean-negative source split is traceable; defect-free status is not re-proven by this audit
15,15.jpg,15m.jpg,clean_negative/clean_15_93.jpg,clean_negative,432,1220,256,256,256,1108,1476,,,,,sliding_window_clean,,,,,,15,15.jpg,train,PASS,resolved,source-level only,clean-negative source split is traceable; defect-free status is not re-proven by this audit
15,15.jpg,15m.jpg,clean_negative/clean_15_94.jpg,clean_negative,480,1220,256,256,256,1108,1476,,,,,sliding_window_clean,,,,,,15,15.jpg,train,PASS,resolved,source-level only,clean-negative source split is traceable; defect-free status is not re-proven by this audit
15,15.jpg,15m.jpg,clean_negative/clean_15_95.jpg,clean_negative,528,1220,256,256,256,1108,1476,,,,,sliding_window_clean,,,,,,15,15.jpg,train,PASS,resolved,source-level only,clean-negative source split is traceable; defect-free status is not re-proven by this audit
15,15.jpg,15m.jpg,clean_negative/clean_15_96.jpg,clean_negative,576,1220,256,256,256,1108,1476,,,,,sliding_window_clean,,,,,,15,15.jpg,train,PASS,resolved,source-level only,clean-negative source split is traceable; defect-free status is not re-proven by this audit
15,15.jpg,15m.jpg,clean_negative/clean_15_97.jpg,clean_negative,624,1220,256,256,256,1108,1476,,,,,sliding_window_clean,,,,,,15,15.jpg,train,PASS,resolved,source-level only,clean-negative source split is traceable; defect-free status is not re-proven by this audit
15,15.jpg,15m.jpg,clean_negative/clean_15_98.jpg,clean_negative,672,1220,256,256,256,1108,1476,,,,,sliding_window_clean,,,,,,15,15.jpg,train,PASS,resolved,source-level only,clean-negative source split is traceable; defect-free status is not re-proven by this audit
15,15.jpg,15m.jpg,clean_negative/clean_15_99.jpg,clean_negative,720,1220,256,256,256,1108,1476,,,,,sliding_window_clean,,,,,,15,15.jpg,train,PASS,resolved,source-level only,clean-negative source split is traceable; defect-free status is not re-proven by this audit
15,15.jpg,15m.jpg,clean_negative/clean_15_100.jpg,clean_negative,768,1220,256,256,256,1108,1476,,,,,sliding_window_clean,,,,,,15,15.jpg,train,PASS,resolved,source-level only,clean-negative source split is traceable; defect-free status is not re-proven by this audit
15,15.jpg,15m.jpg,clean_negative/clean_15_101.jpg,clean_negative,816,1220,256,256,256,1108,1476,,,,,sliding_window_clean,,,,,,15,15.jpg,train,PASS,resolved,source-level only,clean-negative source split is traceable; defect-free status is not re-proven by this audit
15,15.jpg,15m.jpg,clean_negative/clean_15_102.jpg,clean_negative,852,1220,256,256,256,1108,1476,,,,,sliding_window_clean,,,,,,15,15.jpg,train,PASS,resolved,source-level only,clean-negative source split is traceable; defect-free status is not re-proven by this audit
15,15.jpg,15m.jpg,dirty_positive/dirty_15_1.jpg,dirty_positive,353,0,256,256,256,1108,1476,1,481,29,719,centered_positive,353,0,registered,registered,homography_inliers=4705/4709,15,15.jpg,train,PASS,resolved,exact,
15,15.jpg,15m.jpg,dirty_positive/dirty_15_2.jpg,dirty_positive,379,0,256,256,256,1108,1476,1,481,29,719,jittered_positive,379,0,registered,registered,homography_inliers=4705/4709,15,15.jpg,train,PASS,resolved,exact,
15,15.jpg,15m.jpg,dirty_positive/dirty_15_3.jpg,dirty_positive,324,29,256,256,256,1108,1476,1,481,29,719,jittered_positive,324,29,registered,registered,homography_inliers=4705/4709,15,15.jpg,train,PASS,resolved,exact,
15,15.jpg,15m.jpg,dirty_positive/dirty_15_4.jpg,dirty_positive,336,0,256,256,256,1108,1476,1,481,29,719,jittered_positive,336,0,registered,registered,homography_inliers=4705/4709,15,15.jpg,train,PASS,resolved,exact,
15,15.jpg,15m.jpg,dirty_positive/dirty_15_5.jpg,dirty_positive,559,0,256,256,256,1108,1476,2,687,58,1218,centered_positive,559,0,registered,registered,homography_inliers=4705/4709,15,15.jpg,train,PASS,resolved,exact,
15,15.jpg,15m.jpg,dirty_positive/dirty_15_6.jpg,dirty_positive,503,0,256,256,256,1108,1476,2,687,58,1218,jittered_positive,503,0,registered,registered,homography_inliers=4705/4709,15,15.jpg,train,PASS,resolved,exact,
15,15.jpg,15m.jpg,dirty_positive/dirty_15_7.jpg,dirty_positive,507,0,256,256,256,1108,1476,2,687,58,1218,jittered_positive,507,0,registered,registered,homography_inliers=4705/4709,15,15.jpg,train,PASS,resolved,exact,
15,15.jpg,15m.jpg,dirty_positive/dirty_15_8.jpg,dirty_positive,600,0,256,256,256,1108,1476,2,687,58,1218,jittered_positive,600,0,registered,registered,homography_inliers=4705/4709,15,15.jpg,train,PASS,resolved,exact,
15,15.jpg,15m.jpg,dirty_positive/dirty_15_9.jpg,dirty_positive,147,1,256,256,256,1108,1476,3,275,98,1139,centered_positive,147,1,registered,registered,homography_inliers=4705/4709,15,15.jpg,train,PASS,resolved,exact,
15,15.jpg,15m.jpg,dirty_positive/dirty_15_10.jpg,dirty_positive,142,1,256,256,256,1108,1476,3,275,98,1139,jittered_positive,142,1,registered,registered,homography_inliers=4705/4709,15,15.jpg,train,PASS,resolved,exact,
15,15.jpg,15m.jpg,dirty_positive/dirty_15_11.jpg,dirty_positive,121,1,256,256,256,1108,1476,3,275,98,1139,jittered_positive,121,1,registered,registered,homography_inliers=4705/4709,15,15.jpg,train,PASS,resolved,exact,
15,15.jpg,15m.jpg,dirty_positive/dirty_15_12.jpg,dirty_positive,138,52,256,256,256,1108,1476,3,275,98,1139,jittered_positive,138,52,registered,registered,homography_inliers=4705/4709,15,15.jpg,train,PASS,resolved,exact,
15,15.jpg,15m.jpg,dirty_positive/dirty_15_13.jpg,dirty_positive,231,22,256,256,256,1108,1476,4,359,150,930,centered_positive,231,22,registered,registered,homography_inliers=4705/4709,15,15.jpg,train,PASS,resolved,exact,
15,15.jpg,15m.jpg,dirty_positive/dirty_15_14.jpg,dirty_positive,262,0,256,256,256,1108,1476,4,359,150,930,jittered_positive,262,0,registered,registered,homography_inliers=4705/4709,15,15.jpg,train,PASS,resolved,exact,
15,15.jpg,15m.jpg,dirty_positive/dirty_15_15.jpg,dirty_positive,290,82,256,256,256,1108,1476,4,359,150,930,jittered_positive,290,82,registered,registered,homography_inliers=4705/4709,15,15.jpg,train,PASS,resolved,exact,
15,15.jpg,15m.jpg,dirty_positive/dirty_15_16.jpg,dirty_positive,171,0,256,256,256,1108,1476,4,359,150,930,jittered_positive,171,0,registered,registered,homography_inliers=4705/4709,15,15.jpg,train,PASS,resolved,exact,
15,15.jpg,15m.jpg,dirty_positive/dirty_15_17.jpg,dirty_positive,159,82,256,256,256,1108,1476,5,287,210,1230,centered_positive,159,82,registered,registered,homography_inliers=4705/4709,15,15.jpg,train,PASS,resolved,exact,
15,15.jpg,15m.jpg,dirty_positive/dirty_15_18.jpg,dirty_positive,200,21,256,256,256,1108,1476,5,287,210,1230,jittered_positive,200,21,registered,registered,homography_inliers=4705/4709,15,15.jpg,train,PASS,resolved,exact,
15,15.jpg,15m.jpg,dirty_positive/dirty_15_19.jpg,dirty_positive,99,88,256,256,256,1108,1476,5,287,210,1230,jittered_positive,99,88,registered,registered,homography_inliers=4705/4709,15,15.jpg,train,PASS,resolved,exact,
15,15.jpg,15m.jpg,dirty_positive/dirty_15_20.jpg,dirty_positive,168,22,256,256,256,1108,1476,5,287,210,1230,jittered_positive,168,22,registered,registered,homography_inliers=4705/4709,15,15.jpg,train,PASS,resolved,exact,
15,15.jpg,15m.jpg,dirty_positive/dirty_15_21.jpg,dirty_positive,251,133,256,256,256,1108,1476,6,379,261,1054,centered_positive,251,133,registered,registered,homography_inliers=4705/4709,15,15.jpg,train,PASS,resolved,exact,
15,15.jpg,15m.jpg,dirty_positive/dirty_15_22.jpg,dirty_positive,315,179,256,256,256,1108,1476,6,379,261,1054,jittered_positive,315,179,registered,registered,homography_inliers=4705/4709,15,15.jpg,train,PASS,resolved,exact,
15,15.jpg,15m.jpg,dirty_positive/dirty_15_23.jpg,dirty_positive,232,96,256,256,256,1108,1476,6,379,261,1054,jittered_positive,232,96,registered,registered,homography_inliers=4705/4709,15,15.jpg,train,PASS,resolved,exact,
15,15.jpg,15m.jpg,dirty_positive/dirty_15_24.jpg,dirty_positive,211,107,256,256,256,1108,1476,6,379,261,1054,jittered_positive,211,107,registered,registered,homography_inliers=4705/4709,15,15.jpg,train,PASS,resolved,exact,
15,15.jpg,15m.jpg,dirty_positive/dirty_15_25.jpg,dirty_positive,171,173,256,256,256,1108,1476,7,299,301,917,centered_positive,171,173,registered,registered,homography_inliers=4705/4709,15,15.jpg,train,PASS,resolved,exact,
15,15.jpg,15m.jpg,dirty_positive/dirty_15_26.jpg,dirty_positive,168,158,256,256,256,1108,1476,7,299,301,917,jittered_positive,168,158,registered,registered,homography_inliers=4705/4709,15,15.jpg,train,PASS,resolved,exact,
15,15.jpg,15m.jpg,dirty_positive/dirty_15_27.jpg,dirty_positive,171,199,256,256,256,1108,1476,7,299,301,917,jittered_positive,171,199,registered,registered,homography_inliers=4705/4709,15,15.jpg,train,PASS,resolved,exact,
15,15.jpg,15m.jpg,dirty_positive/dirty_15_28.jpg,dirty_positive,175,210,256,256,256,1108,1476,7,299,301,917,jittered_positive,175,210,registered,registered,homography_inliers=4705/4709,15,15.jpg,train,PASS,resolved,exact,
15,15.jpg,15m.jpg,dirty_positive/dirty_15_29.jpg,dirty_positive,741,197,256,256,256,1108,1476,8,869,325,2575,centered_positive,741,197,registered,registered,homography_inliers=4705/4709,15,15.jpg,train,PASS,resolved,exact,
15,15.jpg,15m.jpg,dirty_positive/dirty_15_30.jpg,dirty_positive,697,228,256,256,256,1108,1476,8,869,325,2575,jittered_positive,697,228,registered,registered,homography_inliers=4705/4709,15,15.jpg,train,PASS,resolved,exact,
15,15.jpg,15m.jpg,dirty_positive/dirty_15_31.jpg,dirty_positive,780,250,256,256,256,1108,1476,8,869,325,2575,jittered_positive,780,250,registered,registered,homography_inliers=4705/4709,15,15.jpg,train,PASS,resolved,exact,
15,15.jpg,15m.jpg,dirty_positive/dirty_15_32.jpg,dirty_positive,739,190,256,256,256,1108,1476,8,869,325,2575,jittered_positive,739,190,registered,registered,homography_inliers=4705/4709,15,15.jpg,train,PASS,resolved,exact,
15,15.jpg,15m.jpg,dirty_positive/dirty_15_33.jpg,dirty_positive,1,202,256,256,256,1108,1476,9,125,330,1105,centered_positive,1,202,registered,registered,homography_inliers=4705/4709,15,15.jpg,train,PASS,resolved,exact,
15,15.jpg,15m.jpg,dirty_positive/dirty_15_34.jpg,dirty_positive,12,158,256,256,256,1108,1476,9,125,330,1105,jittered_positive,12,158,registered,registered,homography_inliers=4705/4709,15,15.jpg,train,PASS,resolved,exact,
15,15.jpg,15m.jpg,dirty_positive/dirty_15_35.jpg,dirty_positive,1,161,256,256,256,1108,1476,9,125,330,1105,jittered_positive,1,161,registered,registered,homography_inliers=4705/4709,15,15.jpg,train,PASS,resolved,exact,
15,15.jpg,15m.jpg,dirty_positive/dirty_15_36.jpg,dirty_positive,39,235,256,256,256,1108,1476,9,125,330,1105,jittered_positive,39,235,registered,registered,homography_inliers=4705/4709,15,15.jpg,train,PASS,resolved,exact,
15,15.jpg,15m.jpg,dirty_positive/dirty_15_37.jpg,dirty_positive,595,367,256,256,256,1108,1476,10,723,495,1172,centered_positive,595,367,registered,registered,homography_inliers=4705/4709,15,15.jpg,train,PASS,resolved,exact,
15,15.jpg,15m.jpg,dirty_positive/dirty_15_38.jpg,dirty_positive,627,424,256,256,256,1108,1476,10,723,495,1172,jittered_positive,627,424,registered,registered,homography_inliers=4705/4709,15,15.jpg,train,PASS,resolved,exact,
15,15.jpg,15m.jpg,dirty_positive/dirty_15_39.jpg,dirty_positive,545,305,256,256,256,1108,1476,10,723,495,1172,jittered_positive,545,305,registered,registered,homography_inliers=4705/4709,15,15.jpg,train,PASS,resolved,exact,
15,15.jpg,15m.jpg,dirty_positive/dirty_15_40.jpg,dirty_positive,574,324,256,256,256,1108,1476,10,723,495,1172,jittered_positive,574,324,registered,registered,homography_inliers=4705/4709,15,15.jpg,train,PASS,resolved,exact,
15,15.jpg,15m.jpg,dirty_positive/dirty_15_41.jpg,dirty_positive,76,418,256,256,256,1108,1476,11,204,546,1017,centered_positive,76,418,registered,registered,homography_inliers=4705/4709,15,15.jpg,train,PASS,resolved,exact,
15,15.jpg,15m.jpg,dirty_positive/dirty_15_42.jpg,dirty_positive,139,465,256,256,256,1108,1476,11,204,546,1017,jittered_positive,139,465,registered,registered,homography_inliers=4705/4709,15,15.jpg,train,PASS,resolved,exact,
15,15.jpg,15m.jpg,dirty_positive/dirty_15_43.jpg,dirty_positive,96,378,256,256,256,1108,1476,11,204,546,1017,jittered_positive,96,378,registered,registered,homography_inliers=4705/4709,15,15.jpg,train,PASS,resolved,exact,
15,15.jpg,15m.jpg,dirty_positive/dirty_15_44.jpg,dirty_positive,22,412,256,256,256,1108,1476,11,204,546,1017,jittered_positive,22,412,registered,registered,homography_inliers=4705/4709,15,15.jpg,train,PASS,resolved,exact,
15,15.jpg,15m.jpg,dirty_positive/dirty_15_45.jpg,dirty_positive,344,496,256,256,256,1108,1476,12,472,624,1691,centered_positive,344,496,registered,registered,homography_inliers=4705/4709,15,15.jpg,train,PASS,resolved,exact,
15,15.jpg,15m.jpg,dirty_positive/dirty_15_46.jpg,dirty_positive,334,553,256,256,256,1108,1476,12,472,624,1691,jittered_positive,334,553,registered,registered,homography_inliers=4705/4709,15,15.jpg,train,PASS,resolved,exact,
15,15.jpg,15m.jpg,dirty_positive/dirty_15_47.jpg,dirty_positive,349,443,256,256,256,1108,1476,12,472,624,1691,jittered_positive,349,443,registered,registered,homography_inliers=4705/4709,15,15.jpg,train,PASS,resolved,exact,
15,15.jpg,15m.jpg,dirty_positive/dirty_15_48.jpg,dirty_positive,299,503,256,256,256,1108,1476,12,472,624,1691,jittered_positive,299,503,registered,registered,homography_inliers=4705/4709,15,15.jpg,train,PASS,resolved,exact,
15,15.jpg,15m.jpg,dirty_positive/dirty_15_49.jpg,dirty_positive,8,525,256,256,256,1108,1476,13,136,653,1286,centered_positive,8,525,registered,registered,homography_inliers=4705/4709,15,15.jpg,train,PASS,resolved,exact,
15,15.jpg,15m.jpg,dirty_positive/dirty_15_50.jpg,dirty_positive,1,506,256,256,256,1108,1476,13,136,653,1286,jittered_positive,1,506,registered,registered,homography_inliers=4705/4709,15,15.jpg,train,PASS,resolved,exact,
15,15.jpg,15m.jpg,dirty_positive/dirty_15_51.jpg,dirty_positive,24,465,256,256,256,1108,1476,13,136,653,1286,jittered_positive,24,465,registered,registered,homography_inliers=4705/4709,15,15.jpg,train,PASS,resolved,exact,
15,15.jpg,15m.jpg,dirty_positive/dirty_15_52.jpg,dirty_positive,1,497,256,256,256,1108,1476,13,136,653,1286,jittered_positive,1,497,registered,registered,homography_inliers=4705/4709,15,15.jpg,train,PASS,resolved,exact,
15,15.jpg,15m.jpg,dirty_positive/dirty_15_53.jpg,dirty_positive,426,558,256,256,256,1108,1476,14,554,686,1228,centered_positive,426,558,registered,registered,homography_inliers=4705/4709,15,15.jpg,train,PASS,resolved,exact,
15,15.jpg,15m.jpg,dirty_positive/dirty_15_54.jpg,dirty_positive,463,513,256,256,256,1108,1476,14,554,686,1228,jittered_positive,463,513,registered,registered,homography_inliers=4705/4709,15,15.jpg,train,PASS,resolved,exact,
15,15.jpg,15m.jpg,dirty_positive/dirty_15_55.jpg,dirty_positive,438,535,256,256,256,1108,1476,14,554,686,1228,jittered_positive,438,535,registered,registered,homography_inliers=4705/4709,15,15.jpg,train,PASS,resolved,exact,
15,15.jpg,15m.jpg,dirty_positive/dirty_15_56.jpg,dirty_positive,423,593,256,256,256,1108,1476,14,554,686,1228,jittered_positive,423,593,registered,registered,homography_inliers=4705/4709,15,15.jpg,train,PASS,resolved,exact,
15,15.jpg,15m.jpg,dirty_positive/dirty_15_57.jpg,dirty_positive,188,570,256,256,256,1108,1476,15,316,698,1038,centered_positive,188,570,registered,registered,homography_inliers=4705/4709,15,15.jpg,train,PASS,resolved,exact,
15,15.jpg,15m.jpg,dirty_positive/dirty_15_58.jpg,dirty_positive,208,604,256,256,256,1108,1476,15,316,698,1038,jittered_positive,208,604,registered,registered,homography_inliers=4705/4709,15,15.jpg,train,PASS,resolved,exact,
15,15.jpg,15m.jpg,dirty_positive/dirty_15_59.jpg,dirty_positive,159,526,256,256,256,1108,1476,15,316,698,1038,jittered_positive,159,526,registered,registered,homography_inliers=4705/4709,15,15.jpg,train,PASS,resolved,exact,
15,15.jpg,15m.jpg,dirty_positive/dirty_15_60.jpg,dirty_positive,252,594,256,256,256,1108,1476,15,316,698,1038,jittered_positive,252,594,registered,registered,homography_inliers=4705/4709,15,15.jpg,train,PASS,resolved,exact,
15,15.jpg,15m.jpg,dirty_positive/dirty_15_61.jpg,dirty_positive,725,646,256,256,256,1108,1476,16,853,774,1829,centered_positive,725,646,registered,registered,homography_inliers=4705/4709,15,15.jpg,train,PASS,resolved,exact,
15,15.jpg,15m.jpg,dirty_positive/dirty_15_62.jpg,dirty_positive,674,607,256,256,256,1108,1476,16,853,774,1829,jittered_positive,674,607,registered,registered,homography_inliers=4705/4709,15,15.jpg,train,PASS,resolved,exact,
15,15.jpg,15m.jpg,dirty_positive/dirty_15_63.jpg,dirty_positive,772,641,256,256,256,1108,1476,16,853,774,1829,jittered_positive,772,641,registered,registered,homography_inliers=4705/4709,15,15.jpg,train,PASS,resolved,exact,
15,15.jpg,15m.jpg,dirty_positive/dirty_15_64.jpg,dirty_positive,680,669,256,256,256,1108,1476,16,853,774,1829,jittered_positive,680,669,registered,registered,homography_inliers=4705/4709,15,15.jpg,train,PASS,resolved,exact,
15,15.jpg,15m.jpg,dirty_positive/dirty_15_65.jpg,dirty_positive,1,631,256,256,256,1108,1476,17,41,759,1034,centered_positive,1,631,registered,registered,homography_inliers=4705/4709,15,15.jpg,train,PASS,resolved,exact,
15,15.jpg,15m.jpg,dirty_positive/dirty_15_66.jpg,dirty_positive,37,650,256,256,256,1108,1476,17,41,759,1034,jittered_positive,37,650,registered,registered,homography_inliers=4705/4709,15,15.jpg,train,PASS,resolved,exact,
15,15.jpg,15m.jpg,dirty_positive/dirty_15_67.jpg,dirty_positive,1,636,256,256,256,1108,1476,17,41,759,1034,jittered_positive,1,636,registered,registered,homography_inliers=4705/4709,15,15.jpg,train,PASS,resolved,exact,
15,15.jpg,15m.jpg,dirty_positive/dirty_15_68.jpg,dirty_positive,41,692,256,256,256,1108,1476,17,41,759,1034,jittered_positive,41,692,registered,registered,homography_inliers=4705/4709,15,15.jpg,train,PASS,resolved,exact,
15,15.jpg,15m.jpg,dirty_positive/dirty_15_69.jpg,dirty_positive,215,646,256,256,256,1108,1476,18,343,774,932,centered_positive,215,646,registered,registered,homography_inliers=4705/4709,15,15.jpg,train,PASS,resolved,exact,
15,15.jpg,15m.jpg,dirty_positive/dirty_15_70.jpg,dirty_positive,209,673,256,256,256,1108,1476,18,343,774,932,jittered_positive,209,673,registered,registered,homography_inliers=4705/4709,15,15.jpg,train,PASS,resolved,exact,
15,15.jpg,15m.jpg,dirty_positive/dirty_15_71.jpg,dirty_positive,247,692,256,256,256,1108,1476,18,343,774,932,jittered_positive,247,692,registered,registered,homography_inliers=4705/4709,15,15.jpg,train,PASS,resolved,exact,
15,15.jpg,15m.jpg,dirty_positive/dirty_15_72.jpg,dirty_positive,198,679,256,256,256,1108,1476,18,343,774,932,jittered_positive,198,679,registered,registered,homography_inliers=4705/4709,15,15.jpg,train,PASS,resolved,exact,
15,15.jpg,15m.jpg,dirty_positive/dirty_15_73.jpg,dirty_positive,32,668,256,256,256,1108,1476,19,160,796,932,centered_positive,32,668,registered,registered,homography_inliers=4705/4709,15,15.jpg,train,PASS,resolved,exact,
15,15.jpg,15m.jpg,dirty_positive/dirty_15_74.jpg,dirty_positive,1,679,256,256,256,1108,1476,19,160,796,932,jittered_positive,1,679,registered,registered,homography_inliers=4705/4709,15,15.jpg,train,PASS,resolved,exact,
15,15.jpg,15m.jpg,dirty_positive/dirty_15_75.jpg,dirty_positive,31,622,256,256,256,1108,1476,19,160,796,932,jittered_positive,31,622,registered,registered,homography_inliers=4705/4709,15,15.jpg,train,PASS,resolved,exact,
15,15.jpg,15m.jpg,dirty_positive/dirty_15_76.jpg,dirty_positive,1,672,256,256,256,1108,1476,19,160,796,932,jittered_positive,1,672,registered,registered,homography_inliers=4705/4709,15,15.jpg,train,PASS,resolved,exact,
15,15.jpg,15m.jpg,dirty_positive/dirty_15_77.jpg,dirty_positive,256,786,256,256,256,1108,1476,20,384,914,1090,centered_positive,256,786,registered,registered,homography_inliers=4705/4709,15,15.jpg,train,PASS,resolved,exact,
15,15.jpg,15m.jpg,dirty_positive/dirty_15_78.jpg,dirty_positive,231,819,256,256,256,1108,1476,20,384,914,1090,jittered_positive,231,819,registered,registered,homography_inliers=4705/4709,15,15.jpg,train,PASS,resolved,exact,
15,15.jpg,15m.jpg,dirty_positive/dirty_15_79.jpg,dirty_positive,231,821,256,256,256,1108,1476,20,384,914,1090,jittered_positive,231,821,registered,registered,homography_inliers=4705/4709,15,15.jpg,train,PASS,resolved,exact,
15,15.jpg,15m.jpg,dirty_positive/dirty_15_80.jpg,dirty_positive,273,814,256,256,256,1108,1476,20,384,914,1090,jittered_positive,273,814,registered,registered,homography_inliers=4705/4709,15,15.jpg,train,PASS,resolved,exact,
15,15.jpg,15m.jpg,dirty_positive/dirty_15_81.jpg,dirty_positive,402,855,256,256,256,1108,1476,21,530,983,1528,centered_positive,402,855,registered,registered,homography_inliers=4705/4709,15,15.jpg,train,PASS,resolved,exact,
15,15.jpg,15m.jpg,dirty_positive/dirty_15_82.jpg,dirty_positive,365,814,256,256,256,1108,1476,21,530,983,1528,jittered_positive,365,814,registered,registered,homography_inliers=4705/4709,15,15.jpg,train,PASS,resolved,exact,
15,15.jpg,15m.jpg,dirty_positive/dirty_15_83.jpg,dirty_positive,339,869,256,256,256,1108,1476,21,530,983,1528,jittered_positive,339,869,registered,registered,homography_inliers=4705/4709,15,15.jpg,train,PASS,resolved,exact,
15,15.jpg,15m.jpg,dirty_positive/dirty_15_84.jpg,dirty_positive,451,883,256,256,256,1108,1476,21,530,983,1528,jittered_positive,451,883,registered,registered,homography_inliers=4705/4709,15,15.jpg,train,PASS,resolved,exact,
15,15.jpg,15m.jpg,dirty_positive/dirty_15_85.jpg,dirty_positive,769,899,256,256,256,1108,1476,22,897,1027,2506,centered_positive,769,899,registered,registered,homography_inliers=4705/4709,15,15.jpg,train,PASS,resolved,exact,
15,15.jpg,15m.jpg,dirty_positive/dirty_15_86.jpg,dirty_positive,774,861,256,256,256,1108,1476,22,897,1027,2506,jittered_positive,774,861,registered,registered,homography_inliers=4705/4709,15,15.jpg,train,PASS,resolved,exact,
15,15.jpg,15m.jpg,dirty_positive/dirty_15_87.jpg,dirty_positive,738,857,256,256,256,1108,1476,22,897,1027,2506,jittered_positive,738,857,registered,registered,homography_inliers=4705/4709,15,15.jpg,train,PASS,resolved,exact,
15,15.jpg,15m.jpg,dirty_positive/dirty_15_88.jpg,dirty_positive,752,945,256,256,256,1108,1476,22,897,1027,2506,jittered_positive,752,945,registered,registered,homography_inliers=4705/4709,15,15.jpg,train,PASS,resolved,exact,
15,15.jpg,15m.jpg,dirty_positive/dirty_15_89.jpg,dirty_positive,540,870,256,256,256,1108,1476,23,668,998,1291,centered_positive,540,870,registered,registered,homography_inliers=4705/4709,15,15.jpg,train,PASS,resolved,exact,
15,15.jpg,15m.jpg,dirty_positive/dirty_15_90.jpg,dirty_positive,590,910,256,256,256,1108,1476,23,668,998,1291,jittered_positive,590,910,registered,registered,homography_inliers=4705/4709,15,15.jpg,train,PASS,resolved,exact,
15,15.jpg,15m.jpg,dirty_positive/dirty_15_91.jpg,dirty_positive,502,812,256,256,256,1108,1476,23,668,998,1291,jittered_positive,502,812,registered,registered,homography_inliers=4705/4709,15,15.jpg,train,PASS,resolved,exact,
15,15.jpg,15m.jpg,dirty_positive/dirty_15_92.jpg,dirty_positive,498,896,256,256,256,1108,1476,23,668,998,1291,jittered_positive,498,896,registered,registered,homography_inliers=4705/4709,15,15.jpg,train,PASS,resolved,exact,
15,15.jpg,15m.jpg,dirty_positive/dirty_15_93.jpg,dirty_positive,462,993,256,256,256,1108,1476,24,590,1121,1312,centered_positive,462,993,registered,registered,homography_inliers=4705/4709,15,15.jpg,train,PASS,resolved,exact,
15,15.jpg,15m.jpg,dirty_positive/dirty_15_94.jpg,dirty_positive,421,1012,256,256,256,1108,1476,24,590,1121,1312,jittered_positive,421,1012,registered,registered,homography_inliers=4705/4709,15,15.jpg,train,PASS,resolved,exact,
15,15.jpg,15m.jpg,dirty_positive/dirty_15_95.jpg,dirty_positive,496,932,256,256,256,1108,1476,24,590,1121,1312,jittered_positive,496,932,registered,registered,homography_inliers=4705/4709,15,15.jpg,train,PASS,resolved,exact,
15,15.jpg,15m.jpg,dirty_positive/dirty_15_96.jpg,dirty_positive,472,1034,256,256,256,1108,1476,24,590,1121,1312,jittered_positive,472,1034,registered,registered,homography_inliers=4705/4709,15,15.jpg,train,PASS,resolved,exact,
