crop_path,resolved_image_id,resolved_source_image,spot_id,traceability_level,match_method,validation_result,notes
dirty_positive/dirty_1_1.jpg,1,1.jpg,1_spot_001,exact,source_id + dirty_spot_id -> final spot_id,pass,dirty_spot_id maps to final Ground Truth spot_id
dirty_positive/dirty_1_2.jpg,1,1.jpg,1_spot_001,exact,source_id + dirty_spot_id -> final spot_id,pass,dirty_spot_id maps to final Ground Truth spot_id
dirty_positive/dirty_1_3.jpg,1,1.jpg,1_spot_001,exact,source_id + dirty_spot_id -> final spot_id,pass,dirty_spot_id maps to final Ground Truth spot_id
dirty_positive/dirty_1_4.jpg,1,1.jpg,1_spot_001,exact,source_id + dirty_spot_id -> final spot_id,pass,dirty_spot_id maps to final Ground Truth spot_id
dirty_positive/dirty_1_5.jpg,1,1.jpg,1_spot_002,exact,source_id + dirty_spot_id -> final spot_id,pass,dirty_spot_id maps to final Ground Truth spot_id
dirty_positive/dirty_1_6.jpg,1,1.jpg,1_spot_002,exact,source_id + dirty_spot_id -> final spot_id,pass,dirty_spot_id maps to final Ground Truth spot_id
dirty_positive/dirty_1_7.jpg,1,1.jpg,1_spot_002,exact,source_id + dirty_spot_id -> final spot_id,pass,dirty_spot_id maps to final Ground Truth spot_id
dirty_positive/dirty_1_8.jpg,1,1.jpg,1_spot_002,exact,source_id + dirty_spot_id -> final spot_id,pass,dirty_spot_id maps to final Ground Truth spot_id
dirty_positive/dirty_1_9.jpg,1,1.jpg,1_spot_003,exact,source_id + dirty_spot_id -> final spot_id,pass,dirty_spot_id maps to final Ground Truth spot_id
dirty_positive/dirty_1_10.jpg,1,1.jpg,1_spot_003,exact,source_id + dirty_spot_id -> final spot_id,pass,dirty_spot_id maps to final Ground Truth spot_id
dirty_positive/dirty_1_11.jpg,1,1.jpg,1_spot_003,exact,source_id + dirty_spot_id -> final spot_id,pass,dirty_spot_id maps to final Ground Truth spot_id
dirty_positive/dirty_1_12.jpg,1,1.jpg,1_spot_003,exact,source_id + dirty_spot_id -> final spot_id,pass,dirty_spot_id maps to final Ground Truth spot_id
dirty_positive/dirty_1_13.jpg,1,1.jpg,1_spot_004,exact,source_id + dirty_spot_id -> final spot_id,pass,dirty_spot_id maps to final Ground Truth spot_id
dirty_positive/dirty_1_14.jpg,1,1.jpg,1_spot_004,exact,source_id + dirty_spot_id -> final spot_id,pass,dirty_spot_id maps to final Ground Truth spot_id
dirty_positive/dirty_1_15.jpg,1,1.jpg,1_spot_004,exact,source_id + dirty_spot_id -> final spot_id,pass,dirty_spot_id maps to final Ground Truth spot_id
dirty_positive/dirty_1_16.jpg,1,1.jpg,1_spot_004,exact,source_id + dirty_spot_id -> final spot_id,pass,dirty_spot_id maps to final Ground Truth spot_id
dirty_positive/dirty_1_17.jpg,1,1.jpg,1_spot_005,exact,source_id + dirty_spot_id -> final spot_id,pass,dirty_spot_id maps to final Ground Truth spot_id
dirty_positive/dirty_1_18.jpg,1,1.jpg,1_spot_005,exact,source_id + dirty_spot_id -> final spot_id,pass,dirty_spot_id maps to final Ground Truth spot_id
dirty_positive/dirty_1_19.jpg,1,1.jpg,1_spot_005,exact,source_id + dirty_spot_id -> final spot_id,pass,dirty_spot_id maps to final Ground Truth spot_id
dirty_positive/dirty_1_20.jpg,1,1.jpg,1_spot_005,exact,source_id + dirty_spot_id -> final spot_id,pass,dirty_spot_id maps to final Ground Truth spot_id
dirty_positive/dirty_1_21.jpg,1,1.jpg,1_spot_006,exact,source_id + dirty_spot_id -> final spot_id,pass,dirty_spot_id maps to final Ground Truth spot_id
dirty_positive/dirty_1_22.jpg,1,1.jpg,1_spot_006,exact,source_id + dirty_spot_id -> final spot_id,pass,dirty_spot_id maps to final Ground Truth spot_id
dirty_positive/dirty_1_23.jpg,1,1.jpg,1_spot_006,exact,source_id + dirty_spot_id -> final spot_id,pass,dirty_spot_id maps to final Ground Truth spot_id
dirty_positive/dirty_1_24.jpg,1,1.jpg,1_spot_006,exact,source_id + dirty_spot_id -> final spot_id,pass,dirty_spot_id maps to final Ground Truth spot_id
dirty_positive/dirty_1_25.jpg,1,1.jpg,1_spot_007,exact,source_id + dirty_spot_id -> final spot_id,pass,dirty_spot_id maps to final Ground Truth spot_id
dirty_positive/dirty_1_26.jpg,1,1.jpg,1_spot_007,exact,source_id + dirty_spot_id -> final spot_id,pass,dirty_spot_id maps to final Ground Truth spot_id
dirty_positive/dirty_1_27.jpg,1,1.jpg,1_spot_007,exact,source_id + dirty_spot_id -> final spot_id,pass,dirty_spot_id maps to final Ground Truth spot_id
dirty_positive/dirty_1_28.jpg,1,1.jpg,1_spot_007,exact,source_id + dirty_spot_id -> final spot_id,pass,dirty_spot_id maps to final Ground Truth spot_id
dirty_positive/dirty_1_29.jpg,1,1.jpg,1_spot_008,exact,source_id + dirty_spot_id -> final spot_id,pass,dirty_spot_id maps to final Ground Truth spot_id
dirty_positive/dirty_1_30.jpg,1,1.jpg,1_spot_008,exact,source_id + dirty_spot_id -> final spot_id,pass,dirty_spot_id maps to final Ground Truth spot_id
dirty_positive/dirty_1_31.jpg,1,1.jpg,1_spot_008,exact,source_id + dirty_spot_id -> final spot_id,pass,dirty_spot_id maps to final Ground Truth spot_id
dirty_positive/dirty_1_32.jpg,1,1.jpg,1_spot_008,exact,source_id + dirty_spot_id -> final spot_id,pass,dirty_spot_id maps to final Ground Truth spot_id
dirty_positive/dirty_1_33.jpg,1,1.jpg,1_spot_009,exact,source_id + dirty_spot_id -> final spot_id,pass,dirty_spot_id maps to final Ground Truth spot_id
dirty_positive/dirty_1_34.jpg,1,1.jpg,1_spot_009,exact,source_id + dirty_spot_id -> final spot_id,pass,dirty_spot_id maps to final Ground Truth spot_id
dirty_positive/dirty_1_35.jpg,1,1.jpg,1_spot_009,exact,source_id + dirty_spot_id -> final spot_id,pass,dirty_spot_id maps to final Ground Truth spot_id
dirty_positive/dirty_1_36.jpg,1,1.jpg,1_spot_009,exact,source_id + dirty_spot_id -> final spot_id,pass,dirty_spot_id maps to final Ground Truth spot_id
dirty_positive/dirty_1_37.jpg,1,1.jpg,1_spot_010,exact,source_id + dirty_spot_id -> final spot_id,pass,dirty_spot_id maps to final Ground Truth spot_id
dirty_positive/dirty_1_38.jpg,1,1.jpg,1_spot_010,exact,source_id + dirty_spot_id -> final spot_id,pass,dirty_spot_id maps to final Ground Truth spot_id
dirty_positive/dirty_1_39.jpg,1,1.jpg,1_spot_010,exact,source_id + dirty_spot_id -> final spot_id,pass,dirty_spot_id maps to final Ground Truth spot_id
dirty_positive/dirty_1_40.jpg,1,1.jpg,1_spot_010,exact,source_id + dirty_spot_id -> final spot_id,pass,dirty_spot_id maps to final Ground Truth spot_id
dirty_positive/dirty_1_41.jpg,1,1.jpg,1_spot_011,exact,source_id + dirty_spot_id -> final spot_id,pass,dirty_spot_id maps to final Ground Truth spot_id
dirty_positive/dirty_1_42.jpg,1,1.jpg,1_spot_011,exact,source_id + dirty_spot_id -> final spot_id,pass,dirty_spot_id maps to final Ground Truth spot_id
dirty_positive/dirty_1_43.jpg,1,1.jpg,1_spot_011,exact,source_id + dirty_spot_id -> final spot_id,pass,dirty_spot_id maps to final Ground Truth spot_id
dirty_positive/dirty_1_44.jpg,1,1.jpg,1_spot_011,exact,source_id + dirty_spot_id -> final spot_id,pass,dirty_spot_id maps to final Ground Truth spot_id
dirty_positive/dirty_1_45.jpg,1,1.jpg,1_spot_012,exact,source_id + dirty_spot_id -> final spot_id,pass,dirty_spot_id maps to final Ground Truth spot_id
dirty_positive/dirty_1_46.jpg,1,1.jpg,1_spot_012,exact,source_id + dirty_spot_id -> final spot_id,pass,dirty_spot_id maps to final Ground Truth spot_id
dirty_positive/dirty_1_47.jpg,1,1.jpg,1_spot_012,exact,source_id + dirty_spot_id -> final spot_id,pass,dirty_spot_id maps to final Ground Truth spot_id
dirty_positive/dirty_1_48.jpg,1,1.jpg,1_spot_012,exact,source_id + dirty_spot_id -> final spot_id,pass,dirty_spot_id maps to final Ground Truth spot_id
dirty_positive/dirty_1_49.jpg,1,1.jpg,1_spot_013,exact,source_id + dirty_spot_id -> final spot_id,pass,dirty_spot_id maps to final Ground Truth spot_id
dirty_positive/dirty_1_50.jpg,1,1.jpg,1_spot_013,exact,source_id + dirty_spot_id -> final spot_id,pass,dirty_spot_id maps to final Ground Truth spot_id
dirty_positive/dirty_1_51.jpg,1,1.jpg,1_spot_013,exact,source_id + dirty_spot_id -> final spot_id,pass,dirty_spot_id maps to final Ground Truth spot_id
dirty_positive/dirty_1_52.jpg,1,1.jpg,1_spot_013,exact,source_id + dirty_spot_id -> final spot_id,pass,dirty_spot_id maps to final Ground Truth spot_id
dirty_positive/dirty_1_53.jpg,1,1.jpg,1_spot_014,exact,source_id + dirty_spot_id -> final spot_id,pass,dirty_spot_id maps to final Ground Truth spot_id
dirty_positive/dirty_1_54.jpg,1,1.jpg,1_spot_014,exact,source_id + dirty_spot_id -> final spot_id,pass,dirty_spot_id maps to final Ground Truth spot_id
dirty_positive/dirty_1_55.jpg,1,1.jpg,1_spot_014,exact,source_id + dirty_spot_id -> final spot_id,pass,dirty_spot_id maps to final Ground Truth spot_id
dirty_positive/dirty_1_56.jpg,1,1.jpg,1_spot_014,exact,source_id + dirty_spot_id -> final spot_id,pass,dirty_spot_id maps to final Ground Truth spot_id
dirty_positive/dirty_1_57.jpg,1,1.jpg,1_spot_015,exact,source_id + dirty_spot_id -> final spot_id,pass,dirty_spot_id maps to final Ground Truth spot_id
dirty_positive/dirty_1_58.jpg,1,1.jpg,1_spot_015,exact,source_id + dirty_spot_id -> final spot_id,pass,dirty_spot_id maps to final Ground Truth spot_id
dirty_positive/dirty_1_59.jpg,1,1.jpg,1_spot_015,exact,source_id + dirty_spot_id -> final spot_id,pass,dirty_spot_id maps to final Ground Truth spot_id
dirty_positive/dirty_1_60.jpg,1,1.jpg,1_spot_015,exact,source_id + dirty_spot_id -> final spot_id,pass,dirty_spot_id maps to final Ground Truth spot_id
dirty_positive/dirty_1_61.jpg,1,1.jpg,1_spot_016,exact,source_id + dirty_spot_id -> final spot_id,pass,dirty_spot_id maps to final Ground Truth spot_id
dirty_positive/dirty_1_62.jpg,1,1.jpg,1_spot_016,exact,source_id + dirty_spot_id -> final spot_id,pass,dirty_spot_id maps to final Ground Truth spot_id
dirty_positive/dirty_1_63.jpg,1,1.jpg,1_spot_016,exact,source_id + dirty_spot_id -> final spot_id,pass,dirty_spot_id maps to final Ground Truth spot_id
dirty_positive/dirty_1_64.jpg,1,1.jpg,1_spot_016,exact,source_id + dirty_spot_id -> final spot_id,pass,dirty_spot_id maps to final Ground Truth spot_id
dirty_positive/dirty_1_65.jpg,1,1.jpg,1_spot_017,exact,source_id + dirty_spot_id -> final spot_id,pass,dirty_spot_id maps to final Ground Truth spot_id
dirty_positive/dirty_1_66.jpg,1,1.jpg,1_spot_017,exact,source_id + dirty_spot_id -> final spot_id,pass,dirty_spot_id maps to final Ground Truth spot_id
dirty_positive/dirty_1_67.jpg,1,1.jpg,1_spot_017,exact,source_id + dirty_spot_id -> final spot_id,pass,dirty_spot_id maps to final Ground Truth spot_id
dirty_positive/dirty_1_68.jpg,1,1.jpg,1_spot_017,exact,source_id + dirty_spot_id -> final spot_id,pass,dirty_spot_id maps to final Ground Truth spot_id
dirty_positive/dirty_1_69.jpg,1,1.jpg,1_spot_018,exact,source_id + dirty_spot_id -> final spot_id,pass,dirty_spot_id maps to final Ground Truth spot_id
dirty_positive/dirty_1_70.jpg,1,1.jpg,1_spot_018,exact,source_id + dirty_spot_id -> final spot_id,pass,dirty_spot_id maps to final Ground Truth spot_id
dirty_positive/dirty_1_71.jpg,1,1.jpg,1_spot_018,exact,source_id + dirty_spot_id -> final spot_id,pass,dirty_spot_id maps to final Ground Truth spot_id
dirty_positive/dirty_1_72.jpg,1,1.jpg,1_spot_018,exact,source_id + dirty_spot_id -> final spot_id,pass,dirty_spot_id maps to final Ground Truth spot_id
dirty_positive/dirty_1_73.jpg,1,1.jpg,1_spot_019,exact,source_id + dirty_spot_id -> final spot_id,pass,dirty_spot_id maps to final Ground Truth spot_id
dirty_positive/dirty_1_74.jpg,1,1.jpg,1_spot_019,exact,source_id + dirty_spot_id -> final spot_id,pass,dirty_spot_id maps to final Ground Truth spot_id
dirty_positive/dirty_1_75.jpg,1,1.jpg,1_spot_019,exact,source_id + dirty_spot_id -> final spot_id,pass,dirty_spot_id maps to final Ground Truth spot_id
dirty_positive/dirty_1_76.jpg,1,1.jpg,1_spot_019,exact,source_id + dirty_spot_id -> final spot_id,pass,dirty_spot_id maps to final Ground Truth spot_id
dirty_positive/dirty_1_77.jpg,1,1.jpg,1_spot_020,exact,source_id + dirty_spot_id -> final spot_id,pass,dirty_spot_id maps to final Ground Truth spot_id
dirty_positive/dirty_1_78.jpg,1,1.jpg,1_spot_020,exact,source_id + dirty_spot_id -> final spot_id,pass,dirty_spot_id maps to final Ground Truth spot_id
dirty_positive/dirty_1_79.jpg,1,1.jpg,1_spot_020,exact,source_id + dirty_spot_id -> final spot_id,pass,dirty_spot_id maps to final Ground Truth spot_id
dirty_positive/dirty_1_80.jpg,1,1.jpg,1_spot_020,exact,source_id + dirty_spot_id -> final spot_id,pass,dirty_spot_id maps to final Ground Truth spot_id
dirty_positive/dirty_1_81.jpg,1,1.jpg,1_spot_021,exact,source_id + dirty_spot_id -> final spot_id,pass,dirty_spot_id maps to final Ground Truth spot_id
dirty_positive/dirty_1_82.jpg,1,1.jpg,1_spot_021,exact,source_id + dirty_spot_id -> final spot_id,pass,dirty_spot_id maps to final Ground Truth spot_id
dirty_positive/dirty_1_83.jpg,1,1.jpg,1_spot_021,exact,source_id + dirty_spot_id -> final spot_id,pass,dirty_spot_id maps to final Ground Truth spot_id
dirty_positive/dirty_1_84.jpg,1,1.jpg,1_spot_021,exact,source_id + dirty_spot_id -> final spot_id,pass,dirty_spot_id maps to final Ground Truth spot_id
dirty_positive/dirty_1_85.jpg,1,1.jpg,1_spot_022,exact,source_id + dirty_spot_id -> final spot_id,pass,dirty_spot_id maps to final Ground Truth spot_id
dirty_positive/dirty_1_86.jpg,1,1.jpg,1_spot_022,exact,source_id + dirty_spot_id -> final spot_id,pass,dirty_spot_id maps to final Ground Truth spot_id
dirty_positive/dirty_1_87.jpg,1,1.jpg,1_spot_022,exact,source_id + dirty_spot_id -> final spot_id,pass,dirty_spot_id maps to final Ground Truth spot_id
dirty_positive/dirty_1_88.jpg,1,1.jpg,1_spot_022,exact,source_id + dirty_spot_id -> final spot_id,pass,dirty_spot_id maps to final Ground Truth spot_id
dirty_positive/dirty_1_89.jpg,1,1.jpg,1_spot_023,exact,source_id + dirty_spot_id -> final spot_id,pass,dirty_spot_id maps to final Ground Truth spot_id
dirty_positive/dirty_1_90.jpg,1,1.jpg,1_spot_023,exact,source_id + dirty_spot_id -> final spot_id,pass,dirty_spot_id maps to final Ground Truth spot_id
dirty_positive/dirty_1_91.jpg,1,1.jpg,1_spot_023,exact,source_id + dirty_spot_id -> final spot_id,pass,dirty_spot_id maps to final Ground Truth spot_id
dirty_positive/dirty_1_92.jpg,1,1.jpg,1_spot_023,exact,source_id + dirty_spot_id -> final spot_id,pass,dirty_spot_id maps to final Ground Truth spot_id
dirty_positive/dirty_1_93.jpg,1,1.jpg,1_spot_024,exact,source_id + dirty_spot_id -> final spot_id,pass,dirty_spot_id maps to final Ground Truth spot_id
dirty_positive/dirty_1_94.jpg,1,1.jpg,1_spot_024,exact,source_id + dirty_spot_id -> final spot_id,pass,dirty_spot_id maps to final Ground Truth spot_id
dirty_positive/dirty_1_95.jpg,1,1.jpg,1_spot_024,exact,source_id + dirty_spot_id -> final spot_id,pass,dirty_spot_id maps to final Ground Truth spot_id
dirty_positive/dirty_1_96.jpg,1,1.jpg,1_spot_024,exact,source_id + dirty_spot_id -> final spot_id,pass,dirty_spot_id maps to final Ground Truth spot_id
dirty_positive/dirty_1_97.jpg,1,1.jpg,1_spot_025,exact,source_id + dirty_spot_id -> final spot_id,pass,dirty_spot_id maps to final Ground Truth spot_id
dirty_positive/dirty_1_98.jpg,1,1.jpg,1_spot_025,exact,source_id + dirty_spot_id -> final spot_id,pass,dirty_spot_id maps to final Ground Truth spot_id
dirty_positive/dirty_1_99.jpg,1,1.jpg,1_spot_025,exact,source_id + dirty_spot_id -> final spot_id,pass,dirty_spot_id maps to final Ground Truth spot_id
dirty_positive/dirty_1_100.jpg,1,1.jpg,1_spot_025,exact,source_id + dirty_spot_id -> final spot_id,pass,dirty_spot_id maps to final Ground Truth spot_id
dirty_positive/dirty_1_101.jpg,1,1.jpg,1_spot_026,exact,source_id + dirty_spot_id -> final spot_id,pass,dirty_spot_id maps to final Ground Truth spot_id
dirty_positive/dirty_1_102.jpg,1,1.jpg,1_spot_026,exact,source_id + dirty_spot_id -> final spot_id,pass,dirty_spot_id maps to final Ground Truth spot_id
dirty_positive/dirty_1_103.jpg,1,1.jpg,1_spot_026,exact,source_id + dirty_spot_id -> final spot_id,pass,dirty_spot_id maps to final Ground Truth spot_id
dirty_positive/dirty_1_104.jpg,1,1.jpg,1_spot_026,exact,source_id + dirty_spot_id -> final spot_id,pass,dirty_spot_id maps to final Ground Truth spot_id
dirty_positive/dirty_2_1.jpg,2,2.jpg,2_spot_001,exact,source_id + dirty_spot_id -> final spot_id,pass,dirty_spot_id maps to final Ground Truth spot_id
dirty_positive/dirty_2_2.jpg,2,2.jpg,2_spot_001,exact,source_id + dirty_spot_id -> final spot_id,pass,dirty_spot_id maps to final Ground Truth spot_id
dirty_positive/dirty_2_3.jpg,2,2.jpg,2_spot_001,exact,source_id + dirty_spot_id -> final spot_id,pass,dirty_spot_id maps to final Ground Truth spot_id
dirty_positive/dirty_2_4.jpg,2,2.jpg,2_spot_001,exact,source_id + dirty_spot_id -> final spot_id,pass,dirty_spot_id maps to final Ground Truth spot_id
dirty_positive/dirty_2_5.jpg,2,2.jpg,2_spot_002,exact,source_id + dirty_spot_id -> final spot_id,pass,dirty_spot_id maps to final Ground Truth spot_id
dirty_positive/dirty_2_6.jpg,2,2.jpg,2_spot_002,exact,source_id + dirty_spot_id -> final spot_id,pass,dirty_spot_id maps to final Ground Truth spot_id
dirty_positive/dirty_2_7.jpg,2,2.jpg,2_spot_002,exact,source_id + dirty_spot_id -> final spot_id,pass,dirty_spot_id maps to final Ground Truth spot_id
dirty_positive/dirty_2_8.jpg,2,2.jpg,2_spot_002,exact,source_id + dirty_spot_id -> final spot_id,pass,dirty_spot_id maps to final Ground Truth spot_id
dirty_positive/dirty_2_9.jpg,2,2.jpg,2_spot_003,exact,source_id + dirty_spot_id -> final spot_id,pass,dirty_spot_id maps to final Ground Truth spot_id
dirty_positive/dirty_2_10.jpg,2,2.jpg,2_spot_003,exact,source_id + dirty_spot_id -> final spot_id,pass,dirty_spot_id maps to final Ground Truth spot_id
dirty_positive/dirty_2_11.jpg,2,2.jpg,2_spot_003,exact,source_id + dirty_spot_id -> final spot_id,pass,dirty_spot_id maps to final Ground Truth spot_id
dirty_positive/dirty_2_12.jpg,2,2.jpg,2_spot_003,exact,source_id + dirty_spot_id -> final spot_id,pass,dirty_spot_id maps to final Ground Truth spot_id
dirty_positive/dirty_2_13.jpg,2,2.jpg,2_spot_004,exact,source_id + dirty_spot_id -> final spot_id,pass,dirty_spot_id maps to final Ground Truth spot_id
dirty_positive/dirty_2_14.jpg,2,2.jpg,2_spot_004,exact,source_id + dirty_spot_id -> final spot_id,pass,dirty_spot_id maps to final Ground Truth spot_id
dirty_positive/dirty_2_15.jpg,2,2.jpg,2_spot_004,exact,source_id + dirty_spot_id -> final spot_id,pass,dirty_spot_id maps to final Ground Truth spot_id
dirty_positive/dirty_2_16.jpg,2,2.jpg,2_spot_004,exact,source_id + dirty_spot_id -> final spot_id,pass,dirty_spot_id maps to final Ground Truth spot_id
dirty_positive/dirty_2_17.jpg,2,2.jpg,2_spot_005,exact,source_id + dirty_spot_id -> final spot_id,pass,dirty_spot_id maps to final Ground Truth spot_id
dirty_positive/dirty_2_18.jpg,2,2.jpg,2_spot_005,exact,source_id + dirty_spot_id -> final spot_id,pass,dirty_spot_id maps to final Ground Truth spot_id
dirty_positive/dirty_2_19.jpg,2,2.jpg,2_spot_005,exact,source_id + dirty_spot_id -> final spot_id,pass,dirty_spot_id maps to final Ground Truth spot_id
dirty_positive/dirty_2_20.jpg,2,2.jpg,2_spot_005,exact,source_id + dirty_spot_id -> final spot_id,pass,dirty_spot_id maps to final Ground Truth spot_id
dirty_positive/dirty_2_21.jpg,2,2.jpg,2_spot_006,exact,source_id + dirty_spot_id -> final spot_id,pass,dirty_spot_id maps to final Ground Truth spot_id
dirty_positive/dirty_2_22.jpg,2,2.jpg,2_spot_006,exact,source_id + dirty_spot_id -> final spot_id,pass,dirty_spot_id maps to final Ground Truth spot_id
dirty_positive/dirty_2_23.jpg,2,2.jpg,2_spot_006,exact,source_id + dirty_spot_id -> final spot_id,pass,dirty_spot_id maps to final Ground Truth spot_id
dirty_positive/dirty_2_24.jpg,2,2.jpg,2_spot_006,exact,source_id + dirty_spot_id -> final spot_id,pass,dirty_spot_id maps to final Ground Truth spot_id
dirty_positive/dirty_2_25.jpg,2,2.jpg,2_spot_007,exact,source_id + dirty_spot_id -> final spot_id,pass,dirty_spot_id maps to final Ground Truth spot_id
dirty_positive/dirty_2_26.jpg,2,2.jpg,2_spot_007,exact,source_id + dirty_spot_id -> final spot_id,pass,dirty_spot_id maps to final Ground Truth spot_id
dirty_positive/dirty_2_27.jpg,2,2.jpg,2_spot_007,exact,source_id + dirty_spot_id -> final spot_id,pass,dirty_spot_id maps to final Ground Truth spot_id
dirty_positive/dirty_2_28.jpg,2,2.jpg,2_spot_007,exact,source_id + dirty_spot_id -> final spot_id,pass,dirty_spot_id maps to final Ground Truth spot_id
dirty_positive/dirty_2_29.jpg,2,2.jpg,2_spot_008,exact,source_id + dirty_spot_id -> final spot_id,pass,dirty_spot_id maps to final Ground Truth spot_id
dirty_positive/dirty_2_30.jpg,2,2.jpg,2_spot_008,exact,source_id + dirty_spot_id -> final spot_id,pass,dirty_spot_id maps to final Ground Truth spot_id
dirty_positive/dirty_2_31.jpg,2,2.jpg,2_spot_008,exact,source_id + dirty_spot_id -> final spot_id,pass,dirty_spot_id maps to final Ground Truth spot_id
dirty_positive/dirty_2_32.jpg,2,2.jpg,2_spot_008,exact,source_id + dirty_spot_id -> final spot_id,pass,dirty_spot_id maps to final Ground Truth spot_id
dirty_positive/dirty_2_33.jpg,2,2.jpg,2_spot_009,exact,source_id + dirty_spot_id -> final spot_id,pass,dirty_spot_id maps to final Ground Truth spot_id
dirty_positive/dirty_2_34.jpg,2,2.jpg,2_spot_009,exact,source_id + dirty_spot_id -> final spot_id,pass,dirty_spot_id maps to final Ground Truth spot_id
dirty_positive/dirty_2_35.jpg,2,2.jpg,2_spot_009,exact,source_id + dirty_spot_id -> final spot_id,pass,dirty_spot_id maps to final Ground Truth spot_id
dirty_positive/dirty_2_36.jpg,2,2.jpg,2_spot_009,exact,source_id + dirty_spot_id -> final spot_id,pass,dirty_spot_id maps to final Ground Truth spot_id
dirty_positive/dirty_2_37.jpg,2,2.jpg,2_spot_010,exact,source_id + dirty_spot_id -> final spot_id,pass,dirty_spot_id maps to final Ground Truth spot_id
dirty_positive/dirty_2_38.jpg,2,2.jpg,2_spot_010,exact,source_id + dirty_spot_id -> final spot_id,pass,dirty_spot_id maps to final Ground Truth spot_id
dirty_positive/dirty_2_39.jpg,2,2.jpg,2_spot_010,exact,source_id + dirty_spot_id -> final spot_id,pass,dirty_spot_id maps to final Ground Truth spot_id
dirty_positive/dirty_2_40.jpg,2,2.jpg,2_spot_010,exact,source_id + dirty_spot_id -> final spot_id,pass,dirty_spot_id maps to final Ground Truth spot_id
dirty_positive/dirty_2_41.jpg,2,2.jpg,2_spot_011,exact,source_id + dirty_spot_id -> final spot_id,pass,dirty_spot_id maps to final Ground Truth spot_id
dirty_positive/dirty_2_42.jpg,2,2.jpg,2_spot_011,exact,source_id + dirty_spot_id -> final spot_id,pass,dirty_spot_id maps to final Ground Truth spot_id
dirty_positive/dirty_2_43.jpg,2,2.jpg,2_spot_011,exact,source_id + dirty_spot_id -> final spot_id,pass,dirty_spot_id maps to final Ground Truth spot_id
dirty_positive/dirty_2_44.jpg,2,2.jpg,2_spot_011,exact,source_id + dirty_spot_id -> final spot_id,pass,dirty_spot_id maps to final Ground Truth spot_id
dirty_positive/dirty_2_45.jpg,2,2.jpg,2_spot_012,exact,source_id + dirty_spot_id -> final spot_id,pass,dirty_spot_id maps to final Ground Truth spot_id
dirty_positive/dirty_2_46.jpg,2,2.jpg,2_spot_012,exact,source_id + dirty_spot_id -> final spot_id,pass,dirty_spot_id maps to final Ground Truth spot_id
dirty_positive/dirty_2_47.jpg,2,2.jpg,2_spot_012,exact,source_id + dirty_spot_id -> final spot_id,pass,dirty_spot_id maps to final Ground Truth spot_id
dirty_positive/dirty_2_48.jpg,2,2.jpg,2_spot_012,exact,source_id + dirty_spot_id -> final spot_id,pass,dirty_spot_id maps to final Ground Truth spot_id
dirty_positive/dirty_2_49.jpg,2,2.jpg,2_spot_013,exact,source_id + dirty_spot_id -> final spot_id,pass,dirty_spot_id maps to final Ground Truth spot_id
dirty_positive/dirty_2_50.jpg,2,2.jpg,2_spot_013,exact,source_id + dirty_spot_id -> final spot_id,pass,dirty_spot_id maps to final Ground Truth spot_id
dirty_positive/dirty_2_51.jpg,2,2.jpg,2_spot_013,exact,source_id + dirty_spot_id -> final spot_id,pass,dirty_spot_id maps to final Ground Truth spot_id
dirty_positive/dirty_2_52.jpg,2,2.jpg,2_spot_013,exact,source_id + dirty_spot_id -> final spot_id,pass,dirty_spot_id maps to final Ground Truth spot_id
dirty_positive/dirty_2_53.jpg,2,2.jpg,2_spot_014,exact,source_id + dirty_spot_id -> final spot_id,pass,dirty_spot_id maps to final Ground Truth spot_id
dirty_positive/dirty_2_54.jpg,2,2.jpg,2_spot_014,exact,source_id + dirty_spot_id -> final spot_id,pass,dirty_spot_id maps to final Ground Truth spot_id
dirty_positive/dirty_2_55.jpg,2,2.jpg,2_spot_014,exact,source_id + dirty_spot_id -> final spot_id,pass,dirty_spot_id maps to final Ground Truth spot_id
dirty_positive/dirty_2_56.jpg,2,2.jpg,2_spot_014,exact,source_id + dirty_spot_id -> final spot_id,pass,dirty_spot_id maps to final Ground Truth spot_id
dirty_positive/dirty_2_57.jpg,2,2.jpg,2_spot_015,exact,source_id + dirty_spot_id -> final spot_id,pass,dirty_spot_id maps to final Ground Truth spot_id
dirty_positive/dirty_2_58.jpg,2,2.jpg,2_spot_015,exact,source_id + dirty_spot_id -> final spot_id,pass,dirty_spot_id maps to final Ground Truth spot_id
dirty_positive/dirty_2_59.jpg,2,2.jpg,2_spot_015,exact,source_id + dirty_spot_id -> final spot_id,pass,dirty_spot_id maps to final Ground Truth spot_id
dirty_positive/dirty_2_60.jpg,2,2.jpg,2_spot_015,exact,source_id + dirty_spot_id -> final spot_id,pass,dirty_spot_id maps to final Ground Truth spot_id
dirty_positive/dirty_2_61.jpg,2,2.jpg,2_spot_016,exact,source_id + dirty_spot_id -> final spot_id,pass,dirty_spot_id maps to final Ground Truth spot_id
dirty_positive/dirty_2_62.jpg,2,2.jpg,2_spot_016,exact,source_id + dirty_spot_id -> final spot_id,pass,dirty_spot_id maps to final Ground Truth spot_id
dirty_positive/dirty_2_63.jpg,2,2.jpg,2_spot_016,exact,source_id + dirty_spot_id -> final spot_id,pass,dirty_spot_id maps to final Ground Truth spot_id
dirty_positive/dirty_2_64.jpg,2,2.jpg,2_spot_016,exact,source_id + dirty_spot_id -> final spot_id,pass,dirty_spot_id maps to final Ground Truth spot_id
dirty_positive/dirty_2_65.jpg,2,2.jpg,2_spot_017,exact,source_id + dirty_spot_id -> final spot_id,pass,dirty_spot_id maps to final Ground Truth spot_id
dirty_positive/dirty_2_66.jpg,2,2.jpg,2_spot_017,exact,source_id + dirty_spot_id -> final spot_id,pass,dirty_spot_id maps to final Ground Truth spot_id
dirty_positive/dirty_2_67.jpg,2,2.jpg,2_spot_017,exact,source_id + dirty_spot_id -> final spot_id,pass,dirty_spot_id maps to final Ground Truth spot_id
dirty_positive/dirty_2_68.jpg,2,2.jpg,2_spot_017,exact,source_id + dirty_spot_id -> final spot_id,pass,dirty_spot_id maps to final Ground Truth spot_id
dirty_positive/dirty_2_69.jpg,2,2.jpg,2_spot_018,exact,source_id + dirty_spot_id -> final spot_id,pass,dirty_spot_id maps to final Ground Truth spot_id
dirty_positive/dirty_2_70.jpg,2,2.jpg,2_spot_018,exact,source_id + dirty_spot_id -> final spot_id,pass,dirty_spot_id maps to final Ground Truth spot_id
dirty_positive/dirty_2_71.jpg,2,2.jpg,2_spot_018,exact,source_id + dirty_spot_id -> final spot_id,pass,dirty_spot_id maps to final Ground Truth spot_id
dirty_positive/dirty_2_72.jpg,2,2.jpg,2_spot_018,exact,source_id + dirty_spot_id -> final spot_id,pass,dirty_spot_id maps to final Ground Truth spot_id
dirty_positive/dirty_2_73.jpg,2,2.jpg,2_spot_019,exact,source_id + dirty_spot_id -> final spot_id,pass,dirty_spot_id maps to final Ground Truth spot_id
dirty_positive/dirty_2_74.jpg,2,2.jpg,2_spot_019,exact,source_id + dirty_spot_id -> final spot_id,pass,dirty_spot_id maps to final Ground Truth spot_id
dirty_positive/dirty_2_75.jpg,2,2.jpg,2_spot_019,exact,source_id + dirty_spot_id -> final spot_id,pass,dirty_spot_id maps to final Ground Truth spot_id
dirty_positive/dirty_2_76.jpg,2,2.jpg,2_spot_019,exact,source_id + dirty_spot_id -> final spot_id,pass,dirty_spot_id maps to final Ground Truth spot_id
dirty_positive/dirty_2_77.jpg,2,2.jpg,2_spot_020,exact,source_id + dirty_spot_id -> final spot_id,pass,dirty_spot_id maps to final Ground Truth spot_id
dirty_positive/dirty_2_78.jpg,2,2.jpg,2_spot_020,exact,source_id + dirty_spot_id -> final spot_id,pass,dirty_spot_id maps to final Ground Truth spot_id
dirty_positive/dirty_2_79.jpg,2,2.jpg,2_spot_020,exact,source_id + dirty_spot_id -> final spot_id,pass,dirty_spot_id maps to final Ground Truth spot_id
dirty_positive/dirty_2_80.jpg,2,2.jpg,2_spot_020,exact,source_id + dirty_spot_id -> final spot_id,pass,dirty_spot_id maps to final Ground Truth spot_id
dirty_positive/dirty_2_81.jpg,2,2.jpg,2_spot_021,exact,source_id + dirty_spot_id -> final spot_id,pass,dirty_spot_id maps to final Ground Truth spot_id
dirty_positive/dirty_2_82.jpg,2,2.jpg,2_spot_021,exact,source_id + dirty_spot_id -> final spot_id,pass,dirty_spot_id maps to final Ground Truth spot_id
dirty_positive/dirty_2_83.jpg,2,2.jpg,2_spot_021,exact,source_id + dirty_spot_id -> final spot_id,pass,dirty_spot_id maps to final Ground Truth spot_id
dirty_positive/dirty_2_84.jpg,2,2.jpg,2_spot_021,exact,source_id + dirty_spot_id -> final spot_id,pass,dirty_spot_id maps to final Ground Truth spot_id
dirty_positive/dirty_2_85.jpg,2,2.jpg,2_spot_022,exact,source_id + dirty_spot_id -> final spot_id,pass,dirty_spot_id maps to final Ground Truth spot_id
dirty_positive/dirty_2_86.jpg,2,2.jpg,2_spot_022,exact,source_id + dirty_spot_id -> final spot_id,pass,dirty_spot_id maps to final Ground Truth spot_id
dirty_positive/dirty_2_87.jpg,2,2.jpg,2_spot_022,exact,source_id + dirty_spot_id -> final spot_id,pass,dirty_spot_id maps to final Ground Truth spot_id
dirty_positive/dirty_2_88.jpg,2,2.jpg,2_spot_022,exact,source_id + dirty_spot_id -> final spot_id,pass,dirty_spot_id maps to final Ground Truth spot_id
dirty_positive/dirty_2_89.jpg,2,2.jpg,2_spot_023,exact,source_id + dirty_spot_id -> final spot_id,pass,dirty_spot_id maps to final Ground Truth spot_id
dirty_positive/dirty_2_90.jpg,2,2.jpg,2_spot_023,exact,source_id + dirty_spot_id -> final spot_id,pass,dirty_spot_id maps to final Ground Truth spot_id
dirty_positive/dirty_2_91.jpg,2,2.jpg,2_spot_023,exact,source_id + dirty_spot_id -> final spot_id,pass,dirty_spot_id maps to final Ground Truth spot_id
dirty_positive/dirty_2_92.jpg,2,2.jpg,2_spot_023,exact,source_id + dirty_spot_id -> final spot_id,pass,dirty_spot_id maps to final Ground Truth spot_id
dirty_positive/dirty_2_93.jpg,2,2.jpg,2_spot_024,exact,source_id + dirty_spot_id -> final spot_id,pass,dirty_spot_id maps to final Ground Truth spot_id
dirty_positive/dirty_2_94.jpg,2,2.jpg,2_spot_024,exact,source_id + dirty_spot_id -> final spot_id,pass,dirty_spot_id maps to final Ground Truth spot_id
dirty_positive/dirty_2_95.jpg,2,2.jpg,2_spot_024,exact,source_id + dirty_spot_id -> final spot_id,pass,dirty_spot_id maps to final Ground Truth spot_id
dirty_positive/dirty_2_96.jpg,2,2.jpg,2_spot_024,exact,source_id + dirty_spot_id -> final spot_id,pass,dirty_spot_id maps to final Ground Truth spot_id
dirty_positive/dirty_2_97.jpg,2,2.jpg,2_spot_025,exact,source_id + dirty_spot_id -> final spot_id,pass,dirty_spot_id maps to final Ground Truth spot_id
dirty_positive/dirty_2_98.jpg,2,2.jpg,2_spot_025,exact,source_id + dirty_spot_id -> final spot_id,pass,dirty_spot_id maps to final Ground Truth spot_id
dirty_positive/dirty_2_99.jpg,2,2.jpg,2_spot_025,exact,source_id + dirty_spot_id -> final spot_id,pass,dirty_spot_id maps to final Ground Truth spot_id
dirty_positive/dirty_2_100.jpg,2,2.jpg,2_spot_025,exact,source_id + dirty_spot_id -> final spot_id,pass,dirty_spot_id maps to final Ground Truth spot_id
dirty_positive/dirty_2_101.jpg,2,2.jpg,2_spot_026,exact,source_id + dirty_spot_id -> final spot_id,pass,dirty_spot_id maps to final Ground Truth spot_id
dirty_positive/dirty_2_102.jpg,2,2.jpg,2_spot_026,exact,source_id + dirty_spot_id -> final spot_id,pass,dirty_spot_id maps to final Ground Truth spot_id
dirty_positive/dirty_2_103.jpg,2,2.jpg,2_spot_026,exact,source_id + dirty_spot_id -> final spot_id,pass,dirty_spot_id maps to final Ground Truth spot_id
dirty_positive/dirty_2_104.jpg,2,2.jpg,2_spot_026,exact,source_id + dirty_spot_id -> final spot_id,pass,dirty_spot_id maps to final Ground Truth spot_id
dirty_positive/dirty_2_105.jpg,2,2.jpg,2_spot_027,exact,source_id + dirty_spot_id -> final spot_id,pass,dirty_spot_id maps to final Ground Truth spot_id
dirty_positive/dirty_2_106.jpg,2,2.jpg,2_spot_027,exact,source_id + dirty_spot_id -> final spot_id,pass,dirty_spot_id maps to final Ground Truth spot_id
dirty_positive/dirty_2_107.jpg,2,2.jpg,2_spot_027,exact,source_id + dirty_spot_id -> final spot_id,pass,dirty_spot_id maps to final Ground Truth spot_id
dirty_positive/dirty_2_108.jpg,2,2.jpg,2_spot_027,exact,source_id + dirty_spot_id -> final spot_id,pass,dirty_spot_id maps to final Ground Truth spot_id
dirty_positive/dirty_2_109.jpg,2,2.jpg,2_spot_028,exact,source_id + dirty_spot_id -> final spot_id,pass,dirty_spot_id maps to final Ground Truth spot_id
dirty_positive/dirty_2_110.jpg,2,2.jpg,2_spot_028,exact,source_id + dirty_spot_id -> final spot_id,pass,dirty_spot_id maps to final Ground Truth spot_id
dirty_positive/dirty_2_111.jpg,2,2.jpg,2_spot_028,exact,source_id + dirty_spot_id -> final spot_id,pass,dirty_spot_id maps to final Ground Truth spot_id
dirty_positive/dirty_2_112.jpg,2,2.jpg,2_spot_028,exact,source_id + dirty_spot_id -> final spot_id,pass,dirty_spot_id maps to final Ground Truth spot_id
dirty_positive/dirty_2_113.jpg,2,2.jpg,2_spot_029,exact,source_id + dirty_spot_id -> final spot_id,pass,dirty_spot_id maps to final Ground Truth spot_id
dirty_positive/dirty_2_114.jpg,2,2.jpg,2_spot_029,exact,source_id + dirty_spot_id -> final spot_id,pass,dirty_spot_id maps to final Ground Truth spot_id
dirty_positive/dirty_2_115.jpg,2,2.jpg,2_spot_029,exact,source_id + dirty_spot_id -> final spot_id,pass,dirty_spot_id maps to final Ground Truth spot_id
dirty_positive/dirty_2_116.jpg,2,2.jpg,2_spot_029,exact,source_id + dirty_spot_id -> final spot_id,pass,dirty_spot_id maps to final Ground Truth spot_id
dirty_positive/dirty_2_117.jpg,2,2.jpg,2_spot_030,exact,source_id + dirty_spot_id -> final spot_id,pass,dirty_spot_id maps to final Ground Truth spot_id
dirty_positive/dirty_2_118.jpg,2,2.jpg,2_spot_030,exact,source_id + dirty_spot_id -> final spot_id,pass,dirty_spot_id maps to final Ground Truth spot_id
dirty_positive/dirty_2_119.jpg,2,2.jpg,2_spot_030,exact,source_id + dirty_spot_id -> final spot_id,pass,dirty_spot_id maps to final Ground Truth spot_id
dirty_positive/dirty_2_120.jpg,2,2.jpg,2_spot_030,exact,source_id + dirty_spot_id -> final spot_id,pass,dirty_spot_id maps to final Ground Truth spot_id
dirty_positive/dirty_2_121.jpg,2,2.jpg,2_spot_031,exact,source_id + dirty_spot_id -> final spot_id,pass,dirty_spot_id maps to final Ground Truth spot_id
dirty_positive/dirty_2_122.jpg,2,2.jpg,2_spot_031,exact,source_id + dirty_spot_id -> final spot_id,pass,dirty_spot_id maps to final Ground Truth spot_id
dirty_positive/dirty_2_123.jpg,2,2.jpg,2_spot_031,exact,source_id + dirty_spot_id -> final spot_id,pass,dirty_spot_id maps to final Ground Truth spot_id
dirty_positive/dirty_2_124.jpg,2,2.jpg,2_spot_031,exact,source_id + dirty_spot_id -> final spot_id,pass,dirty_spot_id maps to final Ground Truth spot_id
dirty_positive/dirty_2_125.jpg,2,2.jpg,2_spot_032,exact,source_id + dirty_spot_id -> final spot_id,pass,dirty_spot_id maps to final Ground Truth spot_id
dirty_positive/dirty_2_126.jpg,2,2.jpg,2_spot_032,exact,source_id + dirty_spot_id -> final spot_id,pass,dirty_spot_id maps to final Ground Truth spot_id
dirty_positive/dirty_2_127.jpg,2,2.jpg,2_spot_032,exact,source_id + dirty_spot_id -> final spot_id,pass,dirty_spot_id maps to final Ground Truth spot_id
dirty_positive/dirty_2_128.jpg,2,2.jpg,2_spot_032,exact,source_id + dirty_spot_id -> final spot_id,pass,dirty_spot_id maps to final Ground Truth spot_id
dirty_positive/dirty_2_129.jpg,2,2.jpg,2_spot_033,exact,source_id + dirty_spot_id -> final spot_id,pass,dirty_spot_id maps to final Ground Truth spot_id
dirty_positive/dirty_2_130.jpg,2,2.jpg,2_spot_033,exact,source_id + dirty_spot_id -> final spot_id,pass,dirty_spot_id maps to final Ground Truth spot_id
dirty_positive/dirty_2_131.jpg,2,2.jpg,2_spot_033,exact,source_id + dirty_spot_id -> final spot_id,pass,dirty_spot_id maps to final Ground Truth spot_id
dirty_positive/dirty_2_132.jpg,2,2.jpg,2_spot_033,exact,source_id + dirty_spot_id -> final spot_id,pass,dirty_spot_id maps to final Ground Truth spot_id
dirty_positive/dirty_2_133.jpg,2,2.jpg,2_spot_034,exact,source_id + dirty_spot_id -> final spot_id,pass,dirty_spot_id maps to final Ground Truth spot_id
dirty_positive/dirty_2_134.jpg,2,2.jpg,2_spot_034,exact,source_id + dirty_spot_id -> final spot_id,pass,dirty_spot_id maps to final Ground Truth spot_id
dirty_positive/dirty_2_135.jpg,2,2.jpg,2_spot_034,exact,source_id + dirty_spot_id -> final spot_id,pass,dirty_spot_id maps to final Ground Truth spot_id
dirty_positive/dirty_2_136.jpg,2,2.jpg,2_spot_034,exact,source_id + dirty_spot_id -> final spot_id,pass,dirty_spot_id maps to final Ground Truth spot_id
dirty_positive/dirty_2_137.jpg,2,2.jpg,2_spot_035,exact,source_id + dirty_spot_id -> final spot_id,pass,dirty_spot_id maps to final Ground Truth spot_id
dirty_positive/dirty_2_138.jpg,2,2.jpg,2_spot_035,exact,source_id + dirty_spot_id -> final spot_id,pass,dirty_spot_id maps to final Ground Truth spot_id
dirty_positive/dirty_2_139.jpg,2,2.jpg,2_spot_035,exact,source_id + dirty_spot_id -> final spot_id,pass,dirty_spot_id maps to final Ground Truth spot_id
dirty_positive/dirty_2_140.jpg,2,2.jpg,2_spot_035,exact,source_id + dirty_spot_id -> final spot_id,pass,dirty_spot_id maps to final Ground Truth spot_id
dirty_positive/dirty_2_141.jpg,2,2.jpg,2_spot_036,exact,source_id + dirty_spot_id -> final spot_id,pass,dirty_spot_id maps to final Ground Truth spot_id
dirty_positive/dirty_2_142.jpg,2,2.jpg,2_spot_036,exact,source_id + dirty_spot_id -> final spot_id,pass,dirty_spot_id maps to final Ground Truth spot_id
dirty_positive/dirty_2_143.jpg,2,2.jpg,2_spot_036,exact,source_id + dirty_spot_id -> final spot_id,pass,dirty_spot_id maps to final Ground Truth spot_id
dirty_positive/dirty_2_144.jpg,2,2.jpg,2_spot_036,exact,source_id + dirty_spot_id -> final spot_id,pass,dirty_spot_id maps to final Ground Truth spot_id
dirty_positive/dirty_2_145.jpg,2,2.jpg,2_spot_037,exact,source_id + dirty_spot_id -> final spot_id,pass,dirty_spot_id maps to final Ground Truth spot_id
dirty_positive/dirty_2_146.jpg,2,2.jpg,2_spot_037,exact,source_id + dirty_spot_id -> final spot_id,pass,dirty_spot_id maps to final Ground Truth spot_id
dirty_positive/dirty_2_147.jpg,2,2.jpg,2_spot_037,exact,source_id + dirty_spot_id -> final spot_id,pass,dirty_spot_id maps to final Ground Truth spot_id
dirty_positive/dirty_2_148.jpg,2,2.jpg,2_spot_037,exact,source_id + dirty_spot_id -> final spot_id,pass,dirty_spot_id maps to final Ground Truth spot_id
dirty_positive/dirty_2_149.jpg,2,2.jpg,2_spot_038,exact,source_id + dirty_spot_id -> final spot_id,pass,dirty_spot_id maps to final Ground Truth spot_id
dirty_positive/dirty_2_150.jpg,2,2.jpg,2_spot_038,exact,source_id + dirty_spot_id -> final spot_id,pass,dirty_spot_id maps to final Ground Truth spot_id
dirty_positive/dirty_2_151.jpg,2,2.jpg,2_spot_038,exact,source_id + dirty_spot_id -> final spot_id,pass,dirty_spot_id maps to final Ground Truth spot_id
dirty_positive/dirty_2_152.jpg,2,2.jpg,2_spot_038,exact,source_id + dirty_spot_id -> final spot_id,pass,dirty_spot_id maps to final Ground Truth spot_id
dirty_positive/dirty_2_153.jpg,2,2.jpg,2_spot_039,exact,source_id + dirty_spot_id -> final spot_id,pass,dirty_spot_id maps to final Ground Truth spot_id
dirty_positive/dirty_2_154.jpg,2,2.jpg,2_spot_039,exact,source_id + dirty_spot_id -> final spot_id,pass,dirty_spot_id maps to final Ground Truth spot_id
dirty_positive/dirty_2_155.jpg,2,2.jpg,2_spot_039,exact,source_id + dirty_spot_id -> final spot_id,pass,dirty_spot_id maps to final Ground Truth spot_id
dirty_positive/dirty_2_156.jpg,2,2.jpg,2_spot_039,exact,source_id + dirty_spot_id -> final spot_id,pass,dirty_spot_id maps to final Ground Truth spot_id
dirty_positive/dirty_2_157.jpg,2,2.jpg,2_spot_040,exact,source_id + dirty_spot_id -> final spot_id,pass,dirty_spot_id maps to final Ground Truth spot_id
dirty_positive/dirty_2_158.jpg,2,2.jpg,2_spot_040,exact,source_id + dirty_spot_id -> final spot_id,pass,dirty_spot_id maps to final Ground Truth spot_id
dirty_positive/dirty_2_159.jpg,2,2.jpg,2_spot_040,exact,source_id + dirty_spot_id -> final spot_id,pass,dirty_spot_id maps to final Ground Truth spot_id
dirty_positive/dirty_2_160.jpg,2,2.jpg,2_spot_040,exact,source_id + dirty_spot_id -> final spot_id,pass,dirty_spot_id maps to final Ground Truth spot_id
dirty_positive/dirty_2_161.jpg,2,2.jpg,2_spot_041,exact,source_id + dirty_spot_id -> final spot_id,pass,dirty_spot_id maps to final Ground Truth spot_id
dirty_positive/dirty_2_162.jpg,2,2.jpg,2_spot_041,exact,source_id + dirty_spot_id -> final spot_id,pass,dirty_spot_id maps to final Ground Truth spot_id
dirty_positive/dirty_2_163.jpg,2,2.jpg,2_spot_041,exact,source_id + dirty_spot_id -> final spot_id,pass,dirty_spot_id maps to final Ground Truth spot_id
dirty_positive/dirty_2_164.jpg,2,2.jpg,2_spot_041,exact,source_id + dirty_spot_id -> final spot_id,pass,dirty_spot_id maps to final Ground Truth spot_id
dirty_positive/dirty_3_1.jpg,3,3.jpg,3_spot_001,exact,source_id + dirty_spot_id -> final spot_id,pass,dirty_spot_id maps to final Ground Truth spot_id
dirty_positive/dirty_3_2.jpg,3,3.jpg,3_spot_001,exact,source_id + dirty_spot_id -> final spot_id,pass,dirty_spot_id maps to final Ground Truth spot_id
dirty_positive/dirty_3_3.jpg,3,3.jpg,3_spot_001,exact,source_id + dirty_spot_id -> final spot_id,pass,dirty_spot_id maps to final Ground Truth spot_id
dirty_positive/dirty_3_4.jpg,3,3.jpg,3_spot_001,exact,source_id + dirty_spot_id -> final spot_id,pass,dirty_spot_id maps to final Ground Truth spot_id
dirty_positive/dirty_3_5.jpg,3,3.jpg,3_spot_002,exact,source_id + dirty_spot_id -> final spot_id,pass,dirty_spot_id maps to final Ground Truth spot_id
dirty_positive/dirty_3_6.jpg,3,3.jpg,3_spot_002,exact,source_id + dirty_spot_id -> final spot_id,pass,dirty_spot_id maps to final Ground Truth spot_id
dirty_positive/dirty_3_7.jpg,3,3.jpg,3_spot_002,exact,source_id + dirty_spot_id -> final spot_id,pass,dirty_spot_id maps to final Ground Truth spot_id
dirty_positive/dirty_3_8.jpg,3,3.jpg,3_spot_002,exact,source_id + dirty_spot_id -> final spot_id,pass,dirty_spot_id maps to final Ground Truth spot_id
dirty_positive/dirty_3_9.jpg,3,3.jpg,3_spot_003,exact,source_id + dirty_spot_id -> final spot_id,pass,dirty_spot_id maps to final Ground Truth spot_id
dirty_positive/dirty_3_10.jpg,3,3.jpg,3_spot_003,exact,source_id + dirty_spot_id -> final spot_id,pass,dirty_spot_id maps to final Ground Truth spot_id
dirty_positive/dirty_3_11.jpg,3,3.jpg,3_spot_003,exact,source_id + dirty_spot_id -> final spot_id,pass,dirty_spot_id maps to final Ground Truth spot_id
dirty_positive/dirty_3_12.jpg,3,3.jpg,3_spot_003,exact,source_id + dirty_spot_id -> final spot_id,pass,dirty_spot_id maps to final Ground Truth spot_id
dirty_positive/dirty_3_13.jpg,3,3.jpg,3_spot_004,exact,source_id + dirty_spot_id -> final spot_id,pass,dirty_spot_id maps to final Ground Truth spot_id
dirty_positive/dirty_3_14.jpg,3,3.jpg,3_spot_004,exact,source_id + dirty_spot_id -> final spot_id,pass,dirty_spot_id maps to final Ground Truth spot_id
dirty_positive/dirty_3_15.jpg,3,3.jpg,3_spot_004,exact,source_id + dirty_spot_id -> final spot_id,pass,dirty_spot_id maps to final Ground Truth spot_id
dirty_positive/dirty_3_16.jpg,3,3.jpg,3_spot_004,exact,source_id + dirty_spot_id -> final spot_id,pass,dirty_spot_id maps to final Ground Truth spot_id
dirty_positive/dirty_3_17.jpg,3,3.jpg,3_spot_005,exact,source_id + dirty_spot_id -> final spot_id,pass,dirty_spot_id maps to final Ground Truth spot_id
dirty_positive/dirty_3_18.jpg,3,3.jpg,3_spot_005,exact,source_id + dirty_spot_id -> final spot_id,pass,dirty_spot_id maps to final Ground Truth spot_id
dirty_positive/dirty_3_19.jpg,3,3.jpg,3_spot_005,exact,source_id + dirty_spot_id -> final spot_id,pass,dirty_spot_id maps to final Ground Truth spot_id
dirty_positive/dirty_3_20.jpg,3,3.jpg,3_spot_005,exact,source_id + dirty_spot_id -> final spot_id,pass,dirty_spot_id maps to final Ground Truth spot_id
dirty_positive/dirty_3_21.jpg,3,3.jpg,3_spot_006,exact,source_id + dirty_spot_id -> final spot_id,pass,dirty_spot_id maps to final Ground Truth spot_id
dirty_positive/dirty_3_22.jpg,3,3.jpg,3_spot_006,exact,source_id + dirty_spot_id -> final spot_id,pass,dirty_spot_id maps to final Ground Truth spot_id
dirty_positive/dirty_3_23.jpg,3,3.jpg,3_spot_006,exact,source_id + dirty_spot_id -> final spot_id,pass,dirty_spot_id maps to final Ground Truth spot_id
dirty_positive/dirty_3_24.jpg,3,3.jpg,3_spot_006,exact,source_id + dirty_spot_id -> final spot_id,pass,dirty_spot_id maps to final Ground Truth spot_id
dirty_positive/dirty_3_25.jpg,3,3.jpg,3_spot_007,exact,source_id + dirty_spot_id -> final spot_id,pass,dirty_spot_id maps to final Ground Truth spot_id
dirty_positive/dirty_3_26.jpg,3,3.jpg,3_spot_007,exact,source_id + dirty_spot_id -> final spot_id,pass,dirty_spot_id maps to final Ground Truth spot_id
dirty_positive/dirty_3_27.jpg,3,3.jpg,3_spot_007,exact,source_id + dirty_spot_id -> final spot_id,pass,dirty_spot_id maps to final Ground Truth spot_id
dirty_positive/dirty_3_28.jpg,3,3.jpg,3_spot_007,exact,source_id + dirty_spot_id -> final spot_id,pass,dirty_spot_id maps to final Ground Truth spot_id
dirty_positive/dirty_3_29.jpg,3,3.jpg,3_spot_008,exact,source_id + dirty_spot_id -> final spot_id,pass,dirty_spot_id maps to final Ground Truth spot_id
dirty_positive/dirty_3_30.jpg,3,3.jpg,3_spot_008,exact,source_id + dirty_spot_id -> final spot_id,pass,dirty_spot_id maps to final Ground Truth spot_id
dirty_positive/dirty_3_31.jpg,3,3.jpg,3_spot_008,exact,source_id + dirty_spot_id -> final spot_id,pass,dirty_spot_id maps to final Ground Truth spot_id
dirty_positive/dirty_3_32.jpg,3,3.jpg,3_spot_008,exact,source_id + dirty_spot_id -> final spot_id,pass,dirty_spot_id maps to final Ground Truth spot_id
dirty_positive/dirty_3_33.jpg,3,3.jpg,3_spot_009,exact,source_id + dirty_spot_id -> final spot_id,pass,dirty_spot_id maps to final Ground Truth spot_id
dirty_positive/dirty_3_34.jpg,3,3.jpg,3_spot_009,exact,source_id + dirty_spot_id -> final spot_id,pass,dirty_spot_id maps to final Ground Truth spot_id
dirty_positive/dirty_3_35.jpg,3,3.jpg,3_spot_009,exact,source_id + dirty_spot_id -> final spot_id,pass,dirty_spot_id maps to final Ground Truth spot_id
dirty_positive/dirty_3_36.jpg,3,3.jpg,3_spot_009,exact,source_id + dirty_spot_id -> final spot_id,pass,dirty_spot_id maps to final Ground Truth spot_id
dirty_positive/dirty_3_37.jpg,3,3.jpg,3_spot_010,exact,source_id + dirty_spot_id -> final spot_id,pass,dirty_spot_id maps to final Ground Truth spot_id
dirty_positive/dirty_3_38.jpg,3,3.jpg,3_spot_010,exact,source_id + dirty_spot_id -> final spot_id,pass,dirty_spot_id maps to final Ground Truth spot_id
dirty_positive/dirty_3_39.jpg,3,3.jpg,3_spot_010,exact,source_id + dirty_spot_id -> final spot_id,pass,dirty_spot_id maps to final Ground Truth spot_id
dirty_positive/dirty_3_40.jpg,3,3.jpg,3_spot_010,exact,source_id + dirty_spot_id -> final spot_id,pass,dirty_spot_id maps to final Ground Truth spot_id
dirty_positive/dirty_3_41.jpg,3,3.jpg,3_spot_011,exact,source_id + dirty_spot_id -> final spot_id,pass,dirty_spot_id maps to final Ground Truth spot_id
dirty_positive/dirty_3_42.jpg,3,3.jpg,3_spot_011,exact,source_id + dirty_spot_id -> final spot_id,pass,dirty_spot_id maps to final Ground Truth spot_id
dirty_positive/dirty_3_43.jpg,3,3.jpg,3_spot_011,exact,source_id + dirty_spot_id -> final spot_id,pass,dirty_spot_id maps to final Ground Truth spot_id
dirty_positive/dirty_3_44.jpg,3,3.jpg,3_spot_011,exact,source_id + dirty_spot_id -> final spot_id,pass,dirty_spot_id maps to final Ground Truth spot_id
dirty_positive/dirty_3_45.jpg,3,3.jpg,3_spot_012,exact,source_id + dirty_spot_id -> final spot_id,pass,dirty_spot_id maps to final Ground Truth spot_id
dirty_positive/dirty_3_46.jpg,3,3.jpg,3_spot_012,exact,source_id + dirty_spot_id -> final spot_id,pass,dirty_spot_id maps to final Ground Truth spot_id
dirty_positive/dirty_3_47.jpg,3,3.jpg,3_spot_012,exact,source_id + dirty_spot_id -> final spot_id,pass,dirty_spot_id maps to final Ground Truth spot_id
dirty_positive/dirty_3_48.jpg,3,3.jpg,3_spot_012,exact,source_id + dirty_spot_id -> final spot_id,pass,dirty_spot_id maps to final Ground Truth spot_id
dirty_positive/dirty_3_49.jpg,3,3.jpg,3_spot_013,exact,source_id + dirty_spot_id -> final spot_id,pass,dirty_spot_id maps to final Ground Truth spot_id
dirty_positive/dirty_3_50.jpg,3,3.jpg,3_spot_013,exact,source_id + dirty_spot_id -> final spot_id,pass,dirty_spot_id maps to final Ground Truth spot_id
dirty_positive/dirty_3_51.jpg,3,3.jpg,3_spot_013,exact,source_id + dirty_spot_id -> final spot_id,pass,dirty_spot_id maps to final Ground Truth spot_id
dirty_positive/dirty_3_52.jpg,3,3.jpg,3_spot_013,exact,source_id + dirty_spot_id -> final spot_id,pass,dirty_spot_id maps to final Ground Truth spot_id
dirty_positive/dirty_3_53.jpg,3,3.jpg,3_spot_014,exact,source_id + dirty_spot_id -> final spot_id,pass,dirty_spot_id maps to final Ground Truth spot_id
dirty_positive/dirty_3_54.jpg,3,3.jpg,3_spot_014,exact,source_id + dirty_spot_id -> final spot_id,pass,dirty_spot_id maps to final Ground Truth spot_id
dirty_positive/dirty_3_55.jpg,3,3.jpg,3_spot_014,exact,source_id + dirty_spot_id -> final spot_id,pass,dirty_spot_id maps to final Ground Truth spot_id
dirty_positive/dirty_3_56.jpg,3,3.jpg,3_spot_014,exact,source_id + dirty_spot_id -> final spot_id,pass,dirty_spot_id maps to final Ground Truth spot_id
dirty_positive/dirty_3_57.jpg,3,3.jpg,3_spot_015,exact,source_id + dirty_spot_id -> final spot_id,pass,dirty_spot_id maps to final Ground Truth spot_id
dirty_positive/dirty_3_58.jpg,3,3.jpg,3_spot_015,exact,source_id + dirty_spot_id -> final spot_id,pass,dirty_spot_id maps to final Ground Truth spot_id
dirty_positive/dirty_3_59.jpg,3,3.jpg,3_spot_015,exact,source_id + dirty_spot_id -> final spot_id,pass,dirty_spot_id maps to final Ground Truth spot_id
dirty_positive/dirty_3_60.jpg,3,3.jpg,3_spot_015,exact,source_id + dirty_spot_id -> final spot_id,pass,dirty_spot_id maps to final Ground Truth spot_id
dirty_positive/dirty_3_61.jpg,3,3.jpg,3_spot_016,exact,source_id + dirty_spot_id -> final spot_id,pass,dirty_spot_id maps to final Ground Truth spot_id
dirty_positive/dirty_3_62.jpg,3,3.jpg,3_spot_016,exact,source_id + dirty_spot_id -> final spot_id,pass,dirty_spot_id maps to final Ground Truth spot_id
dirty_positive/dirty_3_63.jpg,3,3.jpg,3_spot_016,exact,source_id + dirty_spot_id -> final spot_id,pass,dirty_spot_id maps to final Ground Truth spot_id
dirty_positive/dirty_3_64.jpg,3,3.jpg,3_spot_016,exact,source_id + dirty_spot_id -> final spot_id,pass,dirty_spot_id maps to final Ground Truth spot_id
dirty_positive/dirty_3_65.jpg,3,3.jpg,3_spot_017,exact,source_id + dirty_spot_id -> final spot_id,pass,dirty_spot_id maps to final Ground Truth spot_id
dirty_positive/dirty_3_66.jpg,3,3.jpg,3_spot_017,exact,source_id + dirty_spot_id -> final spot_id,pass,dirty_spot_id maps to final Ground Truth spot_id
dirty_positive/dirty_3_67.jpg,3,3.jpg,3_spot_017,exact,source_id + dirty_spot_id -> final spot_id,pass,dirty_spot_id maps to final Ground Truth spot_id
dirty_positive/dirty_3_68.jpg,3,3.jpg,3_spot_017,exact,source_id + dirty_spot_id -> final spot_id,pass,dirty_spot_id maps to final Ground Truth spot_id
dirty_positive/dirty_3_69.jpg,3,3.jpg,3_spot_018,exact,source_id + dirty_spot_id -> final spot_id,pass,dirty_spot_id maps to final Ground Truth spot_id
dirty_positive/dirty_3_70.jpg,3,3.jpg,3_spot_018,exact,source_id + dirty_spot_id -> final spot_id,pass,dirty_spot_id maps to final Ground Truth spot_id
dirty_positive/dirty_3_71.jpg,3,3.jpg,3_spot_018,exact,source_id + dirty_spot_id -> final spot_id,pass,dirty_spot_id maps to final Ground Truth spot_id
dirty_positive/dirty_3_72.jpg,3,3.jpg,3_spot_018,exact,source_id + dirty_spot_id -> final spot_id,pass,dirty_spot_id maps to final Ground Truth spot_id
dirty_positive/dirty_3_73.jpg,3,3.jpg,3_spot_019,exact,source_id + dirty_spot_id -> final spot_id,pass,dirty_spot_id maps to final Ground Truth spot_id
dirty_positive/dirty_3_74.jpg,3,3.jpg,3_spot_019,exact,source_id + dirty_spot_id -> final spot_id,pass,dirty_spot_id maps to final Ground Truth spot_id
dirty_positive/dirty_3_75.jpg,3,3.jpg,3_spot_019,exact,source_id + dirty_spot_id -> final spot_id,pass,dirty_spot_id maps to final Ground Truth spot_id
dirty_positive/dirty_3_76.jpg,3,3.jpg,3_spot_019,exact,source_id + dirty_spot_id -> final spot_id,pass,dirty_spot_id maps to final Ground Truth spot_id
dirty_positive/dirty_3_77.jpg,3,3.jpg,3_spot_020,exact,source_id + dirty_spot_id -> final spot_id,pass,dirty_spot_id maps to final Ground Truth spot_id
dirty_positive/dirty_3_78.jpg,3,3.jpg,3_spot_020,exact,source_id + dirty_spot_id -> final spot_id,pass,dirty_spot_id maps to final Ground Truth spot_id
dirty_positive/dirty_3_79.jpg,3,3.jpg,3_spot_020,exact,source_id + dirty_spot_id -> final spot_id,pass,dirty_spot_id maps to final Ground Truth spot_id
dirty_positive/dirty_3_80.jpg,3,3.jpg,3_spot_020,exact,source_id + dirty_spot_id -> final spot_id,pass,dirty_spot_id maps to final Ground Truth spot_id
dirty_positive/dirty_3_81.jpg,3,3.jpg,3_spot_021,exact,source_id + dirty_spot_id -> final spot_id,pass,dirty_spot_id maps to final Ground Truth spot_id
dirty_positive/dirty_3_82.jpg,3,3.jpg,3_spot_021,exact,source_id + dirty_spot_id -> final spot_id,pass,dirty_spot_id maps to final Ground Truth spot_id
dirty_positive/dirty_3_83.jpg,3,3.jpg,3_spot_021,exact,source_id + dirty_spot_id -> final spot_id,pass,dirty_spot_id maps to final Ground Truth spot_id
dirty_positive/dirty_3_84.jpg,3,3.jpg,3_spot_021,exact,source_id + dirty_spot_id -> final spot_id,pass,dirty_spot_id maps to final Ground Truth spot_id
dirty_positive/dirty_3_85.jpg,3,3.jpg,3_spot_022,exact,source_id + dirty_spot_id -> final spot_id,pass,dirty_spot_id maps to final Ground Truth spot_id
dirty_positive/dirty_3_86.jpg,3,3.jpg,3_spot_022,exact,source_id + dirty_spot_id -> final spot_id,pass,dirty_spot_id maps to final Ground Truth spot_id
dirty_positive/dirty_3_87.jpg,3,3.jpg,3_spot_022,exact,source_id + dirty_spot_id -> final spot_id,pass,dirty_spot_id maps to final Ground Truth spot_id
dirty_positive/dirty_3_88.jpg,3,3.jpg,3_spot_022,exact,source_id + dirty_spot_id -> final spot_id,pass,dirty_spot_id maps to final Ground Truth spot_id
dirty_positive/dirty_3_89.jpg,3,3.jpg,3_spot_023,exact,source_id + dirty_spot_id -> final spot_id,pass,dirty_spot_id maps to final Ground Truth spot_id
dirty_positive/dirty_3_90.jpg,3,3.jpg,3_spot_023,exact,source_id + dirty_spot_id -> final spot_id,pass,dirty_spot_id maps to final Ground Truth spot_id
dirty_positive/dirty_3_91.jpg,3,3.jpg,3_spot_023,exact,source_id + dirty_spot_id -> final spot_id,pass,dirty_spot_id maps to final Ground Truth spot_id
dirty_positive/dirty_3_92.jpg,3,3.jpg,3_spot_023,exact,source_id + dirty_spot_id -> final spot_id,pass,dirty_spot_id maps to final Ground Truth spot_id
dirty_positive/dirty_3_93.jpg,3,3.jpg,3_spot_024,exact,source_id + dirty_spot_id -> final spot_id,pass,dirty_spot_id maps to final Ground Truth spot_id
dirty_positive/dirty_3_94.jpg,3,3.jpg,3_spot_024,exact,source_id + dirty_spot_id -> final spot_id,pass,dirty_spot_id maps to final Ground Truth spot_id
dirty_positive/dirty_3_95.jpg,3,3.jpg,3_spot_024,exact,source_id + dirty_spot_id -> final spot_id,pass,dirty_spot_id maps to final Ground Truth spot_id
dirty_positive/dirty_3_96.jpg,3,3.jpg,3_spot_024,exact,source_id + dirty_spot_id -> final spot_id,pass,dirty_spot_id maps to final Ground Truth spot_id
dirty_positive/dirty_3_97.jpg,3,3.jpg,3_spot_025,exact,source_id + dirty_spot_id -> final spot_id,pass,dirty_spot_id maps to final Ground Truth spot_id
dirty_positive/dirty_3_98.jpg,3,3.jpg,3_spot_025,exact,source_id + dirty_spot_id -> final spot_id,pass,dirty_spot_id maps to final Ground Truth spot_id
dirty_positive/dirty_3_99.jpg,3,3.jpg,3_spot_025,exact,source_id + dirty_spot_id -> final spot_id,pass,dirty_spot_id maps to final Ground Truth spot_id
dirty_positive/dirty_3_100.jpg,3,3.jpg,3_spot_025,exact,source_id + dirty_spot_id -> final spot_id,pass,dirty_spot_id maps to final Ground Truth spot_id
dirty_positive/dirty_3_101.jpg,3,3.jpg,3_spot_026,exact,source_id + dirty_spot_id -> final spot_id,pass,dirty_spot_id maps to final Ground Truth spot_id
dirty_positive/dirty_3_102.jpg,3,3.jpg,3_spot_026,exact,source_id + dirty_spot_id -> final spot_id,pass,dirty_spot_id maps to final Ground Truth spot_id
dirty_positive/dirty_3_103.jpg,3,3.jpg,3_spot_026,exact,source_id + dirty_spot_id -> final spot_id,pass,dirty_spot_id maps to final Ground Truth spot_id
dirty_positive/dirty_3_104.jpg,3,3.jpg,3_spot_026,exact,source_id + dirty_spot_id -> final spot_id,pass,dirty_spot_id maps to final Ground Truth spot_id
dirty_positive/dirty_3_105.jpg,3,3.jpg,3_spot_027,exact,source_id + dirty_spot_id -> final spot_id,pass,dirty_spot_id maps to final Ground Truth spot_id
dirty_positive/dirty_3_106.jpg,3,3.jpg,3_spot_027,exact,source_id + dirty_spot_id -> final spot_id,pass,dirty_spot_id maps to final Ground Truth spot_id
dirty_positive/dirty_3_107.jpg,3,3.jpg,3_spot_027,exact,source_id + dirty_spot_id -> final spot_id,pass,dirty_spot_id maps to final Ground Truth spot_id
dirty_positive/dirty_3_108.jpg,3,3.jpg,3_spot_027,exact,source_id + dirty_spot_id -> final spot_id,pass,dirty_spot_id maps to final Ground Truth spot_id
dirty_positive/dirty_3_109.jpg,3,3.jpg,3_spot_028,exact,source_id + dirty_spot_id -> final spot_id,pass,dirty_spot_id maps to final Ground Truth spot_id
dirty_positive/dirty_3_110.jpg,3,3.jpg,3_spot_028,exact,source_id + dirty_spot_id -> final spot_id,pass,dirty_spot_id maps to final Ground Truth spot_id
dirty_positive/dirty_3_111.jpg,3,3.jpg,3_spot_028,exact,source_id + dirty_spot_id -> final spot_id,pass,dirty_spot_id maps to final Ground Truth spot_id
dirty_positive/dirty_3_112.jpg,3,3.jpg,3_spot_028,exact,source_id + dirty_spot_id -> final spot_id,pass,dirty_spot_id maps to final Ground Truth spot_id
dirty_positive/dirty_3_113.jpg,3,3.jpg,3_spot_029,exact,source_id + dirty_spot_id -> final spot_id,pass,dirty_spot_id maps to final Ground Truth spot_id
dirty_positive/dirty_3_114.jpg,3,3.jpg,3_spot_029,exact,source_id + dirty_spot_id -> final spot_id,pass,dirty_spot_id maps to final Ground Truth spot_id
dirty_positive/dirty_3_115.jpg,3,3.jpg,3_spot_029,exact,source_id + dirty_spot_id -> final spot_id,pass,dirty_spot_id maps to final Ground Truth spot_id
dirty_positive/dirty_3_116.jpg,3,3.jpg,3_spot_029,exact,source_id + dirty_spot_id -> final spot_id,pass,dirty_spot_id maps to final Ground Truth spot_id
dirty_positive/dirty_3_117.jpg,3,3.jpg,3_spot_030,exact,source_id + dirty_spot_id -> final spot_id,pass,dirty_spot_id maps to final Ground Truth spot_id
dirty_positive/dirty_3_118.jpg,3,3.jpg,3_spot_030,exact,source_id + dirty_spot_id -> final spot_id,pass,dirty_spot_id maps to final Ground Truth spot_id
dirty_positive/dirty_3_119.jpg,3,3.jpg,3_spot_030,exact,source_id + dirty_spot_id -> final spot_id,pass,dirty_spot_id maps to final Ground Truth spot_id
dirty_positive/dirty_3_120.jpg,3,3.jpg,3_spot_030,exact,source_id + dirty_spot_id -> final spot_id,pass,dirty_spot_id maps to final Ground Truth spot_id
dirty_positive/dirty_3_121.jpg,3,3.jpg,3_spot_031,exact,source_id + dirty_spot_id -> final spot_id,pass,dirty_spot_id maps to final Ground Truth spot_id
dirty_positive/dirty_3_122.jpg,3,3.jpg,3_spot_031,exact,source_id + dirty_spot_id -> final spot_id,pass,dirty_spot_id maps to final Ground Truth spot_id
dirty_positive/dirty_3_123.jpg,3,3.jpg,3_spot_031,exact,source_id + dirty_spot_id -> final spot_id,pass,dirty_spot_id maps to final Ground Truth spot_id
dirty_positive/dirty_3_124.jpg,3,3.jpg,3_spot_031,exact,source_id + dirty_spot_id -> final spot_id,pass,dirty_spot_id maps to final Ground Truth spot_id
dirty_positive/dirty_3_125.jpg,3,3.jpg,3_spot_032,exact,source_id + dirty_spot_id -> final spot_id,pass,dirty_spot_id maps to final Ground Truth spot_id
dirty_positive/dirty_3_126.jpg,3,3.jpg,3_spot_032,exact,source_id + dirty_spot_id -> final spot_id,pass,dirty_spot_id maps to final Ground Truth spot_id
dirty_positive/dirty_3_127.jpg,3,3.jpg,3_spot_032,exact,source_id + dirty_spot_id -> final spot_id,pass,dirty_spot_id maps to final Ground Truth spot_id
dirty_positive/dirty_3_128.jpg,3,3.jpg,3_spot_032,exact,source_id + dirty_spot_id -> final spot_id,pass,dirty_spot_id maps to final Ground Truth spot_id
dirty_positive/dirty_3_129.jpg,3,3.jpg,3_spot_033,exact,source_id + dirty_spot_id -> final spot_id,pass,dirty_spot_id maps to final Ground Truth spot_id
dirty_positive/dirty_3_130.jpg,3,3.jpg,3_spot_033,exact,source_id + dirty_spot_id -> final spot_id,pass,dirty_spot_id maps to final Ground Truth spot_id
dirty_positive/dirty_3_131.jpg,3,3.jpg,3_spot_033,exact,source_id + dirty_spot_id -> final spot_id,pass,dirty_spot_id maps to final Ground Truth spot_id
dirty_positive/dirty_3_132.jpg,3,3.jpg,3_spot_033,exact,source_id + dirty_spot_id -> final spot_id,pass,dirty_spot_id maps to final Ground Truth spot_id
dirty_positive/dirty_4_1.jpg,4,4.jpg,4_spot_001,exact,source_id + dirty_spot_id -> final spot_id,pass,dirty_spot_id maps to final Ground Truth spot_id
dirty_positive/dirty_4_2.jpg,4,4.jpg,4_spot_001,exact,source_id + dirty_spot_id -> final spot_id,pass,dirty_spot_id maps to final Ground Truth spot_id
dirty_positive/dirty_4_3.jpg,4,4.jpg,4_spot_001,exact,source_id + dirty_spot_id -> final spot_id,pass,dirty_spot_id maps to final Ground Truth spot_id
dirty_positive/dirty_4_4.jpg,4,4.jpg,4_spot_001,exact,source_id + dirty_spot_id -> final spot_id,pass,dirty_spot_id maps to final Ground Truth spot_id
dirty_positive/dirty_4_5.jpg,4,4.jpg,4_spot_002,exact,source_id + dirty_spot_id -> final spot_id,pass,dirty_spot_id maps to final Ground Truth spot_id
dirty_positive/dirty_4_6.jpg,4,4.jpg,4_spot_002,exact,source_id + dirty_spot_id -> final spot_id,pass,dirty_spot_id maps to final Ground Truth spot_id
dirty_positive/dirty_4_7.jpg,4,4.jpg,4_spot_002,exact,source_id + dirty_spot_id -> final spot_id,pass,dirty_spot_id maps to final Ground Truth spot_id
dirty_positive/dirty_4_8.jpg,4,4.jpg,4_spot_002,exact,source_id + dirty_spot_id -> final spot_id,pass,dirty_spot_id maps to final Ground Truth spot_id
dirty_positive/dirty_4_9.jpg,4,4.jpg,4_spot_003,exact,source_id + dirty_spot_id -> final spot_id,pass,dirty_spot_id maps to final Ground Truth spot_id
dirty_positive/dirty_4_10.jpg,4,4.jpg,4_spot_003,exact,source_id + dirty_spot_id -> final spot_id,pass,dirty_spot_id maps to final Ground Truth spot_id
dirty_positive/dirty_4_11.jpg,4,4.jpg,4_spot_003,exact,source_id + dirty_spot_id -> final spot_id,pass,dirty_spot_id maps to final Ground Truth spot_id
dirty_positive/dirty_4_12.jpg,4,4.jpg,4_spot_003,exact,source_id + dirty_spot_id -> final spot_id,pass,dirty_spot_id maps to final Ground Truth spot_id
dirty_positive/dirty_4_13.jpg,4,4.jpg,4_spot_004,exact,source_id + dirty_spot_id -> final spot_id,pass,dirty_spot_id maps to final Ground Truth spot_id
dirty_positive/dirty_4_14.jpg,4,4.jpg,4_spot_004,exact,source_id + dirty_spot_id -> final spot_id,pass,dirty_spot_id maps to final Ground Truth spot_id
dirty_positive/dirty_4_15.jpg,4,4.jpg,4_spot_004,exact,source_id + dirty_spot_id -> final spot_id,pass,dirty_spot_id maps to final Ground Truth spot_id
dirty_positive/dirty_4_16.jpg,4,4.jpg,4_spot_004,exact,source_id + dirty_spot_id -> final spot_id,pass,dirty_spot_id maps to final Ground Truth spot_id
dirty_positive/dirty_4_17.jpg,4,4.jpg,4_spot_005,exact,source_id + dirty_spot_id -> final spot_id,pass,dirty_spot_id maps to final Ground Truth spot_id
dirty_positive/dirty_4_18.jpg,4,4.jpg,4_spot_005,exact,source_id + dirty_spot_id -> final spot_id,pass,dirty_spot_id maps to final Ground Truth spot_id
dirty_positive/dirty_4_19.jpg,4,4.jpg,4_spot_005,exact,source_id + dirty_spot_id -> final spot_id,pass,dirty_spot_id maps to final Ground Truth spot_id
dirty_positive/dirty_4_20.jpg,4,4.jpg,4_spot_005,exact,source_id + dirty_spot_id -> final spot_id,pass,dirty_spot_id maps to final Ground Truth spot_id
dirty_positive/dirty_4_21.jpg,4,4.jpg,4_spot_006,exact,source_id + dirty_spot_id -> final spot_id,pass,dirty_spot_id maps to final Ground Truth spot_id
dirty_positive/dirty_4_22.jpg,4,4.jpg,4_spot_006,exact,source_id + dirty_spot_id -> final spot_id,pass,dirty_spot_id maps to final Ground Truth spot_id
dirty_positive/dirty_4_23.jpg,4,4.jpg,4_spot_006,exact,source_id + dirty_spot_id -> final spot_id,pass,dirty_spot_id maps to final Ground Truth spot_id
dirty_positive/dirty_4_24.jpg,4,4.jpg,4_spot_006,exact,source_id + dirty_spot_id -> final spot_id,pass,dirty_spot_id maps to final Ground Truth spot_id
dirty_positive/dirty_4_25.jpg,4,4.jpg,4_spot_007,exact,source_id + dirty_spot_id -> final spot_id,pass,dirty_spot_id maps to final Ground Truth spot_id
dirty_positive/dirty_4_26.jpg,4,4.jpg,4_spot_007,exact,source_id + dirty_spot_id -> final spot_id,pass,dirty_spot_id maps to final Ground Truth spot_id
dirty_positive/dirty_4_27.jpg,4,4.jpg,4_spot_007,exact,source_id + dirty_spot_id -> final spot_id,pass,dirty_spot_id maps to final Ground Truth spot_id
dirty_positive/dirty_4_28.jpg,4,4.jpg,4_spot_007,exact,source_id + dirty_spot_id -> final spot_id,pass,dirty_spot_id maps to final Ground Truth spot_id
dirty_positive/dirty_4_29.jpg,4,4.jpg,4_spot_008,exact,source_id + dirty_spot_id -> final spot_id,pass,dirty_spot_id maps to final Ground Truth spot_id
dirty_positive/dirty_4_30.jpg,4,4.jpg,4_spot_008,exact,source_id + dirty_spot_id -> final spot_id,pass,dirty_spot_id maps to final Ground Truth spot_id
dirty_positive/dirty_4_31.jpg,4,4.jpg,4_spot_008,exact,source_id + dirty_spot_id -> final spot_id,pass,dirty_spot_id maps to final Ground Truth spot_id
dirty_positive/dirty_4_32.jpg,4,4.jpg,4_spot_008,exact,source_id + dirty_spot_id -> final spot_id,pass,dirty_spot_id maps to final Ground Truth spot_id
dirty_positive/dirty_4_33.jpg,4,4.jpg,4_spot_009,exact,source_id + dirty_spot_id -> final spot_id,pass,dirty_spot_id maps to final Ground Truth spot_id
dirty_positive/dirty_4_34.jpg,4,4.jpg,4_spot_009,exact,source_id + dirty_spot_id -> final spot_id,pass,dirty_spot_id maps to final Ground Truth spot_id
dirty_positive/dirty_4_35.jpg,4,4.jpg,4_spot_009,exact,source_id + dirty_spot_id -> final spot_id,pass,dirty_spot_id maps to final Ground Truth spot_id
dirty_positive/dirty_4_36.jpg,4,4.jpg,4_spot_009,exact,source_id + dirty_spot_id -> final spot_id,pass,dirty_spot_id maps to final Ground Truth spot_id
dirty_positive/dirty_4_37.jpg,4,4.jpg,4_spot_010,exact,source_id + dirty_spot_id -> final spot_id,pass,dirty_spot_id maps to final Ground Truth spot_id
dirty_positive/dirty_4_38.jpg,4,4.jpg,4_spot_010,exact,source_id + dirty_spot_id -> final spot_id,pass,dirty_spot_id maps to final Ground Truth spot_id
dirty_positive/dirty_4_39.jpg,4,4.jpg,4_spot_010,exact,source_id + dirty_spot_id -> final spot_id,pass,dirty_spot_id maps to final Ground Truth spot_id
dirty_positive/dirty_4_40.jpg,4,4.jpg,4_spot_010,exact,source_id + dirty_spot_id -> final spot_id,pass,dirty_spot_id maps to final Ground Truth spot_id
dirty_positive/dirty_4_41.jpg,4,4.jpg,4_spot_011,exact,source_id + dirty_spot_id -> final spot_id,pass,dirty_spot_id maps to final Ground Truth spot_id
dirty_positive/dirty_4_42.jpg,4,4.jpg,4_spot_011,exact,source_id + dirty_spot_id -> final spot_id,pass,dirty_spot_id maps to final Ground Truth spot_id
dirty_positive/dirty_4_43.jpg,4,4.jpg,4_spot_011,exact,source_id + dirty_spot_id -> final spot_id,pass,dirty_spot_id maps to final Ground Truth spot_id
dirty_positive/dirty_4_44.jpg,4,4.jpg,4_spot_011,exact,source_id + dirty_spot_id -> final spot_id,pass,dirty_spot_id maps to final Ground Truth spot_id
dirty_positive/dirty_4_45.jpg,4,4.jpg,4_spot_012,exact,source_id + dirty_spot_id -> final spot_id,pass,dirty_spot_id maps to final Ground Truth spot_id
dirty_positive/dirty_4_46.jpg,4,4.jpg,4_spot_012,exact,source_id + dirty_spot_id -> final spot_id,pass,dirty_spot_id maps to final Ground Truth spot_id
dirty_positive/dirty_4_47.jpg,4,4.jpg,4_spot_012,exact,source_id + dirty_spot_id -> final spot_id,pass,dirty_spot_id maps to final Ground Truth spot_id
dirty_positive/dirty_4_48.jpg,4,4.jpg,4_spot_012,exact,source_id + dirty_spot_id -> final spot_id,pass,dirty_spot_id maps to final Ground Truth spot_id
dirty_positive/dirty_4_49.jpg,4,4.jpg,4_spot_013,exact,source_id + dirty_spot_id -> final spot_id,pass,dirty_spot_id maps to final Ground Truth spot_id
dirty_positive/dirty_4_50.jpg,4,4.jpg,4_spot_013,exact,source_id + dirty_spot_id -> final spot_id,pass,dirty_spot_id maps to final Ground Truth spot_id
dirty_positive/dirty_4_51.jpg,4,4.jpg,4_spot_013,exact,source_id + dirty_spot_id -> final spot_id,pass,dirty_spot_id maps to final Ground Truth spot_id
dirty_positive/dirty_4_52.jpg,4,4.jpg,4_spot_013,exact,source_id + dirty_spot_id -> final spot_id,pass,dirty_spot_id maps to final Ground Truth spot_id
dirty_positive/dirty_4_53.jpg,4,4.jpg,4_spot_014,exact,source_id + dirty_spot_id -> final spot_id,pass,dirty_spot_id maps to final Ground Truth spot_id
dirty_positive/dirty_4_54.jpg,4,4.jpg,4_spot_014,exact,source_id + dirty_spot_id -> final spot_id,pass,dirty_spot_id maps to final Ground Truth spot_id
dirty_positive/dirty_4_55.jpg,4,4.jpg,4_spot_014,exact,source_id + dirty_spot_id -> final spot_id,pass,dirty_spot_id maps to final Ground Truth spot_id
dirty_positive/dirty_4_56.jpg,4,4.jpg,4_spot_014,exact,source_id + dirty_spot_id -> final spot_id,pass,dirty_spot_id maps to final Ground Truth spot_id
dirty_positive/dirty_4_57.jpg,4,4.jpg,4_spot_015,exact,source_id + dirty_spot_id -> final spot_id,pass,dirty_spot_id maps to final Ground Truth spot_id
dirty_positive/dirty_4_58.jpg,4,4.jpg,4_spot_015,exact,source_id + dirty_spot_id -> final spot_id,pass,dirty_spot_id maps to final Ground Truth spot_id
dirty_positive/dirty_4_59.jpg,4,4.jpg,4_spot_015,exact,source_id + dirty_spot_id -> final spot_id,pass,dirty_spot_id maps to final Ground Truth spot_id
dirty_positive/dirty_4_60.jpg,4,4.jpg,4_spot_015,exact,source_id + dirty_spot_id -> final spot_id,pass,dirty_spot_id maps to final Ground Truth spot_id
dirty_positive/dirty_4_61.jpg,4,4.jpg,4_spot_016,exact,source_id + dirty_spot_id -> final spot_id,pass,dirty_spot_id maps to final Ground Truth spot_id
dirty_positive/dirty_4_62.jpg,4,4.jpg,4_spot_016,exact,source_id + dirty_spot_id -> final spot_id,pass,dirty_spot_id maps to final Ground Truth spot_id
dirty_positive/dirty_4_63.jpg,4,4.jpg,4_spot_016,exact,source_id + dirty_spot_id -> final spot_id,pass,dirty_spot_id maps to final Ground Truth spot_id
dirty_positive/dirty_4_64.jpg,4,4.jpg,4_spot_016,exact,source_id + dirty_spot_id -> final spot_id,pass,dirty_spot_id maps to final Ground Truth spot_id
dirty_positive/dirty_4_65.jpg,4,4.jpg,4_spot_017,exact,source_id + dirty_spot_id -> final spot_id,pass,dirty_spot_id maps to final Ground Truth spot_id
dirty_positive/dirty_4_66.jpg,4,4.jpg,4_spot_017,exact,source_id + dirty_spot_id -> final spot_id,pass,dirty_spot_id maps to final Ground Truth spot_id
dirty_positive/dirty_4_67.jpg,4,4.jpg,4_spot_017,exact,source_id + dirty_spot_id -> final spot_id,pass,dirty_spot_id maps to final Ground Truth spot_id
dirty_positive/dirty_4_68.jpg,4,4.jpg,4_spot_017,exact,source_id + dirty_spot_id -> final spot_id,pass,dirty_spot_id maps to final Ground Truth spot_id
dirty_positive/dirty_4_69.jpg,4,4.jpg,4_spot_018,exact,source_id + dirty_spot_id -> final spot_id,pass,dirty_spot_id maps to final Ground Truth spot_id
dirty_positive/dirty_4_70.jpg,4,4.jpg,4_spot_018,exact,source_id + dirty_spot_id -> final spot_id,pass,dirty_spot_id maps to final Ground Truth spot_id
dirty_positive/dirty_4_71.jpg,4,4.jpg,4_spot_018,exact,source_id + dirty_spot_id -> final spot_id,pass,dirty_spot_id maps to final Ground Truth spot_id
dirty_positive/dirty_4_72.jpg,4,4.jpg,4_spot_018,exact,source_id + dirty_spot_id -> final spot_id,pass,dirty_spot_id maps to final Ground Truth spot_id
dirty_positive/dirty_4_73.jpg,4,4.jpg,4_spot_019,exact,source_id + dirty_spot_id -> final spot_id,pass,dirty_spot_id maps to final Ground Truth spot_id
dirty_positive/dirty_4_74.jpg,4,4.jpg,4_spot_019,exact,source_id + dirty_spot_id -> final spot_id,pass,dirty_spot_id maps to final Ground Truth spot_id
dirty_positive/dirty_4_75.jpg,4,4.jpg,4_spot_019,exact,source_id + dirty_spot_id -> final spot_id,pass,dirty_spot_id maps to final Ground Truth spot_id
dirty_positive/dirty_4_76.jpg,4,4.jpg,4_spot_019,exact,source_id + dirty_spot_id -> final spot_id,pass,dirty_spot_id maps to final Ground Truth spot_id
dirty_positive/dirty_4_77.jpg,4,4.jpg,4_spot_020,exact,source_id + dirty_spot_id -> final spot_id,pass,dirty_spot_id maps to final Ground Truth spot_id
dirty_positive/dirty_4_78.jpg,4,4.jpg,4_spot_020,exact,source_id + dirty_spot_id -> final spot_id,pass,dirty_spot_id maps to final Ground Truth spot_id
dirty_positive/dirty_4_79.jpg,4,4.jpg,4_spot_020,exact,source_id + dirty_spot_id -> final spot_id,pass,dirty_spot_id maps to final Ground Truth spot_id
dirty_positive/dirty_4_80.jpg,4,4.jpg,4_spot_020,exact,source_id + dirty_spot_id -> final spot_id,pass,dirty_spot_id maps to final Ground Truth spot_id
dirty_positive/dirty_4_81.jpg,4,4.jpg,4_spot_021,exact,source_id + dirty_spot_id -> final spot_id,pass,dirty_spot_id maps to final Ground Truth spot_id
dirty_positive/dirty_4_82.jpg,4,4.jpg,4_spot_021,exact,source_id + dirty_spot_id -> final spot_id,pass,dirty_spot_id maps to final Ground Truth spot_id
dirty_positive/dirty_4_83.jpg,4,4.jpg,4_spot_021,exact,source_id + dirty_spot_id -> final spot_id,pass,dirty_spot_id maps to final Ground Truth spot_id
dirty_positive/dirty_4_84.jpg,4,4.jpg,4_spot_021,exact,source_id + dirty_spot_id -> final spot_id,pass,dirty_spot_id maps to final Ground Truth spot_id
dirty_positive/dirty_5_1.jpg,5,5.jpg,5_spot_001,exact,source_id + dirty_spot_id -> final spot_id,pass,dirty_spot_id maps to final Ground Truth spot_id
dirty_positive/dirty_5_2.jpg,5,5.jpg,5_spot_001,exact,source_id + dirty_spot_id -> final spot_id,pass,dirty_spot_id maps to final Ground Truth spot_id
dirty_positive/dirty_5_3.jpg,5,5.jpg,5_spot_001,exact,source_id + dirty_spot_id -> final spot_id,pass,dirty_spot_id maps to final Ground Truth spot_id
dirty_positive/dirty_5_4.jpg,5,5.jpg,5_spot_001,exact,source_id + dirty_spot_id -> final spot_id,pass,dirty_spot_id maps to final Ground Truth spot_id
dirty_positive/dirty_5_5.jpg,5,5.jpg,5_spot_002,exact,source_id + dirty_spot_id -> final spot_id,pass,dirty_spot_id maps to final Ground Truth spot_id
dirty_positive/dirty_5_6.jpg,5,5.jpg,5_spot_002,exact,source_id + dirty_spot_id -> final spot_id,pass,dirty_spot_id maps to final Ground Truth spot_id
dirty_positive/dirty_5_7.jpg,5,5.jpg,5_spot_002,exact,source_id + dirty_spot_id -> final spot_id,pass,dirty_spot_id maps to final Ground Truth spot_id
dirty_positive/dirty_5_8.jpg,5,5.jpg,5_spot_002,exact,source_id + dirty_spot_id -> final spot_id,pass,dirty_spot_id maps to final Ground Truth spot_id
dirty_positive/dirty_5_9.jpg,5,5.jpg,5_spot_003,exact,source_id + dirty_spot_id -> final spot_id,pass,dirty_spot_id maps to final Ground Truth spot_id
dirty_positive/dirty_5_10.jpg,5,5.jpg,5_spot_003,exact,source_id + dirty_spot_id -> final spot_id,pass,dirty_spot_id maps to final Ground Truth spot_id
dirty_positive/dirty_5_11.jpg,5,5.jpg,5_spot_003,exact,source_id + dirty_spot_id -> final spot_id,pass,dirty_spot_id maps to final Ground Truth spot_id
dirty_positive/dirty_5_12.jpg,5,5.jpg,5_spot_003,exact,source_id + dirty_spot_id -> final spot_id,pass,dirty_spot_id maps to final Ground Truth spot_id
dirty_positive/dirty_5_13.jpg,5,5.jpg,5_spot_004,exact,source_id + dirty_spot_id -> final spot_id,pass,dirty_spot_id maps to final Ground Truth spot_id
dirty_positive/dirty_5_14.jpg,5,5.jpg,5_spot_004,exact,source_id + dirty_spot_id -> final spot_id,pass,dirty_spot_id maps to final Ground Truth spot_id
dirty_positive/dirty_5_15.jpg,5,5.jpg,5_spot_004,exact,source_id + dirty_spot_id -> final spot_id,pass,dirty_spot_id maps to final Ground Truth spot_id
dirty_positive/dirty_5_16.jpg,5,5.jpg,5_spot_004,exact,source_id + dirty_spot_id -> final spot_id,pass,dirty_spot_id maps to final Ground Truth spot_id
dirty_positive/dirty_5_17.jpg,5,5.jpg,5_spot_005,exact,source_id + dirty_spot_id -> final spot_id,pass,dirty_spot_id maps to final Ground Truth spot_id
dirty_positive/dirty_5_18.jpg,5,5.jpg,5_spot_005,exact,source_id + dirty_spot_id -> final spot_id,pass,dirty_spot_id maps to final Ground Truth spot_id
dirty_positive/dirty_5_19.jpg,5,5.jpg,5_spot_005,exact,source_id + dirty_spot_id -> final spot_id,pass,dirty_spot_id maps to final Ground Truth spot_id
dirty_positive/dirty_5_20.jpg,5,5.jpg,5_spot_005,exact,source_id + dirty_spot_id -> final spot_id,pass,dirty_spot_id maps to final Ground Truth spot_id
dirty_positive/dirty_5_21.jpg,5,5.jpg,5_spot_006,exact,source_id + dirty_spot_id -> final spot_id,pass,dirty_spot_id maps to final Ground Truth spot_id
dirty_positive/dirty_5_22.jpg,5,5.jpg,5_spot_006,exact,source_id + dirty_spot_id -> final spot_id,pass,dirty_spot_id maps to final Ground Truth spot_id
dirty_positive/dirty_5_23.jpg,5,5.jpg,5_spot_006,exact,source_id + dirty_spot_id -> final spot_id,pass,dirty_spot_id maps to final Ground Truth spot_id
dirty_positive/dirty_5_24.jpg,5,5.jpg,5_spot_006,exact,source_id + dirty_spot_id -> final spot_id,pass,dirty_spot_id maps to final Ground Truth spot_id
dirty_positive/dirty_5_25.jpg,5,5.jpg,5_spot_007,exact,source_id + dirty_spot_id -> final spot_id,pass,dirty_spot_id maps to final Ground Truth spot_id
dirty_positive/dirty_5_26.jpg,5,5.jpg,5_spot_007,exact,source_id + dirty_spot_id -> final spot_id,pass,dirty_spot_id maps to final Ground Truth spot_id
dirty_positive/dirty_5_27.jpg,5,5.jpg,5_spot_007,exact,source_id + dirty_spot_id -> final spot_id,pass,dirty_spot_id maps to final Ground Truth spot_id
dirty_positive/dirty_5_28.jpg,5,5.jpg,5_spot_007,exact,source_id + dirty_spot_id -> final spot_id,pass,dirty_spot_id maps to final Ground Truth spot_id
dirty_positive/dirty_5_29.jpg,5,5.jpg,5_spot_008,exact,source_id + dirty_spot_id -> final spot_id,pass,dirty_spot_id maps to final Ground Truth spot_id
dirty_positive/dirty_5_30.jpg,5,5.jpg,5_spot_008,exact,source_id + dirty_spot_id -> final spot_id,pass,dirty_spot_id maps to final Ground Truth spot_id
dirty_positive/dirty_5_31.jpg,5,5.jpg,5_spot_008,exact,source_id + dirty_spot_id -> final spot_id,pass,dirty_spot_id maps to final Ground Truth spot_id
dirty_positive/dirty_5_32.jpg,5,5.jpg,5_spot_008,exact,source_id + dirty_spot_id -> final spot_id,pass,dirty_spot_id maps to final Ground Truth spot_id
dirty_positive/dirty_5_33.jpg,5,5.jpg,5_spot_009,exact,source_id + dirty_spot_id -> final spot_id,pass,dirty_spot_id maps to final Ground Truth spot_id
dirty_positive/dirty_5_34.jpg,5,5.jpg,5_spot_009,exact,source_id + dirty_spot_id -> final spot_id,pass,dirty_spot_id maps to final Ground Truth spot_id
dirty_positive/dirty_5_35.jpg,5,5.jpg,5_spot_009,exact,source_id + dirty_spot_id -> final spot_id,pass,dirty_spot_id maps to final Ground Truth spot_id
dirty_positive/dirty_5_36.jpg,5,5.jpg,5_spot_009,exact,source_id + dirty_spot_id -> final spot_id,pass,dirty_spot_id maps to final Ground Truth spot_id
dirty_positive/dirty_5_37.jpg,5,5.jpg,5_spot_010,exact,source_id + dirty_spot_id -> final spot_id,pass,dirty_spot_id maps to final Ground Truth spot_id
dirty_positive/dirty_5_38.jpg,5,5.jpg,5_spot_010,exact,source_id + dirty_spot_id -> final spot_id,pass,dirty_spot_id maps to final Ground Truth spot_id
dirty_positive/dirty_5_39.jpg,5,5.jpg,5_spot_010,exact,source_id + dirty_spot_id -> final spot_id,pass,dirty_spot_id maps to final Ground Truth spot_id
dirty_positive/dirty_5_40.jpg,5,5.jpg,5_spot_010,exact,source_id + dirty_spot_id -> final spot_id,pass,dirty_spot_id maps to final Ground Truth spot_id
dirty_positive/dirty_5_41.jpg,5,5.jpg,5_spot_011,exact,source_id + dirty_spot_id -> final spot_id,pass,dirty_spot_id maps to final Ground Truth spot_id
dirty_positive/dirty_5_42.jpg,5,5.jpg,5_spot_011,exact,source_id + dirty_spot_id -> final spot_id,pass,dirty_spot_id maps to final Ground Truth spot_id
dirty_positive/dirty_5_43.jpg,5,5.jpg,5_spot_011,exact,source_id + dirty_spot_id -> final spot_id,pass,dirty_spot_id maps to final Ground Truth spot_id
dirty_positive/dirty_5_44.jpg,5,5.jpg,5_spot_011,exact,source_id + dirty_spot_id -> final spot_id,pass,dirty_spot_id maps to final Ground Truth spot_id
dirty_positive/dirty_5_45.jpg,5,5.jpg,5_spot_012,exact,source_id + dirty_spot_id -> final spot_id,pass,dirty_spot_id maps to final Ground Truth spot_id
dirty_positive/dirty_5_46.jpg,5,5.jpg,5_spot_012,exact,source_id + dirty_spot_id -> final spot_id,pass,dirty_spot_id maps to final Ground Truth spot_id
dirty_positive/dirty_5_47.jpg,5,5.jpg,5_spot_012,exact,source_id + dirty_spot_id -> final spot_id,pass,dirty_spot_id maps to final Ground Truth spot_id
dirty_positive/dirty_5_48.jpg,5,5.jpg,5_spot_012,exact,source_id + dirty_spot_id -> final spot_id,pass,dirty_spot_id maps to final Ground Truth spot_id
dirty_positive/dirty_5_49.jpg,5,5.jpg,5_spot_013,exact,source_id + dirty_spot_id -> final spot_id,pass,dirty_spot_id maps to final Ground Truth spot_id
dirty_positive/dirty_5_50.jpg,5,5.jpg,5_spot_013,exact,source_id + dirty_spot_id -> final spot_id,pass,dirty_spot_id maps to final Ground Truth spot_id
dirty_positive/dirty_5_51.jpg,5,5.jpg,5_spot_013,exact,source_id + dirty_spot_id -> final spot_id,pass,dirty_spot_id maps to final Ground Truth spot_id
dirty_positive/dirty_5_52.jpg,5,5.jpg,5_spot_013,exact,source_id + dirty_spot_id -> final spot_id,pass,dirty_spot_id maps to final Ground Truth spot_id
dirty_positive/dirty_5_53.jpg,5,5.jpg,5_spot_014,exact,source_id + dirty_spot_id -> final spot_id,pass,dirty_spot_id maps to final Ground Truth spot_id
dirty_positive/dirty_5_54.jpg,5,5.jpg,5_spot_014,exact,source_id + dirty_spot_id -> final spot_id,pass,dirty_spot_id maps to final Ground Truth spot_id
dirty_positive/dirty_5_55.jpg,5,5.jpg,5_spot_014,exact,source_id + dirty_spot_id -> final spot_id,pass,dirty_spot_id maps to final Ground Truth spot_id
dirty_positive/dirty_5_56.jpg,5,5.jpg,5_spot_014,exact,source_id + dirty_spot_id -> final spot_id,pass,dirty_spot_id maps to final Ground Truth spot_id
dirty_positive/dirty_5_57.jpg,5,5.jpg,5_spot_015,exact,source_id + dirty_spot_id -> final spot_id,pass,dirty_spot_id maps to final Ground Truth spot_id
dirty_positive/dirty_5_58.jpg,5,5.jpg,5_spot_015,exact,source_id + dirty_spot_id -> final spot_id,pass,dirty_spot_id maps to final Ground Truth spot_id
dirty_positive/dirty_5_59.jpg,5,5.jpg,5_spot_015,exact,source_id + dirty_spot_id -> final spot_id,pass,dirty_spot_id maps to final Ground Truth spot_id
dirty_positive/dirty_5_60.jpg,5,5.jpg,5_spot_015,exact,source_id + dirty_spot_id -> final spot_id,pass,dirty_spot_id maps to final Ground Truth spot_id
dirty_positive/dirty_5_61.jpg,5,5.jpg,5_spot_016,exact,source_id + dirty_spot_id -> final spot_id,pass,dirty_spot_id maps to final Ground Truth spot_id
dirty_positive/dirty_5_62.jpg,5,5.jpg,5_spot_016,exact,source_id + dirty_spot_id -> final spot_id,pass,dirty_spot_id maps to final Ground Truth spot_id
dirty_positive/dirty_5_63.jpg,5,5.jpg,5_spot_016,exact,source_id + dirty_spot_id -> final spot_id,pass,dirty_spot_id maps to final Ground Truth spot_id
dirty_positive/dirty_5_64.jpg,5,5.jpg,5_spot_016,exact,source_id + dirty_spot_id -> final spot_id,pass,dirty_spot_id maps to final Ground Truth spot_id
dirty_positive/dirty_5_65.jpg,5,5.jpg,5_spot_017,exact,source_id + dirty_spot_id -> final spot_id,pass,dirty_spot_id maps to final Ground Truth spot_id
dirty_positive/dirty_5_66.jpg,5,5.jpg,5_spot_017,exact,source_id + dirty_spot_id -> final spot_id,pass,dirty_spot_id maps to final Ground Truth spot_id
dirty_positive/dirty_5_67.jpg,5,5.jpg,5_spot_017,exact,source_id + dirty_spot_id -> final spot_id,pass,dirty_spot_id maps to final Ground Truth spot_id
dirty_positive/dirty_5_68.jpg,5,5.jpg,5_spot_017,exact,source_id + dirty_spot_id -> final spot_id,pass,dirty_spot_id maps to final Ground Truth spot_id
dirty_positive/dirty_5_69.jpg,5,5.jpg,5_spot_018,exact,source_id + dirty_spot_id -> final spot_id,pass,dirty_spot_id maps to final Ground Truth spot_id
dirty_positive/dirty_5_70.jpg,5,5.jpg,5_spot_018,exact,source_id + dirty_spot_id -> final spot_id,pass,dirty_spot_id maps to final Ground Truth spot_id
dirty_positive/dirty_5_71.jpg,5,5.jpg,5_spot_018,exact,source_id + dirty_spot_id -> final spot_id,pass,dirty_spot_id maps to final Ground Truth spot_id
dirty_positive/dirty_5_72.jpg,5,5.jpg,5_spot_018,exact,source_id + dirty_spot_id -> final spot_id,pass,dirty_spot_id maps to final Ground Truth spot_id
dirty_positive/dirty_5_73.jpg,5,5.jpg,5_spot_019,exact,source_id + dirty_spot_id -> final spot_id,pass,dirty_spot_id maps to final Ground Truth spot_id
dirty_positive/dirty_5_74.jpg,5,5.jpg,5_spot_019,exact,source_id + dirty_spot_id -> final spot_id,pass,dirty_spot_id maps to final Ground Truth spot_id
dirty_positive/dirty_5_75.jpg,5,5.jpg,5_spot_019,exact,source_id + dirty_spot_id -> final spot_id,pass,dirty_spot_id maps to final Ground Truth spot_id
dirty_positive/dirty_5_76.jpg,5,5.jpg,5_spot_019,exact,source_id + dirty_spot_id -> final spot_id,pass,dirty_spot_id maps to final Ground Truth spot_id
dirty_positive/dirty_5_77.jpg,5,5.jpg,5_spot_020,exact,source_id + dirty_spot_id -> final spot_id,pass,dirty_spot_id maps to final Ground Truth spot_id
dirty_positive/dirty_5_78.jpg,5,5.jpg,5_spot_020,exact,source_id + dirty_spot_id -> final spot_id,pass,dirty_spot_id maps to final Ground Truth spot_id
dirty_positive/dirty_5_79.jpg,5,5.jpg,5_spot_020,exact,source_id + dirty_spot_id -> final spot_id,pass,dirty_spot_id maps to final Ground Truth spot_id
dirty_positive/dirty_5_80.jpg,5,5.jpg,5_spot_020,exact,source_id + dirty_spot_id -> final spot_id,pass,dirty_spot_id maps to final Ground Truth spot_id
dirty_positive/dirty_5_81.jpg,5,5.jpg,5_spot_021,exact,source_id + dirty_spot_id -> final spot_id,pass,dirty_spot_id maps to final Ground Truth spot_id
dirty_positive/dirty_5_82.jpg,5,5.jpg,5_spot_021,exact,source_id + dirty_spot_id -> final spot_id,pass,dirty_spot_id maps to final Ground Truth spot_id
dirty_positive/dirty_5_83.jpg,5,5.jpg,5_spot_021,exact,source_id + dirty_spot_id -> final spot_id,pass,dirty_spot_id maps to final Ground Truth spot_id
dirty_positive/dirty_5_84.jpg,5,5.jpg,5_spot_021,exact,source_id + dirty_spot_id -> final spot_id,pass,dirty_spot_id maps to final Ground Truth spot_id
dirty_positive/dirty_5_85.jpg,5,5.jpg,5_spot_022,exact,source_id + dirty_spot_id -> final spot_id,pass,dirty_spot_id maps to final Ground Truth spot_id
dirty_positive/dirty_5_86.jpg,5,5.jpg,5_spot_022,exact,source_id + dirty_spot_id -> final spot_id,pass,dirty_spot_id maps to final Ground Truth spot_id
dirty_positive/dirty_5_87.jpg,5,5.jpg,5_spot_022,exact,source_id + dirty_spot_id -> final spot_id,pass,dirty_spot_id maps to final Ground Truth spot_id
dirty_positive/dirty_5_88.jpg,5,5.jpg,5_spot_022,exact,source_id + dirty_spot_id -> final spot_id,pass,dirty_spot_id maps to final Ground Truth spot_id
dirty_positive/dirty_5_89.jpg,5,5.jpg,5_spot_023,exact,source_id + dirty_spot_id -> final spot_id,pass,dirty_spot_id maps to final Ground Truth spot_id
dirty_positive/dirty_5_90.jpg,5,5.jpg,5_spot_023,exact,source_id + dirty_spot_id -> final spot_id,pass,dirty_spot_id maps to final Ground Truth spot_id
dirty_positive/dirty_5_91.jpg,5,5.jpg,5_spot_023,exact,source_id + dirty_spot_id -> final spot_id,pass,dirty_spot_id maps to final Ground Truth spot_id
dirty_positive/dirty_5_92.jpg,5,5.jpg,5_spot_023,exact,source_id + dirty_spot_id -> final spot_id,pass,dirty_spot_id maps to final Ground Truth spot_id
dirty_positive/dirty_5_93.jpg,5,5.jpg,5_spot_024,exact,source_id + dirty_spot_id -> final spot_id,pass,dirty_spot_id maps to final Ground Truth spot_id
dirty_positive/dirty_5_94.jpg,5,5.jpg,5_spot_024,exact,source_id + dirty_spot_id -> final spot_id,pass,dirty_spot_id maps to final Ground Truth spot_id
dirty_positive/dirty_5_95.jpg,5,5.jpg,5_spot_024,exact,source_id + dirty_spot_id -> final spot_id,pass,dirty_spot_id maps to final Ground Truth spot_id
dirty_positive/dirty_5_96.jpg,5,5.jpg,5_spot_024,exact,source_id + dirty_spot_id -> final spot_id,pass,dirty_spot_id maps to final Ground Truth spot_id
dirty_positive/dirty_5_97.jpg,5,5.jpg,5_spot_025,exact,source_id + dirty_spot_id -> final spot_id,pass,dirty_spot_id maps to final Ground Truth spot_id
dirty_positive/dirty_5_98.jpg,5,5.jpg,5_spot_025,exact,source_id + dirty_spot_id -> final spot_id,pass,dirty_spot_id maps to final Ground Truth spot_id
dirty_positive/dirty_5_99.jpg,5,5.jpg,5_spot_025,exact,source_id + dirty_spot_id -> final spot_id,pass,dirty_spot_id maps to final Ground Truth spot_id
dirty_positive/dirty_5_100.jpg,5,5.jpg,5_spot_025,exact,source_id + dirty_spot_id -> final spot_id,pass,dirty_spot_id maps to final Ground Truth spot_id
dirty_positive/dirty_6_1.jpg,6,6.jpg,6_spot_001,exact,source_id + dirty_spot_id -> final spot_id,pass,dirty_spot_id maps to final Ground Truth spot_id
dirty_positive/dirty_6_2.jpg,6,6.jpg,6_spot_001,exact,source_id + dirty_spot_id -> final spot_id,pass,dirty_spot_id maps to final Ground Truth spot_id
dirty_positive/dirty_6_3.jpg,6,6.jpg,6_spot_001,exact,source_id + dirty_spot_id -> final spot_id,pass,dirty_spot_id maps to final Ground Truth spot_id
dirty_positive/dirty_6_4.jpg,6,6.jpg,6_spot_001,exact,source_id + dirty_spot_id -> final spot_id,pass,dirty_spot_id maps to final Ground Truth spot_id
dirty_positive/dirty_6_5.jpg,6,6.jpg,6_spot_002,exact,source_id + dirty_spot_id -> final spot_id,pass,dirty_spot_id maps to final Ground Truth spot_id
dirty_positive/dirty_6_6.jpg,6,6.jpg,6_spot_002,exact,source_id + dirty_spot_id -> final spot_id,pass,dirty_spot_id maps to final Ground Truth spot_id
dirty_positive/dirty_6_7.jpg,6,6.jpg,6_spot_002,exact,source_id + dirty_spot_id -> final spot_id,pass,dirty_spot_id maps to final Ground Truth spot_id
dirty_positive/dirty_6_8.jpg,6,6.jpg,6_spot_002,exact,source_id + dirty_spot_id -> final spot_id,pass,dirty_spot_id maps to final Ground Truth spot_id
dirty_positive/dirty_6_9.jpg,6,6.jpg,6_spot_003,exact,source_id + dirty_spot_id -> final spot_id,pass,dirty_spot_id maps to final Ground Truth spot_id
dirty_positive/dirty_6_10.jpg,6,6.jpg,6_spot_003,exact,source_id + dirty_spot_id -> final spot_id,pass,dirty_spot_id maps to final Ground Truth spot_id
dirty_positive/dirty_6_11.jpg,6,6.jpg,6_spot_003,exact,source_id + dirty_spot_id -> final spot_id,pass,dirty_spot_id maps to final Ground Truth spot_id
dirty_positive/dirty_6_12.jpg,6,6.jpg,6_spot_003,exact,source_id + dirty_spot_id -> final spot_id,pass,dirty_spot_id maps to final Ground Truth spot_id
dirty_positive/dirty_6_13.jpg,6,6.jpg,6_spot_004,exact,source_id + dirty_spot_id -> final spot_id,pass,dirty_spot_id maps to final Ground Truth spot_id
dirty_positive/dirty_6_14.jpg,6,6.jpg,6_spot_004,exact,source_id + dirty_spot_id -> final spot_id,pass,dirty_spot_id maps to final Ground Truth spot_id
dirty_positive/dirty_6_15.jpg,6,6.jpg,6_spot_004,exact,source_id + dirty_spot_id -> final spot_id,pass,dirty_spot_id maps to final Ground Truth spot_id
dirty_positive/dirty_6_16.jpg,6,6.jpg,6_spot_004,exact,source_id + dirty_spot_id -> final spot_id,pass,dirty_spot_id maps to final Ground Truth spot_id
dirty_positive/dirty_6_17.jpg,6,6.jpg,6_spot_005,exact,source_id + dirty_spot_id -> final spot_id,pass,dirty_spot_id maps to final Ground Truth spot_id
dirty_positive/dirty_6_18.jpg,6,6.jpg,6_spot_005,exact,source_id + dirty_spot_id -> final spot_id,pass,dirty_spot_id maps to final Ground Truth spot_id
dirty_positive/dirty_6_19.jpg,6,6.jpg,6_spot_005,exact,source_id + dirty_spot_id -> final spot_id,pass,dirty_spot_id maps to final Ground Truth spot_id
dirty_positive/dirty_6_20.jpg,6,6.jpg,6_spot_005,exact,source_id + dirty_spot_id -> final spot_id,pass,dirty_spot_id maps to final Ground Truth spot_id
dirty_positive/dirty_6_21.jpg,6,6.jpg,6_spot_006,exact,source_id + dirty_spot_id -> final spot_id,pass,dirty_spot_id maps to final Ground Truth spot_id
dirty_positive/dirty_6_22.jpg,6,6.jpg,6_spot_006,exact,source_id + dirty_spot_id -> final spot_id,pass,dirty_spot_id maps to final Ground Truth spot_id
dirty_positive/dirty_6_23.jpg,6,6.jpg,6_spot_006,exact,source_id + dirty_spot_id -> final spot_id,pass,dirty_spot_id maps to final Ground Truth spot_id
dirty_positive/dirty_6_24.jpg,6,6.jpg,6_spot_006,exact,source_id + dirty_spot_id -> final spot_id,pass,dirty_spot_id maps to final Ground Truth spot_id
dirty_positive/dirty_6_25.jpg,6,6.jpg,6_spot_007,exact,source_id + dirty_spot_id -> final spot_id,pass,dirty_spot_id maps to final Ground Truth spot_id
dirty_positive/dirty_6_26.jpg,6,6.jpg,6_spot_007,exact,source_id + dirty_spot_id -> final spot_id,pass,dirty_spot_id maps to final Ground Truth spot_id
dirty_positive/dirty_6_27.jpg,6,6.jpg,6_spot_007,exact,source_id + dirty_spot_id -> final spot_id,pass,dirty_spot_id maps to final Ground Truth spot_id
dirty_positive/dirty_6_28.jpg,6,6.jpg,6_spot_007,exact,source_id + dirty_spot_id -> final spot_id,pass,dirty_spot_id maps to final Ground Truth spot_id
dirty_positive/dirty_6_29.jpg,6,6.jpg,6_spot_008,exact,source_id + dirty_spot_id -> final spot_id,pass,dirty_spot_id maps to final Ground Truth spot_id
dirty_positive/dirty_6_30.jpg,6,6.jpg,6_spot_008,exact,source_id + dirty_spot_id -> final spot_id,pass,dirty_spot_id maps to final Ground Truth spot_id
dirty_positive/dirty_6_31.jpg,6,6.jpg,6_spot_008,exact,source_id + dirty_spot_id -> final spot_id,pass,dirty_spot_id maps to final Ground Truth spot_id
dirty_positive/dirty_6_32.jpg,6,6.jpg,6_spot_008,exact,source_id + dirty_spot_id -> final spot_id,pass,dirty_spot_id maps to final Ground Truth spot_id
dirty_positive/dirty_6_33.jpg,6,6.jpg,6_spot_009,exact,source_id + dirty_spot_id -> final spot_id,pass,dirty_spot_id maps to final Ground Truth spot_id
dirty_positive/dirty_6_34.jpg,6,6.jpg,6_spot_009,exact,source_id + dirty_spot_id -> final spot_id,pass,dirty_spot_id maps to final Ground Truth spot_id
dirty_positive/dirty_6_35.jpg,6,6.jpg,6_spot_009,exact,source_id + dirty_spot_id -> final spot_id,pass,dirty_spot_id maps to final Ground Truth spot_id
dirty_positive/dirty_6_36.jpg,6,6.jpg,6_spot_009,exact,source_id + dirty_spot_id -> final spot_id,pass,dirty_spot_id maps to final Ground Truth spot_id
dirty_positive/dirty_6_37.jpg,6,6.jpg,6_spot_010,exact,source_id + dirty_spot_id -> final spot_id,pass,dirty_spot_id maps to final Ground Truth spot_id
dirty_positive/dirty_6_38.jpg,6,6.jpg,6_spot_010,exact,source_id + dirty_spot_id -> final spot_id,pass,dirty_spot_id maps to final Ground Truth spot_id
dirty_positive/dirty_6_39.jpg,6,6.jpg,6_spot_010,exact,source_id + dirty_spot_id -> final spot_id,pass,dirty_spot_id maps to final Ground Truth spot_id
dirty_positive/dirty_6_40.jpg,6,6.jpg,6_spot_010,exact,source_id + dirty_spot_id -> final spot_id,pass,dirty_spot_id maps to final Ground Truth spot_id
dirty_positive/dirty_6_41.jpg,6,6.jpg,6_spot_011,exact,source_id + dirty_spot_id -> final spot_id,pass,dirty_spot_id maps to final Ground Truth spot_id
dirty_positive/dirty_6_42.jpg,6,6.jpg,6_spot_011,exact,source_id + dirty_spot_id -> final spot_id,pass,dirty_spot_id maps to final Ground Truth spot_id
dirty_positive/dirty_6_43.jpg,6,6.jpg,6_spot_011,exact,source_id + dirty_spot_id -> final spot_id,pass,dirty_spot_id maps to final Ground Truth spot_id
dirty_positive/dirty_6_44.jpg,6,6.jpg,6_spot_011,exact,source_id + dirty_spot_id -> final spot_id,pass,dirty_spot_id maps to final Ground Truth spot_id
dirty_positive/dirty_6_45.jpg,6,6.jpg,6_spot_012,exact,source_id + dirty_spot_id -> final spot_id,pass,dirty_spot_id maps to final Ground Truth spot_id
dirty_positive/dirty_6_46.jpg,6,6.jpg,6_spot_012,exact,source_id + dirty_spot_id -> final spot_id,pass,dirty_spot_id maps to final Ground Truth spot_id
dirty_positive/dirty_6_47.jpg,6,6.jpg,6_spot_012,exact,source_id + dirty_spot_id -> final spot_id,pass,dirty_spot_id maps to final Ground Truth spot_id
dirty_positive/dirty_6_48.jpg,6,6.jpg,6_spot_012,exact,source_id + dirty_spot_id -> final spot_id,pass,dirty_spot_id maps to final Ground Truth spot_id
dirty_positive/dirty_6_49.jpg,6,6.jpg,6_spot_013,exact,source_id + dirty_spot_id -> final spot_id,pass,dirty_spot_id maps to final Ground Truth spot_id
dirty_positive/dirty_6_50.jpg,6,6.jpg,6_spot_013,exact,source_id + dirty_spot_id -> final spot_id,pass,dirty_spot_id maps to final Ground Truth spot_id
dirty_positive/dirty_6_51.jpg,6,6.jpg,6_spot_013,exact,source_id + dirty_spot_id -> final spot_id,pass,dirty_spot_id maps to final Ground Truth spot_id
dirty_positive/dirty_6_52.jpg,6,6.jpg,6_spot_013,exact,source_id + dirty_spot_id -> final spot_id,pass,dirty_spot_id maps to final Ground Truth spot_id
dirty_positive/dirty_6_53.jpg,6,6.jpg,6_spot_014,exact,source_id + dirty_spot_id -> final spot_id,pass,dirty_spot_id maps to final Ground Truth spot_id
dirty_positive/dirty_6_54.jpg,6,6.jpg,6_spot_014,exact,source_id + dirty_spot_id -> final spot_id,pass,dirty_spot_id maps to final Ground Truth spot_id
dirty_positive/dirty_6_55.jpg,6,6.jpg,6_spot_014,exact,source_id + dirty_spot_id -> final spot_id,pass,dirty_spot_id maps to final Ground Truth spot_id
dirty_positive/dirty_6_56.jpg,6,6.jpg,6_spot_014,exact,source_id + dirty_spot_id -> final spot_id,pass,dirty_spot_id maps to final Ground Truth spot_id
dirty_positive/dirty_6_57.jpg,6,6.jpg,6_spot_015,exact,source_id + dirty_spot_id -> final spot_id,pass,dirty_spot_id maps to final Ground Truth spot_id
dirty_positive/dirty_6_58.jpg,6,6.jpg,6_spot_015,exact,source_id + dirty_spot_id -> final spot_id,pass,dirty_spot_id maps to final Ground Truth spot_id
dirty_positive/dirty_6_59.jpg,6,6.jpg,6_spot_015,exact,source_id + dirty_spot_id -> final spot_id,pass,dirty_spot_id maps to final Ground Truth spot_id
dirty_positive/dirty_6_60.jpg,6,6.jpg,6_spot_015,exact,source_id + dirty_spot_id -> final spot_id,pass,dirty_spot_id maps to final Ground Truth spot_id
dirty_positive/dirty_6_61.jpg,6,6.jpg,6_spot_016,exact,source_id + dirty_spot_id -> final spot_id,pass,dirty_spot_id maps to final Ground Truth spot_id
dirty_positive/dirty_6_62.jpg,6,6.jpg,6_spot_016,exact,source_id + dirty_spot_id -> final spot_id,pass,dirty_spot_id maps to final Ground Truth spot_id
dirty_positive/dirty_6_63.jpg,6,6.jpg,6_spot_016,exact,source_id + dirty_spot_id -> final spot_id,pass,dirty_spot_id maps to final Ground Truth spot_id
dirty_positive/dirty_6_64.jpg,6,6.jpg,6_spot_016,exact,source_id + dirty_spot_id -> final spot_id,pass,dirty_spot_id maps to final Ground Truth spot_id
dirty_positive/dirty_6_65.jpg,6,6.jpg,6_spot_017,exact,source_id + dirty_spot_id -> final spot_id,pass,dirty_spot_id maps to final Ground Truth spot_id
dirty_positive/dirty_6_66.jpg,6,6.jpg,6_spot_017,exact,source_id + dirty_spot_id -> final spot_id,pass,dirty_spot_id maps to final Ground Truth spot_id
dirty_positive/dirty_6_67.jpg,6,6.jpg,6_spot_017,exact,source_id + dirty_spot_id -> final spot_id,pass,dirty_spot_id maps to final Ground Truth spot_id
dirty_positive/dirty_6_68.jpg,6,6.jpg,6_spot_017,exact,source_id + dirty_spot_id -> final spot_id,pass,dirty_spot_id maps to final Ground Truth spot_id
dirty_positive/dirty_7_1.jpg,7,7.jpg,7_spot_001,exact,source_id + dirty_spot_id -> final spot_id,pass,dirty_spot_id maps to final Ground Truth spot_id
dirty_positive/dirty_7_2.jpg,7,7.jpg,7_spot_001,exact,source_id + dirty_spot_id -> final spot_id,pass,dirty_spot_id maps to final Ground Truth spot_id
dirty_positive/dirty_7_3.jpg,7,7.jpg,7_spot_001,exact,source_id + dirty_spot_id -> final spot_id,pass,dirty_spot_id maps to final Ground Truth spot_id
dirty_positive/dirty_7_4.jpg,7,7.jpg,7_spot_001,exact,source_id + dirty_spot_id -> final spot_id,pass,dirty_spot_id maps to final Ground Truth spot_id
dirty_positive/dirty_7_5.jpg,7,7.jpg,7_spot_002,exact,source_id + dirty_spot_id -> final spot_id,pass,dirty_spot_id maps to final Ground Truth spot_id
dirty_positive/dirty_7_6.jpg,7,7.jpg,7_spot_002,exact,source_id + dirty_spot_id -> final spot_id,pass,dirty_spot_id maps to final Ground Truth spot_id
dirty_positive/dirty_7_7.jpg,7,7.jpg,7_spot_002,exact,source_id + dirty_spot_id -> final spot_id,pass,dirty_spot_id maps to final Ground Truth spot_id
dirty_positive/dirty_7_8.jpg,7,7.jpg,7_spot_002,exact,source_id + dirty_spot_id -> final spot_id,pass,dirty_spot_id maps to final Ground Truth spot_id
dirty_positive/dirty_7_9.jpg,7,7.jpg,7_spot_003,exact,source_id + dirty_spot_id -> final spot_id,pass,dirty_spot_id maps to final Ground Truth spot_id
dirty_positive/dirty_7_10.jpg,7,7.jpg,7_spot_003,exact,source_id + dirty_spot_id -> final spot_id,pass,dirty_spot_id maps to final Ground Truth spot_id
dirty_positive/dirty_7_11.jpg,7,7.jpg,7_spot_003,exact,source_id + dirty_spot_id -> final spot_id,pass,dirty_spot_id maps to final Ground Truth spot_id
dirty_positive/dirty_7_12.jpg,7,7.jpg,7_spot_003,exact,source_id + dirty_spot_id -> final spot_id,pass,dirty_spot_id maps to final Ground Truth spot_id
dirty_positive/dirty_7_13.jpg,7,7.jpg,7_spot_004,exact,source_id + dirty_spot_id -> final spot_id,pass,dirty_spot_id maps to final Ground Truth spot_id
dirty_positive/dirty_7_14.jpg,7,7.jpg,7_spot_004,exact,source_id + dirty_spot_id -> final spot_id,pass,dirty_spot_id maps to final Ground Truth spot_id
dirty_positive/dirty_7_15.jpg,7,7.jpg,7_spot_004,exact,source_id + dirty_spot_id -> final spot_id,pass,dirty_spot_id maps to final Ground Truth spot_id
dirty_positive/dirty_7_16.jpg,7,7.jpg,7_spot_004,exact,source_id + dirty_spot_id -> final spot_id,pass,dirty_spot_id maps to final Ground Truth spot_id
dirty_positive/dirty_7_17.jpg,7,7.jpg,7_spot_005,exact,source_id + dirty_spot_id -> final spot_id,pass,dirty_spot_id maps to final Ground Truth spot_id
dirty_positive/dirty_7_18.jpg,7,7.jpg,7_spot_005,exact,source_id + dirty_spot_id -> final spot_id,pass,dirty_spot_id maps to final Ground Truth spot_id
dirty_positive/dirty_7_19.jpg,7,7.jpg,7_spot_005,exact,source_id + dirty_spot_id -> final spot_id,pass,dirty_spot_id maps to final Ground Truth spot_id
dirty_positive/dirty_7_20.jpg,7,7.jpg,7_spot_005,exact,source_id + dirty_spot_id -> final spot_id,pass,dirty_spot_id maps to final Ground Truth spot_id
dirty_positive/dirty_7_21.jpg,7,7.jpg,7_spot_006,exact,source_id + dirty_spot_id -> final spot_id,pass,dirty_spot_id maps to final Ground Truth spot_id
dirty_positive/dirty_7_22.jpg,7,7.jpg,7_spot_006,exact,source_id + dirty_spot_id -> final spot_id,pass,dirty_spot_id maps to final Ground Truth spot_id
dirty_positive/dirty_7_23.jpg,7,7.jpg,7_spot_006,exact,source_id + dirty_spot_id -> final spot_id,pass,dirty_spot_id maps to final Ground Truth spot_id
dirty_positive/dirty_7_24.jpg,7,7.jpg,7_spot_006,exact,source_id + dirty_spot_id -> final spot_id,pass,dirty_spot_id maps to final Ground Truth spot_id
dirty_positive/dirty_7_25.jpg,7,7.jpg,7_spot_007,exact,source_id + dirty_spot_id -> final spot_id,pass,dirty_spot_id maps to final Ground Truth spot_id
dirty_positive/dirty_7_26.jpg,7,7.jpg,7_spot_007,exact,source_id + dirty_spot_id -> final spot_id,pass,dirty_spot_id maps to final Ground Truth spot_id
dirty_positive/dirty_7_27.jpg,7,7.jpg,7_spot_007,exact,source_id + dirty_spot_id -> final spot_id,pass,dirty_spot_id maps to final Ground Truth spot_id
dirty_positive/dirty_7_28.jpg,7,7.jpg,7_spot_007,exact,source_id + dirty_spot_id -> final spot_id,pass,dirty_spot_id maps to final Ground Truth spot_id
dirty_positive/dirty_7_29.jpg,7,7.jpg,7_spot_008,exact,source_id + dirty_spot_id -> final spot_id,pass,dirty_spot_id maps to final Ground Truth spot_id
dirty_positive/dirty_7_30.jpg,7,7.jpg,7_spot_008,exact,source_id + dirty_spot_id -> final spot_id,pass,dirty_spot_id maps to final Ground Truth spot_id
dirty_positive/dirty_7_31.jpg,7,7.jpg,7_spot_008,exact,source_id + dirty_spot_id -> final spot_id,pass,dirty_spot_id maps to final Ground Truth spot_id
dirty_positive/dirty_7_32.jpg,7,7.jpg,7_spot_008,exact,source_id + dirty_spot_id -> final spot_id,pass,dirty_spot_id maps to final Ground Truth spot_id
dirty_positive/dirty_7_33.jpg,7,7.jpg,7_spot_009,exact,source_id + dirty_spot_id -> final spot_id,pass,dirty_spot_id maps to final Ground Truth spot_id
dirty_positive/dirty_7_34.jpg,7,7.jpg,7_spot_009,exact,source_id + dirty_spot_id -> final spot_id,pass,dirty_spot_id maps to final Ground Truth spot_id
dirty_positive/dirty_7_35.jpg,7,7.jpg,7_spot_009,exact,source_id + dirty_spot_id -> final spot_id,pass,dirty_spot_id maps to final Ground Truth spot_id
dirty_positive/dirty_7_36.jpg,7,7.jpg,7_spot_009,exact,source_id + dirty_spot_id -> final spot_id,pass,dirty_spot_id maps to final Ground Truth spot_id
dirty_positive/dirty_7_37.jpg,7,7.jpg,7_spot_010,exact,source_id + dirty_spot_id -> final spot_id,pass,dirty_spot_id maps to final Ground Truth spot_id
dirty_positive/dirty_7_38.jpg,7,7.jpg,7_spot_010,exact,source_id + dirty_spot_id -> final spot_id,pass,dirty_spot_id maps to final Ground Truth spot_id
dirty_positive/dirty_7_39.jpg,7,7.jpg,7_spot_010,exact,source_id + dirty_spot_id -> final spot_id,pass,dirty_spot_id maps to final Ground Truth spot_id
dirty_positive/dirty_7_40.jpg,7,7.jpg,7_spot_010,exact,source_id + dirty_spot_id -> final spot_id,pass,dirty_spot_id maps to final Ground Truth spot_id
dirty_positive/dirty_7_41.jpg,7,7.jpg,7_spot_011,exact,source_id + dirty_spot_id -> final spot_id,pass,dirty_spot_id maps to final Ground Truth spot_id
dirty_positive/dirty_7_42.jpg,7,7.jpg,7_spot_011,exact,source_id + dirty_spot_id -> final spot_id,pass,dirty_spot_id maps to final Ground Truth spot_id
dirty_positive/dirty_7_43.jpg,7,7.jpg,7_spot_011,exact,source_id + dirty_spot_id -> final spot_id,pass,dirty_spot_id maps to final Ground Truth spot_id
dirty_positive/dirty_7_44.jpg,7,7.jpg,7_spot_011,exact,source_id + dirty_spot_id -> final spot_id,pass,dirty_spot_id maps to final Ground Truth spot_id
dirty_positive/dirty_7_45.jpg,7,7.jpg,7_spot_012,exact,source_id + dirty_spot_id -> final spot_id,pass,dirty_spot_id maps to final Ground Truth spot_id
dirty_positive/dirty_7_46.jpg,7,7.jpg,7_spot_012,exact,source_id + dirty_spot_id -> final spot_id,pass,dirty_spot_id maps to final Ground Truth spot_id
dirty_positive/dirty_7_47.jpg,7,7.jpg,7_spot_012,exact,source_id + dirty_spot_id -> final spot_id,pass,dirty_spot_id maps to final Ground Truth spot_id
dirty_positive/dirty_7_48.jpg,7,7.jpg,7_spot_012,exact,source_id + dirty_spot_id -> final spot_id,pass,dirty_spot_id maps to final Ground Truth spot_id
dirty_positive/dirty_7_49.jpg,7,7.jpg,7_spot_013,exact,source_id + dirty_spot_id -> final spot_id,pass,dirty_spot_id maps to final Ground Truth spot_id
dirty_positive/dirty_7_50.jpg,7,7.jpg,7_spot_013,exact,source_id + dirty_spot_id -> final spot_id,pass,dirty_spot_id maps to final Ground Truth spot_id
dirty_positive/dirty_7_51.jpg,7,7.jpg,7_spot_013,exact,source_id + dirty_spot_id -> final spot_id,pass,dirty_spot_id maps to final Ground Truth spot_id
dirty_positive/dirty_7_52.jpg,7,7.jpg,7_spot_013,exact,source_id + dirty_spot_id -> final spot_id,pass,dirty_spot_id maps to final Ground Truth spot_id
dirty_positive/dirty_7_53.jpg,7,7.jpg,7_spot_014,exact,source_id + dirty_spot_id -> final spot_id,pass,dirty_spot_id maps to final Ground Truth spot_id
dirty_positive/dirty_7_54.jpg,7,7.jpg,7_spot_014,exact,source_id + dirty_spot_id -> final spot_id,pass,dirty_spot_id maps to final Ground Truth spot_id
dirty_positive/dirty_7_55.jpg,7,7.jpg,7_spot_014,exact,source_id + dirty_spot_id -> final spot_id,pass,dirty_spot_id maps to final Ground Truth spot_id
dirty_positive/dirty_7_56.jpg,7,7.jpg,7_spot_014,exact,source_id + dirty_spot_id -> final spot_id,pass,dirty_spot_id maps to final Ground Truth spot_id
dirty_positive/dirty_7_57.jpg,7,7.jpg,7_spot_015,exact,source_id + dirty_spot_id -> final spot_id,pass,dirty_spot_id maps to final Ground Truth spot_id
dirty_positive/dirty_7_58.jpg,7,7.jpg,7_spot_015,exact,source_id + dirty_spot_id -> final spot_id,pass,dirty_spot_id maps to final Ground Truth spot_id
dirty_positive/dirty_7_59.jpg,7,7.jpg,7_spot_015,exact,source_id + dirty_spot_id -> final spot_id,pass,dirty_spot_id maps to final Ground Truth spot_id
dirty_positive/dirty_7_60.jpg,7,7.jpg,7_spot_015,exact,source_id + dirty_spot_id -> final spot_id,pass,dirty_spot_id maps to final Ground Truth spot_id
dirty_positive/dirty_7_61.jpg,7,7.jpg,7_spot_016,exact,source_id + dirty_spot_id -> final spot_id,pass,dirty_spot_id maps to final Ground Truth spot_id
dirty_positive/dirty_7_62.jpg,7,7.jpg,7_spot_016,exact,source_id + dirty_spot_id -> final spot_id,pass,dirty_spot_id maps to final Ground Truth spot_id
dirty_positive/dirty_7_63.jpg,7,7.jpg,7_spot_016,exact,source_id + dirty_spot_id -> final spot_id,pass,dirty_spot_id maps to final Ground Truth spot_id
dirty_positive/dirty_7_64.jpg,7,7.jpg,7_spot_016,exact,source_id + dirty_spot_id -> final spot_id,pass,dirty_spot_id maps to final Ground Truth spot_id
dirty_positive/dirty_7_65.jpg,7,7.jpg,7_spot_017,exact,source_id + dirty_spot_id -> final spot_id,pass,dirty_spot_id maps to final Ground Truth spot_id
dirty_positive/dirty_7_66.jpg,7,7.jpg,7_spot_017,exact,source_id + dirty_spot_id -> final spot_id,pass,dirty_spot_id maps to final Ground Truth spot_id
dirty_positive/dirty_7_67.jpg,7,7.jpg,7_spot_017,exact,source_id + dirty_spot_id -> final spot_id,pass,dirty_spot_id maps to final Ground Truth spot_id
dirty_positive/dirty_7_68.jpg,7,7.jpg,7_spot_017,exact,source_id + dirty_spot_id -> final spot_id,pass,dirty_spot_id maps to final Ground Truth spot_id
dirty_positive/dirty_7_69.jpg,7,7.jpg,7_spot_018,exact,source_id + dirty_spot_id -> final spot_id,pass,dirty_spot_id maps to final Ground Truth spot_id
dirty_positive/dirty_7_70.jpg,7,7.jpg,7_spot_018,exact,source_id + dirty_spot_id -> final spot_id,pass,dirty_spot_id maps to final Ground Truth spot_id
dirty_positive/dirty_7_71.jpg,7,7.jpg,7_spot_018,exact,source_id + dirty_spot_id -> final spot_id,pass,dirty_spot_id maps to final Ground Truth spot_id
dirty_positive/dirty_7_72.jpg,7,7.jpg,7_spot_018,exact,source_id + dirty_spot_id -> final spot_id,pass,dirty_spot_id maps to final Ground Truth spot_id
dirty_positive/dirty_7_73.jpg,7,7.jpg,7_spot_019,exact,source_id + dirty_spot_id -> final spot_id,pass,dirty_spot_id maps to final Ground Truth spot_id
dirty_positive/dirty_7_74.jpg,7,7.jpg,7_spot_019,exact,source_id + dirty_spot_id -> final spot_id,pass,dirty_spot_id maps to final Ground Truth spot_id
dirty_positive/dirty_7_75.jpg,7,7.jpg,7_spot_019,exact,source_id + dirty_spot_id -> final spot_id,pass,dirty_spot_id maps to final Ground Truth spot_id
dirty_positive/dirty_7_76.jpg,7,7.jpg,7_spot_019,exact,source_id + dirty_spot_id -> final spot_id,pass,dirty_spot_id maps to final Ground Truth spot_id
dirty_positive/dirty_7_77.jpg,7,7.jpg,7_spot_020,exact,source_id + dirty_spot_id -> final spot_id,pass,dirty_spot_id maps to final Ground Truth spot_id
dirty_positive/dirty_7_78.jpg,7,7.jpg,7_spot_020,exact,source_id + dirty_spot_id -> final spot_id,pass,dirty_spot_id maps to final Ground Truth spot_id
dirty_positive/dirty_7_79.jpg,7,7.jpg,7_spot_020,exact,source_id + dirty_spot_id -> final spot_id,pass,dirty_spot_id maps to final Ground Truth spot_id
dirty_positive/dirty_7_80.jpg,7,7.jpg,7_spot_020,exact,source_id + dirty_spot_id -> final spot_id,pass,dirty_spot_id maps to final Ground Truth spot_id
dirty_positive/dirty_7_81.jpg,7,7.jpg,7_spot_021,exact,source_id + dirty_spot_id -> final spot_id,pass,dirty_spot_id maps to final Ground Truth spot_id
dirty_positive/dirty_7_82.jpg,7,7.jpg,7_spot_021,exact,source_id + dirty_spot_id -> final spot_id,pass,dirty_spot_id maps to final Ground Truth spot_id
dirty_positive/dirty_7_83.jpg,7,7.jpg,7_spot_021,exact,source_id + dirty_spot_id -> final spot_id,pass,dirty_spot_id maps to final Ground Truth spot_id
dirty_positive/dirty_7_84.jpg,7,7.jpg,7_spot_021,exact,source_id + dirty_spot_id -> final spot_id,pass,dirty_spot_id maps to final Ground Truth spot_id
dirty_positive/dirty_7_85.jpg,7,7.jpg,7_spot_022,exact,source_id + dirty_spot_id -> final spot_id,pass,dirty_spot_id maps to final Ground Truth spot_id
dirty_positive/dirty_7_86.jpg,7,7.jpg,7_spot_022,exact,source_id + dirty_spot_id -> final spot_id,pass,dirty_spot_id maps to final Ground Truth spot_id
dirty_positive/dirty_7_87.jpg,7,7.jpg,7_spot_022,exact,source_id + dirty_spot_id -> final spot_id,pass,dirty_spot_id maps to final Ground Truth spot_id
dirty_positive/dirty_7_88.jpg,7,7.jpg,7_spot_022,exact,source_id + dirty_spot_id -> final spot_id,pass,dirty_spot_id maps to final Ground Truth spot_id
dirty_positive/dirty_7_89.jpg,7,7.jpg,7_spot_023,exact,source_id + dirty_spot_id -> final spot_id,pass,dirty_spot_id maps to final Ground Truth spot_id
dirty_positive/dirty_7_90.jpg,7,7.jpg,7_spot_023,exact,source_id + dirty_spot_id -> final spot_id,pass,dirty_spot_id maps to final Ground Truth spot_id
dirty_positive/dirty_7_91.jpg,7,7.jpg,7_spot_023,exact,source_id + dirty_spot_id -> final spot_id,pass,dirty_spot_id maps to final Ground Truth spot_id
dirty_positive/dirty_7_92.jpg,7,7.jpg,7_spot_023,exact,source_id + dirty_spot_id -> final spot_id,pass,dirty_spot_id maps to final Ground Truth spot_id
dirty_positive/dirty_7_93.jpg,7,7.jpg,7_spot_024,exact,source_id + dirty_spot_id -> final spot_id,pass,dirty_spot_id maps to final Ground Truth spot_id
dirty_positive/dirty_7_94.jpg,7,7.jpg,7_spot_024,exact,source_id + dirty_spot_id -> final spot_id,pass,dirty_spot_id maps to final Ground Truth spot_id
dirty_positive/dirty_7_95.jpg,7,7.jpg,7_spot_024,exact,source_id + dirty_spot_id -> final spot_id,pass,dirty_spot_id maps to final Ground Truth spot_id
dirty_positive/dirty_7_96.jpg,7,7.jpg,7_spot_024,exact,source_id + dirty_spot_id -> final spot_id,pass,dirty_spot_id maps to final Ground Truth spot_id
dirty_positive/dirty_7_97.jpg,7,7.jpg,7_spot_025,exact,source_id + dirty_spot_id -> final spot_id,pass,dirty_spot_id maps to final Ground Truth spot_id
dirty_positive/dirty_7_98.jpg,7,7.jpg,7_spot_025,exact,source_id + dirty_spot_id -> final spot_id,pass,dirty_spot_id maps to final Ground Truth spot_id
dirty_positive/dirty_7_99.jpg,7,7.jpg,7_spot_025,exact,source_id + dirty_spot_id -> final spot_id,pass,dirty_spot_id maps to final Ground Truth spot_id
dirty_positive/dirty_7_100.jpg,7,7.jpg,7_spot_025,exact,source_id + dirty_spot_id -> final spot_id,pass,dirty_spot_id maps to final Ground Truth spot_id
dirty_positive/dirty_7_101.jpg,7,7.jpg,7_spot_026,exact,source_id + dirty_spot_id -> final spot_id,pass,dirty_spot_id maps to final Ground Truth spot_id
dirty_positive/dirty_7_102.jpg,7,7.jpg,7_spot_026,exact,source_id + dirty_spot_id -> final spot_id,pass,dirty_spot_id maps to final Ground Truth spot_id
dirty_positive/dirty_7_103.jpg,7,7.jpg,7_spot_026,exact,source_id + dirty_spot_id -> final spot_id,pass,dirty_spot_id maps to final Ground Truth spot_id
dirty_positive/dirty_7_104.jpg,7,7.jpg,7_spot_026,exact,source_id + dirty_spot_id -> final spot_id,pass,dirty_spot_id maps to final Ground Truth spot_id
dirty_positive/dirty_7_105.jpg,7,7.jpg,7_spot_027,exact,source_id + dirty_spot_id -> final spot_id,pass,dirty_spot_id maps to final Ground Truth spot_id
dirty_positive/dirty_7_106.jpg,7,7.jpg,7_spot_027,exact,source_id + dirty_spot_id -> final spot_id,pass,dirty_spot_id maps to final Ground Truth spot_id
dirty_positive/dirty_7_107.jpg,7,7.jpg,7_spot_027,exact,source_id + dirty_spot_id -> final spot_id,pass,dirty_spot_id maps to final Ground Truth spot_id
dirty_positive/dirty_7_108.jpg,7,7.jpg,7_spot_027,exact,source_id + dirty_spot_id -> final spot_id,pass,dirty_spot_id maps to final Ground Truth spot_id
dirty_positive/dirty_8_1.jpg,8,8.jpg,8_spot_001,exact,source_id + dirty_spot_id -> final spot_id,pass,dirty_spot_id maps to final Ground Truth spot_id
dirty_positive/dirty_8_2.jpg,8,8.jpg,8_spot_001,exact,source_id + dirty_spot_id -> final spot_id,pass,dirty_spot_id maps to final Ground Truth spot_id
dirty_positive/dirty_8_3.jpg,8,8.jpg,8_spot_001,exact,source_id + dirty_spot_id -> final spot_id,pass,dirty_spot_id maps to final Ground Truth spot_id
dirty_positive/dirty_8_4.jpg,8,8.jpg,8_spot_001,exact,source_id + dirty_spot_id -> final spot_id,pass,dirty_spot_id maps to final Ground Truth spot_id
dirty_positive/dirty_8_5.jpg,8,8.jpg,8_spot_002,exact,source_id + dirty_spot_id -> final spot_id,pass,dirty_spot_id maps to final Ground Truth spot_id
dirty_positive/dirty_8_6.jpg,8,8.jpg,8_spot_002,exact,source_id + dirty_spot_id -> final spot_id,pass,dirty_spot_id maps to final Ground Truth spot_id
dirty_positive/dirty_8_7.jpg,8,8.jpg,8_spot_002,exact,source_id + dirty_spot_id -> final spot_id,pass,dirty_spot_id maps to final Ground Truth spot_id
dirty_positive/dirty_8_8.jpg,8,8.jpg,8_spot_002,exact,source_id + dirty_spot_id -> final spot_id,pass,dirty_spot_id maps to final Ground Truth spot_id
dirty_positive/dirty_8_9.jpg,8,8.jpg,8_spot_003,exact,source_id + dirty_spot_id -> final spot_id,pass,dirty_spot_id maps to final Ground Truth spot_id
dirty_positive/dirty_8_10.jpg,8,8.jpg,8_spot_003,exact,source_id + dirty_spot_id -> final spot_id,pass,dirty_spot_id maps to final Ground Truth spot_id
dirty_positive/dirty_8_11.jpg,8,8.jpg,8_spot_003,exact,source_id + dirty_spot_id -> final spot_id,pass,dirty_spot_id maps to final Ground Truth spot_id
dirty_positive/dirty_8_12.jpg,8,8.jpg,8_spot_003,exact,source_id + dirty_spot_id -> final spot_id,pass,dirty_spot_id maps to final Ground Truth spot_id
dirty_positive/dirty_8_13.jpg,8,8.jpg,8_spot_004,exact,source_id + dirty_spot_id -> final spot_id,pass,dirty_spot_id maps to final Ground Truth spot_id
dirty_positive/dirty_8_14.jpg,8,8.jpg,8_spot_004,exact,source_id + dirty_spot_id -> final spot_id,pass,dirty_spot_id maps to final Ground Truth spot_id
dirty_positive/dirty_8_15.jpg,8,8.jpg,8_spot_004,exact,source_id + dirty_spot_id -> final spot_id,pass,dirty_spot_id maps to final Ground Truth spot_id
dirty_positive/dirty_8_16.jpg,8,8.jpg,8_spot_004,exact,source_id + dirty_spot_id -> final spot_id,pass,dirty_spot_id maps to final Ground Truth spot_id
dirty_positive/dirty_8_17.jpg,8,8.jpg,8_spot_005,exact,source_id + dirty_spot_id -> final spot_id,pass,dirty_spot_id maps to final Ground Truth spot_id
dirty_positive/dirty_8_18.jpg,8,8.jpg,8_spot_005,exact,source_id + dirty_spot_id -> final spot_id,pass,dirty_spot_id maps to final Ground Truth spot_id
dirty_positive/dirty_8_19.jpg,8,8.jpg,8_spot_005,exact,source_id + dirty_spot_id -> final spot_id,pass,dirty_spot_id maps to final Ground Truth spot_id
dirty_positive/dirty_8_20.jpg,8,8.jpg,8_spot_005,exact,source_id + dirty_spot_id -> final spot_id,pass,dirty_spot_id maps to final Ground Truth spot_id
dirty_positive/dirty_8_21.jpg,8,8.jpg,8_spot_006,exact,source_id + dirty_spot_id -> final spot_id,pass,dirty_spot_id maps to final Ground Truth spot_id
dirty_positive/dirty_8_22.jpg,8,8.jpg,8_spot_006,exact,source_id + dirty_spot_id -> final spot_id,pass,dirty_spot_id maps to final Ground Truth spot_id
dirty_positive/dirty_8_23.jpg,8,8.jpg,8_spot_006,exact,source_id + dirty_spot_id -> final spot_id,pass,dirty_spot_id maps to final Ground Truth spot_id
dirty_positive/dirty_8_24.jpg,8,8.jpg,8_spot_006,exact,source_id + dirty_spot_id -> final spot_id,pass,dirty_spot_id maps to final Ground Truth spot_id
dirty_positive/dirty_8_25.jpg,8,8.jpg,8_spot_007,exact,source_id + dirty_spot_id -> final spot_id,pass,dirty_spot_id maps to final Ground Truth spot_id
dirty_positive/dirty_8_26.jpg,8,8.jpg,8_spot_007,exact,source_id + dirty_spot_id -> final spot_id,pass,dirty_spot_id maps to final Ground Truth spot_id
dirty_positive/dirty_8_27.jpg,8,8.jpg,8_spot_007,exact,source_id + dirty_spot_id -> final spot_id,pass,dirty_spot_id maps to final Ground Truth spot_id
dirty_positive/dirty_8_28.jpg,8,8.jpg,8_spot_007,exact,source_id + dirty_spot_id -> final spot_id,pass,dirty_spot_id maps to final Ground Truth spot_id
dirty_positive/dirty_8_29.jpg,8,8.jpg,8_spot_008,exact,source_id + dirty_spot_id -> final spot_id,pass,dirty_spot_id maps to final Ground Truth spot_id
dirty_positive/dirty_8_30.jpg,8,8.jpg,8_spot_008,exact,source_id + dirty_spot_id -> final spot_id,pass,dirty_spot_id maps to final Ground Truth spot_id
dirty_positive/dirty_8_31.jpg,8,8.jpg,8_spot_008,exact,source_id + dirty_spot_id -> final spot_id,pass,dirty_spot_id maps to final Ground Truth spot_id
dirty_positive/dirty_8_32.jpg,8,8.jpg,8_spot_008,exact,source_id + dirty_spot_id -> final spot_id,pass,dirty_spot_id maps to final Ground Truth spot_id
dirty_positive/dirty_8_33.jpg,8,8.jpg,8_spot_009,exact,source_id + dirty_spot_id -> final spot_id,pass,dirty_spot_id maps to final Ground Truth spot_id
dirty_positive/dirty_8_34.jpg,8,8.jpg,8_spot_009,exact,source_id + dirty_spot_id -> final spot_id,pass,dirty_spot_id maps to final Ground Truth spot_id
dirty_positive/dirty_8_35.jpg,8,8.jpg,8_spot_009,exact,source_id + dirty_spot_id -> final spot_id,pass,dirty_spot_id maps to final Ground Truth spot_id
dirty_positive/dirty_8_36.jpg,8,8.jpg,8_spot_009,exact,source_id + dirty_spot_id -> final spot_id,pass,dirty_spot_id maps to final Ground Truth spot_id
dirty_positive/dirty_8_37.jpg,8,8.jpg,8_spot_010,exact,source_id + dirty_spot_id -> final spot_id,pass,dirty_spot_id maps to final Ground Truth spot_id
dirty_positive/dirty_8_38.jpg,8,8.jpg,8_spot_010,exact,source_id + dirty_spot_id -> final spot_id,pass,dirty_spot_id maps to final Ground Truth spot_id
dirty_positive/dirty_8_39.jpg,8,8.jpg,8_spot_010,exact,source_id + dirty_spot_id -> final spot_id,pass,dirty_spot_id maps to final Ground Truth spot_id
dirty_positive/dirty_8_40.jpg,8,8.jpg,8_spot_010,exact,source_id + dirty_spot_id -> final spot_id,pass,dirty_spot_id maps to final Ground Truth spot_id
dirty_positive/dirty_8_41.jpg,8,8.jpg,8_spot_011,exact,source_id + dirty_spot_id -> final spot_id,pass,dirty_spot_id maps to final Ground Truth spot_id
dirty_positive/dirty_8_42.jpg,8,8.jpg,8_spot_011,exact,source_id + dirty_spot_id -> final spot_id,pass,dirty_spot_id maps to final Ground Truth spot_id
dirty_positive/dirty_8_43.jpg,8,8.jpg,8_spot_011,exact,source_id + dirty_spot_id -> final spot_id,pass,dirty_spot_id maps to final Ground Truth spot_id
dirty_positive/dirty_8_44.jpg,8,8.jpg,8_spot_011,exact,source_id + dirty_spot_id -> final spot_id,pass,dirty_spot_id maps to final Ground Truth spot_id
dirty_positive/dirty_8_45.jpg,8,8.jpg,8_spot_012,exact,source_id + dirty_spot_id -> final spot_id,pass,dirty_spot_id maps to final Ground Truth spot_id
dirty_positive/dirty_8_46.jpg,8,8.jpg,8_spot_012,exact,source_id + dirty_spot_id -> final spot_id,pass,dirty_spot_id maps to final Ground Truth spot_id
dirty_positive/dirty_8_47.jpg,8,8.jpg,8_spot_012,exact,source_id + dirty_spot_id -> final spot_id,pass,dirty_spot_id maps to final Ground Truth spot_id
dirty_positive/dirty_8_48.jpg,8,8.jpg,8_spot_012,exact,source_id + dirty_spot_id -> final spot_id,pass,dirty_spot_id maps to final Ground Truth spot_id
dirty_positive/dirty_8_49.jpg,8,8.jpg,8_spot_013,exact,source_id + dirty_spot_id -> final spot_id,pass,dirty_spot_id maps to final Ground Truth spot_id
dirty_positive/dirty_8_50.jpg,8,8.jpg,8_spot_013,exact,source_id + dirty_spot_id -> final spot_id,pass,dirty_spot_id maps to final Ground Truth spot_id
dirty_positive/dirty_8_51.jpg,8,8.jpg,8_spot_013,exact,source_id + dirty_spot_id -> final spot_id,pass,dirty_spot_id maps to final Ground Truth spot_id
dirty_positive/dirty_8_52.jpg,8,8.jpg,8_spot_013,exact,source_id + dirty_spot_id -> final spot_id,pass,dirty_spot_id maps to final Ground Truth spot_id
dirty_positive/dirty_8_53.jpg,8,8.jpg,8_spot_014,exact,source_id + dirty_spot_id -> final spot_id,pass,dirty_spot_id maps to final Ground Truth spot_id
dirty_positive/dirty_8_54.jpg,8,8.jpg,8_spot_014,exact,source_id + dirty_spot_id -> final spot_id,pass,dirty_spot_id maps to final Ground Truth spot_id
dirty_positive/dirty_8_55.jpg,8,8.jpg,8_spot_014,exact,source_id + dirty_spot_id -> final spot_id,pass,dirty_spot_id maps to final Ground Truth spot_id
dirty_positive/dirty_8_56.jpg,8,8.jpg,8_spot_014,exact,source_id + dirty_spot_id -> final spot_id,pass,dirty_spot_id maps to final Ground Truth spot_id
dirty_positive/dirty_8_57.jpg,8,8.jpg,8_spot_015,exact,source_id + dirty_spot_id -> final spot_id,pass,dirty_spot_id maps to final Ground Truth spot_id
dirty_positive/dirty_8_58.jpg,8,8.jpg,8_spot_015,exact,source_id + dirty_spot_id -> final spot_id,pass,dirty_spot_id maps to final Ground Truth spot_id
dirty_positive/dirty_8_59.jpg,8,8.jpg,8_spot_015,exact,source_id + dirty_spot_id -> final spot_id,pass,dirty_spot_id maps to final Ground Truth spot_id
dirty_positive/dirty_8_60.jpg,8,8.jpg,8_spot_015,exact,source_id + dirty_spot_id -> final spot_id,pass,dirty_spot_id maps to final Ground Truth spot_id
dirty_positive/dirty_8_61.jpg,8,8.jpg,8_spot_016,exact,source_id + dirty_spot_id -> final spot_id,pass,dirty_spot_id maps to final Ground Truth spot_id
dirty_positive/dirty_8_62.jpg,8,8.jpg,8_spot_016,exact,source_id + dirty_spot_id -> final spot_id,pass,dirty_spot_id maps to final Ground Truth spot_id
dirty_positive/dirty_8_63.jpg,8,8.jpg,8_spot_016,exact,source_id + dirty_spot_id -> final spot_id,pass,dirty_spot_id maps to final Ground Truth spot_id
dirty_positive/dirty_8_64.jpg,8,8.jpg,8_spot_016,exact,source_id + dirty_spot_id -> final spot_id,pass,dirty_spot_id maps to final Ground Truth spot_id
dirty_positive/dirty_8_65.jpg,8,8.jpg,8_spot_017,exact,source_id + dirty_spot_id -> final spot_id,pass,dirty_spot_id maps to final Ground Truth spot_id
dirty_positive/dirty_8_66.jpg,8,8.jpg,8_spot_017,exact,source_id + dirty_spot_id -> final spot_id,pass,dirty_spot_id maps to final Ground Truth spot_id
dirty_positive/dirty_8_67.jpg,8,8.jpg,8_spot_017,exact,source_id + dirty_spot_id -> final spot_id,pass,dirty_spot_id maps to final Ground Truth spot_id
dirty_positive/dirty_8_68.jpg,8,8.jpg,8_spot_017,exact,source_id + dirty_spot_id -> final spot_id,pass,dirty_spot_id maps to final Ground Truth spot_id
dirty_positive/dirty_8_69.jpg,8,8.jpg,8_spot_018,exact,source_id + dirty_spot_id -> final spot_id,pass,dirty_spot_id maps to final Ground Truth spot_id
dirty_positive/dirty_8_70.jpg,8,8.jpg,8_spot_018,exact,source_id + dirty_spot_id -> final spot_id,pass,dirty_spot_id maps to final Ground Truth spot_id
dirty_positive/dirty_8_71.jpg,8,8.jpg,8_spot_018,exact,source_id + dirty_spot_id -> final spot_id,pass,dirty_spot_id maps to final Ground Truth spot_id
dirty_positive/dirty_8_72.jpg,8,8.jpg,8_spot_018,exact,source_id + dirty_spot_id -> final spot_id,pass,dirty_spot_id maps to final Ground Truth spot_id
dirty_positive/dirty_8_73.jpg,8,8.jpg,8_spot_019,exact,source_id + dirty_spot_id -> final spot_id,pass,dirty_spot_id maps to final Ground Truth spot_id
dirty_positive/dirty_8_74.jpg,8,8.jpg,8_spot_019,exact,source_id + dirty_spot_id -> final spot_id,pass,dirty_spot_id maps to final Ground Truth spot_id
dirty_positive/dirty_8_75.jpg,8,8.jpg,8_spot_019,exact,source_id + dirty_spot_id -> final spot_id,pass,dirty_spot_id maps to final Ground Truth spot_id
dirty_positive/dirty_8_76.jpg,8,8.jpg,8_spot_019,exact,source_id + dirty_spot_id -> final spot_id,pass,dirty_spot_id maps to final Ground Truth spot_id
dirty_positive/dirty_8_77.jpg,8,8.jpg,8_spot_020,exact,source_id + dirty_spot_id -> final spot_id,pass,dirty_spot_id maps to final Ground Truth spot_id
dirty_positive/dirty_8_78.jpg,8,8.jpg,8_spot_020,exact,source_id + dirty_spot_id -> final spot_id,pass,dirty_spot_id maps to final Ground Truth spot_id
dirty_positive/dirty_8_79.jpg,8,8.jpg,8_spot_020,exact,source_id + dirty_spot_id -> final spot_id,pass,dirty_spot_id maps to final Ground Truth spot_id
dirty_positive/dirty_8_80.jpg,8,8.jpg,8_spot_020,exact,source_id + dirty_spot_id -> final spot_id,pass,dirty_spot_id maps to final Ground Truth spot_id
dirty_positive/dirty_9_1.jpg,9,9.jpg,9_spot_001,exact,source_id + dirty_spot_id -> final spot_id,pass,dirty_spot_id maps to final Ground Truth spot_id
dirty_positive/dirty_9_2.jpg,9,9.jpg,9_spot_001,exact,source_id + dirty_spot_id -> final spot_id,pass,dirty_spot_id maps to final Ground Truth spot_id
dirty_positive/dirty_9_3.jpg,9,9.jpg,9_spot_001,exact,source_id + dirty_spot_id -> final spot_id,pass,dirty_spot_id maps to final Ground Truth spot_id
dirty_positive/dirty_9_4.jpg,9,9.jpg,9_spot_001,exact,source_id + dirty_spot_id -> final spot_id,pass,dirty_spot_id maps to final Ground Truth spot_id
dirty_positive/dirty_9_5.jpg,9,9.jpg,9_spot_002,exact,source_id + dirty_spot_id -> final spot_id,pass,dirty_spot_id maps to final Ground Truth spot_id
dirty_positive/dirty_9_6.jpg,9,9.jpg,9_spot_002,exact,source_id + dirty_spot_id -> final spot_id,pass,dirty_spot_id maps to final Ground Truth spot_id
dirty_positive/dirty_9_7.jpg,9,9.jpg,9_spot_002,exact,source_id + dirty_spot_id -> final spot_id,pass,dirty_spot_id maps to final Ground Truth spot_id
dirty_positive/dirty_9_8.jpg,9,9.jpg,9_spot_002,exact,source_id + dirty_spot_id -> final spot_id,pass,dirty_spot_id maps to final Ground Truth spot_id
dirty_positive/dirty_9_9.jpg,9,9.jpg,9_spot_003,exact,source_id + dirty_spot_id -> final spot_id,pass,dirty_spot_id maps to final Ground Truth spot_id
dirty_positive/dirty_9_10.jpg,9,9.jpg,9_spot_003,exact,source_id + dirty_spot_id -> final spot_id,pass,dirty_spot_id maps to final Ground Truth spot_id
dirty_positive/dirty_9_11.jpg,9,9.jpg,9_spot_003,exact,source_id + dirty_spot_id -> final spot_id,pass,dirty_spot_id maps to final Ground Truth spot_id
dirty_positive/dirty_9_12.jpg,9,9.jpg,9_spot_003,exact,source_id + dirty_spot_id -> final spot_id,pass,dirty_spot_id maps to final Ground Truth spot_id
dirty_positive/dirty_9_13.jpg,9,9.jpg,9_spot_004,exact,source_id + dirty_spot_id -> final spot_id,pass,dirty_spot_id maps to final Ground Truth spot_id
dirty_positive/dirty_9_14.jpg,9,9.jpg,9_spot_004,exact,source_id + dirty_spot_id -> final spot_id,pass,dirty_spot_id maps to final Ground Truth spot_id
dirty_positive/dirty_9_15.jpg,9,9.jpg,9_spot_004,exact,source_id + dirty_spot_id -> final spot_id,pass,dirty_spot_id maps to final Ground Truth spot_id
dirty_positive/dirty_9_16.jpg,9,9.jpg,9_spot_004,exact,source_id + dirty_spot_id -> final spot_id,pass,dirty_spot_id maps to final Ground Truth spot_id
dirty_positive/dirty_9_17.jpg,9,9.jpg,9_spot_005,exact,source_id + dirty_spot_id -> final spot_id,pass,dirty_spot_id maps to final Ground Truth spot_id
dirty_positive/dirty_9_18.jpg,9,9.jpg,9_spot_005,exact,source_id + dirty_spot_id -> final spot_id,pass,dirty_spot_id maps to final Ground Truth spot_id
dirty_positive/dirty_9_19.jpg,9,9.jpg,9_spot_005,exact,source_id + dirty_spot_id -> final spot_id,pass,dirty_spot_id maps to final Ground Truth spot_id
dirty_positive/dirty_9_20.jpg,9,9.jpg,9_spot_005,exact,source_id + dirty_spot_id -> final spot_id,pass,dirty_spot_id maps to final Ground Truth spot_id
dirty_positive/dirty_9_21.jpg,9,9.jpg,9_spot_006,exact,source_id + dirty_spot_id -> final spot_id,pass,dirty_spot_id maps to final Ground Truth spot_id
dirty_positive/dirty_9_22.jpg,9,9.jpg,9_spot_006,exact,source_id + dirty_spot_id -> final spot_id,pass,dirty_spot_id maps to final Ground Truth spot_id
dirty_positive/dirty_9_23.jpg,9,9.jpg,9_spot_006,exact,source_id + dirty_spot_id -> final spot_id,pass,dirty_spot_id maps to final Ground Truth spot_id
dirty_positive/dirty_9_24.jpg,9,9.jpg,9_spot_006,exact,source_id + dirty_spot_id -> final spot_id,pass,dirty_spot_id maps to final Ground Truth spot_id
dirty_positive/dirty_9_25.jpg,9,9.jpg,9_spot_007,exact,source_id + dirty_spot_id -> final spot_id,pass,dirty_spot_id maps to final Ground Truth spot_id
dirty_positive/dirty_9_26.jpg,9,9.jpg,9_spot_007,exact,source_id + dirty_spot_id -> final spot_id,pass,dirty_spot_id maps to final Ground Truth spot_id
dirty_positive/dirty_9_27.jpg,9,9.jpg,9_spot_007,exact,source_id + dirty_spot_id -> final spot_id,pass,dirty_spot_id maps to final Ground Truth spot_id
dirty_positive/dirty_9_28.jpg,9,9.jpg,9_spot_007,exact,source_id + dirty_spot_id -> final spot_id,pass,dirty_spot_id maps to final Ground Truth spot_id
dirty_positive/dirty_9_29.jpg,9,9.jpg,9_spot_008,exact,source_id + dirty_spot_id -> final spot_id,pass,dirty_spot_id maps to final Ground Truth spot_id
dirty_positive/dirty_9_30.jpg,9,9.jpg,9_spot_008,exact,source_id + dirty_spot_id -> final spot_id,pass,dirty_spot_id maps to final Ground Truth spot_id
dirty_positive/dirty_9_31.jpg,9,9.jpg,9_spot_008,exact,source_id + dirty_spot_id -> final spot_id,pass,dirty_spot_id maps to final Ground Truth spot_id
dirty_positive/dirty_9_32.jpg,9,9.jpg,9_spot_008,exact,source_id + dirty_spot_id -> final spot_id,pass,dirty_spot_id maps to final Ground Truth spot_id
dirty_positive/dirty_9_33.jpg,9,9.jpg,9_spot_009,exact,source_id + dirty_spot_id -> final spot_id,pass,dirty_spot_id maps to final Ground Truth spot_id
dirty_positive/dirty_9_34.jpg,9,9.jpg,9_spot_009,exact,source_id + dirty_spot_id -> final spot_id,pass,dirty_spot_id maps to final Ground Truth spot_id
dirty_positive/dirty_9_35.jpg,9,9.jpg,9_spot_009,exact,source_id + dirty_spot_id -> final spot_id,pass,dirty_spot_id maps to final Ground Truth spot_id
dirty_positive/dirty_9_36.jpg,9,9.jpg,9_spot_009,exact,source_id + dirty_spot_id -> final spot_id,pass,dirty_spot_id maps to final Ground Truth spot_id
dirty_positive/dirty_9_37.jpg,9,9.jpg,9_spot_010,exact,source_id + dirty_spot_id -> final spot_id,pass,dirty_spot_id maps to final Ground Truth spot_id
dirty_positive/dirty_9_38.jpg,9,9.jpg,9_spot_010,exact,source_id + dirty_spot_id -> final spot_id,pass,dirty_spot_id maps to final Ground Truth spot_id
dirty_positive/dirty_9_39.jpg,9,9.jpg,9_spot_010,exact,source_id + dirty_spot_id -> final spot_id,pass,dirty_spot_id maps to final Ground Truth spot_id
dirty_positive/dirty_9_40.jpg,9,9.jpg,9_spot_010,exact,source_id + dirty_spot_id -> final spot_id,pass,dirty_spot_id maps to final Ground Truth spot_id
dirty_positive/dirty_9_41.jpg,9,9.jpg,9_spot_011,exact,source_id + dirty_spot_id -> final spot_id,pass,dirty_spot_id maps to final Ground Truth spot_id
dirty_positive/dirty_9_42.jpg,9,9.jpg,9_spot_011,exact,source_id + dirty_spot_id -> final spot_id,pass,dirty_spot_id maps to final Ground Truth spot_id
dirty_positive/dirty_9_43.jpg,9,9.jpg,9_spot_011,exact,source_id + dirty_spot_id -> final spot_id,pass,dirty_spot_id maps to final Ground Truth spot_id
dirty_positive/dirty_9_44.jpg,9,9.jpg,9_spot_011,exact,source_id + dirty_spot_id -> final spot_id,pass,dirty_spot_id maps to final Ground Truth spot_id
dirty_positive/dirty_9_45.jpg,9,9.jpg,9_spot_012,exact,source_id + dirty_spot_id -> final spot_id,pass,dirty_spot_id maps to final Ground Truth spot_id
dirty_positive/dirty_9_46.jpg,9,9.jpg,9_spot_012,exact,source_id + dirty_spot_id -> final spot_id,pass,dirty_spot_id maps to final Ground Truth spot_id
dirty_positive/dirty_9_47.jpg,9,9.jpg,9_spot_012,exact,source_id + dirty_spot_id -> final spot_id,pass,dirty_spot_id maps to final Ground Truth spot_id
dirty_positive/dirty_9_48.jpg,9,9.jpg,9_spot_012,exact,source_id + dirty_spot_id -> final spot_id,pass,dirty_spot_id maps to final Ground Truth spot_id
dirty_positive/dirty_9_49.jpg,9,9.jpg,9_spot_013,exact,source_id + dirty_spot_id -> final spot_id,pass,dirty_spot_id maps to final Ground Truth spot_id
dirty_positive/dirty_9_50.jpg,9,9.jpg,9_spot_013,exact,source_id + dirty_spot_id -> final spot_id,pass,dirty_spot_id maps to final Ground Truth spot_id
dirty_positive/dirty_9_51.jpg,9,9.jpg,9_spot_013,exact,source_id + dirty_spot_id -> final spot_id,pass,dirty_spot_id maps to final Ground Truth spot_id
dirty_positive/dirty_9_52.jpg,9,9.jpg,9_spot_013,exact,source_id + dirty_spot_id -> final spot_id,pass,dirty_spot_id maps to final Ground Truth spot_id
dirty_positive/dirty_10_1.jpg,10,10.jpg,10_spot_001,exact,source_id + dirty_spot_id -> final spot_id,pass,dirty_spot_id maps to final Ground Truth spot_id
dirty_positive/dirty_10_2.jpg,10,10.jpg,10_spot_001,exact,source_id + dirty_spot_id -> final spot_id,pass,dirty_spot_id maps to final Ground Truth spot_id
dirty_positive/dirty_10_3.jpg,10,10.jpg,10_spot_001,exact,source_id + dirty_spot_id -> final spot_id,pass,dirty_spot_id maps to final Ground Truth spot_id
dirty_positive/dirty_10_4.jpg,10,10.jpg,10_spot_001,exact,source_id + dirty_spot_id -> final spot_id,pass,dirty_spot_id maps to final Ground Truth spot_id
dirty_positive/dirty_10_5.jpg,10,10.jpg,10_spot_002,exact,source_id + dirty_spot_id -> final spot_id,pass,dirty_spot_id maps to final Ground Truth spot_id
dirty_positive/dirty_10_6.jpg,10,10.jpg,10_spot_002,exact,source_id + dirty_spot_id -> final spot_id,pass,dirty_spot_id maps to final Ground Truth spot_id
dirty_positive/dirty_10_7.jpg,10,10.jpg,10_spot_002,exact,source_id + dirty_spot_id -> final spot_id,pass,dirty_spot_id maps to final Ground Truth spot_id
dirty_positive/dirty_10_8.jpg,10,10.jpg,10_spot_002,exact,source_id + dirty_spot_id -> final spot_id,pass,dirty_spot_id maps to final Ground Truth spot_id
dirty_positive/dirty_10_9.jpg,10,10.jpg,10_spot_003,exact,source_id + dirty_spot_id -> final spot_id,pass,dirty_spot_id maps to final Ground Truth spot_id
dirty_positive/dirty_10_10.jpg,10,10.jpg,10_spot_003,exact,source_id + dirty_spot_id -> final spot_id,pass,dirty_spot_id maps to final Ground Truth spot_id
dirty_positive/dirty_10_11.jpg,10,10.jpg,10_spot_003,exact,source_id + dirty_spot_id -> final spot_id,pass,dirty_spot_id maps to final Ground Truth spot_id
dirty_positive/dirty_10_12.jpg,10,10.jpg,10_spot_003,exact,source_id + dirty_spot_id -> final spot_id,pass,dirty_spot_id maps to final Ground Truth spot_id
dirty_positive/dirty_10_13.jpg,10,10.jpg,10_spot_004,exact,source_id + dirty_spot_id -> final spot_id,pass,dirty_spot_id maps to final Ground Truth spot_id
dirty_positive/dirty_10_14.jpg,10,10.jpg,10_spot_004,exact,source_id + dirty_spot_id -> final spot_id,pass,dirty_spot_id maps to final Ground Truth spot_id
dirty_positive/dirty_10_15.jpg,10,10.jpg,10_spot_004,exact,source_id + dirty_spot_id -> final spot_id,pass,dirty_spot_id maps to final Ground Truth spot_id
dirty_positive/dirty_10_16.jpg,10,10.jpg,10_spot_004,exact,source_id + dirty_spot_id -> final spot_id,pass,dirty_spot_id maps to final Ground Truth spot_id
dirty_positive/dirty_10_17.jpg,10,10.jpg,10_spot_005,exact,source_id + dirty_spot_id -> final spot_id,pass,dirty_spot_id maps to final Ground Truth spot_id
dirty_positive/dirty_10_18.jpg,10,10.jpg,10_spot_005,exact,source_id + dirty_spot_id -> final spot_id,pass,dirty_spot_id maps to final Ground Truth spot_id
dirty_positive/dirty_10_19.jpg,10,10.jpg,10_spot_005,exact,source_id + dirty_spot_id -> final spot_id,pass,dirty_spot_id maps to final Ground Truth spot_id
dirty_positive/dirty_10_20.jpg,10,10.jpg,10_spot_005,exact,source_id + dirty_spot_id -> final spot_id,pass,dirty_spot_id maps to final Ground Truth spot_id
dirty_positive/dirty_10_21.jpg,10,10.jpg,10_spot_006,exact,source_id + dirty_spot_id -> final spot_id,pass,dirty_spot_id maps to final Ground Truth spot_id
dirty_positive/dirty_10_22.jpg,10,10.jpg,10_spot_006,exact,source_id + dirty_spot_id -> final spot_id,pass,dirty_spot_id maps to final Ground Truth spot_id
dirty_positive/dirty_10_23.jpg,10,10.jpg,10_spot_006,exact,source_id + dirty_spot_id -> final spot_id,pass,dirty_spot_id maps to final Ground Truth spot_id
dirty_positive/dirty_10_24.jpg,10,10.jpg,10_spot_006,exact,source_id + dirty_spot_id -> final spot_id,pass,dirty_spot_id maps to final Ground Truth spot_id
dirty_positive/dirty_10_25.jpg,10,10.jpg,10_spot_007,exact,source_id + dirty_spot_id -> final spot_id,pass,dirty_spot_id maps to final Ground Truth spot_id
dirty_positive/dirty_10_26.jpg,10,10.jpg,10_spot_007,exact,source_id + dirty_spot_id -> final spot_id,pass,dirty_spot_id maps to final Ground Truth spot_id
dirty_positive/dirty_10_27.jpg,10,10.jpg,10_spot_007,exact,source_id + dirty_spot_id -> final spot_id,pass,dirty_spot_id maps to final Ground Truth spot_id
dirty_positive/dirty_10_28.jpg,10,10.jpg,10_spot_007,exact,source_id + dirty_spot_id -> final spot_id,pass,dirty_spot_id maps to final Ground Truth spot_id
dirty_positive/dirty_10_29.jpg,10,10.jpg,10_spot_008,exact,source_id + dirty_spot_id -> final spot_id,pass,dirty_spot_id maps to final Ground Truth spot_id
dirty_positive/dirty_10_30.jpg,10,10.jpg,10_spot_008,exact,source_id + dirty_spot_id -> final spot_id,pass,dirty_spot_id maps to final Ground Truth spot_id
dirty_positive/dirty_10_31.jpg,10,10.jpg,10_spot_008,exact,source_id + dirty_spot_id -> final spot_id,pass,dirty_spot_id maps to final Ground Truth spot_id
dirty_positive/dirty_10_32.jpg,10,10.jpg,10_spot_008,exact,source_id + dirty_spot_id -> final spot_id,pass,dirty_spot_id maps to final Ground Truth spot_id
dirty_positive/dirty_10_33.jpg,10,10.jpg,10_spot_009,exact,source_id + dirty_spot_id -> final spot_id,pass,dirty_spot_id maps to final Ground Truth spot_id
dirty_positive/dirty_10_34.jpg,10,10.jpg,10_spot_009,exact,source_id + dirty_spot_id -> final spot_id,pass,dirty_spot_id maps to final Ground Truth spot_id
dirty_positive/dirty_10_35.jpg,10,10.jpg,10_spot_009,exact,source_id + dirty_spot_id -> final spot_id,pass,dirty_spot_id maps to final Ground Truth spot_id
dirty_positive/dirty_10_36.jpg,10,10.jpg,10_spot_009,exact,source_id + dirty_spot_id -> final spot_id,pass,dirty_spot_id maps to final Ground Truth spot_id
dirty_positive/dirty_10_37.jpg,10,10.jpg,10_spot_010,exact,source_id + dirty_spot_id -> final spot_id,pass,dirty_spot_id maps to final Ground Truth spot_id
dirty_positive/dirty_10_38.jpg,10,10.jpg,10_spot_010,exact,source_id + dirty_spot_id -> final spot_id,pass,dirty_spot_id maps to final Ground Truth spot_id
dirty_positive/dirty_10_39.jpg,10,10.jpg,10_spot_010,exact,source_id + dirty_spot_id -> final spot_id,pass,dirty_spot_id maps to final Ground Truth spot_id
dirty_positive/dirty_10_40.jpg,10,10.jpg,10_spot_010,exact,source_id + dirty_spot_id -> final spot_id,pass,dirty_spot_id maps to final Ground Truth spot_id
dirty_positive/dirty_10_41.jpg,10,10.jpg,10_spot_011,exact,source_id + dirty_spot_id -> final spot_id,pass,dirty_spot_id maps to final Ground Truth spot_id
dirty_positive/dirty_10_42.jpg,10,10.jpg,10_spot_011,exact,source_id + dirty_spot_id -> final spot_id,pass,dirty_spot_id maps to final Ground Truth spot_id
dirty_positive/dirty_10_43.jpg,10,10.jpg,10_spot_011,exact,source_id + dirty_spot_id -> final spot_id,pass,dirty_spot_id maps to final Ground Truth spot_id
dirty_positive/dirty_10_44.jpg,10,10.jpg,10_spot_011,exact,source_id + dirty_spot_id -> final spot_id,pass,dirty_spot_id maps to final Ground Truth spot_id
dirty_positive/dirty_10_45.jpg,10,10.jpg,10_spot_012,exact,source_id + dirty_spot_id -> final spot_id,pass,dirty_spot_id maps to final Ground Truth spot_id
dirty_positive/dirty_10_46.jpg,10,10.jpg,10_spot_012,exact,source_id + dirty_spot_id -> final spot_id,pass,dirty_spot_id maps to final Ground Truth spot_id
dirty_positive/dirty_10_47.jpg,10,10.jpg,10_spot_012,exact,source_id + dirty_spot_id -> final spot_id,pass,dirty_spot_id maps to final Ground Truth spot_id
dirty_positive/dirty_10_48.jpg,10,10.jpg,10_spot_012,exact,source_id + dirty_spot_id -> final spot_id,pass,dirty_spot_id maps to final Ground Truth spot_id
dirty_positive/dirty_10_49.jpg,10,10.jpg,10_spot_013,exact,source_id + dirty_spot_id -> final spot_id,pass,dirty_spot_id maps to final Ground Truth spot_id
dirty_positive/dirty_10_50.jpg,10,10.jpg,10_spot_013,exact,source_id + dirty_spot_id -> final spot_id,pass,dirty_spot_id maps to final Ground Truth spot_id
dirty_positive/dirty_10_51.jpg,10,10.jpg,10_spot_013,exact,source_id + dirty_spot_id -> final spot_id,pass,dirty_spot_id maps to final Ground Truth spot_id
dirty_positive/dirty_10_52.jpg,10,10.jpg,10_spot_013,exact,source_id + dirty_spot_id -> final spot_id,pass,dirty_spot_id maps to final Ground Truth spot_id
dirty_positive/dirty_10_53.jpg,10,10.jpg,10_spot_014,exact,source_id + dirty_spot_id -> final spot_id,pass,dirty_spot_id maps to final Ground Truth spot_id
dirty_positive/dirty_10_54.jpg,10,10.jpg,10_spot_014,exact,source_id + dirty_spot_id -> final spot_id,pass,dirty_spot_id maps to final Ground Truth spot_id
dirty_positive/dirty_10_55.jpg,10,10.jpg,10_spot_014,exact,source_id + dirty_spot_id -> final spot_id,pass,dirty_spot_id maps to final Ground Truth spot_id
dirty_positive/dirty_10_56.jpg,10,10.jpg,10_spot_014,exact,source_id + dirty_spot_id -> final spot_id,pass,dirty_spot_id maps to final Ground Truth spot_id
dirty_positive/dirty_10_57.jpg,10,10.jpg,10_spot_015,exact,source_id + dirty_spot_id -> final spot_id,pass,dirty_spot_id maps to final Ground Truth spot_id
dirty_positive/dirty_10_58.jpg,10,10.jpg,10_spot_015,exact,source_id + dirty_spot_id -> final spot_id,pass,dirty_spot_id maps to final Ground Truth spot_id
dirty_positive/dirty_10_59.jpg,10,10.jpg,10_spot_015,exact,source_id + dirty_spot_id -> final spot_id,pass,dirty_spot_id maps to final Ground Truth spot_id
dirty_positive/dirty_10_60.jpg,10,10.jpg,10_spot_015,exact,source_id + dirty_spot_id -> final spot_id,pass,dirty_spot_id maps to final Ground Truth spot_id
dirty_positive/dirty_10_61.jpg,10,10.jpg,10_spot_016,exact,source_id + dirty_spot_id -> final spot_id,pass,dirty_spot_id maps to final Ground Truth spot_id
dirty_positive/dirty_10_62.jpg,10,10.jpg,10_spot_016,exact,source_id + dirty_spot_id -> final spot_id,pass,dirty_spot_id maps to final Ground Truth spot_id
dirty_positive/dirty_10_63.jpg,10,10.jpg,10_spot_016,exact,source_id + dirty_spot_id -> final spot_id,pass,dirty_spot_id maps to final Ground Truth spot_id
dirty_positive/dirty_10_64.jpg,10,10.jpg,10_spot_016,exact,source_id + dirty_spot_id -> final spot_id,pass,dirty_spot_id maps to final Ground Truth spot_id
dirty_positive/dirty_10_65.jpg,10,10.jpg,10_spot_017,exact,source_id + dirty_spot_id -> final spot_id,pass,dirty_spot_id maps to final Ground Truth spot_id
dirty_positive/dirty_10_66.jpg,10,10.jpg,10_spot_017,exact,source_id + dirty_spot_id -> final spot_id,pass,dirty_spot_id maps to final Ground Truth spot_id
dirty_positive/dirty_10_67.jpg,10,10.jpg,10_spot_017,exact,source_id + dirty_spot_id -> final spot_id,pass,dirty_spot_id maps to final Ground Truth spot_id
dirty_positive/dirty_10_68.jpg,10,10.jpg,10_spot_017,exact,source_id + dirty_spot_id -> final spot_id,pass,dirty_spot_id maps to final Ground Truth spot_id
dirty_positive/dirty_10_69.jpg,10,10.jpg,10_spot_018,exact,source_id + dirty_spot_id -> final spot_id,pass,dirty_spot_id maps to final Ground Truth spot_id
dirty_positive/dirty_10_70.jpg,10,10.jpg,10_spot_018,exact,source_id + dirty_spot_id -> final spot_id,pass,dirty_spot_id maps to final Ground Truth spot_id
dirty_positive/dirty_10_71.jpg,10,10.jpg,10_spot_018,exact,source_id + dirty_spot_id -> final spot_id,pass,dirty_spot_id maps to final Ground Truth spot_id
dirty_positive/dirty_10_72.jpg,10,10.jpg,10_spot_018,exact,source_id + dirty_spot_id -> final spot_id,pass,dirty_spot_id maps to final Ground Truth spot_id
dirty_positive/dirty_10_73.jpg,10,10.jpg,10_spot_019,exact,source_id + dirty_spot_id -> final spot_id,pass,dirty_spot_id maps to final Ground Truth spot_id
dirty_positive/dirty_10_74.jpg,10,10.jpg,10_spot_019,exact,source_id + dirty_spot_id -> final spot_id,pass,dirty_spot_id maps to final Ground Truth spot_id
dirty_positive/dirty_10_75.jpg,10,10.jpg,10_spot_019,exact,source_id + dirty_spot_id -> final spot_id,pass,dirty_spot_id maps to final Ground Truth spot_id
dirty_positive/dirty_10_76.jpg,10,10.jpg,10_spot_019,exact,source_id + dirty_spot_id -> final spot_id,pass,dirty_spot_id maps to final Ground Truth spot_id
dirty_positive/dirty_10_77.jpg,10,10.jpg,10_spot_020,exact,source_id + dirty_spot_id -> final spot_id,pass,dirty_spot_id maps to final Ground Truth spot_id
dirty_positive/dirty_10_78.jpg,10,10.jpg,10_spot_020,exact,source_id + dirty_spot_id -> final spot_id,pass,dirty_spot_id maps to final Ground Truth spot_id
dirty_positive/dirty_10_79.jpg,10,10.jpg,10_spot_020,exact,source_id + dirty_spot_id -> final spot_id,pass,dirty_spot_id maps to final Ground Truth spot_id
dirty_positive/dirty_10_80.jpg,10,10.jpg,10_spot_020,exact,source_id + dirty_spot_id -> final spot_id,pass,dirty_spot_id maps to final Ground Truth spot_id
dirty_positive/dirty_11_1.jpg,11,11.jpg,11_spot_001,exact,source_id + dirty_spot_id -> final spot_id,pass,dirty_spot_id maps to final Ground Truth spot_id
dirty_positive/dirty_11_2.jpg,11,11.jpg,11_spot_001,exact,source_id + dirty_spot_id -> final spot_id,pass,dirty_spot_id maps to final Ground Truth spot_id
dirty_positive/dirty_11_3.jpg,11,11.jpg,11_spot_001,exact,source_id + dirty_spot_id -> final spot_id,pass,dirty_spot_id maps to final Ground Truth spot_id
dirty_positive/dirty_11_4.jpg,11,11.jpg,11_spot_001,exact,source_id + dirty_spot_id -> final spot_id,pass,dirty_spot_id maps to final Ground Truth spot_id
dirty_positive/dirty_11_5.jpg,11,11.jpg,11_spot_002,exact,source_id + dirty_spot_id -> final spot_id,pass,dirty_spot_id maps to final Ground Truth spot_id
dirty_positive/dirty_11_6.jpg,11,11.jpg,11_spot_002,exact,source_id + dirty_spot_id -> final spot_id,pass,dirty_spot_id maps to final Ground Truth spot_id
dirty_positive/dirty_11_7.jpg,11,11.jpg,11_spot_002,exact,source_id + dirty_spot_id -> final spot_id,pass,dirty_spot_id maps to final Ground Truth spot_id
dirty_positive/dirty_11_8.jpg,11,11.jpg,11_spot_002,exact,source_id + dirty_spot_id -> final spot_id,pass,dirty_spot_id maps to final Ground Truth spot_id
dirty_positive/dirty_11_9.jpg,11,11.jpg,11_spot_003,exact,source_id + dirty_spot_id -> final spot_id,pass,dirty_spot_id maps to final Ground Truth spot_id
dirty_positive/dirty_11_10.jpg,11,11.jpg,11_spot_003,exact,source_id + dirty_spot_id -> final spot_id,pass,dirty_spot_id maps to final Ground Truth spot_id
dirty_positive/dirty_11_11.jpg,11,11.jpg,11_spot_003,exact,source_id + dirty_spot_id -> final spot_id,pass,dirty_spot_id maps to final Ground Truth spot_id
dirty_positive/dirty_11_12.jpg,11,11.jpg,11_spot_003,exact,source_id + dirty_spot_id -> final spot_id,pass,dirty_spot_id maps to final Ground Truth spot_id
dirty_positive/dirty_11_13.jpg,11,11.jpg,11_spot_004,exact,source_id + dirty_spot_id -> final spot_id,pass,dirty_spot_id maps to final Ground Truth spot_id
dirty_positive/dirty_11_14.jpg,11,11.jpg,11_spot_004,exact,source_id + dirty_spot_id -> final spot_id,pass,dirty_spot_id maps to final Ground Truth spot_id
dirty_positive/dirty_11_15.jpg,11,11.jpg,11_spot_004,exact,source_id + dirty_spot_id -> final spot_id,pass,dirty_spot_id maps to final Ground Truth spot_id
dirty_positive/dirty_11_16.jpg,11,11.jpg,11_spot_004,exact,source_id + dirty_spot_id -> final spot_id,pass,dirty_spot_id maps to final Ground Truth spot_id
dirty_positive/dirty_11_17.jpg,11,11.jpg,11_spot_005,exact,source_id + dirty_spot_id -> final spot_id,pass,dirty_spot_id maps to final Ground Truth spot_id
dirty_positive/dirty_11_18.jpg,11,11.jpg,11_spot_005,exact,source_id + dirty_spot_id -> final spot_id,pass,dirty_spot_id maps to final Ground Truth spot_id
dirty_positive/dirty_11_19.jpg,11,11.jpg,11_spot_005,exact,source_id + dirty_spot_id -> final spot_id,pass,dirty_spot_id maps to final Ground Truth spot_id
dirty_positive/dirty_11_20.jpg,11,11.jpg,11_spot_005,exact,source_id + dirty_spot_id -> final spot_id,pass,dirty_spot_id maps to final Ground Truth spot_id
dirty_positive/dirty_11_21.jpg,11,11.jpg,11_spot_006,exact,source_id + dirty_spot_id -> final spot_id,pass,dirty_spot_id maps to final Ground Truth spot_id
dirty_positive/dirty_11_22.jpg,11,11.jpg,11_spot_006,exact,source_id + dirty_spot_id -> final spot_id,pass,dirty_spot_id maps to final Ground Truth spot_id
dirty_positive/dirty_11_23.jpg,11,11.jpg,11_spot_006,exact,source_id + dirty_spot_id -> final spot_id,pass,dirty_spot_id maps to final Ground Truth spot_id
dirty_positive/dirty_11_24.jpg,11,11.jpg,11_spot_006,exact,source_id + dirty_spot_id -> final spot_id,pass,dirty_spot_id maps to final Ground Truth spot_id
dirty_positive/dirty_11_25.jpg,11,11.jpg,11_spot_007,exact,source_id + dirty_spot_id -> final spot_id,pass,dirty_spot_id maps to final Ground Truth spot_id
dirty_positive/dirty_11_26.jpg,11,11.jpg,11_spot_007,exact,source_id + dirty_spot_id -> final spot_id,pass,dirty_spot_id maps to final Ground Truth spot_id
dirty_positive/dirty_11_27.jpg,11,11.jpg,11_spot_007,exact,source_id + dirty_spot_id -> final spot_id,pass,dirty_spot_id maps to final Ground Truth spot_id
dirty_positive/dirty_11_28.jpg,11,11.jpg,11_spot_007,exact,source_id + dirty_spot_id -> final spot_id,pass,dirty_spot_id maps to final Ground Truth spot_id
dirty_positive/dirty_11_29.jpg,11,11.jpg,11_spot_008,exact,source_id + dirty_spot_id -> final spot_id,pass,dirty_spot_id maps to final Ground Truth spot_id
dirty_positive/dirty_11_30.jpg,11,11.jpg,11_spot_008,exact,source_id + dirty_spot_id -> final spot_id,pass,dirty_spot_id maps to final Ground Truth spot_id
dirty_positive/dirty_11_31.jpg,11,11.jpg,11_spot_008,exact,source_id + dirty_spot_id -> final spot_id,pass,dirty_spot_id maps to final Ground Truth spot_id
dirty_positive/dirty_11_32.jpg,11,11.jpg,11_spot_008,exact,source_id + dirty_spot_id -> final spot_id,pass,dirty_spot_id maps to final Ground Truth spot_id
dirty_positive/dirty_11_33.jpg,11,11.jpg,11_spot_009,exact,source_id + dirty_spot_id -> final spot_id,pass,dirty_spot_id maps to final Ground Truth spot_id
dirty_positive/dirty_11_34.jpg,11,11.jpg,11_spot_009,exact,source_id + dirty_spot_id -> final spot_id,pass,dirty_spot_id maps to final Ground Truth spot_id
dirty_positive/dirty_11_35.jpg,11,11.jpg,11_spot_009,exact,source_id + dirty_spot_id -> final spot_id,pass,dirty_spot_id maps to final Ground Truth spot_id
dirty_positive/dirty_11_36.jpg,11,11.jpg,11_spot_009,exact,source_id + dirty_spot_id -> final spot_id,pass,dirty_spot_id maps to final Ground Truth spot_id
dirty_positive/dirty_11_37.jpg,11,11.jpg,11_spot_010,exact,source_id + dirty_spot_id -> final spot_id,pass,dirty_spot_id maps to final Ground Truth spot_id
dirty_positive/dirty_11_38.jpg,11,11.jpg,11_spot_010,exact,source_id + dirty_spot_id -> final spot_id,pass,dirty_spot_id maps to final Ground Truth spot_id
dirty_positive/dirty_11_39.jpg,11,11.jpg,11_spot_010,exact,source_id + dirty_spot_id -> final spot_id,pass,dirty_spot_id maps to final Ground Truth spot_id
dirty_positive/dirty_11_40.jpg,11,11.jpg,11_spot_010,exact,source_id + dirty_spot_id -> final spot_id,pass,dirty_spot_id maps to final Ground Truth spot_id
dirty_positive/dirty_11_41.jpg,11,11.jpg,11_spot_011,exact,source_id + dirty_spot_id -> final spot_id,pass,dirty_spot_id maps to final Ground Truth spot_id
dirty_positive/dirty_11_42.jpg,11,11.jpg,11_spot_011,exact,source_id + dirty_spot_id -> final spot_id,pass,dirty_spot_id maps to final Ground Truth spot_id
dirty_positive/dirty_11_43.jpg,11,11.jpg,11_spot_011,exact,source_id + dirty_spot_id -> final spot_id,pass,dirty_spot_id maps to final Ground Truth spot_id
dirty_positive/dirty_11_44.jpg,11,11.jpg,11_spot_011,exact,source_id + dirty_spot_id -> final spot_id,pass,dirty_spot_id maps to final Ground Truth spot_id
dirty_positive/dirty_11_45.jpg,11,11.jpg,11_spot_012,exact,source_id + dirty_spot_id -> final spot_id,pass,dirty_spot_id maps to final Ground Truth spot_id
dirty_positive/dirty_11_46.jpg,11,11.jpg,11_spot_012,exact,source_id + dirty_spot_id -> final spot_id,pass,dirty_spot_id maps to final Ground Truth spot_id
dirty_positive/dirty_11_47.jpg,11,11.jpg,11_spot_012,exact,source_id + dirty_spot_id -> final spot_id,pass,dirty_spot_id maps to final Ground Truth spot_id
dirty_positive/dirty_11_48.jpg,11,11.jpg,11_spot_012,exact,source_id + dirty_spot_id -> final spot_id,pass,dirty_spot_id maps to final Ground Truth spot_id
dirty_positive/dirty_11_49.jpg,11,11.jpg,11_spot_013,exact,source_id + dirty_spot_id -> final spot_id,pass,dirty_spot_id maps to final Ground Truth spot_id
dirty_positive/dirty_11_50.jpg,11,11.jpg,11_spot_013,exact,source_id + dirty_spot_id -> final spot_id,pass,dirty_spot_id maps to final Ground Truth spot_id
dirty_positive/dirty_11_51.jpg,11,11.jpg,11_spot_013,exact,source_id + dirty_spot_id -> final spot_id,pass,dirty_spot_id maps to final Ground Truth spot_id
dirty_positive/dirty_11_52.jpg,11,11.jpg,11_spot_013,exact,source_id + dirty_spot_id -> final spot_id,pass,dirty_spot_id maps to final Ground Truth spot_id
dirty_positive/dirty_11_53.jpg,11,11.jpg,11_spot_014,exact,source_id + dirty_spot_id -> final spot_id,pass,dirty_spot_id maps to final Ground Truth spot_id
dirty_positive/dirty_11_54.jpg,11,11.jpg,11_spot_014,exact,source_id + dirty_spot_id -> final spot_id,pass,dirty_spot_id maps to final Ground Truth spot_id
dirty_positive/dirty_11_55.jpg,11,11.jpg,11_spot_014,exact,source_id + dirty_spot_id -> final spot_id,pass,dirty_spot_id maps to final Ground Truth spot_id
dirty_positive/dirty_11_56.jpg,11,11.jpg,11_spot_014,exact,source_id + dirty_spot_id -> final spot_id,pass,dirty_spot_id maps to final Ground Truth spot_id
dirty_positive/dirty_11_57.jpg,11,11.jpg,11_spot_015,exact,source_id + dirty_spot_id -> final spot_id,pass,dirty_spot_id maps to final Ground Truth spot_id
dirty_positive/dirty_11_58.jpg,11,11.jpg,11_spot_015,exact,source_id + dirty_spot_id -> final spot_id,pass,dirty_spot_id maps to final Ground Truth spot_id
dirty_positive/dirty_11_59.jpg,11,11.jpg,11_spot_015,exact,source_id + dirty_spot_id -> final spot_id,pass,dirty_spot_id maps to final Ground Truth spot_id
dirty_positive/dirty_11_60.jpg,11,11.jpg,11_spot_015,exact,source_id + dirty_spot_id -> final spot_id,pass,dirty_spot_id maps to final Ground Truth spot_id
dirty_positive/dirty_11_61.jpg,11,11.jpg,11_spot_016,exact,source_id + dirty_spot_id -> final spot_id,pass,dirty_spot_id maps to final Ground Truth spot_id
dirty_positive/dirty_11_62.jpg,11,11.jpg,11_spot_016,exact,source_id + dirty_spot_id -> final spot_id,pass,dirty_spot_id maps to final Ground Truth spot_id
dirty_positive/dirty_11_63.jpg,11,11.jpg,11_spot_016,exact,source_id + dirty_spot_id -> final spot_id,pass,dirty_spot_id maps to final Ground Truth spot_id
dirty_positive/dirty_11_64.jpg,11,11.jpg,11_spot_016,exact,source_id + dirty_spot_id -> final spot_id,pass,dirty_spot_id maps to final Ground Truth spot_id
dirty_positive/dirty_11_65.jpg,11,11.jpg,11_spot_017,exact,source_id + dirty_spot_id -> final spot_id,pass,dirty_spot_id maps to final Ground Truth spot_id
dirty_positive/dirty_11_66.jpg,11,11.jpg,11_spot_017,exact,source_id + dirty_spot_id -> final spot_id,pass,dirty_spot_id maps to final Ground Truth spot_id
dirty_positive/dirty_11_67.jpg,11,11.jpg,11_spot_017,exact,source_id + dirty_spot_id -> final spot_id,pass,dirty_spot_id maps to final Ground Truth spot_id
dirty_positive/dirty_11_68.jpg,11,11.jpg,11_spot_017,exact,source_id + dirty_spot_id -> final spot_id,pass,dirty_spot_id maps to final Ground Truth spot_id
dirty_positive/dirty_11_69.jpg,11,11.jpg,11_spot_018,exact,source_id + dirty_spot_id -> final spot_id,pass,dirty_spot_id maps to final Ground Truth spot_id
dirty_positive/dirty_11_70.jpg,11,11.jpg,11_spot_018,exact,source_id + dirty_spot_id -> final spot_id,pass,dirty_spot_id maps to final Ground Truth spot_id
dirty_positive/dirty_11_71.jpg,11,11.jpg,11_spot_018,exact,source_id + dirty_spot_id -> final spot_id,pass,dirty_spot_id maps to final Ground Truth spot_id
dirty_positive/dirty_11_72.jpg,11,11.jpg,11_spot_018,exact,source_id + dirty_spot_id -> final spot_id,pass,dirty_spot_id maps to final Ground Truth spot_id
dirty_positive/dirty_11_73.jpg,11,11.jpg,11_spot_019,exact,source_id + dirty_spot_id -> final spot_id,pass,dirty_spot_id maps to final Ground Truth spot_id
dirty_positive/dirty_11_74.jpg,11,11.jpg,11_spot_019,exact,source_id + dirty_spot_id -> final spot_id,pass,dirty_spot_id maps to final Ground Truth spot_id
dirty_positive/dirty_11_75.jpg,11,11.jpg,11_spot_019,exact,source_id + dirty_spot_id -> final spot_id,pass,dirty_spot_id maps to final Ground Truth spot_id
dirty_positive/dirty_11_76.jpg,11,11.jpg,11_spot_019,exact,source_id + dirty_spot_id -> final spot_id,pass,dirty_spot_id maps to final Ground Truth spot_id
dirty_positive/dirty_11_77.jpg,11,11.jpg,11_spot_020,exact,source_id + dirty_spot_id -> final spot_id,pass,dirty_spot_id maps to final Ground Truth spot_id
dirty_positive/dirty_11_78.jpg,11,11.jpg,11_spot_020,exact,source_id + dirty_spot_id -> final spot_id,pass,dirty_spot_id maps to final Ground Truth spot_id
dirty_positive/dirty_11_79.jpg,11,11.jpg,11_spot_020,exact,source_id + dirty_spot_id -> final spot_id,pass,dirty_spot_id maps to final Ground Truth spot_id
dirty_positive/dirty_11_80.jpg,11,11.jpg,11_spot_020,exact,source_id + dirty_spot_id -> final spot_id,pass,dirty_spot_id maps to final Ground Truth spot_id
dirty_positive/dirty_11_81.jpg,11,11.jpg,11_spot_021,exact,source_id + dirty_spot_id -> final spot_id,pass,dirty_spot_id maps to final Ground Truth spot_id
dirty_positive/dirty_11_82.jpg,11,11.jpg,11_spot_021,exact,source_id + dirty_spot_id -> final spot_id,pass,dirty_spot_id maps to final Ground Truth spot_id
dirty_positive/dirty_11_83.jpg,11,11.jpg,11_spot_021,exact,source_id + dirty_spot_id -> final spot_id,pass,dirty_spot_id maps to final Ground Truth spot_id
dirty_positive/dirty_11_84.jpg,11,11.jpg,11_spot_021,exact,source_id + dirty_spot_id -> final spot_id,pass,dirty_spot_id maps to final Ground Truth spot_id
dirty_positive/dirty_11_85.jpg,11,11.jpg,11_spot_022,exact,source_id + dirty_spot_id -> final spot_id,pass,dirty_spot_id maps to final Ground Truth spot_id
dirty_positive/dirty_11_86.jpg,11,11.jpg,11_spot_022,exact,source_id + dirty_spot_id -> final spot_id,pass,dirty_spot_id maps to final Ground Truth spot_id
dirty_positive/dirty_11_87.jpg,11,11.jpg,11_spot_022,exact,source_id + dirty_spot_id -> final spot_id,pass,dirty_spot_id maps to final Ground Truth spot_id
dirty_positive/dirty_11_88.jpg,11,11.jpg,11_spot_022,exact,source_id + dirty_spot_id -> final spot_id,pass,dirty_spot_id maps to final Ground Truth spot_id
dirty_positive/dirty_11_89.jpg,11,11.jpg,11_spot_023,exact,source_id + dirty_spot_id -> final spot_id,pass,dirty_spot_id maps to final Ground Truth spot_id
dirty_positive/dirty_11_90.jpg,11,11.jpg,11_spot_023,exact,source_id + dirty_spot_id -> final spot_id,pass,dirty_spot_id maps to final Ground Truth spot_id
dirty_positive/dirty_11_91.jpg,11,11.jpg,11_spot_023,exact,source_id + dirty_spot_id -> final spot_id,pass,dirty_spot_id maps to final Ground Truth spot_id
dirty_positive/dirty_11_92.jpg,11,11.jpg,11_spot_023,exact,source_id + dirty_spot_id -> final spot_id,pass,dirty_spot_id maps to final Ground Truth spot_id
dirty_positive/dirty_11_93.jpg,11,11.jpg,11_spot_024,exact,source_id + dirty_spot_id -> final spot_id,pass,dirty_spot_id maps to final Ground Truth spot_id
dirty_positive/dirty_11_94.jpg,11,11.jpg,11_spot_024,exact,source_id + dirty_spot_id -> final spot_id,pass,dirty_spot_id maps to final Ground Truth spot_id
dirty_positive/dirty_11_95.jpg,11,11.jpg,11_spot_024,exact,source_id + dirty_spot_id -> final spot_id,pass,dirty_spot_id maps to final Ground Truth spot_id
dirty_positive/dirty_11_96.jpg,11,11.jpg,11_spot_024,exact,source_id + dirty_spot_id -> final spot_id,pass,dirty_spot_id maps to final Ground Truth spot_id
dirty_positive/dirty_11_97.jpg,11,11.jpg,11_spot_025,exact,source_id + dirty_spot_id -> final spot_id,pass,dirty_spot_id maps to final Ground Truth spot_id
dirty_positive/dirty_11_98.jpg,11,11.jpg,11_spot_025,exact,source_id + dirty_spot_id -> final spot_id,pass,dirty_spot_id maps to final Ground Truth spot_id
dirty_positive/dirty_11_99.jpg,11,11.jpg,11_spot_025,exact,source_id + dirty_spot_id -> final spot_id,pass,dirty_spot_id maps to final Ground Truth spot_id
dirty_positive/dirty_11_100.jpg,11,11.jpg,11_spot_025,exact,source_id + dirty_spot_id -> final spot_id,pass,dirty_spot_id maps to final Ground Truth spot_id
dirty_positive/dirty_11_101.jpg,11,11.jpg,11_spot_026,exact,source_id + dirty_spot_id -> final spot_id,pass,dirty_spot_id maps to final Ground Truth spot_id
dirty_positive/dirty_11_102.jpg,11,11.jpg,11_spot_026,exact,source_id + dirty_spot_id -> final spot_id,pass,dirty_spot_id maps to final Ground Truth spot_id
dirty_positive/dirty_11_103.jpg,11,11.jpg,11_spot_026,exact,source_id + dirty_spot_id -> final spot_id,pass,dirty_spot_id maps to final Ground Truth spot_id
dirty_positive/dirty_11_104.jpg,11,11.jpg,11_spot_026,exact,source_id + dirty_spot_id -> final spot_id,pass,dirty_spot_id maps to final Ground Truth spot_id
dirty_positive/dirty_11_105.jpg,11,11.jpg,11_spot_027,exact,source_id + dirty_spot_id -> final spot_id,pass,dirty_spot_id maps to final Ground Truth spot_id
dirty_positive/dirty_11_106.jpg,11,11.jpg,11_spot_027,exact,source_id + dirty_spot_id -> final spot_id,pass,dirty_spot_id maps to final Ground Truth spot_id
dirty_positive/dirty_11_107.jpg,11,11.jpg,11_spot_027,exact,source_id + dirty_spot_id -> final spot_id,pass,dirty_spot_id maps to final Ground Truth spot_id
dirty_positive/dirty_11_108.jpg,11,11.jpg,11_spot_027,exact,source_id + dirty_spot_id -> final spot_id,pass,dirty_spot_id maps to final Ground Truth spot_id
dirty_positive/dirty_11_109.jpg,11,11.jpg,11_spot_028,exact,source_id + dirty_spot_id -> final spot_id,pass,dirty_spot_id maps to final Ground Truth spot_id
dirty_positive/dirty_11_110.jpg,11,11.jpg,11_spot_028,exact,source_id + dirty_spot_id -> final spot_id,pass,dirty_spot_id maps to final Ground Truth spot_id
dirty_positive/dirty_11_111.jpg,11,11.jpg,11_spot_028,exact,source_id + dirty_spot_id -> final spot_id,pass,dirty_spot_id maps to final Ground Truth spot_id
dirty_positive/dirty_11_112.jpg,11,11.jpg,11_spot_028,exact,source_id + dirty_spot_id -> final spot_id,pass,dirty_spot_id maps to final Ground Truth spot_id
dirty_positive/dirty_11_113.jpg,11,11.jpg,11_spot_029,exact,source_id + dirty_spot_id -> final spot_id,pass,dirty_spot_id maps to final Ground Truth spot_id
dirty_positive/dirty_11_114.jpg,11,11.jpg,11_spot_029,exact,source_id + dirty_spot_id -> final spot_id,pass,dirty_spot_id maps to final Ground Truth spot_id
dirty_positive/dirty_11_115.jpg,11,11.jpg,11_spot_029,exact,source_id + dirty_spot_id -> final spot_id,pass,dirty_spot_id maps to final Ground Truth spot_id
dirty_positive/dirty_11_116.jpg,11,11.jpg,11_spot_029,exact,source_id + dirty_spot_id -> final spot_id,pass,dirty_spot_id maps to final Ground Truth spot_id
dirty_positive/dirty_11_117.jpg,11,11.jpg,11_spot_030,exact,source_id + dirty_spot_id -> final spot_id,pass,dirty_spot_id maps to final Ground Truth spot_id
dirty_positive/dirty_11_118.jpg,11,11.jpg,11_spot_030,exact,source_id + dirty_spot_id -> final spot_id,pass,dirty_spot_id maps to final Ground Truth spot_id
dirty_positive/dirty_11_119.jpg,11,11.jpg,11_spot_030,exact,source_id + dirty_spot_id -> final spot_id,pass,dirty_spot_id maps to final Ground Truth spot_id
dirty_positive/dirty_11_120.jpg,11,11.jpg,11_spot_030,exact,source_id + dirty_spot_id -> final spot_id,pass,dirty_spot_id maps to final Ground Truth spot_id
dirty_positive/dirty_11_121.jpg,11,11.jpg,11_spot_031,exact,source_id + dirty_spot_id -> final spot_id,pass,dirty_spot_id maps to final Ground Truth spot_id
dirty_positive/dirty_11_122.jpg,11,11.jpg,11_spot_031,exact,source_id + dirty_spot_id -> final spot_id,pass,dirty_spot_id maps to final Ground Truth spot_id
dirty_positive/dirty_11_123.jpg,11,11.jpg,11_spot_031,exact,source_id + dirty_spot_id -> final spot_id,pass,dirty_spot_id maps to final Ground Truth spot_id
dirty_positive/dirty_11_124.jpg,11,11.jpg,11_spot_031,exact,source_id + dirty_spot_id -> final spot_id,pass,dirty_spot_id maps to final Ground Truth spot_id
dirty_positive/dirty_12_1.jpg,12,12.jpg,12_spot_001,exact,source_id + dirty_spot_id -> final spot_id,pass,dirty_spot_id maps to final Ground Truth spot_id
dirty_positive/dirty_12_2.jpg,12,12.jpg,12_spot_001,exact,source_id + dirty_spot_id -> final spot_id,pass,dirty_spot_id maps to final Ground Truth spot_id
dirty_positive/dirty_12_3.jpg,12,12.jpg,12_spot_001,exact,source_id + dirty_spot_id -> final spot_id,pass,dirty_spot_id maps to final Ground Truth spot_id
dirty_positive/dirty_12_4.jpg,12,12.jpg,12_spot_001,exact,source_id + dirty_spot_id -> final spot_id,pass,dirty_spot_id maps to final Ground Truth spot_id
dirty_positive/dirty_12_5.jpg,12,12.jpg,12_spot_002,exact,source_id + dirty_spot_id -> final spot_id,pass,dirty_spot_id maps to final Ground Truth spot_id
dirty_positive/dirty_12_6.jpg,12,12.jpg,12_spot_002,exact,source_id + dirty_spot_id -> final spot_id,pass,dirty_spot_id maps to final Ground Truth spot_id
dirty_positive/dirty_12_7.jpg,12,12.jpg,12_spot_002,exact,source_id + dirty_spot_id -> final spot_id,pass,dirty_spot_id maps to final Ground Truth spot_id
dirty_positive/dirty_12_8.jpg,12,12.jpg,12_spot_002,exact,source_id + dirty_spot_id -> final spot_id,pass,dirty_spot_id maps to final Ground Truth spot_id
dirty_positive/dirty_12_9.jpg,12,12.jpg,12_spot_003,exact,source_id + dirty_spot_id -> final spot_id,pass,dirty_spot_id maps to final Ground Truth spot_id
dirty_positive/dirty_12_10.jpg,12,12.jpg,12_spot_003,exact,source_id + dirty_spot_id -> final spot_id,pass,dirty_spot_id maps to final Ground Truth spot_id
dirty_positive/dirty_12_11.jpg,12,12.jpg,12_spot_003,exact,source_id + dirty_spot_id -> final spot_id,pass,dirty_spot_id maps to final Ground Truth spot_id
dirty_positive/dirty_12_12.jpg,12,12.jpg,12_spot_003,exact,source_id + dirty_spot_id -> final spot_id,pass,dirty_spot_id maps to final Ground Truth spot_id
dirty_positive/dirty_12_13.jpg,12,12.jpg,12_spot_004,exact,source_id + dirty_spot_id -> final spot_id,pass,dirty_spot_id maps to final Ground Truth spot_id
dirty_positive/dirty_12_14.jpg,12,12.jpg,12_spot_004,exact,source_id + dirty_spot_id -> final spot_id,pass,dirty_spot_id maps to final Ground Truth spot_id
dirty_positive/dirty_12_15.jpg,12,12.jpg,12_spot_004,exact,source_id + dirty_spot_id -> final spot_id,pass,dirty_spot_id maps to final Ground Truth spot_id
dirty_positive/dirty_12_16.jpg,12,12.jpg,12_spot_004,exact,source_id + dirty_spot_id -> final spot_id,pass,dirty_spot_id maps to final Ground Truth spot_id
dirty_positive/dirty_12_17.jpg,12,12.jpg,12_spot_005,exact,source_id + dirty_spot_id -> final spot_id,pass,dirty_spot_id maps to final Ground Truth spot_id
dirty_positive/dirty_12_18.jpg,12,12.jpg,12_spot_005,exact,source_id + dirty_spot_id -> final spot_id,pass,dirty_spot_id maps to final Ground Truth spot_id
dirty_positive/dirty_12_19.jpg,12,12.jpg,12_spot_005,exact,source_id + dirty_spot_id -> final spot_id,pass,dirty_spot_id maps to final Ground Truth spot_id
dirty_positive/dirty_12_20.jpg,12,12.jpg,12_spot_005,exact,source_id + dirty_spot_id -> final spot_id,pass,dirty_spot_id maps to final Ground Truth spot_id
dirty_positive/dirty_12_21.jpg,12,12.jpg,12_spot_006,exact,source_id + dirty_spot_id -> final spot_id,pass,dirty_spot_id maps to final Ground Truth spot_id
dirty_positive/dirty_12_22.jpg,12,12.jpg,12_spot_006,exact,source_id + dirty_spot_id -> final spot_id,pass,dirty_spot_id maps to final Ground Truth spot_id
dirty_positive/dirty_12_23.jpg,12,12.jpg,12_spot_006,exact,source_id + dirty_spot_id -> final spot_id,pass,dirty_spot_id maps to final Ground Truth spot_id
dirty_positive/dirty_12_24.jpg,12,12.jpg,12_spot_006,exact,source_id + dirty_spot_id -> final spot_id,pass,dirty_spot_id maps to final Ground Truth spot_id
dirty_positive/dirty_12_25.jpg,12,12.jpg,12_spot_007,exact,source_id + dirty_spot_id -> final spot_id,pass,dirty_spot_id maps to final Ground Truth spot_id
dirty_positive/dirty_12_26.jpg,12,12.jpg,12_spot_007,exact,source_id + dirty_spot_id -> final spot_id,pass,dirty_spot_id maps to final Ground Truth spot_id
dirty_positive/dirty_12_27.jpg,12,12.jpg,12_spot_007,exact,source_id + dirty_spot_id -> final spot_id,pass,dirty_spot_id maps to final Ground Truth spot_id
dirty_positive/dirty_12_28.jpg,12,12.jpg,12_spot_007,exact,source_id + dirty_spot_id -> final spot_id,pass,dirty_spot_id maps to final Ground Truth spot_id
dirty_positive/dirty_12_29.jpg,12,12.jpg,12_spot_008,exact,source_id + dirty_spot_id -> final spot_id,pass,dirty_spot_id maps to final Ground Truth spot_id
dirty_positive/dirty_12_30.jpg,12,12.jpg,12_spot_008,exact,source_id + dirty_spot_id -> final spot_id,pass,dirty_spot_id maps to final Ground Truth spot_id
dirty_positive/dirty_12_31.jpg,12,12.jpg,12_spot_008,exact,source_id + dirty_spot_id -> final spot_id,pass,dirty_spot_id maps to final Ground Truth spot_id
dirty_positive/dirty_12_32.jpg,12,12.jpg,12_spot_008,exact,source_id + dirty_spot_id -> final spot_id,pass,dirty_spot_id maps to final Ground Truth spot_id
dirty_positive/dirty_12_33.jpg,12,12.jpg,12_spot_009,exact,source_id + dirty_spot_id -> final spot_id,pass,dirty_spot_id maps to final Ground Truth spot_id
dirty_positive/dirty_12_34.jpg,12,12.jpg,12_spot_009,exact,source_id + dirty_spot_id -> final spot_id,pass,dirty_spot_id maps to final Ground Truth spot_id
dirty_positive/dirty_12_35.jpg,12,12.jpg,12_spot_009,exact,source_id + dirty_spot_id -> final spot_id,pass,dirty_spot_id maps to final Ground Truth spot_id
dirty_positive/dirty_12_36.jpg,12,12.jpg,12_spot_009,exact,source_id + dirty_spot_id -> final spot_id,pass,dirty_spot_id maps to final Ground Truth spot_id
dirty_positive/dirty_12_37.jpg,12,12.jpg,12_spot_010,exact,source_id + dirty_spot_id -> final spot_id,pass,dirty_spot_id maps to final Ground Truth spot_id
dirty_positive/dirty_12_38.jpg,12,12.jpg,12_spot_010,exact,source_id + dirty_spot_id -> final spot_id,pass,dirty_spot_id maps to final Ground Truth spot_id
dirty_positive/dirty_12_39.jpg,12,12.jpg,12_spot_010,exact,source_id + dirty_spot_id -> final spot_id,pass,dirty_spot_id maps to final Ground Truth spot_id
dirty_positive/dirty_12_40.jpg,12,12.jpg,12_spot_010,exact,source_id + dirty_spot_id -> final spot_id,pass,dirty_spot_id maps to final Ground Truth spot_id
dirty_positive/dirty_12_41.jpg,12,12.jpg,12_spot_011,exact,source_id + dirty_spot_id -> final spot_id,pass,dirty_spot_id maps to final Ground Truth spot_id
dirty_positive/dirty_12_42.jpg,12,12.jpg,12_spot_011,exact,source_id + dirty_spot_id -> final spot_id,pass,dirty_spot_id maps to final Ground Truth spot_id
dirty_positive/dirty_12_43.jpg,12,12.jpg,12_spot_011,exact,source_id + dirty_spot_id -> final spot_id,pass,dirty_spot_id maps to final Ground Truth spot_id
dirty_positive/dirty_12_44.jpg,12,12.jpg,12_spot_011,exact,source_id + dirty_spot_id -> final spot_id,pass,dirty_spot_id maps to final Ground Truth spot_id
dirty_positive/dirty_12_45.jpg,12,12.jpg,12_spot_012,exact,source_id + dirty_spot_id -> final spot_id,pass,dirty_spot_id maps to final Ground Truth spot_id
dirty_positive/dirty_12_46.jpg,12,12.jpg,12_spot_012,exact,source_id + dirty_spot_id -> final spot_id,pass,dirty_spot_id maps to final Ground Truth spot_id
dirty_positive/dirty_12_47.jpg,12,12.jpg,12_spot_012,exact,source_id + dirty_spot_id -> final spot_id,pass,dirty_spot_id maps to final Ground Truth spot_id
dirty_positive/dirty_12_48.jpg,12,12.jpg,12_spot_012,exact,source_id + dirty_spot_id -> final spot_id,pass,dirty_spot_id maps to final Ground Truth spot_id
dirty_positive/dirty_12_49.jpg,12,12.jpg,12_spot_013,exact,source_id + dirty_spot_id -> final spot_id,pass,dirty_spot_id maps to final Ground Truth spot_id
dirty_positive/dirty_12_50.jpg,12,12.jpg,12_spot_013,exact,source_id + dirty_spot_id -> final spot_id,pass,dirty_spot_id maps to final Ground Truth spot_id
dirty_positive/dirty_12_51.jpg,12,12.jpg,12_spot_013,exact,source_id + dirty_spot_id -> final spot_id,pass,dirty_spot_id maps to final Ground Truth spot_id
dirty_positive/dirty_12_52.jpg,12,12.jpg,12_spot_013,exact,source_id + dirty_spot_id -> final spot_id,pass,dirty_spot_id maps to final Ground Truth spot_id
dirty_positive/dirty_12_53.jpg,12,12.jpg,12_spot_014,exact,source_id + dirty_spot_id -> final spot_id,pass,dirty_spot_id maps to final Ground Truth spot_id
dirty_positive/dirty_12_54.jpg,12,12.jpg,12_spot_014,exact,source_id + dirty_spot_id -> final spot_id,pass,dirty_spot_id maps to final Ground Truth spot_id
dirty_positive/dirty_12_55.jpg,12,12.jpg,12_spot_014,exact,source_id + dirty_spot_id -> final spot_id,pass,dirty_spot_id maps to final Ground Truth spot_id
dirty_positive/dirty_12_56.jpg,12,12.jpg,12_spot_014,exact,source_id + dirty_spot_id -> final spot_id,pass,dirty_spot_id maps to final Ground Truth spot_id
dirty_positive/dirty_12_57.jpg,12,12.jpg,12_spot_015,exact,source_id + dirty_spot_id -> final spot_id,pass,dirty_spot_id maps to final Ground Truth spot_id
dirty_positive/dirty_12_58.jpg,12,12.jpg,12_spot_015,exact,source_id + dirty_spot_id -> final spot_id,pass,dirty_spot_id maps to final Ground Truth spot_id
dirty_positive/dirty_12_59.jpg,12,12.jpg,12_spot_015,exact,source_id + dirty_spot_id -> final spot_id,pass,dirty_spot_id maps to final Ground Truth spot_id
dirty_positive/dirty_12_60.jpg,12,12.jpg,12_spot_015,exact,source_id + dirty_spot_id -> final spot_id,pass,dirty_spot_id maps to final Ground Truth spot_id
dirty_positive/dirty_12_61.jpg,12,12.jpg,12_spot_016,exact,source_id + dirty_spot_id -> final spot_id,pass,dirty_spot_id maps to final Ground Truth spot_id
dirty_positive/dirty_12_62.jpg,12,12.jpg,12_spot_016,exact,source_id + dirty_spot_id -> final spot_id,pass,dirty_spot_id maps to final Ground Truth spot_id
dirty_positive/dirty_12_63.jpg,12,12.jpg,12_spot_016,exact,source_id + dirty_spot_id -> final spot_id,pass,dirty_spot_id maps to final Ground Truth spot_id
dirty_positive/dirty_12_64.jpg,12,12.jpg,12_spot_016,exact,source_id + dirty_spot_id -> final spot_id,pass,dirty_spot_id maps to final Ground Truth spot_id
dirty_positive/dirty_12_65.jpg,12,12.jpg,12_spot_017,exact,source_id + dirty_spot_id -> final spot_id,pass,dirty_spot_id maps to final Ground Truth spot_id
dirty_positive/dirty_12_66.jpg,12,12.jpg,12_spot_017,exact,source_id + dirty_spot_id -> final spot_id,pass,dirty_spot_id maps to final Ground Truth spot_id
dirty_positive/dirty_12_67.jpg,12,12.jpg,12_spot_017,exact,source_id + dirty_spot_id -> final spot_id,pass,dirty_spot_id maps to final Ground Truth spot_id
dirty_positive/dirty_12_68.jpg,12,12.jpg,12_spot_017,exact,source_id + dirty_spot_id -> final spot_id,pass,dirty_spot_id maps to final Ground Truth spot_id
dirty_positive/dirty_12_69.jpg,12,12.jpg,12_spot_018,exact,source_id + dirty_spot_id -> final spot_id,pass,dirty_spot_id maps to final Ground Truth spot_id
dirty_positive/dirty_12_70.jpg,12,12.jpg,12_spot_018,exact,source_id + dirty_spot_id -> final spot_id,pass,dirty_spot_id maps to final Ground Truth spot_id
dirty_positive/dirty_12_71.jpg,12,12.jpg,12_spot_018,exact,source_id + dirty_spot_id -> final spot_id,pass,dirty_spot_id maps to final Ground Truth spot_id
dirty_positive/dirty_12_72.jpg,12,12.jpg,12_spot_018,exact,source_id + dirty_spot_id -> final spot_id,pass,dirty_spot_id maps to final Ground Truth spot_id
dirty_positive/dirty_12_73.jpg,12,12.jpg,12_spot_019,exact,source_id + dirty_spot_id -> final spot_id,pass,dirty_spot_id maps to final Ground Truth spot_id
dirty_positive/dirty_12_74.jpg,12,12.jpg,12_spot_019,exact,source_id + dirty_spot_id -> final spot_id,pass,dirty_spot_id maps to final Ground Truth spot_id
dirty_positive/dirty_12_75.jpg,12,12.jpg,12_spot_019,exact,source_id + dirty_spot_id -> final spot_id,pass,dirty_spot_id maps to final Ground Truth spot_id
dirty_positive/dirty_12_76.jpg,12,12.jpg,12_spot_019,exact,source_id + dirty_spot_id -> final spot_id,pass,dirty_spot_id maps to final Ground Truth spot_id
dirty_positive/dirty_12_77.jpg,12,12.jpg,12_spot_020,exact,source_id + dirty_spot_id -> final spot_id,pass,dirty_spot_id maps to final Ground Truth spot_id
dirty_positive/dirty_12_78.jpg,12,12.jpg,12_spot_020,exact,source_id + dirty_spot_id -> final spot_id,pass,dirty_spot_id maps to final Ground Truth spot_id
dirty_positive/dirty_12_79.jpg,12,12.jpg,12_spot_020,exact,source_id + dirty_spot_id -> final spot_id,pass,dirty_spot_id maps to final Ground Truth spot_id
dirty_positive/dirty_12_80.jpg,12,12.jpg,12_spot_020,exact,source_id + dirty_spot_id -> final spot_id,pass,dirty_spot_id maps to final Ground Truth spot_id
dirty_positive/dirty_12_81.jpg,12,12.jpg,12_spot_021,exact,source_id + dirty_spot_id -> final spot_id,pass,dirty_spot_id maps to final Ground Truth spot_id
dirty_positive/dirty_12_82.jpg,12,12.jpg,12_spot_021,exact,source_id + dirty_spot_id -> final spot_id,pass,dirty_spot_id maps to final Ground Truth spot_id
dirty_positive/dirty_12_83.jpg,12,12.jpg,12_spot_021,exact,source_id + dirty_spot_id -> final spot_id,pass,dirty_spot_id maps to final Ground Truth spot_id
dirty_positive/dirty_12_84.jpg,12,12.jpg,12_spot_021,exact,source_id + dirty_spot_id -> final spot_id,pass,dirty_spot_id maps to final Ground Truth spot_id
dirty_positive/dirty_12_85.jpg,12,12.jpg,12_spot_022,exact,source_id + dirty_spot_id -> final spot_id,pass,dirty_spot_id maps to final Ground Truth spot_id
dirty_positive/dirty_12_86.jpg,12,12.jpg,12_spot_022,exact,source_id + dirty_spot_id -> final spot_id,pass,dirty_spot_id maps to final Ground Truth spot_id
dirty_positive/dirty_12_87.jpg,12,12.jpg,12_spot_022,exact,source_id + dirty_spot_id -> final spot_id,pass,dirty_spot_id maps to final Ground Truth spot_id
dirty_positive/dirty_12_88.jpg,12,12.jpg,12_spot_022,exact,source_id + dirty_spot_id -> final spot_id,pass,dirty_spot_id maps to final Ground Truth spot_id
dirty_positive/dirty_12_89.jpg,12,12.jpg,12_spot_023,exact,source_id + dirty_spot_id -> final spot_id,pass,dirty_spot_id maps to final Ground Truth spot_id
dirty_positive/dirty_12_90.jpg,12,12.jpg,12_spot_023,exact,source_id + dirty_spot_id -> final spot_id,pass,dirty_spot_id maps to final Ground Truth spot_id
dirty_positive/dirty_12_91.jpg,12,12.jpg,12_spot_023,exact,source_id + dirty_spot_id -> final spot_id,pass,dirty_spot_id maps to final Ground Truth spot_id
dirty_positive/dirty_12_92.jpg,12,12.jpg,12_spot_023,exact,source_id + dirty_spot_id -> final spot_id,pass,dirty_spot_id maps to final Ground Truth spot_id
dirty_positive/dirty_12_93.jpg,12,12.jpg,12_spot_024,exact,source_id + dirty_spot_id -> final spot_id,pass,dirty_spot_id maps to final Ground Truth spot_id
dirty_positive/dirty_12_94.jpg,12,12.jpg,12_spot_024,exact,source_id + dirty_spot_id -> final spot_id,pass,dirty_spot_id maps to final Ground Truth spot_id
dirty_positive/dirty_12_95.jpg,12,12.jpg,12_spot_024,exact,source_id + dirty_spot_id -> final spot_id,pass,dirty_spot_id maps to final Ground Truth spot_id
dirty_positive/dirty_12_96.jpg,12,12.jpg,12_spot_024,exact,source_id + dirty_spot_id -> final spot_id,pass,dirty_spot_id maps to final Ground Truth spot_id
dirty_positive/dirty_12_97.jpg,12,12.jpg,12_spot_025,exact,source_id + dirty_spot_id -> final spot_id,pass,dirty_spot_id maps to final Ground Truth spot_id
dirty_positive/dirty_12_98.jpg,12,12.jpg,12_spot_025,exact,source_id + dirty_spot_id -> final spot_id,pass,dirty_spot_id maps to final Ground Truth spot_id
dirty_positive/dirty_12_99.jpg,12,12.jpg,12_spot_025,exact,source_id + dirty_spot_id -> final spot_id,pass,dirty_spot_id maps to final Ground Truth spot_id
dirty_positive/dirty_12_100.jpg,12,12.jpg,12_spot_025,exact,source_id + dirty_spot_id -> final spot_id,pass,dirty_spot_id maps to final Ground Truth spot_id
dirty_positive/dirty_12_101.jpg,12,12.jpg,12_spot_026,exact,source_id + dirty_spot_id -> final spot_id,pass,dirty_spot_id maps to final Ground Truth spot_id
dirty_positive/dirty_12_102.jpg,12,12.jpg,12_spot_026,exact,source_id + dirty_spot_id -> final spot_id,pass,dirty_spot_id maps to final Ground Truth spot_id
dirty_positive/dirty_12_103.jpg,12,12.jpg,12_spot_026,exact,source_id + dirty_spot_id -> final spot_id,pass,dirty_spot_id maps to final Ground Truth spot_id
dirty_positive/dirty_12_104.jpg,12,12.jpg,12_spot_026,exact,source_id + dirty_spot_id -> final spot_id,pass,dirty_spot_id maps to final Ground Truth spot_id
dirty_positive/dirty_12_105.jpg,12,12.jpg,12_spot_027,exact,source_id + dirty_spot_id -> final spot_id,pass,dirty_spot_id maps to final Ground Truth spot_id
dirty_positive/dirty_12_106.jpg,12,12.jpg,12_spot_027,exact,source_id + dirty_spot_id -> final spot_id,pass,dirty_spot_id maps to final Ground Truth spot_id
dirty_positive/dirty_12_107.jpg,12,12.jpg,12_spot_027,exact,source_id + dirty_spot_id -> final spot_id,pass,dirty_spot_id maps to final Ground Truth spot_id
dirty_positive/dirty_12_108.jpg,12,12.jpg,12_spot_027,exact,source_id + dirty_spot_id -> final spot_id,pass,dirty_spot_id maps to final Ground Truth spot_id
dirty_positive/dirty_12_109.jpg,12,12.jpg,12_spot_028,exact,source_id + dirty_spot_id -> final spot_id,pass,dirty_spot_id maps to final Ground Truth spot_id
dirty_positive/dirty_12_110.jpg,12,12.jpg,12_spot_028,exact,source_id + dirty_spot_id -> final spot_id,pass,dirty_spot_id maps to final Ground Truth spot_id
dirty_positive/dirty_12_111.jpg,12,12.jpg,12_spot_028,exact,source_id + dirty_spot_id -> final spot_id,pass,dirty_spot_id maps to final Ground Truth spot_id
dirty_positive/dirty_12_112.jpg,12,12.jpg,12_spot_028,exact,source_id + dirty_spot_id -> final spot_id,pass,dirty_spot_id maps to final Ground Truth spot_id
dirty_positive/dirty_12_113.jpg,12,12.jpg,12_spot_029,exact,source_id + dirty_spot_id -> final spot_id,pass,dirty_spot_id maps to final Ground Truth spot_id
dirty_positive/dirty_12_114.jpg,12,12.jpg,12_spot_029,exact,source_id + dirty_spot_id -> final spot_id,pass,dirty_spot_id maps to final Ground Truth spot_id
dirty_positive/dirty_12_115.jpg,12,12.jpg,12_spot_029,exact,source_id + dirty_spot_id -> final spot_id,pass,dirty_spot_id maps to final Ground Truth spot_id
dirty_positive/dirty_12_116.jpg,12,12.jpg,12_spot_029,exact,source_id + dirty_spot_id -> final spot_id,pass,dirty_spot_id maps to final Ground Truth spot_id
dirty_positive/dirty_12_117.jpg,12,12.jpg,12_spot_030,exact,source_id + dirty_spot_id -> final spot_id,pass,dirty_spot_id maps to final Ground Truth spot_id
dirty_positive/dirty_12_118.jpg,12,12.jpg,12_spot_030,exact,source_id + dirty_spot_id -> final spot_id,pass,dirty_spot_id maps to final Ground Truth spot_id
dirty_positive/dirty_12_119.jpg,12,12.jpg,12_spot_030,exact,source_id + dirty_spot_id -> final spot_id,pass,dirty_spot_id maps to final Ground Truth spot_id
dirty_positive/dirty_12_120.jpg,12,12.jpg,12_spot_030,exact,source_id + dirty_spot_id -> final spot_id,pass,dirty_spot_id maps to final Ground Truth spot_id
dirty_positive/dirty_12_121.jpg,12,12.jpg,12_spot_031,exact,source_id + dirty_spot_id -> final spot_id,pass,dirty_spot_id maps to final Ground Truth spot_id
dirty_positive/dirty_12_122.jpg,12,12.jpg,12_spot_031,exact,source_id + dirty_spot_id -> final spot_id,pass,dirty_spot_id maps to final Ground Truth spot_id
dirty_positive/dirty_12_123.jpg,12,12.jpg,12_spot_031,exact,source_id + dirty_spot_id -> final spot_id,pass,dirty_spot_id maps to final Ground Truth spot_id
dirty_positive/dirty_12_124.jpg,12,12.jpg,12_spot_031,exact,source_id + dirty_spot_id -> final spot_id,pass,dirty_spot_id maps to final Ground Truth spot_id
dirty_positive/dirty_12_125.jpg,12,12.jpg,12_spot_032,exact,source_id + dirty_spot_id -> final spot_id,pass,dirty_spot_id maps to final Ground Truth spot_id
dirty_positive/dirty_12_126.jpg,12,12.jpg,12_spot_032,exact,source_id + dirty_spot_id -> final spot_id,pass,dirty_spot_id maps to final Ground Truth spot_id
dirty_positive/dirty_12_127.jpg,12,12.jpg,12_spot_032,exact,source_id + dirty_spot_id -> final spot_id,pass,dirty_spot_id maps to final Ground Truth spot_id
dirty_positive/dirty_12_128.jpg,12,12.jpg,12_spot_032,exact,source_id + dirty_spot_id -> final spot_id,pass,dirty_spot_id maps to final Ground Truth spot_id
dirty_positive/dirty_12_129.jpg,12,12.jpg,12_spot_033,exact,source_id + dirty_spot_id -> final spot_id,pass,dirty_spot_id maps to final Ground Truth spot_id
dirty_positive/dirty_12_130.jpg,12,12.jpg,12_spot_033,exact,source_id + dirty_spot_id -> final spot_id,pass,dirty_spot_id maps to final Ground Truth spot_id
dirty_positive/dirty_12_131.jpg,12,12.jpg,12_spot_033,exact,source_id + dirty_spot_id -> final spot_id,pass,dirty_spot_id maps to final Ground Truth spot_id
dirty_positive/dirty_12_132.jpg,12,12.jpg,12_spot_033,exact,source_id + dirty_spot_id -> final spot_id,pass,dirty_spot_id maps to final Ground Truth spot_id
dirty_positive/dirty_12_133.jpg,12,12.jpg,12_spot_034,exact,source_id + dirty_spot_id -> final spot_id,pass,dirty_spot_id maps to final Ground Truth spot_id
dirty_positive/dirty_12_134.jpg,12,12.jpg,12_spot_034,exact,source_id + dirty_spot_id -> final spot_id,pass,dirty_spot_id maps to final Ground Truth spot_id
dirty_positive/dirty_12_135.jpg,12,12.jpg,12_spot_034,exact,source_id + dirty_spot_id -> final spot_id,pass,dirty_spot_id maps to final Ground Truth spot_id
dirty_positive/dirty_12_136.jpg,12,12.jpg,12_spot_034,exact,source_id + dirty_spot_id -> final spot_id,pass,dirty_spot_id maps to final Ground Truth spot_id
dirty_positive/dirty_12_137.jpg,12,12.jpg,12_spot_035,exact,source_id + dirty_spot_id -> final spot_id,pass,dirty_spot_id maps to final Ground Truth spot_id
dirty_positive/dirty_12_138.jpg,12,12.jpg,12_spot_035,exact,source_id + dirty_spot_id -> final spot_id,pass,dirty_spot_id maps to final Ground Truth spot_id
dirty_positive/dirty_12_139.jpg,12,12.jpg,12_spot_035,exact,source_id + dirty_spot_id -> final spot_id,pass,dirty_spot_id maps to final Ground Truth spot_id
dirty_positive/dirty_12_140.jpg,12,12.jpg,12_spot_035,exact,source_id + dirty_spot_id -> final spot_id,pass,dirty_spot_id maps to final Ground Truth spot_id
dirty_positive/dirty_12_141.jpg,12,12.jpg,12_spot_036,exact,source_id + dirty_spot_id -> final spot_id,pass,dirty_spot_id maps to final Ground Truth spot_id
dirty_positive/dirty_12_142.jpg,12,12.jpg,12_spot_036,exact,source_id + dirty_spot_id -> final spot_id,pass,dirty_spot_id maps to final Ground Truth spot_id
dirty_positive/dirty_12_143.jpg,12,12.jpg,12_spot_036,exact,source_id + dirty_spot_id -> final spot_id,pass,dirty_spot_id maps to final Ground Truth spot_id
dirty_positive/dirty_12_144.jpg,12,12.jpg,12_spot_036,exact,source_id + dirty_spot_id -> final spot_id,pass,dirty_spot_id maps to final Ground Truth spot_id
dirty_positive/dirty_12_145.jpg,12,12.jpg,12_spot_037,exact,source_id + dirty_spot_id -> final spot_id,pass,dirty_spot_id maps to final Ground Truth spot_id
dirty_positive/dirty_12_146.jpg,12,12.jpg,12_spot_037,exact,source_id + dirty_spot_id -> final spot_id,pass,dirty_spot_id maps to final Ground Truth spot_id
dirty_positive/dirty_12_147.jpg,12,12.jpg,12_spot_037,exact,source_id + dirty_spot_id -> final spot_id,pass,dirty_spot_id maps to final Ground Truth spot_id
dirty_positive/dirty_12_148.jpg,12,12.jpg,12_spot_037,exact,source_id + dirty_spot_id -> final spot_id,pass,dirty_spot_id maps to final Ground Truth spot_id
dirty_positive/dirty_12_149.jpg,12,12.jpg,12_spot_038,exact,source_id + dirty_spot_id -> final spot_id,pass,dirty_spot_id maps to final Ground Truth spot_id
dirty_positive/dirty_12_150.jpg,12,12.jpg,12_spot_038,exact,source_id + dirty_spot_id -> final spot_id,pass,dirty_spot_id maps to final Ground Truth spot_id
dirty_positive/dirty_12_151.jpg,12,12.jpg,12_spot_038,exact,source_id + dirty_spot_id -> final spot_id,pass,dirty_spot_id maps to final Ground Truth spot_id
dirty_positive/dirty_12_152.jpg,12,12.jpg,12_spot_038,exact,source_id + dirty_spot_id -> final spot_id,pass,dirty_spot_id maps to final Ground Truth spot_id
dirty_positive/dirty_12_153.jpg,12,12.jpg,12_spot_039,exact,source_id + dirty_spot_id -> final spot_id,pass,dirty_spot_id maps to final Ground Truth spot_id
dirty_positive/dirty_12_154.jpg,12,12.jpg,12_spot_039,exact,source_id + dirty_spot_id -> final spot_id,pass,dirty_spot_id maps to final Ground Truth spot_id
dirty_positive/dirty_12_155.jpg,12,12.jpg,12_spot_039,exact,source_id + dirty_spot_id -> final spot_id,pass,dirty_spot_id maps to final Ground Truth spot_id
dirty_positive/dirty_12_156.jpg,12,12.jpg,12_spot_039,exact,source_id + dirty_spot_id -> final spot_id,pass,dirty_spot_id maps to final Ground Truth spot_id
dirty_positive/dirty_13_1.jpg,13,13.jpg,13_spot_001,exact,source_id + dirty_spot_id -> final spot_id,pass,dirty_spot_id maps to final Ground Truth spot_id
dirty_positive/dirty_13_2.jpg,13,13.jpg,13_spot_001,exact,source_id + dirty_spot_id -> final spot_id,pass,dirty_spot_id maps to final Ground Truth spot_id
dirty_positive/dirty_13_3.jpg,13,13.jpg,13_spot_001,exact,source_id + dirty_spot_id -> final spot_id,pass,dirty_spot_id maps to final Ground Truth spot_id
dirty_positive/dirty_13_4.jpg,13,13.jpg,13_spot_001,exact,source_id + dirty_spot_id -> final spot_id,pass,dirty_spot_id maps to final Ground Truth spot_id
dirty_positive/dirty_13_5.jpg,13,13.jpg,13_spot_002,exact,source_id + dirty_spot_id -> final spot_id,pass,dirty_spot_id maps to final Ground Truth spot_id
dirty_positive/dirty_13_6.jpg,13,13.jpg,13_spot_002,exact,source_id + dirty_spot_id -> final spot_id,pass,dirty_spot_id maps to final Ground Truth spot_id
dirty_positive/dirty_13_7.jpg,13,13.jpg,13_spot_002,exact,source_id + dirty_spot_id -> final spot_id,pass,dirty_spot_id maps to final Ground Truth spot_id
dirty_positive/dirty_13_8.jpg,13,13.jpg,13_spot_002,exact,source_id + dirty_spot_id -> final spot_id,pass,dirty_spot_id maps to final Ground Truth spot_id
dirty_positive/dirty_13_9.jpg,13,13.jpg,13_spot_003,exact,source_id + dirty_spot_id -> final spot_id,pass,dirty_spot_id maps to final Ground Truth spot_id
dirty_positive/dirty_13_10.jpg,13,13.jpg,13_spot_003,exact,source_id + dirty_spot_id -> final spot_id,pass,dirty_spot_id maps to final Ground Truth spot_id
dirty_positive/dirty_13_11.jpg,13,13.jpg,13_spot_003,exact,source_id + dirty_spot_id -> final spot_id,pass,dirty_spot_id maps to final Ground Truth spot_id
dirty_positive/dirty_13_12.jpg,13,13.jpg,13_spot_003,exact,source_id + dirty_spot_id -> final spot_id,pass,dirty_spot_id maps to final Ground Truth spot_id
dirty_positive/dirty_13_13.jpg,13,13.jpg,13_spot_004,exact,source_id + dirty_spot_id -> final spot_id,pass,dirty_spot_id maps to final Ground Truth spot_id
dirty_positive/dirty_13_14.jpg,13,13.jpg,13_spot_004,exact,source_id + dirty_spot_id -> final spot_id,pass,dirty_spot_id maps to final Ground Truth spot_id
dirty_positive/dirty_13_15.jpg,13,13.jpg,13_spot_004,exact,source_id + dirty_spot_id -> final spot_id,pass,dirty_spot_id maps to final Ground Truth spot_id
dirty_positive/dirty_13_16.jpg,13,13.jpg,13_spot_004,exact,source_id + dirty_spot_id -> final spot_id,pass,dirty_spot_id maps to final Ground Truth spot_id
dirty_positive/dirty_13_17.jpg,13,13.jpg,13_spot_005,exact,source_id + dirty_spot_id -> final spot_id,pass,dirty_spot_id maps to final Ground Truth spot_id
dirty_positive/dirty_13_18.jpg,13,13.jpg,13_spot_005,exact,source_id + dirty_spot_id -> final spot_id,pass,dirty_spot_id maps to final Ground Truth spot_id
dirty_positive/dirty_13_19.jpg,13,13.jpg,13_spot_005,exact,source_id + dirty_spot_id -> final spot_id,pass,dirty_spot_id maps to final Ground Truth spot_id
dirty_positive/dirty_13_20.jpg,13,13.jpg,13_spot_005,exact,source_id + dirty_spot_id -> final spot_id,pass,dirty_spot_id maps to final Ground Truth spot_id
dirty_positive/dirty_13_21.jpg,13,13.jpg,13_spot_006,exact,source_id + dirty_spot_id -> final spot_id,pass,dirty_spot_id maps to final Ground Truth spot_id
dirty_positive/dirty_13_22.jpg,13,13.jpg,13_spot_006,exact,source_id + dirty_spot_id -> final spot_id,pass,dirty_spot_id maps to final Ground Truth spot_id
dirty_positive/dirty_13_23.jpg,13,13.jpg,13_spot_006,exact,source_id + dirty_spot_id -> final spot_id,pass,dirty_spot_id maps to final Ground Truth spot_id
dirty_positive/dirty_13_24.jpg,13,13.jpg,13_spot_006,exact,source_id + dirty_spot_id -> final spot_id,pass,dirty_spot_id maps to final Ground Truth spot_id
dirty_positive/dirty_13_25.jpg,13,13.jpg,13_spot_007,exact,source_id + dirty_spot_id -> final spot_id,pass,dirty_spot_id maps to final Ground Truth spot_id
dirty_positive/dirty_13_26.jpg,13,13.jpg,13_spot_007,exact,source_id + dirty_spot_id -> final spot_id,pass,dirty_spot_id maps to final Ground Truth spot_id
dirty_positive/dirty_13_27.jpg,13,13.jpg,13_spot_007,exact,source_id + dirty_spot_id -> final spot_id,pass,dirty_spot_id maps to final Ground Truth spot_id
dirty_positive/dirty_13_28.jpg,13,13.jpg,13_spot_007,exact,source_id + dirty_spot_id -> final spot_id,pass,dirty_spot_id maps to final Ground Truth spot_id
dirty_positive/dirty_13_29.jpg,13,13.jpg,13_spot_008,exact,source_id + dirty_spot_id -> final spot_id,pass,dirty_spot_id maps to final Ground Truth spot_id
dirty_positive/dirty_13_30.jpg,13,13.jpg,13_spot_008,exact,source_id + dirty_spot_id -> final spot_id,pass,dirty_spot_id maps to final Ground Truth spot_id
dirty_positive/dirty_13_31.jpg,13,13.jpg,13_spot_008,exact,source_id + dirty_spot_id -> final spot_id,pass,dirty_spot_id maps to final Ground Truth spot_id
dirty_positive/dirty_13_32.jpg,13,13.jpg,13_spot_008,exact,source_id + dirty_spot_id -> final spot_id,pass,dirty_spot_id maps to final Ground Truth spot_id
dirty_positive/dirty_13_33.jpg,13,13.jpg,13_spot_009,exact,source_id + dirty_spot_id -> final spot_id,pass,dirty_spot_id maps to final Ground Truth spot_id
dirty_positive/dirty_13_34.jpg,13,13.jpg,13_spot_009,exact,source_id + dirty_spot_id -> final spot_id,pass,dirty_spot_id maps to final Ground Truth spot_id
dirty_positive/dirty_13_35.jpg,13,13.jpg,13_spot_009,exact,source_id + dirty_spot_id -> final spot_id,pass,dirty_spot_id maps to final Ground Truth spot_id
dirty_positive/dirty_13_36.jpg,13,13.jpg,13_spot_009,exact,source_id + dirty_spot_id -> final spot_id,pass,dirty_spot_id maps to final Ground Truth spot_id
dirty_positive/dirty_13_37.jpg,13,13.jpg,13_spot_010,exact,source_id + dirty_spot_id -> final spot_id,pass,dirty_spot_id maps to final Ground Truth spot_id
dirty_positive/dirty_13_38.jpg,13,13.jpg,13_spot_010,exact,source_id + dirty_spot_id -> final spot_id,pass,dirty_spot_id maps to final Ground Truth spot_id
dirty_positive/dirty_13_39.jpg,13,13.jpg,13_spot_010,exact,source_id + dirty_spot_id -> final spot_id,pass,dirty_spot_id maps to final Ground Truth spot_id
dirty_positive/dirty_13_40.jpg,13,13.jpg,13_spot_010,exact,source_id + dirty_spot_id -> final spot_id,pass,dirty_spot_id maps to final Ground Truth spot_id
dirty_positive/dirty_13_41.jpg,13,13.jpg,13_spot_011,exact,source_id + dirty_spot_id -> final spot_id,pass,dirty_spot_id maps to final Ground Truth spot_id
dirty_positive/dirty_13_42.jpg,13,13.jpg,13_spot_011,exact,source_id + dirty_spot_id -> final spot_id,pass,dirty_spot_id maps to final Ground Truth spot_id
dirty_positive/dirty_13_43.jpg,13,13.jpg,13_spot_011,exact,source_id + dirty_spot_id -> final spot_id,pass,dirty_spot_id maps to final Ground Truth spot_id
dirty_positive/dirty_13_44.jpg,13,13.jpg,13_spot_011,exact,source_id + dirty_spot_id -> final spot_id,pass,dirty_spot_id maps to final Ground Truth spot_id
dirty_positive/dirty_13_45.jpg,13,13.jpg,13_spot_012,exact,source_id + dirty_spot_id -> final spot_id,pass,dirty_spot_id maps to final Ground Truth spot_id
dirty_positive/dirty_13_46.jpg,13,13.jpg,13_spot_012,exact,source_id + dirty_spot_id -> final spot_id,pass,dirty_spot_id maps to final Ground Truth spot_id
dirty_positive/dirty_13_47.jpg,13,13.jpg,13_spot_012,exact,source_id + dirty_spot_id -> final spot_id,pass,dirty_spot_id maps to final Ground Truth spot_id
dirty_positive/dirty_13_48.jpg,13,13.jpg,13_spot_012,exact,source_id + dirty_spot_id -> final spot_id,pass,dirty_spot_id maps to final Ground Truth spot_id
dirty_positive/dirty_13_49.jpg,13,13.jpg,13_spot_013,exact,source_id + dirty_spot_id -> final spot_id,pass,dirty_spot_id maps to final Ground Truth spot_id
dirty_positive/dirty_13_50.jpg,13,13.jpg,13_spot_013,exact,source_id + dirty_spot_id -> final spot_id,pass,dirty_spot_id maps to final Ground Truth spot_id
dirty_positive/dirty_13_51.jpg,13,13.jpg,13_spot_013,exact,source_id + dirty_spot_id -> final spot_id,pass,dirty_spot_id maps to final Ground Truth spot_id
dirty_positive/dirty_13_52.jpg,13,13.jpg,13_spot_013,exact,source_id + dirty_spot_id -> final spot_id,pass,dirty_spot_id maps to final Ground Truth spot_id
dirty_positive/dirty_13_53.jpg,13,13.jpg,13_spot_014,exact,source_id + dirty_spot_id -> final spot_id,pass,dirty_spot_id maps to final Ground Truth spot_id
dirty_positive/dirty_13_54.jpg,13,13.jpg,13_spot_014,exact,source_id + dirty_spot_id -> final spot_id,pass,dirty_spot_id maps to final Ground Truth spot_id
dirty_positive/dirty_13_55.jpg,13,13.jpg,13_spot_014,exact,source_id + dirty_spot_id -> final spot_id,pass,dirty_spot_id maps to final Ground Truth spot_id
dirty_positive/dirty_13_56.jpg,13,13.jpg,13_spot_014,exact,source_id + dirty_spot_id -> final spot_id,pass,dirty_spot_id maps to final Ground Truth spot_id
dirty_positive/dirty_13_57.jpg,13,13.jpg,13_spot_015,exact,source_id + dirty_spot_id -> final spot_id,pass,dirty_spot_id maps to final Ground Truth spot_id
dirty_positive/dirty_13_58.jpg,13,13.jpg,13_spot_015,exact,source_id + dirty_spot_id -> final spot_id,pass,dirty_spot_id maps to final Ground Truth spot_id
dirty_positive/dirty_13_59.jpg,13,13.jpg,13_spot_015,exact,source_id + dirty_spot_id -> final spot_id,pass,dirty_spot_id maps to final Ground Truth spot_id
dirty_positive/dirty_13_60.jpg,13,13.jpg,13_spot_015,exact,source_id + dirty_spot_id -> final spot_id,pass,dirty_spot_id maps to final Ground Truth spot_id
dirty_positive/dirty_13_61.jpg,13,13.jpg,13_spot_016,exact,source_id + dirty_spot_id -> final spot_id,pass,dirty_spot_id maps to final Ground Truth spot_id
dirty_positive/dirty_13_62.jpg,13,13.jpg,13_spot_016,exact,source_id + dirty_spot_id -> final spot_id,pass,dirty_spot_id maps to final Ground Truth spot_id
dirty_positive/dirty_13_63.jpg,13,13.jpg,13_spot_016,exact,source_id + dirty_spot_id -> final spot_id,pass,dirty_spot_id maps to final Ground Truth spot_id
dirty_positive/dirty_13_64.jpg,13,13.jpg,13_spot_016,exact,source_id + dirty_spot_id -> final spot_id,pass,dirty_spot_id maps to final Ground Truth spot_id
dirty_positive/dirty_13_65.jpg,13,13.jpg,13_spot_017,exact,source_id + dirty_spot_id -> final spot_id,pass,dirty_spot_id maps to final Ground Truth spot_id
dirty_positive/dirty_13_66.jpg,13,13.jpg,13_spot_017,exact,source_id + dirty_spot_id -> final spot_id,pass,dirty_spot_id maps to final Ground Truth spot_id
dirty_positive/dirty_13_67.jpg,13,13.jpg,13_spot_017,exact,source_id + dirty_spot_id -> final spot_id,pass,dirty_spot_id maps to final Ground Truth spot_id
dirty_positive/dirty_13_68.jpg,13,13.jpg,13_spot_017,exact,source_id + dirty_spot_id -> final spot_id,pass,dirty_spot_id maps to final Ground Truth spot_id
dirty_positive/dirty_13_69.jpg,13,13.jpg,13_spot_018,exact,source_id + dirty_spot_id -> final spot_id,pass,dirty_spot_id maps to final Ground Truth spot_id
dirty_positive/dirty_13_70.jpg,13,13.jpg,13_spot_018,exact,source_id + dirty_spot_id -> final spot_id,pass,dirty_spot_id maps to final Ground Truth spot_id
dirty_positive/dirty_13_71.jpg,13,13.jpg,13_spot_018,exact,source_id + dirty_spot_id -> final spot_id,pass,dirty_spot_id maps to final Ground Truth spot_id
dirty_positive/dirty_13_72.jpg,13,13.jpg,13_spot_018,exact,source_id + dirty_spot_id -> final spot_id,pass,dirty_spot_id maps to final Ground Truth spot_id
dirty_positive/dirty_13_73.jpg,13,13.jpg,13_spot_019,exact,source_id + dirty_spot_id -> final spot_id,pass,dirty_spot_id maps to final Ground Truth spot_id
dirty_positive/dirty_13_74.jpg,13,13.jpg,13_spot_019,exact,source_id + dirty_spot_id -> final spot_id,pass,dirty_spot_id maps to final Ground Truth spot_id
dirty_positive/dirty_13_75.jpg,13,13.jpg,13_spot_019,exact,source_id + dirty_spot_id -> final spot_id,pass,dirty_spot_id maps to final Ground Truth spot_id
dirty_positive/dirty_13_76.jpg,13,13.jpg,13_spot_019,exact,source_id + dirty_spot_id -> final spot_id,pass,dirty_spot_id maps to final Ground Truth spot_id
dirty_positive/dirty_13_77.jpg,13,13.jpg,13_spot_020,exact,source_id + dirty_spot_id -> final spot_id,pass,dirty_spot_id maps to final Ground Truth spot_id
dirty_positive/dirty_13_78.jpg,13,13.jpg,13_spot_020,exact,source_id + dirty_spot_id -> final spot_id,pass,dirty_spot_id maps to final Ground Truth spot_id
dirty_positive/dirty_13_79.jpg,13,13.jpg,13_spot_020,exact,source_id + dirty_spot_id -> final spot_id,pass,dirty_spot_id maps to final Ground Truth spot_id
dirty_positive/dirty_13_80.jpg,13,13.jpg,13_spot_020,exact,source_id + dirty_spot_id -> final spot_id,pass,dirty_spot_id maps to final Ground Truth spot_id
dirty_positive/dirty_14_1.jpg,14,14.jpg,14_spot_001,exact,source_id + dirty_spot_id -> final spot_id,pass,dirty_spot_id maps to final Ground Truth spot_id
dirty_positive/dirty_14_2.jpg,14,14.jpg,14_spot_001,exact,source_id + dirty_spot_id -> final spot_id,pass,dirty_spot_id maps to final Ground Truth spot_id
dirty_positive/dirty_14_3.jpg,14,14.jpg,14_spot_001,exact,source_id + dirty_spot_id -> final spot_id,pass,dirty_spot_id maps to final Ground Truth spot_id
dirty_positive/dirty_14_4.jpg,14,14.jpg,14_spot_001,exact,source_id + dirty_spot_id -> final spot_id,pass,dirty_spot_id maps to final Ground Truth spot_id
dirty_positive/dirty_14_5.jpg,14,14.jpg,14_spot_002,exact,source_id + dirty_spot_id -> final spot_id,pass,dirty_spot_id maps to final Ground Truth spot_id
dirty_positive/dirty_14_6.jpg,14,14.jpg,14_spot_002,exact,source_id + dirty_spot_id -> final spot_id,pass,dirty_spot_id maps to final Ground Truth spot_id
dirty_positive/dirty_14_7.jpg,14,14.jpg,14_spot_002,exact,source_id + dirty_spot_id -> final spot_id,pass,dirty_spot_id maps to final Ground Truth spot_id
dirty_positive/dirty_14_8.jpg,14,14.jpg,14_spot_002,exact,source_id + dirty_spot_id -> final spot_id,pass,dirty_spot_id maps to final Ground Truth spot_id
dirty_positive/dirty_14_9.jpg,14,14.jpg,14_spot_003,exact,source_id + dirty_spot_id -> final spot_id,pass,dirty_spot_id maps to final Ground Truth spot_id
dirty_positive/dirty_14_10.jpg,14,14.jpg,14_spot_003,exact,source_id + dirty_spot_id -> final spot_id,pass,dirty_spot_id maps to final Ground Truth spot_id
dirty_positive/dirty_14_11.jpg,14,14.jpg,14_spot_003,exact,source_id + dirty_spot_id -> final spot_id,pass,dirty_spot_id maps to final Ground Truth spot_id
dirty_positive/dirty_14_12.jpg,14,14.jpg,14_spot_003,exact,source_id + dirty_spot_id -> final spot_id,pass,dirty_spot_id maps to final Ground Truth spot_id
dirty_positive/dirty_14_13.jpg,14,14.jpg,14_spot_004,exact,source_id + dirty_spot_id -> final spot_id,pass,dirty_spot_id maps to final Ground Truth spot_id
dirty_positive/dirty_14_14.jpg,14,14.jpg,14_spot_004,exact,source_id + dirty_spot_id -> final spot_id,pass,dirty_spot_id maps to final Ground Truth spot_id
dirty_positive/dirty_14_15.jpg,14,14.jpg,14_spot_004,exact,source_id + dirty_spot_id -> final spot_id,pass,dirty_spot_id maps to final Ground Truth spot_id
dirty_positive/dirty_14_16.jpg,14,14.jpg,14_spot_004,exact,source_id + dirty_spot_id -> final spot_id,pass,dirty_spot_id maps to final Ground Truth spot_id
dirty_positive/dirty_14_17.jpg,14,14.jpg,14_spot_005,exact,source_id + dirty_spot_id -> final spot_id,pass,dirty_spot_id maps to final Ground Truth spot_id
dirty_positive/dirty_14_18.jpg,14,14.jpg,14_spot_005,exact,source_id + dirty_spot_id -> final spot_id,pass,dirty_spot_id maps to final Ground Truth spot_id
dirty_positive/dirty_14_19.jpg,14,14.jpg,14_spot_005,exact,source_id + dirty_spot_id -> final spot_id,pass,dirty_spot_id maps to final Ground Truth spot_id
dirty_positive/dirty_14_20.jpg,14,14.jpg,14_spot_005,exact,source_id + dirty_spot_id -> final spot_id,pass,dirty_spot_id maps to final Ground Truth spot_id
dirty_positive/dirty_14_21.jpg,14,14.jpg,14_spot_006,exact,source_id + dirty_spot_id -> final spot_id,pass,dirty_spot_id maps to final Ground Truth spot_id
dirty_positive/dirty_14_22.jpg,14,14.jpg,14_spot_006,exact,source_id + dirty_spot_id -> final spot_id,pass,dirty_spot_id maps to final Ground Truth spot_id
dirty_positive/dirty_14_23.jpg,14,14.jpg,14_spot_006,exact,source_id + dirty_spot_id -> final spot_id,pass,dirty_spot_id maps to final Ground Truth spot_id
dirty_positive/dirty_14_24.jpg,14,14.jpg,14_spot_006,exact,source_id + dirty_spot_id -> final spot_id,pass,dirty_spot_id maps to final Ground Truth spot_id
dirty_positive/dirty_14_25.jpg,14,14.jpg,14_spot_007,exact,source_id + dirty_spot_id -> final spot_id,pass,dirty_spot_id maps to final Ground Truth spot_id
dirty_positive/dirty_14_26.jpg,14,14.jpg,14_spot_007,exact,source_id + dirty_spot_id -> final spot_id,pass,dirty_spot_id maps to final Ground Truth spot_id
dirty_positive/dirty_14_27.jpg,14,14.jpg,14_spot_007,exact,source_id + dirty_spot_id -> final spot_id,pass,dirty_spot_id maps to final Ground Truth spot_id
dirty_positive/dirty_14_28.jpg,14,14.jpg,14_spot_007,exact,source_id + dirty_spot_id -> final spot_id,pass,dirty_spot_id maps to final Ground Truth spot_id
dirty_positive/dirty_14_29.jpg,14,14.jpg,14_spot_008,exact,source_id + dirty_spot_id -> final spot_id,pass,dirty_spot_id maps to final Ground Truth spot_id
dirty_positive/dirty_14_30.jpg,14,14.jpg,14_spot_008,exact,source_id + dirty_spot_id -> final spot_id,pass,dirty_spot_id maps to final Ground Truth spot_id
dirty_positive/dirty_14_31.jpg,14,14.jpg,14_spot_008,exact,source_id + dirty_spot_id -> final spot_id,pass,dirty_spot_id maps to final Ground Truth spot_id
dirty_positive/dirty_14_32.jpg,14,14.jpg,14_spot_008,exact,source_id + dirty_spot_id -> final spot_id,pass,dirty_spot_id maps to final Ground Truth spot_id
dirty_positive/dirty_14_33.jpg,14,14.jpg,14_spot_009,exact,source_id + dirty_spot_id -> final spot_id,pass,dirty_spot_id maps to final Ground Truth spot_id
dirty_positive/dirty_14_34.jpg,14,14.jpg,14_spot_009,exact,source_id + dirty_spot_id -> final spot_id,pass,dirty_spot_id maps to final Ground Truth spot_id
dirty_positive/dirty_14_35.jpg,14,14.jpg,14_spot_009,exact,source_id + dirty_spot_id -> final spot_id,pass,dirty_spot_id maps to final Ground Truth spot_id
dirty_positive/dirty_14_36.jpg,14,14.jpg,14_spot_009,exact,source_id + dirty_spot_id -> final spot_id,pass,dirty_spot_id maps to final Ground Truth spot_id
dirty_positive/dirty_14_37.jpg,14,14.jpg,14_spot_010,exact,source_id + dirty_spot_id -> final spot_id,pass,dirty_spot_id maps to final Ground Truth spot_id
dirty_positive/dirty_14_38.jpg,14,14.jpg,14_spot_010,exact,source_id + dirty_spot_id -> final spot_id,pass,dirty_spot_id maps to final Ground Truth spot_id
dirty_positive/dirty_14_39.jpg,14,14.jpg,14_spot_010,exact,source_id + dirty_spot_id -> final spot_id,pass,dirty_spot_id maps to final Ground Truth spot_id
dirty_positive/dirty_14_40.jpg,14,14.jpg,14_spot_010,exact,source_id + dirty_spot_id -> final spot_id,pass,dirty_spot_id maps to final Ground Truth spot_id
dirty_positive/dirty_14_41.jpg,14,14.jpg,14_spot_011,exact,source_id + dirty_spot_id -> final spot_id,pass,dirty_spot_id maps to final Ground Truth spot_id
dirty_positive/dirty_14_42.jpg,14,14.jpg,14_spot_011,exact,source_id + dirty_spot_id -> final spot_id,pass,dirty_spot_id maps to final Ground Truth spot_id
dirty_positive/dirty_14_43.jpg,14,14.jpg,14_spot_011,exact,source_id + dirty_spot_id -> final spot_id,pass,dirty_spot_id maps to final Ground Truth spot_id
dirty_positive/dirty_14_44.jpg,14,14.jpg,14_spot_011,exact,source_id + dirty_spot_id -> final spot_id,pass,dirty_spot_id maps to final Ground Truth spot_id
dirty_positive/dirty_14_45.jpg,14,14.jpg,14_spot_012,exact,source_id + dirty_spot_id -> final spot_id,pass,dirty_spot_id maps to final Ground Truth spot_id
dirty_positive/dirty_14_46.jpg,14,14.jpg,14_spot_012,exact,source_id + dirty_spot_id -> final spot_id,pass,dirty_spot_id maps to final Ground Truth spot_id
dirty_positive/dirty_14_47.jpg,14,14.jpg,14_spot_012,exact,source_id + dirty_spot_id -> final spot_id,pass,dirty_spot_id maps to final Ground Truth spot_id
dirty_positive/dirty_14_48.jpg,14,14.jpg,14_spot_012,exact,source_id + dirty_spot_id -> final spot_id,pass,dirty_spot_id maps to final Ground Truth spot_id
dirty_positive/dirty_14_49.jpg,14,14.jpg,14_spot_013,exact,source_id + dirty_spot_id -> final spot_id,pass,dirty_spot_id maps to final Ground Truth spot_id
dirty_positive/dirty_14_50.jpg,14,14.jpg,14_spot_013,exact,source_id + dirty_spot_id -> final spot_id,pass,dirty_spot_id maps to final Ground Truth spot_id
dirty_positive/dirty_14_51.jpg,14,14.jpg,14_spot_013,exact,source_id + dirty_spot_id -> final spot_id,pass,dirty_spot_id maps to final Ground Truth spot_id
dirty_positive/dirty_14_52.jpg,14,14.jpg,14_spot_013,exact,source_id + dirty_spot_id -> final spot_id,pass,dirty_spot_id maps to final Ground Truth spot_id
dirty_positive/dirty_14_53.jpg,14,14.jpg,14_spot_014,exact,source_id + dirty_spot_id -> final spot_id,pass,dirty_spot_id maps to final Ground Truth spot_id
dirty_positive/dirty_14_54.jpg,14,14.jpg,14_spot_014,exact,source_id + dirty_spot_id -> final spot_id,pass,dirty_spot_id maps to final Ground Truth spot_id
dirty_positive/dirty_14_55.jpg,14,14.jpg,14_spot_014,exact,source_id + dirty_spot_id -> final spot_id,pass,dirty_spot_id maps to final Ground Truth spot_id
dirty_positive/dirty_14_56.jpg,14,14.jpg,14_spot_014,exact,source_id + dirty_spot_id -> final spot_id,pass,dirty_spot_id maps to final Ground Truth spot_id
dirty_positive/dirty_14_57.jpg,14,14.jpg,14_spot_015,exact,source_id + dirty_spot_id -> final spot_id,pass,dirty_spot_id maps to final Ground Truth spot_id
dirty_positive/dirty_14_58.jpg,14,14.jpg,14_spot_015,exact,source_id + dirty_spot_id -> final spot_id,pass,dirty_spot_id maps to final Ground Truth spot_id
dirty_positive/dirty_14_59.jpg,14,14.jpg,14_spot_015,exact,source_id + dirty_spot_id -> final spot_id,pass,dirty_spot_id maps to final Ground Truth spot_id
dirty_positive/dirty_14_60.jpg,14,14.jpg,14_spot_015,exact,source_id + dirty_spot_id -> final spot_id,pass,dirty_spot_id maps to final Ground Truth spot_id
dirty_positive/dirty_15_1.jpg,15,15.jpg,15_spot_001,exact,source_id + dirty_spot_id -> final spot_id,pass,dirty_spot_id maps to final Ground Truth spot_id
dirty_positive/dirty_15_2.jpg,15,15.jpg,15_spot_001,exact,source_id + dirty_spot_id -> final spot_id,pass,dirty_spot_id maps to final Ground Truth spot_id
dirty_positive/dirty_15_3.jpg,15,15.jpg,15_spot_001,exact,source_id + dirty_spot_id -> final spot_id,pass,dirty_spot_id maps to final Ground Truth spot_id
dirty_positive/dirty_15_4.jpg,15,15.jpg,15_spot_001,exact,source_id + dirty_spot_id -> final spot_id,pass,dirty_spot_id maps to final Ground Truth spot_id
dirty_positive/dirty_15_5.jpg,15,15.jpg,15_spot_002,exact,source_id + dirty_spot_id -> final spot_id,pass,dirty_spot_id maps to final Ground Truth spot_id
dirty_positive/dirty_15_6.jpg,15,15.jpg,15_spot_002,exact,source_id + dirty_spot_id -> final spot_id,pass,dirty_spot_id maps to final Ground Truth spot_id
dirty_positive/dirty_15_7.jpg,15,15.jpg,15_spot_002,exact,source_id + dirty_spot_id -> final spot_id,pass,dirty_spot_id maps to final Ground Truth spot_id
dirty_positive/dirty_15_8.jpg,15,15.jpg,15_spot_002,exact,source_id + dirty_spot_id -> final spot_id,pass,dirty_spot_id maps to final Ground Truth spot_id
dirty_positive/dirty_15_9.jpg,15,15.jpg,15_spot_003,exact,source_id + dirty_spot_id -> final spot_id,pass,dirty_spot_id maps to final Ground Truth spot_id
dirty_positive/dirty_15_10.jpg,15,15.jpg,15_spot_003,exact,source_id + dirty_spot_id -> final spot_id,pass,dirty_spot_id maps to final Ground Truth spot_id
dirty_positive/dirty_15_11.jpg,15,15.jpg,15_spot_003,exact,source_id + dirty_spot_id -> final spot_id,pass,dirty_spot_id maps to final Ground Truth spot_id
dirty_positive/dirty_15_12.jpg,15,15.jpg,15_spot_003,exact,source_id + dirty_spot_id -> final spot_id,pass,dirty_spot_id maps to final Ground Truth spot_id
dirty_positive/dirty_15_13.jpg,15,15.jpg,15_spot_004,exact,source_id + dirty_spot_id -> final spot_id,pass,dirty_spot_id maps to final Ground Truth spot_id
dirty_positive/dirty_15_14.jpg,15,15.jpg,15_spot_004,exact,source_id + dirty_spot_id -> final spot_id,pass,dirty_spot_id maps to final Ground Truth spot_id
dirty_positive/dirty_15_15.jpg,15,15.jpg,15_spot_004,exact,source_id + dirty_spot_id -> final spot_id,pass,dirty_spot_id maps to final Ground Truth spot_id
dirty_positive/dirty_15_16.jpg,15,15.jpg,15_spot_004,exact,source_id + dirty_spot_id -> final spot_id,pass,dirty_spot_id maps to final Ground Truth spot_id
dirty_positive/dirty_15_17.jpg,15,15.jpg,15_spot_005,exact,source_id + dirty_spot_id -> final spot_id,pass,dirty_spot_id maps to final Ground Truth spot_id
dirty_positive/dirty_15_18.jpg,15,15.jpg,15_spot_005,exact,source_id + dirty_spot_id -> final spot_id,pass,dirty_spot_id maps to final Ground Truth spot_id
dirty_positive/dirty_15_19.jpg,15,15.jpg,15_spot_005,exact,source_id + dirty_spot_id -> final spot_id,pass,dirty_spot_id maps to final Ground Truth spot_id
dirty_positive/dirty_15_20.jpg,15,15.jpg,15_spot_005,exact,source_id + dirty_spot_id -> final spot_id,pass,dirty_spot_id maps to final Ground Truth spot_id
dirty_positive/dirty_15_21.jpg,15,15.jpg,15_spot_006,exact,source_id + dirty_spot_id -> final spot_id,pass,dirty_spot_id maps to final Ground Truth spot_id
dirty_positive/dirty_15_22.jpg,15,15.jpg,15_spot_006,exact,source_id + dirty_spot_id -> final spot_id,pass,dirty_spot_id maps to final Ground Truth spot_id
dirty_positive/dirty_15_23.jpg,15,15.jpg,15_spot_006,exact,source_id + dirty_spot_id -> final spot_id,pass,dirty_spot_id maps to final Ground Truth spot_id
dirty_positive/dirty_15_24.jpg,15,15.jpg,15_spot_006,exact,source_id + dirty_spot_id -> final spot_id,pass,dirty_spot_id maps to final Ground Truth spot_id
dirty_positive/dirty_15_25.jpg,15,15.jpg,15_spot_007,exact,source_id + dirty_spot_id -> final spot_id,pass,dirty_spot_id maps to final Ground Truth spot_id
dirty_positive/dirty_15_26.jpg,15,15.jpg,15_spot_007,exact,source_id + dirty_spot_id -> final spot_id,pass,dirty_spot_id maps to final Ground Truth spot_id
dirty_positive/dirty_15_27.jpg,15,15.jpg,15_spot_007,exact,source_id + dirty_spot_id -> final spot_id,pass,dirty_spot_id maps to final Ground Truth spot_id
dirty_positive/dirty_15_28.jpg,15,15.jpg,15_spot_007,exact,source_id + dirty_spot_id -> final spot_id,pass,dirty_spot_id maps to final Ground Truth spot_id
dirty_positive/dirty_15_29.jpg,15,15.jpg,15_spot_008,exact,source_id + dirty_spot_id -> final spot_id,pass,dirty_spot_id maps to final Ground Truth spot_id
dirty_positive/dirty_15_30.jpg,15,15.jpg,15_spot_008,exact,source_id + dirty_spot_id -> final spot_id,pass,dirty_spot_id maps to final Ground Truth spot_id
dirty_positive/dirty_15_31.jpg,15,15.jpg,15_spot_008,exact,source_id + dirty_spot_id -> final spot_id,pass,dirty_spot_id maps to final Ground Truth spot_id
dirty_positive/dirty_15_32.jpg,15,15.jpg,15_spot_008,exact,source_id + dirty_spot_id -> final spot_id,pass,dirty_spot_id maps to final Ground Truth spot_id
dirty_positive/dirty_15_33.jpg,15,15.jpg,15_spot_009,exact,source_id + dirty_spot_id -> final spot_id,pass,dirty_spot_id maps to final Ground Truth spot_id
dirty_positive/dirty_15_34.jpg,15,15.jpg,15_spot_009,exact,source_id + dirty_spot_id -> final spot_id,pass,dirty_spot_id maps to final Ground Truth spot_id
dirty_positive/dirty_15_35.jpg,15,15.jpg,15_spot_009,exact,source_id + dirty_spot_id -> final spot_id,pass,dirty_spot_id maps to final Ground Truth spot_id
dirty_positive/dirty_15_36.jpg,15,15.jpg,15_spot_009,exact,source_id + dirty_spot_id -> final spot_id,pass,dirty_spot_id maps to final Ground Truth spot_id
dirty_positive/dirty_15_37.jpg,15,15.jpg,15_spot_010,exact,source_id + dirty_spot_id -> final spot_id,pass,dirty_spot_id maps to final Ground Truth spot_id
dirty_positive/dirty_15_38.jpg,15,15.jpg,15_spot_010,exact,source_id + dirty_spot_id -> final spot_id,pass,dirty_spot_id maps to final Ground Truth spot_id
dirty_positive/dirty_15_39.jpg,15,15.jpg,15_spot_010,exact,source_id + dirty_spot_id -> final spot_id,pass,dirty_spot_id maps to final Ground Truth spot_id
dirty_positive/dirty_15_40.jpg,15,15.jpg,15_spot_010,exact,source_id + dirty_spot_id -> final spot_id,pass,dirty_spot_id maps to final Ground Truth spot_id
dirty_positive/dirty_15_41.jpg,15,15.jpg,15_spot_011,exact,source_id + dirty_spot_id -> final spot_id,pass,dirty_spot_id maps to final Ground Truth spot_id
dirty_positive/dirty_15_42.jpg,15,15.jpg,15_spot_011,exact,source_id + dirty_spot_id -> final spot_id,pass,dirty_spot_id maps to final Ground Truth spot_id
dirty_positive/dirty_15_43.jpg,15,15.jpg,15_spot_011,exact,source_id + dirty_spot_id -> final spot_id,pass,dirty_spot_id maps to final Ground Truth spot_id
dirty_positive/dirty_15_44.jpg,15,15.jpg,15_spot_011,exact,source_id + dirty_spot_id -> final spot_id,pass,dirty_spot_id maps to final Ground Truth spot_id
dirty_positive/dirty_15_45.jpg,15,15.jpg,15_spot_012,exact,source_id + dirty_spot_id -> final spot_id,pass,dirty_spot_id maps to final Ground Truth spot_id
dirty_positive/dirty_15_46.jpg,15,15.jpg,15_spot_012,exact,source_id + dirty_spot_id -> final spot_id,pass,dirty_spot_id maps to final Ground Truth spot_id
dirty_positive/dirty_15_47.jpg,15,15.jpg,15_spot_012,exact,source_id + dirty_spot_id -> final spot_id,pass,dirty_spot_id maps to final Ground Truth spot_id
dirty_positive/dirty_15_48.jpg,15,15.jpg,15_spot_012,exact,source_id + dirty_spot_id -> final spot_id,pass,dirty_spot_id maps to final Ground Truth spot_id
dirty_positive/dirty_15_49.jpg,15,15.jpg,15_spot_013,exact,source_id + dirty_spot_id -> final spot_id,pass,dirty_spot_id maps to final Ground Truth spot_id
dirty_positive/dirty_15_50.jpg,15,15.jpg,15_spot_013,exact,source_id + dirty_spot_id -> final spot_id,pass,dirty_spot_id maps to final Ground Truth spot_id
dirty_positive/dirty_15_51.jpg,15,15.jpg,15_spot_013,exact,source_id + dirty_spot_id -> final spot_id,pass,dirty_spot_id maps to final Ground Truth spot_id
dirty_positive/dirty_15_52.jpg,15,15.jpg,15_spot_013,exact,source_id + dirty_spot_id -> final spot_id,pass,dirty_spot_id maps to final Ground Truth spot_id
dirty_positive/dirty_15_53.jpg,15,15.jpg,15_spot_014,exact,source_id + dirty_spot_id -> final spot_id,pass,dirty_spot_id maps to final Ground Truth spot_id
dirty_positive/dirty_15_54.jpg,15,15.jpg,15_spot_014,exact,source_id + dirty_spot_id -> final spot_id,pass,dirty_spot_id maps to final Ground Truth spot_id
dirty_positive/dirty_15_55.jpg,15,15.jpg,15_spot_014,exact,source_id + dirty_spot_id -> final spot_id,pass,dirty_spot_id maps to final Ground Truth spot_id
dirty_positive/dirty_15_56.jpg,15,15.jpg,15_spot_014,exact,source_id + dirty_spot_id -> final spot_id,pass,dirty_spot_id maps to final Ground Truth spot_id
dirty_positive/dirty_15_57.jpg,15,15.jpg,15_spot_015,exact,source_id + dirty_spot_id -> final spot_id,pass,dirty_spot_id maps to final Ground Truth spot_id
dirty_positive/dirty_15_58.jpg,15,15.jpg,15_spot_015,exact,source_id + dirty_spot_id -> final spot_id,pass,dirty_spot_id maps to final Ground Truth spot_id
dirty_positive/dirty_15_59.jpg,15,15.jpg,15_spot_015,exact,source_id + dirty_spot_id -> final spot_id,pass,dirty_spot_id maps to final Ground Truth spot_id
dirty_positive/dirty_15_60.jpg,15,15.jpg,15_spot_015,exact,source_id + dirty_spot_id -> final spot_id,pass,dirty_spot_id maps to final Ground Truth spot_id
dirty_positive/dirty_15_61.jpg,15,15.jpg,15_spot_016,exact,source_id + dirty_spot_id -> final spot_id,pass,dirty_spot_id maps to final Ground Truth spot_id
dirty_positive/dirty_15_62.jpg,15,15.jpg,15_spot_016,exact,source_id + dirty_spot_id -> final spot_id,pass,dirty_spot_id maps to final Ground Truth spot_id
dirty_positive/dirty_15_63.jpg,15,15.jpg,15_spot_016,exact,source_id + dirty_spot_id -> final spot_id,pass,dirty_spot_id maps to final Ground Truth spot_id
dirty_positive/dirty_15_64.jpg,15,15.jpg,15_spot_016,exact,source_id + dirty_spot_id -> final spot_id,pass,dirty_spot_id maps to final Ground Truth spot_id
dirty_positive/dirty_15_65.jpg,15,15.jpg,15_spot_017,exact,source_id + dirty_spot_id -> final spot_id,pass,dirty_spot_id maps to final Ground Truth spot_id
dirty_positive/dirty_15_66.jpg,15,15.jpg,15_spot_017,exact,source_id + dirty_spot_id -> final spot_id,pass,dirty_spot_id maps to final Ground Truth spot_id
dirty_positive/dirty_15_67.jpg,15,15.jpg,15_spot_017,exact,source_id + dirty_spot_id -> final spot_id,pass,dirty_spot_id maps to final Ground Truth spot_id
dirty_positive/dirty_15_68.jpg,15,15.jpg,15_spot_017,exact,source_id + dirty_spot_id -> final spot_id,pass,dirty_spot_id maps to final Ground Truth spot_id
dirty_positive/dirty_15_69.jpg,15,15.jpg,15_spot_018,exact,source_id + dirty_spot_id -> final spot_id,pass,dirty_spot_id maps to final Ground Truth spot_id
dirty_positive/dirty_15_70.jpg,15,15.jpg,15_spot_018,exact,source_id + dirty_spot_id -> final spot_id,pass,dirty_spot_id maps to final Ground Truth spot_id
dirty_positive/dirty_15_71.jpg,15,15.jpg,15_spot_018,exact,source_id + dirty_spot_id -> final spot_id,pass,dirty_spot_id maps to final Ground Truth spot_id
dirty_positive/dirty_15_72.jpg,15,15.jpg,15_spot_018,exact,source_id + dirty_spot_id -> final spot_id,pass,dirty_spot_id maps to final Ground Truth spot_id
dirty_positive/dirty_15_73.jpg,15,15.jpg,15_spot_019,exact,source_id + dirty_spot_id -> final spot_id,pass,dirty_spot_id maps to final Ground Truth spot_id
dirty_positive/dirty_15_74.jpg,15,15.jpg,15_spot_019,exact,source_id + dirty_spot_id -> final spot_id,pass,dirty_spot_id maps to final Ground Truth spot_id
dirty_positive/dirty_15_75.jpg,15,15.jpg,15_spot_019,exact,source_id + dirty_spot_id -> final spot_id,pass,dirty_spot_id maps to final Ground Truth spot_id
dirty_positive/dirty_15_76.jpg,15,15.jpg,15_spot_019,exact,source_id + dirty_spot_id -> final spot_id,pass,dirty_spot_id maps to final Ground Truth spot_id
dirty_positive/dirty_15_77.jpg,15,15.jpg,15_spot_020,exact,source_id + dirty_spot_id -> final spot_id,pass,dirty_spot_id maps to final Ground Truth spot_id
dirty_positive/dirty_15_78.jpg,15,15.jpg,15_spot_020,exact,source_id + dirty_spot_id -> final spot_id,pass,dirty_spot_id maps to final Ground Truth spot_id
dirty_positive/dirty_15_79.jpg,15,15.jpg,15_spot_020,exact,source_id + dirty_spot_id -> final spot_id,pass,dirty_spot_id maps to final Ground Truth spot_id
dirty_positive/dirty_15_80.jpg,15,15.jpg,15_spot_020,exact,source_id + dirty_spot_id -> final spot_id,pass,dirty_spot_id maps to final Ground Truth spot_id
dirty_positive/dirty_15_81.jpg,15,15.jpg,15_spot_021,exact,source_id + dirty_spot_id -> final spot_id,pass,dirty_spot_id maps to final Ground Truth spot_id
dirty_positive/dirty_15_82.jpg,15,15.jpg,15_spot_021,exact,source_id + dirty_spot_id -> final spot_id,pass,dirty_spot_id maps to final Ground Truth spot_id
dirty_positive/dirty_15_83.jpg,15,15.jpg,15_spot_021,exact,source_id + dirty_spot_id -> final spot_id,pass,dirty_spot_id maps to final Ground Truth spot_id
dirty_positive/dirty_15_84.jpg,15,15.jpg,15_spot_021,exact,source_id + dirty_spot_id -> final spot_id,pass,dirty_spot_id maps to final Ground Truth spot_id
dirty_positive/dirty_15_85.jpg,15,15.jpg,15_spot_022,exact,source_id + dirty_spot_id -> final spot_id,pass,dirty_spot_id maps to final Ground Truth spot_id
dirty_positive/dirty_15_86.jpg,15,15.jpg,15_spot_022,exact,source_id + dirty_spot_id -> final spot_id,pass,dirty_spot_id maps to final Ground Truth spot_id
dirty_positive/dirty_15_87.jpg,15,15.jpg,15_spot_022,exact,source_id + dirty_spot_id -> final spot_id,pass,dirty_spot_id maps to final Ground Truth spot_id
dirty_positive/dirty_15_88.jpg,15,15.jpg,15_spot_022,exact,source_id + dirty_spot_id -> final spot_id,pass,dirty_spot_id maps to final Ground Truth spot_id
dirty_positive/dirty_15_89.jpg,15,15.jpg,15_spot_023,exact,source_id + dirty_spot_id -> final spot_id,pass,dirty_spot_id maps to final Ground Truth spot_id
dirty_positive/dirty_15_90.jpg,15,15.jpg,15_spot_023,exact,source_id + dirty_spot_id -> final spot_id,pass,dirty_spot_id maps to final Ground Truth spot_id
dirty_positive/dirty_15_91.jpg,15,15.jpg,15_spot_023,exact,source_id + dirty_spot_id -> final spot_id,pass,dirty_spot_id maps to final Ground Truth spot_id
dirty_positive/dirty_15_92.jpg,15,15.jpg,15_spot_023,exact,source_id + dirty_spot_id -> final spot_id,pass,dirty_spot_id maps to final Ground Truth spot_id
dirty_positive/dirty_15_93.jpg,15,15.jpg,15_spot_024,exact,source_id + dirty_spot_id -> final spot_id,pass,dirty_spot_id maps to final Ground Truth spot_id
dirty_positive/dirty_15_94.jpg,15,15.jpg,15_spot_024,exact,source_id + dirty_spot_id -> final spot_id,pass,dirty_spot_id maps to final Ground Truth spot_id
dirty_positive/dirty_15_95.jpg,15,15.jpg,15_spot_024,exact,source_id + dirty_spot_id -> final spot_id,pass,dirty_spot_id maps to final Ground Truth spot_id
dirty_positive/dirty_15_96.jpg,15,15.jpg,15_spot_024,exact,source_id + dirty_spot_id -> final spot_id,pass,dirty_spot_id maps to final Ground Truth spot_id
