fold_id,outer_test_image_id,crop_path,crop_label,y_true,probability_dirty_positive,prediction,selected_threshold
1,1,clean_negative/clean_1_1.jpg,clean_negative,0,0.13458312,clean_negative,0.20
1,1,clean_negative/clean_1_2.jpg,clean_negative,0,0.18623250,clean_negative,0.20
1,1,clean_negative/clean_1_3.jpg,clean_negative,0,0.07287859,clean_negative,0.20
1,1,clean_negative/clean_1_4.jpg,clean_negative,0,0.05545931,clean_negative,0.20
1,1,clean_negative/clean_1_5.jpg,clean_negative,0,0.20996536,dirty_positive,0.20
1,1,clean_negative/clean_1_6.jpg,clean_negative,0,0.24623805,dirty_positive,0.20
1,1,clean_negative/clean_1_7.jpg,clean_negative,0,0.17226822,clean_negative,0.20
1,1,clean_negative/clean_1_8.jpg,clean_negative,0,0.39752400,dirty_positive,0.20
1,1,clean_negative/clean_1_9.jpg,clean_negative,0,0.13268875,clean_negative,0.20
1,1,clean_negative/clean_1_10.jpg,clean_negative,0,0.14087265,clean_negative,0.20
1,1,clean_negative/clean_1_11.jpg,clean_negative,0,0.14801372,clean_negative,0.20
1,1,clean_negative/clean_1_12.jpg,clean_negative,0,0.22553206,dirty_positive,0.20
1,1,clean_negative/clean_1_13.jpg,clean_negative,0,0.04608241,clean_negative,0.20
1,1,clean_negative/clean_1_14.jpg,clean_negative,0,0.18573323,clean_negative,0.20
1,1,clean_negative/clean_1_15.jpg,clean_negative,0,0.24049111,dirty_positive,0.20
1,1,clean_negative/clean_1_16.jpg,clean_negative,0,0.05023423,clean_negative,0.20
1,1,clean_negative/clean_1_17.jpg,clean_negative,0,0.22933498,dirty_positive,0.20
1,1,clean_negative/clean_1_18.jpg,clean_negative,0,0.35573579,dirty_positive,0.20
1,1,clean_negative/clean_1_19.jpg,clean_negative,0,0.12931707,clean_negative,0.20
1,1,clean_negative/clean_1_20.jpg,clean_negative,0,0.17309091,clean_negative,0.20
1,1,clean_negative/clean_1_21.jpg,clean_negative,0,0.04059928,clean_negative,0.20
1,1,clean_negative/clean_1_22.jpg,clean_negative,0,0.04016895,clean_negative,0.20
1,1,clean_negative/clean_1_23.jpg,clean_negative,0,0.13595643,clean_negative,0.20
1,1,clean_negative/clean_1_24.jpg,clean_negative,0,0.26084546,dirty_positive,0.20
1,1,clean_negative/clean_1_25.jpg,clean_negative,0,0.34878124,dirty_positive,0.20
1,1,clean_negative/clean_1_26.jpg,clean_negative,0,0.15253692,clean_negative,0.20
1,1,clean_negative/clean_1_27.jpg,clean_negative,0,0.03937948,clean_negative,0.20
1,1,clean_negative/clean_1_28.jpg,clean_negative,0,0.03977219,clean_negative,0.20
1,1,clean_negative/clean_1_29.jpg,clean_negative,0,0.33973850,dirty_positive,0.20
1,1,clean_negative/clean_1_30.jpg,clean_negative,0,0.92211944,dirty_positive,0.20
1,1,clean_negative/clean_1_31.jpg,clean_negative,0,0.22393083,dirty_positive,0.20
1,1,clean_negative/clean_1_32.jpg,clean_negative,0,0.05663427,clean_negative,0.20
1,1,clean_negative/clean_1_33.jpg,clean_negative,0,0.05741057,clean_negative,0.20
1,1,clean_negative/clean_1_34.jpg,clean_negative,0,0.90182591,dirty_positive,0.20
1,1,clean_negative/clean_1_35.jpg,clean_negative,0,0.19040055,clean_negative,0.20
1,1,clean_negative/clean_1_36.jpg,clean_negative,0,0.14815265,clean_negative,0.20
1,1,clean_negative/clean_1_37.jpg,clean_negative,0,0.22370082,dirty_positive,0.20
1,1,clean_negative/clean_1_38.jpg,clean_negative,0,0.18433834,clean_negative,0.20
1,1,clean_negative/clean_1_39.jpg,clean_negative,0,0.35777255,dirty_positive,0.20
1,1,clean_negative/clean_1_40.jpg,clean_negative,0,0.11504911,clean_negative,0.20
1,1,clean_negative/clean_1_41.jpg,clean_negative,0,0.10706285,clean_negative,0.20
1,1,clean_negative/clean_1_42.jpg,clean_negative,0,0.30613382,dirty_positive,0.20
1,1,clean_negative/clean_1_43.jpg,clean_negative,0,0.23534407,dirty_positive,0.20
1,1,clean_negative/clean_1_44.jpg,clean_negative,0,0.31794742,dirty_positive,0.20
1,1,clean_negative/clean_1_45.jpg,clean_negative,0,0.96806164,dirty_positive,0.20
1,1,clean_negative/clean_1_46.jpg,clean_negative,0,0.94243138,dirty_positive,0.20
1,1,clean_negative/clean_1_47.jpg,clean_negative,0,0.97500921,dirty_positive,0.20
1,1,clean_negative/clean_1_48.jpg,clean_negative,0,0.97530421,dirty_positive,0.20
1,1,clean_negative/clean_1_49.jpg,clean_negative,0,0.56212957,dirty_positive,0.20
1,1,clean_negative/clean_1_50.jpg,clean_negative,0,0.28050084,dirty_positive,0.20
1,1,clean_negative/clean_1_51.jpg,clean_negative,0,0.33329441,dirty_positive,0.20
1,1,clean_negative/clean_1_52.jpg,clean_negative,0,0.18706205,clean_negative,0.20
1,1,clean_negative/clean_1_53.jpg,clean_negative,0,0.13492241,clean_negative,0.20
1,1,clean_negative/clean_1_54.jpg,clean_negative,0,0.13437990,clean_negative,0.20
1,1,clean_negative/clean_1_55.jpg,clean_negative,0,0.16504624,clean_negative,0.20
1,1,clean_negative/clean_1_56.jpg,clean_negative,0,0.33980677,dirty_positive,0.20
1,1,clean_negative/clean_1_57.jpg,clean_negative,0,0.28573567,dirty_positive,0.20
1,1,clean_negative/clean_1_58.jpg,clean_negative,0,0.39536795,dirty_positive,0.20
1,1,clean_negative/clean_1_59.jpg,clean_negative,0,0.34903075,dirty_positive,0.20
1,1,clean_negative/clean_1_60.jpg,clean_negative,0,0.82859445,dirty_positive,0.20
1,1,clean_negative/clean_1_61.jpg,clean_negative,0,0.90396199,dirty_positive,0.20
1,1,clean_negative/clean_1_62.jpg,clean_negative,0,0.95503723,dirty_positive,0.20
1,1,clean_negative/clean_1_63.jpg,clean_negative,0,0.95852879,dirty_positive,0.20
1,1,clean_negative/clean_1_64.jpg,clean_negative,0,0.99304943,dirty_positive,0.20
1,1,clean_negative/clean_1_65.jpg,clean_negative,0,0.29960296,dirty_positive,0.20
1,1,clean_negative/clean_1_66.jpg,clean_negative,0,0.11364468,clean_negative,0.20
1,1,clean_negative/clean_1_67.jpg,clean_negative,0,0.08549243,clean_negative,0.20
1,1,clean_negative/clean_1_68.jpg,clean_negative,0,0.86466848,dirty_positive,0.20
1,1,clean_negative/clean_1_69.jpg,clean_negative,0,0.83113377,dirty_positive,0.20
1,1,clean_negative/clean_1_70.jpg,clean_negative,0,0.05343316,clean_negative,0.20
1,1,clean_negative/clean_1_71.jpg,clean_negative,0,0.07472170,clean_negative,0.20
1,1,clean_negative/clean_1_72.jpg,clean_negative,0,0.13514044,clean_negative,0.20
1,1,clean_negative/clean_1_73.jpg,clean_negative,0,0.16571887,clean_negative,0.20
1,1,clean_negative/clean_1_74.jpg,clean_negative,0,0.82780164,dirty_positive,0.20
1,1,clean_negative/clean_1_75.jpg,clean_negative,0,0.46860994,dirty_positive,0.20
1,1,clean_negative/clean_1_76.jpg,clean_negative,0,0.14190587,clean_negative,0.20
1,1,clean_negative/clean_1_77.jpg,clean_negative,0,0.07335643,clean_negative,0.20
1,1,clean_negative/clean_1_78.jpg,clean_negative,0,0.04871210,clean_negative,0.20
1,1,clean_negative/clean_1_79.jpg,clean_negative,0,0.06580454,clean_negative,0.20
1,1,clean_negative/clean_1_80.jpg,clean_negative,0,0.13384070,clean_negative,0.20
1,1,clean_negative/clean_1_81.jpg,clean_negative,0,0.24611573,dirty_positive,0.20
1,1,clean_negative/clean_1_82.jpg,clean_negative,0,0.98085781,dirty_positive,0.20
1,1,clean_negative/clean_1_83.jpg,clean_negative,0,0.98086010,dirty_positive,0.20
1,1,clean_negative/clean_1_84.jpg,clean_negative,0,0.97258761,dirty_positive,0.20
1,1,clean_negative/clean_1_85.jpg,clean_negative,0,0.19438879,clean_negative,0.20
1,1,clean_negative/clean_1_86.jpg,clean_negative,0,0.84764329,dirty_positive,0.20
1,1,clean_negative/clean_1_87.jpg,clean_negative,0,0.84676424,dirty_positive,0.20
1,1,clean_negative/clean_1_88.jpg,clean_negative,0,0.84450884,dirty_positive,0.20
1,1,clean_negative/clean_1_89.jpg,clean_negative,0,0.43116279,dirty_positive,0.20
1,1,clean_negative/clean_1_90.jpg,clean_negative,0,0.94901353,dirty_positive,0.20
1,1,clean_negative/clean_1_91.jpg,clean_negative,0,0.72828284,dirty_positive,0.20
1,1,clean_negative/clean_1_92.jpg,clean_negative,0,0.44676910,dirty_positive,0.20
1,1,clean_negative/clean_1_93.jpg,clean_negative,0,0.26462067,dirty_positive,0.20
1,1,clean_negative/clean_1_94.jpg,clean_negative,0,0.30172144,dirty_positive,0.20
1,1,clean_negative/clean_1_95.jpg,clean_negative,0,0.94989119,dirty_positive,0.20
1,1,clean_negative/clean_1_96.jpg,clean_negative,0,0.72929023,dirty_positive,0.20
1,1,clean_negative/clean_1_97.jpg,clean_negative,0,0.46683754,dirty_positive,0.20
1,1,clean_negative/clean_1_98.jpg,clean_negative,0,0.34717631,dirty_positive,0.20
1,1,clean_negative/clean_1_99.jpg,clean_negative,0,0.36491179,dirty_positive,0.20
1,1,clean_negative/clean_1_100.jpg,clean_negative,0,0.31524466,dirty_positive,0.20
1,1,clean_negative/clean_1_101.jpg,clean_negative,0,0.48207872,dirty_positive,0.20
1,1,clean_negative/clean_1_102.jpg,clean_negative,0,0.46434492,dirty_positive,0.20
1,1,clean_negative/clean_1_103.jpg,clean_negative,0,0.52101903,dirty_positive,0.20
1,1,clean_negative/clean_1_104.jpg,clean_negative,0,0.34717218,dirty_positive,0.20
1,1,clean_negative/clean_1_105.jpg,clean_negative,0,0.50683979,dirty_positive,0.20
1,1,clean_negative/clean_1_106.jpg,clean_negative,0,0.49617011,dirty_positive,0.20
1,1,clean_negative/clean_1_107.jpg,clean_negative,0,0.55082259,dirty_positive,0.20
1,1,clean_negative/clean_1_108.jpg,clean_negative,0,0.36257775,dirty_positive,0.20
1,1,clean_negative/clean_1_109.jpg,clean_negative,0,0.15489818,clean_negative,0.20
1,1,clean_negative/clean_1_110.jpg,clean_negative,0,0.06697533,clean_negative,0.20
1,1,clean_negative/clean_1_111.jpg,clean_negative,0,0.04738759,clean_negative,0.20
1,1,dirty_positive/dirty_1_1.jpg,dirty_positive,1,0.12165841,clean_negative,0.20
1,1,dirty_positive/dirty_1_2.jpg,dirty_positive,1,0.09509154,clean_negative,0.20
1,1,dirty_positive/dirty_1_3.jpg,dirty_positive,1,0.14400508,clean_negative,0.20
1,1,dirty_positive/dirty_1_4.jpg,dirty_positive,1,0.16576026,clean_negative,0.20
1,1,dirty_positive/dirty_1_5.jpg,dirty_positive,1,0.56819852,dirty_positive,0.20
1,1,dirty_positive/dirty_1_6.jpg,dirty_positive,1,0.61864709,dirty_positive,0.20
1,1,dirty_positive/dirty_1_7.jpg,dirty_positive,1,0.67247324,dirty_positive,0.20
1,1,dirty_positive/dirty_1_8.jpg,dirty_positive,1,0.61506144,dirty_positive,0.20
1,1,dirty_positive/dirty_1_9.jpg,dirty_positive,1,0.19258281,clean_negative,0.20
1,1,dirty_positive/dirty_1_10.jpg,dirty_positive,1,0.22005025,dirty_positive,0.20
1,1,dirty_positive/dirty_1_11.jpg,dirty_positive,1,0.12311688,clean_negative,0.20
1,1,dirty_positive/dirty_1_12.jpg,dirty_positive,1,0.08783327,clean_negative,0.20
1,1,dirty_positive/dirty_1_13.jpg,dirty_positive,1,0.01265597,clean_negative,0.20
1,1,dirty_positive/dirty_1_14.jpg,dirty_positive,1,0.04145322,clean_negative,0.20
1,1,dirty_positive/dirty_1_15.jpg,dirty_positive,1,0.05061245,clean_negative,0.20
1,1,dirty_positive/dirty_1_16.jpg,dirty_positive,1,0.03393212,clean_negative,0.20
1,1,dirty_positive/dirty_1_17.jpg,dirty_positive,1,0.11019089,clean_negative,0.20
1,1,dirty_positive/dirty_1_18.jpg,dirty_positive,1,0.13142434,clean_negative,0.20
1,1,dirty_positive/dirty_1_19.jpg,dirty_positive,1,0.03963343,clean_negative,0.20
1,1,dirty_positive/dirty_1_20.jpg,dirty_positive,1,0.64304849,dirty_positive,0.20
1,1,dirty_positive/dirty_1_21.jpg,dirty_positive,1,0.19418344,clean_negative,0.20
1,1,dirty_positive/dirty_1_22.jpg,dirty_positive,1,0.10812544,clean_negative,0.20
1,1,dirty_positive/dirty_1_23.jpg,dirty_positive,1,0.44327860,dirty_positive,0.20
1,1,dirty_positive/dirty_1_24.jpg,dirty_positive,1,0.02755668,clean_negative,0.20
1,1,dirty_positive/dirty_1_25.jpg,dirty_positive,1,0.05629754,clean_negative,0.20
1,1,dirty_positive/dirty_1_26.jpg,dirty_positive,1,0.24503146,dirty_positive,0.20
1,1,dirty_positive/dirty_1_27.jpg,dirty_positive,1,0.10569947,clean_negative,0.20
1,1,dirty_positive/dirty_1_28.jpg,dirty_positive,1,0.24210990,dirty_positive,0.20
1,1,dirty_positive/dirty_1_29.jpg,dirty_positive,1,0.69520338,dirty_positive,0.20
1,1,dirty_positive/dirty_1_30.jpg,dirty_positive,1,0.37647159,dirty_positive,0.20
1,1,dirty_positive/dirty_1_31.jpg,dirty_positive,1,0.50180861,dirty_positive,0.20
1,1,dirty_positive/dirty_1_32.jpg,dirty_positive,1,0.58476285,dirty_positive,0.20
1,1,dirty_positive/dirty_1_33.jpg,dirty_positive,1,0.21273637,dirty_positive,0.20
1,1,dirty_positive/dirty_1_34.jpg,dirty_positive,1,0.04548743,clean_negative,0.20
1,1,dirty_positive/dirty_1_35.jpg,dirty_positive,1,0.19489784,clean_negative,0.20
1,1,dirty_positive/dirty_1_36.jpg,dirty_positive,1,0.20233339,dirty_positive,0.20
1,1,dirty_positive/dirty_1_37.jpg,dirty_positive,1,0.97508288,dirty_positive,0.20
1,1,dirty_positive/dirty_1_38.jpg,dirty_positive,1,0.98381863,dirty_positive,0.20
1,1,dirty_positive/dirty_1_39.jpg,dirty_positive,1,0.96162777,dirty_positive,0.20
1,1,dirty_positive/dirty_1_40.jpg,dirty_positive,1,0.97678367,dirty_positive,0.20
1,1,dirty_positive/dirty_1_41.jpg,dirty_positive,1,0.09327154,clean_negative,0.20
1,1,dirty_positive/dirty_1_42.jpg,dirty_positive,1,0.29422548,dirty_positive,0.20
1,1,dirty_positive/dirty_1_43.jpg,dirty_positive,1,0.42763373,dirty_positive,0.20
1,1,dirty_positive/dirty_1_44.jpg,dirty_positive,1,0.55041291,dirty_positive,0.20
1,1,dirty_positive/dirty_1_45.jpg,dirty_positive,1,0.99998820,dirty_positive,0.20
1,1,dirty_positive/dirty_1_46.jpg,dirty_positive,1,0.99999407,dirty_positive,0.20
1,1,dirty_positive/dirty_1_47.jpg,dirty_positive,1,0.99999196,dirty_positive,0.20
1,1,dirty_positive/dirty_1_48.jpg,dirty_positive,1,0.99998913,dirty_positive,0.20
1,1,dirty_positive/dirty_1_49.jpg,dirty_positive,1,0.89283201,dirty_positive,0.20
1,1,dirty_positive/dirty_1_50.jpg,dirty_positive,1,0.88065761,dirty_positive,0.20
1,1,dirty_positive/dirty_1_51.jpg,dirty_positive,1,0.93651480,dirty_positive,0.20
1,1,dirty_positive/dirty_1_52.jpg,dirty_positive,1,0.89160944,dirty_positive,0.20
1,1,dirty_positive/dirty_1_53.jpg,dirty_positive,1,0.87812270,dirty_positive,0.20
1,1,dirty_positive/dirty_1_54.jpg,dirty_positive,1,0.99931087,dirty_positive,0.20
1,1,dirty_positive/dirty_1_55.jpg,dirty_positive,1,0.84429029,dirty_positive,0.20
1,1,dirty_positive/dirty_1_56.jpg,dirty_positive,1,0.93061811,dirty_positive,0.20
1,1,dirty_positive/dirty_1_57.jpg,dirty_positive,1,0.87498678,dirty_positive,0.20
1,1,dirty_positive/dirty_1_58.jpg,dirty_positive,1,0.87981744,dirty_positive,0.20
1,1,dirty_positive/dirty_1_59.jpg,dirty_positive,1,0.88547943,dirty_positive,0.20
1,1,dirty_positive/dirty_1_60.jpg,dirty_positive,1,0.86476816,dirty_positive,0.20
1,1,dirty_positive/dirty_1_61.jpg,dirty_positive,1,0.86355507,dirty_positive,0.20
1,1,dirty_positive/dirty_1_62.jpg,dirty_positive,1,0.90243269,dirty_positive,0.20
1,1,dirty_positive/dirty_1_63.jpg,dirty_positive,1,0.87031639,dirty_positive,0.20
1,1,dirty_positive/dirty_1_64.jpg,dirty_positive,1,0.90823638,dirty_positive,0.20
1,1,dirty_positive/dirty_1_65.jpg,dirty_positive,1,0.61398816,dirty_positive,0.20
1,1,dirty_positive/dirty_1_66.jpg,dirty_positive,1,0.56109484,dirty_positive,0.20
1,1,dirty_positive/dirty_1_67.jpg,dirty_positive,1,0.50961248,dirty_positive,0.20
1,1,dirty_positive/dirty_1_68.jpg,dirty_positive,1,0.84525739,dirty_positive,0.20
1,1,dirty_positive/dirty_1_69.jpg,dirty_positive,1,0.99779693,dirty_positive,0.20
1,1,dirty_positive/dirty_1_70.jpg,dirty_positive,1,0.99900009,dirty_positive,0.20
1,1,dirty_positive/dirty_1_71.jpg,dirty_positive,1,0.97492942,dirty_positive,0.20
1,1,dirty_positive/dirty_1_72.jpg,dirty_positive,1,0.98429474,dirty_positive,0.20
1,1,dirty_positive/dirty_1_73.jpg,dirty_positive,1,0.88996416,dirty_positive,0.20
1,1,dirty_positive/dirty_1_74.jpg,dirty_positive,1,0.58985609,dirty_positive,0.20
1,1,dirty_positive/dirty_1_75.jpg,dirty_positive,1,0.83005931,dirty_positive,0.20
1,1,dirty_positive/dirty_1_76.jpg,dirty_positive,1,0.81783664,dirty_positive,0.20
1,1,dirty_positive/dirty_1_77.jpg,dirty_positive,1,0.67953305,dirty_positive,0.20
1,1,dirty_positive/dirty_1_78.jpg,dirty_positive,1,0.86935449,dirty_positive,0.20
1,1,dirty_positive/dirty_1_79.jpg,dirty_positive,1,0.94580095,dirty_positive,0.20
1,1,dirty_positive/dirty_1_80.jpg,dirty_positive,1,0.86296655,dirty_positive,0.20
1,1,dirty_positive/dirty_1_81.jpg,dirty_positive,1,0.48406411,dirty_positive,0.20
1,1,dirty_positive/dirty_1_82.jpg,dirty_positive,1,0.87022004,dirty_positive,0.20
1,1,dirty_positive/dirty_1_83.jpg,dirty_positive,1,0.41381756,dirty_positive,0.20
1,1,dirty_positive/dirty_1_84.jpg,dirty_positive,1,0.61089104,dirty_positive,0.20
1,1,dirty_positive/dirty_1_85.jpg,dirty_positive,1,0.94050252,dirty_positive,0.20
1,1,dirty_positive/dirty_1_86.jpg,dirty_positive,1,0.30626748,dirty_positive,0.20
1,1,dirty_positive/dirty_1_87.jpg,dirty_positive,1,0.99750571,dirty_positive,0.20
1,1,dirty_positive/dirty_1_88.jpg,dirty_positive,1,0.42228982,dirty_positive,0.20
1,1,dirty_positive/dirty_1_89.jpg,dirty_positive,1,0.99601144,dirty_positive,0.20
1,1,dirty_positive/dirty_1_90.jpg,dirty_positive,1,0.93980259,dirty_positive,0.20
1,1,dirty_positive/dirty_1_91.jpg,dirty_positive,1,0.94675639,dirty_positive,0.20
1,1,dirty_positive/dirty_1_92.jpg,dirty_positive,1,0.99687152,dirty_positive,0.20
1,1,dirty_positive/dirty_1_93.jpg,dirty_positive,1,0.50031275,dirty_positive,0.20
1,1,dirty_positive/dirty_1_94.jpg,dirty_positive,1,0.77676137,dirty_positive,0.20
1,1,dirty_positive/dirty_1_95.jpg,dirty_positive,1,0.72483471,dirty_positive,0.20
1,1,dirty_positive/dirty_1_96.jpg,dirty_positive,1,0.26305662,dirty_positive,0.20
1,1,dirty_positive/dirty_1_97.jpg,dirty_positive,1,0.67314899,dirty_positive,0.20
1,1,dirty_positive/dirty_1_98.jpg,dirty_positive,1,0.12843520,clean_negative,0.20
1,1,dirty_positive/dirty_1_99.jpg,dirty_positive,1,0.38428097,dirty_positive,0.20
1,1,dirty_positive/dirty_1_100.jpg,dirty_positive,1,0.49589055,dirty_positive,0.20
1,1,dirty_positive/dirty_1_101.jpg,dirty_positive,1,0.72540159,dirty_positive,0.20
1,1,dirty_positive/dirty_1_102.jpg,dirty_positive,1,0.41382379,dirty_positive,0.20
1,1,dirty_positive/dirty_1_103.jpg,dirty_positive,1,0.69743121,dirty_positive,0.20
1,1,dirty_positive/dirty_1_104.jpg,dirty_positive,1,0.31730430,dirty_positive,0.20
2,2,clean_negative/clean_2_1.jpg,clean_negative,0,0.00009066,clean_negative,0.75
2,2,clean_negative/clean_2_2.jpg,clean_negative,0,0.00396048,clean_negative,0.75
2,2,clean_negative/clean_2_3.jpg,clean_negative,0,0.00065510,clean_negative,0.75
2,2,clean_negative/clean_2_4.jpg,clean_negative,0,0.00046794,clean_negative,0.75
2,2,clean_negative/clean_2_5.jpg,clean_negative,0,0.02945640,clean_negative,0.75
2,2,clean_negative/clean_2_6.jpg,clean_negative,0,0.01380749,clean_negative,0.75
2,2,clean_negative/clean_2_7.jpg,clean_negative,0,0.00253835,clean_negative,0.75
2,2,clean_negative/clean_2_8.jpg,clean_negative,0,0.03627980,clean_negative,0.75
2,2,clean_negative/clean_2_9.jpg,clean_negative,0,0.00644992,clean_negative,0.75
2,2,clean_negative/clean_2_10.jpg,clean_negative,0,0.08576499,clean_negative,0.75
2,2,clean_negative/clean_2_11.jpg,clean_negative,0,0.01418714,clean_negative,0.75
2,2,clean_negative/clean_2_12.jpg,clean_negative,0,0.12654419,clean_negative,0.75
2,2,clean_negative/clean_2_13.jpg,clean_negative,0,0.14294552,clean_negative,0.75
2,2,clean_negative/clean_2_14.jpg,clean_negative,0,0.23321508,clean_negative,0.75
2,2,clean_negative/clean_2_15.jpg,clean_negative,0,0.23187601,clean_negative,0.75
2,2,clean_negative/clean_2_16.jpg,clean_negative,0,0.31385378,clean_negative,0.75
2,2,clean_negative/clean_2_17.jpg,clean_negative,0,0.25374412,clean_negative,0.75
2,2,clean_negative/clean_2_18.jpg,clean_negative,0,0.06770938,clean_negative,0.75
2,2,clean_negative/clean_2_19.jpg,clean_negative,0,0.03616314,clean_negative,0.75
2,2,clean_negative/clean_2_20.jpg,clean_negative,0,0.09405253,clean_negative,0.75
2,2,clean_negative/clean_2_21.jpg,clean_negative,0,0.17177141,clean_negative,0.75
2,2,clean_negative/clean_2_22.jpg,clean_negative,0,0.40920241,clean_negative,0.75
2,2,clean_negative/clean_2_23.jpg,clean_negative,0,0.45172609,clean_negative,0.75
2,2,clean_negative/clean_2_24.jpg,clean_negative,0,0.64271073,clean_negative,0.75
2,2,clean_negative/clean_2_25.jpg,clean_negative,0,0.38159867,clean_negative,0.75
2,2,clean_negative/clean_2_26.jpg,clean_negative,0,0.35472318,clean_negative,0.75
2,2,clean_negative/clean_2_27.jpg,clean_negative,0,0.39501012,clean_negative,0.75
2,2,clean_negative/clean_2_28.jpg,clean_negative,0,0.55559258,clean_negative,0.75
2,2,clean_negative/clean_2_29.jpg,clean_negative,0,0.28963616,clean_negative,0.75
2,2,clean_negative/clean_2_30.jpg,clean_negative,0,0.17978358,clean_negative,0.75
2,2,clean_negative/clean_2_31.jpg,clean_negative,0,0.02318598,clean_negative,0.75
2,2,clean_negative/clean_2_32.jpg,clean_negative,0,0.01131306,clean_negative,0.75
2,2,clean_negative/clean_2_33.jpg,clean_negative,0,0.03202149,clean_negative,0.75
2,2,clean_negative/clean_2_34.jpg,clean_negative,0,0.05509454,clean_negative,0.75
2,2,clean_negative/clean_2_35.jpg,clean_negative,0,0.00017969,clean_negative,0.75
2,2,clean_negative/clean_2_36.jpg,clean_negative,0,0.00669780,clean_negative,0.75
2,2,clean_negative/clean_2_37.jpg,clean_negative,0,0.01171424,clean_negative,0.75
2,2,clean_negative/clean_2_38.jpg,clean_negative,0,0.27328138,clean_negative,0.75
2,2,clean_negative/clean_2_39.jpg,clean_negative,0,0.19426036,clean_negative,0.75
2,2,clean_negative/clean_2_40.jpg,clean_negative,0,0.21399302,clean_negative,0.75
2,2,clean_negative/clean_2_41.jpg,clean_negative,0,0.06211198,clean_negative,0.75
2,2,clean_negative/clean_2_42.jpg,clean_negative,0,0.03434518,clean_negative,0.75
2,2,clean_negative/clean_2_43.jpg,clean_negative,0,0.00007381,clean_negative,0.75
2,2,clean_negative/clean_2_44.jpg,clean_negative,0,0.00308869,clean_negative,0.75
2,2,clean_negative/clean_2_45.jpg,clean_negative,0,0.00537608,clean_negative,0.75
2,2,clean_negative/clean_2_46.jpg,clean_negative,0,0.00552764,clean_negative,0.75
2,2,clean_negative/clean_2_47.jpg,clean_negative,0,0.00338455,clean_negative,0.75
2,2,clean_negative/clean_2_48.jpg,clean_negative,0,0.01236497,clean_negative,0.75
2,2,clean_negative/clean_2_49.jpg,clean_negative,0,0.01937933,clean_negative,0.75
2,2,dirty_positive/dirty_2_1.jpg,dirty_positive,1,0.57188514,clean_negative,0.75
2,2,dirty_positive/dirty_2_2.jpg,dirty_positive,1,0.86161610,dirty_positive,0.75
2,2,dirty_positive/dirty_2_3.jpg,dirty_positive,1,0.94944936,dirty_positive,0.75
2,2,dirty_positive/dirty_2_4.jpg,dirty_positive,1,0.84422721,dirty_positive,0.75
2,2,dirty_positive/dirty_2_5.jpg,dirty_positive,1,0.39966724,clean_negative,0.75
2,2,dirty_positive/dirty_2_6.jpg,dirty_positive,1,0.13407526,clean_negative,0.75
2,2,dirty_positive/dirty_2_7.jpg,dirty_positive,1,0.51165607,clean_negative,0.75
2,2,dirty_positive/dirty_2_8.jpg,dirty_positive,1,0.79515843,dirty_positive,0.75
2,2,dirty_positive/dirty_2_9.jpg,dirty_positive,1,0.81878167,dirty_positive,0.75
2,2,dirty_positive/dirty_2_10.jpg,dirty_positive,1,0.96472630,dirty_positive,0.75
2,2,dirty_positive/dirty_2_11.jpg,dirty_positive,1,0.85754868,dirty_positive,0.75
2,2,dirty_positive/dirty_2_12.jpg,dirty_positive,1,0.84666097,dirty_positive,0.75
2,2,dirty_positive/dirty_2_13.jpg,dirty_positive,1,0.92636696,dirty_positive,0.75
2,2,dirty_positive/dirty_2_14.jpg,dirty_positive,1,0.61228633,clean_negative,0.75
2,2,dirty_positive/dirty_2_15.jpg,dirty_positive,1,0.84778692,dirty_positive,0.75
2,2,dirty_positive/dirty_2_16.jpg,dirty_positive,1,0.98723093,dirty_positive,0.75
2,2,dirty_positive/dirty_2_17.jpg,dirty_positive,1,0.89857153,dirty_positive,0.75
2,2,dirty_positive/dirty_2_18.jpg,dirty_positive,1,0.95742039,dirty_positive,0.75
2,2,dirty_positive/dirty_2_19.jpg,dirty_positive,1,0.91241925,dirty_positive,0.75
2,2,dirty_positive/dirty_2_20.jpg,dirty_positive,1,0.92459081,dirty_positive,0.75
2,2,dirty_positive/dirty_2_21.jpg,dirty_positive,1,0.43098351,clean_negative,0.75
2,2,dirty_positive/dirty_2_22.jpg,dirty_positive,1,0.46596395,clean_negative,0.75
2,2,dirty_positive/dirty_2_23.jpg,dirty_positive,1,0.44742282,clean_negative,0.75
2,2,dirty_positive/dirty_2_24.jpg,dirty_positive,1,0.95323474,dirty_positive,0.75
2,2,dirty_positive/dirty_2_25.jpg,dirty_positive,1,0.96598160,dirty_positive,0.75
2,2,dirty_positive/dirty_2_26.jpg,dirty_positive,1,0.68010346,clean_negative,0.75
2,2,dirty_positive/dirty_2_27.jpg,dirty_positive,1,0.97235116,dirty_positive,0.75
2,2,dirty_positive/dirty_2_28.jpg,dirty_positive,1,0.97573474,dirty_positive,0.75
2,2,dirty_positive/dirty_2_29.jpg,dirty_positive,1,0.73655916,clean_negative,0.75
2,2,dirty_positive/dirty_2_30.jpg,dirty_positive,1,0.61917607,clean_negative,0.75
2,2,dirty_positive/dirty_2_31.jpg,dirty_positive,1,0.83459872,dirty_positive,0.75
2,2,dirty_positive/dirty_2_32.jpg,dirty_positive,1,0.77925823,dirty_positive,0.75
2,2,dirty_positive/dirty_2_33.jpg,dirty_positive,1,0.31802518,clean_negative,0.75
2,2,dirty_positive/dirty_2_34.jpg,dirty_positive,1,0.38934080,clean_negative,0.75
2,2,dirty_positive/dirty_2_35.jpg,dirty_positive,1,0.18442454,clean_negative,0.75
2,2,dirty_positive/dirty_2_36.jpg,dirty_positive,1,0.35969807,clean_negative,0.75
2,2,dirty_positive/dirty_2_37.jpg,dirty_positive,1,0.99965621,dirty_positive,0.75
2,2,dirty_positive/dirty_2_38.jpg,dirty_positive,1,0.99844958,dirty_positive,0.75
2,2,dirty_positive/dirty_2_39.jpg,dirty_positive,1,0.99744444,dirty_positive,0.75
2,2,dirty_positive/dirty_2_40.jpg,dirty_positive,1,0.99745093,dirty_positive,0.75
2,2,dirty_positive/dirty_2_41.jpg,dirty_positive,1,0.91069783,dirty_positive,0.75
2,2,dirty_positive/dirty_2_42.jpg,dirty_positive,1,0.54316290,clean_negative,0.75
2,2,dirty_positive/dirty_2_43.jpg,dirty_positive,1,0.63150224,clean_negative,0.75
2,2,dirty_positive/dirty_2_44.jpg,dirty_positive,1,0.97484277,dirty_positive,0.75
2,2,dirty_positive/dirty_2_45.jpg,dirty_positive,1,0.91571847,dirty_positive,0.75
2,2,dirty_positive/dirty_2_46.jpg,dirty_positive,1,0.79997802,dirty_positive,0.75
2,2,dirty_positive/dirty_2_47.jpg,dirty_positive,1,0.96414620,dirty_positive,0.75
2,2,dirty_positive/dirty_2_48.jpg,dirty_positive,1,0.79169048,dirty_positive,0.75
2,2,dirty_positive/dirty_2_49.jpg,dirty_positive,1,0.75791151,dirty_positive,0.75
2,2,dirty_positive/dirty_2_50.jpg,dirty_positive,1,0.84548317,dirty_positive,0.75
2,2,dirty_positive/dirty_2_51.jpg,dirty_positive,1,0.32352395,clean_negative,0.75
2,2,dirty_positive/dirty_2_52.jpg,dirty_positive,1,0.89313033,dirty_positive,0.75
2,2,dirty_positive/dirty_2_53.jpg,dirty_positive,1,0.99908184,dirty_positive,0.75
2,2,dirty_positive/dirty_2_54.jpg,dirty_positive,1,0.99942894,dirty_positive,0.75
2,2,dirty_positive/dirty_2_55.jpg,dirty_positive,1,0.99955160,dirty_positive,0.75
2,2,dirty_positive/dirty_2_56.jpg,dirty_positive,1,0.99713025,dirty_positive,0.75
2,2,dirty_positive/dirty_2_57.jpg,dirty_positive,1,0.75424974,dirty_positive,0.75
2,2,dirty_positive/dirty_2_58.jpg,dirty_positive,1,0.97180516,dirty_positive,0.75
2,2,dirty_positive/dirty_2_59.jpg,dirty_positive,1,0.93426079,dirty_positive,0.75
2,2,dirty_positive/dirty_2_60.jpg,dirty_positive,1,0.85377690,dirty_positive,0.75
2,2,dirty_positive/dirty_2_61.jpg,dirty_positive,1,0.92831185,dirty_positive,0.75
2,2,dirty_positive/dirty_2_62.jpg,dirty_positive,1,0.89209786,dirty_positive,0.75
2,2,dirty_positive/dirty_2_63.jpg,dirty_positive,1,0.91089104,dirty_positive,0.75
2,2,dirty_positive/dirty_2_64.jpg,dirty_positive,1,0.84525940,dirty_positive,0.75
2,2,dirty_positive/dirty_2_65.jpg,dirty_positive,1,0.90833159,dirty_positive,0.75
2,2,dirty_positive/dirty_2_66.jpg,dirty_positive,1,0.95691994,dirty_positive,0.75
2,2,dirty_positive/dirty_2_67.jpg,dirty_positive,1,0.98269548,dirty_positive,0.75
2,2,dirty_positive/dirty_2_68.jpg,dirty_positive,1,0.84624158,dirty_positive,0.75
2,2,dirty_positive/dirty_2_69.jpg,dirty_positive,1,0.92908860,dirty_positive,0.75
2,2,dirty_positive/dirty_2_70.jpg,dirty_positive,1,0.85945031,dirty_positive,0.75
2,2,dirty_positive/dirty_2_71.jpg,dirty_positive,1,0.96677601,dirty_positive,0.75
2,2,dirty_positive/dirty_2_72.jpg,dirty_positive,1,0.96899378,dirty_positive,0.75
2,2,dirty_positive/dirty_2_73.jpg,dirty_positive,1,0.91610063,dirty_positive,0.75
2,2,dirty_positive/dirty_2_74.jpg,dirty_positive,1,0.89426711,dirty_positive,0.75
2,2,dirty_positive/dirty_2_75.jpg,dirty_positive,1,0.96352718,dirty_positive,0.75
2,2,dirty_positive/dirty_2_76.jpg,dirty_positive,1,0.80521736,dirty_positive,0.75
2,2,dirty_positive/dirty_2_77.jpg,dirty_positive,1,0.96429067,dirty_positive,0.75
2,2,dirty_positive/dirty_2_78.jpg,dirty_positive,1,0.70220460,clean_negative,0.75
2,2,dirty_positive/dirty_2_79.jpg,dirty_positive,1,0.96749440,dirty_positive,0.75
2,2,dirty_positive/dirty_2_80.jpg,dirty_positive,1,0.97148622,dirty_positive,0.75
2,2,dirty_positive/dirty_2_81.jpg,dirty_positive,1,0.85577235,dirty_positive,0.75
2,2,dirty_positive/dirty_2_82.jpg,dirty_positive,1,0.92188476,dirty_positive,0.75
2,2,dirty_positive/dirty_2_83.jpg,dirty_positive,1,0.96330024,dirty_positive,0.75
2,2,dirty_positive/dirty_2_84.jpg,dirty_positive,1,0.95026883,dirty_positive,0.75
2,2,dirty_positive/dirty_2_85.jpg,dirty_positive,1,0.97015599,dirty_positive,0.75
2,2,dirty_positive/dirty_2_86.jpg,dirty_positive,1,0.96526972,dirty_positive,0.75
2,2,dirty_positive/dirty_2_87.jpg,dirty_positive,1,0.87629405,dirty_positive,0.75
2,2,dirty_positive/dirty_2_88.jpg,dirty_positive,1,0.98631809,dirty_positive,0.75
2,2,dirty_positive/dirty_2_89.jpg,dirty_positive,1,0.98200066,dirty_positive,0.75
2,2,dirty_positive/dirty_2_90.jpg,dirty_positive,1,0.96208783,dirty_positive,0.75
2,2,dirty_positive/dirty_2_91.jpg,dirty_positive,1,0.98007431,dirty_positive,0.75
2,2,dirty_positive/dirty_2_92.jpg,dirty_positive,1,0.85939826,dirty_positive,0.75
2,2,dirty_positive/dirty_2_93.jpg,dirty_positive,1,0.95921730,dirty_positive,0.75
2,2,dirty_positive/dirty_2_94.jpg,dirty_positive,1,0.64555094,clean_negative,0.75
2,2,dirty_positive/dirty_2_95.jpg,dirty_positive,1,0.80697792,dirty_positive,0.75
2,2,dirty_positive/dirty_2_96.jpg,dirty_positive,1,0.73863517,clean_negative,0.75
2,2,dirty_positive/dirty_2_97.jpg,dirty_positive,1,0.97128904,dirty_positive,0.75
2,2,dirty_positive/dirty_2_98.jpg,dirty_positive,1,0.94007038,dirty_positive,0.75
2,2,dirty_positive/dirty_2_99.jpg,dirty_positive,1,0.94469233,dirty_positive,0.75
2,2,dirty_positive/dirty_2_100.jpg,dirty_positive,1,0.97045338,dirty_positive,0.75
2,2,dirty_positive/dirty_2_101.jpg,dirty_positive,1,0.98192294,dirty_positive,0.75
2,2,dirty_positive/dirty_2_102.jpg,dirty_positive,1,0.95395616,dirty_positive,0.75
2,2,dirty_positive/dirty_2_103.jpg,dirty_positive,1,0.96027229,dirty_positive,0.75
2,2,dirty_positive/dirty_2_104.jpg,dirty_positive,1,0.97363995,dirty_positive,0.75
2,2,dirty_positive/dirty_2_105.jpg,dirty_positive,1,0.87747398,dirty_positive,0.75
2,2,dirty_positive/dirty_2_106.jpg,dirty_positive,1,0.85666294,dirty_positive,0.75
2,2,dirty_positive/dirty_2_107.jpg,dirty_positive,1,0.78288001,dirty_positive,0.75
2,2,dirty_positive/dirty_2_108.jpg,dirty_positive,1,0.88781706,dirty_positive,0.75
2,2,dirty_positive/dirty_2_109.jpg,dirty_positive,1,0.92466100,dirty_positive,0.75
2,2,dirty_positive/dirty_2_110.jpg,dirty_positive,1,0.90096527,dirty_positive,0.75
2,2,dirty_positive/dirty_2_111.jpg,dirty_positive,1,0.98845017,dirty_positive,0.75
2,2,dirty_positive/dirty_2_112.jpg,dirty_positive,1,0.96464607,dirty_positive,0.75
2,2,dirty_positive/dirty_2_113.jpg,dirty_positive,1,0.92289119,dirty_positive,0.75
2,2,dirty_positive/dirty_2_114.jpg,dirty_positive,1,0.76932855,dirty_positive,0.75
2,2,dirty_positive/dirty_2_115.jpg,dirty_positive,1,0.93589715,dirty_positive,0.75
2,2,dirty_positive/dirty_2_116.jpg,dirty_positive,1,0.93970745,dirty_positive,0.75
2,2,dirty_positive/dirty_2_117.jpg,dirty_positive,1,0.97896310,dirty_positive,0.75
2,2,dirty_positive/dirty_2_118.jpg,dirty_positive,1,0.95684069,dirty_positive,0.75
2,2,dirty_positive/dirty_2_119.jpg,dirty_positive,1,0.99995765,dirty_positive,0.75
2,2,dirty_positive/dirty_2_120.jpg,dirty_positive,1,0.98594562,dirty_positive,0.75
2,2,dirty_positive/dirty_2_121.jpg,dirty_positive,1,0.90737348,dirty_positive,0.75
2,2,dirty_positive/dirty_2_122.jpg,dirty_positive,1,0.91864385,dirty_positive,0.75
2,2,dirty_positive/dirty_2_123.jpg,dirty_positive,1,0.91629250,dirty_positive,0.75
2,2,dirty_positive/dirty_2_124.jpg,dirty_positive,1,0.84023983,dirty_positive,0.75
2,2,dirty_positive/dirty_2_125.jpg,dirty_positive,1,0.91203352,dirty_positive,0.75
2,2,dirty_positive/dirty_2_126.jpg,dirty_positive,1,0.90940638,dirty_positive,0.75
2,2,dirty_positive/dirty_2_127.jpg,dirty_positive,1,0.92161991,dirty_positive,0.75
2,2,dirty_positive/dirty_2_128.jpg,dirty_positive,1,0.91019190,dirty_positive,0.75
2,2,dirty_positive/dirty_2_129.jpg,dirty_positive,1,0.80740507,dirty_positive,0.75
2,2,dirty_positive/dirty_2_130.jpg,dirty_positive,1,0.96638236,dirty_positive,0.75
2,2,dirty_positive/dirty_2_131.jpg,dirty_positive,1,0.86310975,dirty_positive,0.75
2,2,dirty_positive/dirty_2_132.jpg,dirty_positive,1,0.71486504,clean_negative,0.75
2,2,dirty_positive/dirty_2_133.jpg,dirty_positive,1,0.86108870,dirty_positive,0.75
2,2,dirty_positive/dirty_2_134.jpg,dirty_positive,1,0.86411807,dirty_positive,0.75
2,2,dirty_positive/dirty_2_135.jpg,dirty_positive,1,0.95193647,dirty_positive,0.75
2,2,dirty_positive/dirty_2_136.jpg,dirty_positive,1,0.95020904,dirty_positive,0.75
2,2,dirty_positive/dirty_2_137.jpg,dirty_positive,1,0.89886153,dirty_positive,0.75
2,2,dirty_positive/dirty_2_138.jpg,dirty_positive,1,0.89846109,dirty_positive,0.75
2,2,dirty_positive/dirty_2_139.jpg,dirty_positive,1,0.92214760,dirty_positive,0.75
2,2,dirty_positive/dirty_2_140.jpg,dirty_positive,1,0.90724020,dirty_positive,0.75
2,2,dirty_positive/dirty_2_141.jpg,dirty_positive,1,0.96868151,dirty_positive,0.75
2,2,dirty_positive/dirty_2_142.jpg,dirty_positive,1,0.95248324,dirty_positive,0.75
2,2,dirty_positive/dirty_2_143.jpg,dirty_positive,1,0.98816211,dirty_positive,0.75
2,2,dirty_positive/dirty_2_144.jpg,dirty_positive,1,0.99996972,dirty_positive,0.75
2,2,dirty_positive/dirty_2_145.jpg,dirty_positive,1,0.95912669,dirty_positive,0.75
2,2,dirty_positive/dirty_2_146.jpg,dirty_positive,1,0.95775738,dirty_positive,0.75
2,2,dirty_positive/dirty_2_147.jpg,dirty_positive,1,0.96590535,dirty_positive,0.75
2,2,dirty_positive/dirty_2_148.jpg,dirty_positive,1,0.92674813,dirty_positive,0.75
2,2,dirty_positive/dirty_2_149.jpg,dirty_positive,1,0.58007303,clean_negative,0.75
2,2,dirty_positive/dirty_2_150.jpg,dirty_positive,1,0.95556701,dirty_positive,0.75
2,2,dirty_positive/dirty_2_151.jpg,dirty_positive,1,0.89363073,dirty_positive,0.75
2,2,dirty_positive/dirty_2_152.jpg,dirty_positive,1,0.76544778,dirty_positive,0.75
2,2,dirty_positive/dirty_2_153.jpg,dirty_positive,1,0.89164728,dirty_positive,0.75
2,2,dirty_positive/dirty_2_154.jpg,dirty_positive,1,0.88082869,dirty_positive,0.75
2,2,dirty_positive/dirty_2_155.jpg,dirty_positive,1,0.95918697,dirty_positive,0.75
2,2,dirty_positive/dirty_2_156.jpg,dirty_positive,1,0.93071665,dirty_positive,0.75
2,2,dirty_positive/dirty_2_157.jpg,dirty_positive,1,0.73293882,clean_negative,0.75
2,2,dirty_positive/dirty_2_158.jpg,dirty_positive,1,0.95740918,dirty_positive,0.75
2,2,dirty_positive/dirty_2_159.jpg,dirty_positive,1,0.75833580,dirty_positive,0.75
2,2,dirty_positive/dirty_2_160.jpg,dirty_positive,1,0.91727770,dirty_positive,0.75
2,2,dirty_positive/dirty_2_161.jpg,dirty_positive,1,0.29126499,clean_negative,0.75
2,2,dirty_positive/dirty_2_162.jpg,dirty_positive,1,0.20639685,clean_negative,0.75
2,2,dirty_positive/dirty_2_163.jpg,dirty_positive,1,0.65676524,clean_negative,0.75
2,2,dirty_positive/dirty_2_164.jpg,dirty_positive,1,0.61171022,clean_negative,0.75
3,3,clean_negative/clean_3_1.jpg,clean_negative,0,0.89084830,dirty_positive,0.70
3,3,clean_negative/clean_3_2.jpg,clean_negative,0,0.64463085,clean_negative,0.70
3,3,clean_negative/clean_3_3.jpg,clean_negative,0,0.74913976,dirty_positive,0.70
3,3,clean_negative/clean_3_4.jpg,clean_negative,0,0.86141689,dirty_positive,0.70
3,3,clean_negative/clean_3_5.jpg,clean_negative,0,0.93024667,dirty_positive,0.70
3,3,clean_negative/clean_3_6.jpg,clean_negative,0,0.88767157,dirty_positive,0.70
3,3,clean_negative/clean_3_7.jpg,clean_negative,0,0.81690953,dirty_positive,0.70
3,3,clean_negative/clean_3_8.jpg,clean_negative,0,0.42750807,clean_negative,0.70
3,3,clean_negative/clean_3_9.jpg,clean_negative,0,0.47132888,clean_negative,0.70
3,3,clean_negative/clean_3_10.jpg,clean_negative,0,0.66269519,clean_negative,0.70
3,3,clean_negative/clean_3_11.jpg,clean_negative,0,0.85498037,dirty_positive,0.70
3,3,clean_negative/clean_3_12.jpg,clean_negative,0,0.84804687,dirty_positive,0.70
3,3,clean_negative/clean_3_13.jpg,clean_negative,0,0.37426073,clean_negative,0.70
3,3,clean_negative/clean_3_14.jpg,clean_negative,0,0.08198808,clean_negative,0.70
3,3,clean_negative/clean_3_15.jpg,clean_negative,0,0.21052389,clean_negative,0.70
3,3,clean_negative/clean_3_16.jpg,clean_negative,0,0.44758358,clean_negative,0.70
3,3,clean_negative/clean_3_17.jpg,clean_negative,0,0.15793845,clean_negative,0.70
3,3,clean_negative/clean_3_18.jpg,clean_negative,0,0.22716186,clean_negative,0.70
3,3,clean_negative/clean_3_19.jpg,clean_negative,0,0.08860089,clean_negative,0.70
3,3,clean_negative/clean_3_20.jpg,clean_negative,0,0.13588432,clean_negative,0.70
3,3,clean_negative/clean_3_21.jpg,clean_negative,0,0.19022721,clean_negative,0.70
3,3,clean_negative/clean_3_22.jpg,clean_negative,0,0.70154517,dirty_positive,0.70
3,3,clean_negative/clean_3_23.jpg,clean_negative,0,0.03899415,clean_negative,0.70
3,3,clean_negative/clean_3_24.jpg,clean_negative,0,0.14466845,clean_negative,0.70
3,3,clean_negative/clean_3_25.jpg,clean_negative,0,0.16870348,clean_negative,0.70
3,3,clean_negative/clean_3_26.jpg,clean_negative,0,0.62997280,clean_negative,0.70
3,3,clean_negative/clean_3_27.jpg,clean_negative,0,0.50380897,clean_negative,0.70
3,3,clean_negative/clean_3_28.jpg,clean_negative,0,0.55998252,clean_negative,0.70
3,3,clean_negative/clean_3_29.jpg,clean_negative,0,0.72025204,dirty_positive,0.70
3,3,clean_negative/clean_3_30.jpg,clean_negative,0,0.64997191,clean_negative,0.70
3,3,clean_negative/clean_3_31.jpg,clean_negative,0,0.66466293,clean_negative,0.70
3,3,clean_negative/clean_3_32.jpg,clean_negative,0,0.58390409,clean_negative,0.70
3,3,clean_negative/clean_3_33.jpg,clean_negative,0,0.96200400,dirty_positive,0.70
3,3,clean_negative/clean_3_34.jpg,clean_negative,0,0.93550829,dirty_positive,0.70
3,3,clean_negative/clean_3_35.jpg,clean_negative,0,0.86346189,dirty_positive,0.70
3,3,clean_negative/clean_3_36.jpg,clean_negative,0,0.74487558,dirty_positive,0.70
3,3,clean_negative/clean_3_37.jpg,clean_negative,0,0.62004399,clean_negative,0.70
3,3,clean_negative/clean_3_38.jpg,clean_negative,0,0.01954193,clean_negative,0.70
3,3,clean_negative/clean_3_39.jpg,clean_negative,0,0.04664421,clean_negative,0.70
3,3,clean_negative/clean_3_40.jpg,clean_negative,0,0.21174274,clean_negative,0.70
3,3,clean_negative/clean_3_41.jpg,clean_negative,0,0.35298652,clean_negative,0.70
3,3,clean_negative/clean_3_42.jpg,clean_negative,0,0.43271269,clean_negative,0.70
3,3,clean_negative/clean_3_43.jpg,clean_negative,0,0.87185954,dirty_positive,0.70
3,3,clean_negative/clean_3_44.jpg,clean_negative,0,0.85721604,dirty_positive,0.70
3,3,clean_negative/clean_3_45.jpg,clean_negative,0,0.74173411,dirty_positive,0.70
3,3,clean_negative/clean_3_46.jpg,clean_negative,0,0.66501037,clean_negative,0.70
3,3,clean_negative/clean_3_47.jpg,clean_negative,0,0.66619943,clean_negative,0.70
3,3,clean_negative/clean_3_48.jpg,clean_negative,0,0.64355980,clean_negative,0.70
3,3,clean_negative/clean_3_49.jpg,clean_negative,0,0.48450581,clean_negative,0.70
3,3,clean_negative/clean_3_50.jpg,clean_negative,0,0.45014934,clean_negative,0.70
3,3,clean_negative/clean_3_51.jpg,clean_negative,0,0.45523599,clean_negative,0.70
3,3,clean_negative/clean_3_52.jpg,clean_negative,0,0.02430286,clean_negative,0.70
3,3,clean_negative/clean_3_53.jpg,clean_negative,0,0.01424113,clean_negative,0.70
3,3,clean_negative/clean_3_54.jpg,clean_negative,0,0.01483656,clean_negative,0.70
3,3,clean_negative/clean_3_55.jpg,clean_negative,0,0.03487047,clean_negative,0.70
3,3,clean_negative/clean_3_56.jpg,clean_negative,0,0.05769497,clean_negative,0.70
3,3,clean_negative/clean_3_57.jpg,clean_negative,0,0.59996950,clean_negative,0.70
3,3,clean_negative/clean_3_58.jpg,clean_negative,0,0.72222681,dirty_positive,0.70
3,3,clean_negative/clean_3_59.jpg,clean_negative,0,0.76213865,dirty_positive,0.70
3,3,clean_negative/clean_3_60.jpg,clean_negative,0,0.75268207,dirty_positive,0.70
3,3,clean_negative/clean_3_61.jpg,clean_negative,0,0.66258234,clean_negative,0.70
3,3,clean_negative/clean_3_62.jpg,clean_negative,0,0.66190073,clean_negative,0.70
3,3,clean_negative/clean_3_63.jpg,clean_negative,0,0.52208184,clean_negative,0.70
3,3,clean_negative/clean_3_64.jpg,clean_negative,0,0.53550324,clean_negative,0.70
3,3,clean_negative/clean_3_65.jpg,clean_negative,0,0.95040264,dirty_positive,0.70
3,3,clean_negative/clean_3_66.jpg,clean_negative,0,0.01491552,clean_negative,0.70
3,3,clean_negative/clean_3_67.jpg,clean_negative,0,0.01083084,clean_negative,0.70
3,3,clean_negative/clean_3_68.jpg,clean_negative,0,0.01344726,clean_negative,0.70
3,3,clean_negative/clean_3_69.jpg,clean_negative,0,0.02556430,clean_negative,0.70
3,3,clean_negative/clean_3_70.jpg,clean_negative,0,0.05261533,clean_negative,0.70
3,3,clean_negative/clean_3_71.jpg,clean_negative,0,0.39761533,clean_negative,0.70
3,3,clean_negative/clean_3_72.jpg,clean_negative,0,0.45690880,clean_negative,0.70
3,3,clean_negative/clean_3_73.jpg,clean_negative,0,0.88734069,dirty_positive,0.70
3,3,clean_negative/clean_3_74.jpg,clean_negative,0,0.75454626,dirty_positive,0.70
3,3,clean_negative/clean_3_75.jpg,clean_negative,0,0.74479484,dirty_positive,0.70
3,3,clean_negative/clean_3_76.jpg,clean_negative,0,0.62138945,clean_negative,0.70
3,3,clean_negative/clean_3_77.jpg,clean_negative,0,0.67801753,clean_negative,0.70
3,3,clean_negative/clean_3_78.jpg,clean_negative,0,0.43119653,clean_negative,0.70
3,3,clean_negative/clean_3_79.jpg,clean_negative,0,0.56127344,clean_negative,0.70
3,3,clean_negative/clean_3_80.jpg,clean_negative,0,0.69274092,clean_negative,0.70
3,3,clean_negative/clean_3_81.jpg,clean_negative,0,0.55497803,clean_negative,0.70
3,3,clean_negative/clean_3_82.jpg,clean_negative,0,0.71265401,dirty_positive,0.70
3,3,clean_negative/clean_3_83.jpg,clean_negative,0,0.59426789,clean_negative,0.70
3,3,clean_negative/clean_3_84.jpg,clean_negative,0,0.58528057,clean_negative,0.70
3,3,clean_negative/clean_3_85.jpg,clean_negative,0,0.78716164,dirty_positive,0.70
3,3,clean_negative/clean_3_86.jpg,clean_negative,0,0.68029661,clean_negative,0.70
3,3,clean_negative/clean_3_87.jpg,clean_negative,0,0.90904796,dirty_positive,0.70
3,3,clean_negative/clean_3_88.jpg,clean_negative,0,0.89938668,dirty_positive,0.70
3,3,clean_negative/clean_3_89.jpg,clean_negative,0,0.83650905,dirty_positive,0.70
3,3,clean_negative/clean_3_90.jpg,clean_negative,0,0.87194827,dirty_positive,0.70
3,3,clean_negative/clean_3_91.jpg,clean_negative,0,0.85886680,dirty_positive,0.70
3,3,clean_negative/clean_3_92.jpg,clean_negative,0,0.07959852,clean_negative,0.70
3,3,clean_negative/clean_3_93.jpg,clean_negative,0,0.17859524,clean_negative,0.70
3,3,clean_negative/clean_3_94.jpg,clean_negative,0,0.69326113,clean_negative,0.70
3,3,clean_negative/clean_3_95.jpg,clean_negative,0,0.91992331,dirty_positive,0.70
3,3,clean_negative/clean_3_96.jpg,clean_negative,0,0.90496962,dirty_positive,0.70
3,3,clean_negative/clean_3_97.jpg,clean_negative,0,0.86100620,dirty_positive,0.70
3,3,clean_negative/clean_3_98.jpg,clean_negative,0,0.88226383,dirty_positive,0.70
3,3,clean_negative/clean_3_99.jpg,clean_negative,0,0.03006102,clean_negative,0.70
3,3,clean_negative/clean_3_100.jpg,clean_negative,0,0.03110284,clean_negative,0.70
3,3,clean_negative/clean_3_101.jpg,clean_negative,0,0.70008318,dirty_positive,0.70
3,3,clean_negative/clean_3_102.jpg,clean_negative,0,0.56709883,clean_negative,0.70
3,3,clean_negative/clean_3_103.jpg,clean_negative,0,0.52202059,clean_negative,0.70
3,3,clean_negative/clean_3_104.jpg,clean_negative,0,0.41809387,clean_negative,0.70
3,3,clean_negative/clean_3_105.jpg,clean_negative,0,0.40480104,clean_negative,0.70
3,3,clean_negative/clean_3_106.jpg,clean_negative,0,0.00607048,clean_negative,0.70
3,3,clean_negative/clean_3_107.jpg,clean_negative,0,0.00833494,clean_negative,0.70
3,3,clean_negative/clean_3_108.jpg,clean_negative,0,0.66596965,clean_negative,0.70
3,3,clean_negative/clean_3_109.jpg,clean_negative,0,0.52575131,clean_negative,0.70
3,3,clean_negative/clean_3_110.jpg,clean_negative,0,0.51318270,clean_negative,0.70
3,3,clean_negative/clean_3_111.jpg,clean_negative,0,0.43158165,clean_negative,0.70
3,3,clean_negative/clean_3_112.jpg,clean_negative,0,0.19364250,clean_negative,0.70
3,3,clean_negative/clean_3_113.jpg,clean_negative,0,0.00196111,clean_negative,0.70
3,3,clean_negative/clean_3_114.jpg,clean_negative,0,0.00264070,clean_negative,0.70
3,3,clean_negative/clean_3_115.jpg,clean_negative,0,0.29968339,clean_negative,0.70
3,3,clean_negative/clean_3_116.jpg,clean_negative,0,0.25494867,clean_negative,0.70
3,3,clean_negative/clean_3_117.jpg,clean_negative,0,0.32269973,clean_negative,0.70
3,3,clean_negative/clean_3_118.jpg,clean_negative,0,0.08630467,clean_negative,0.70
3,3,clean_negative/clean_3_119.jpg,clean_negative,0,0.02334179,clean_negative,0.70
3,3,clean_negative/clean_3_120.jpg,clean_negative,0,0.00106947,clean_negative,0.70
3,3,clean_negative/clean_3_121.jpg,clean_negative,0,0.00118142,clean_negative,0.70
3,3,clean_negative/clean_3_122.jpg,clean_negative,0,0.31695547,clean_negative,0.70
3,3,clean_negative/clean_3_123.jpg,clean_negative,0,0.31638227,clean_negative,0.70
3,3,clean_negative/clean_3_124.jpg,clean_negative,0,0.38924202,clean_negative,0.70
3,3,clean_negative/clean_3_125.jpg,clean_negative,0,0.03656660,clean_negative,0.70
3,3,clean_negative/clean_3_126.jpg,clean_negative,0,0.00047508,clean_negative,0.70
3,3,dirty_positive/dirty_3_1.jpg,dirty_positive,1,0.99099908,dirty_positive,0.70
3,3,dirty_positive/dirty_3_2.jpg,dirty_positive,1,0.93287930,dirty_positive,0.70
3,3,dirty_positive/dirty_3_3.jpg,dirty_positive,1,0.88059265,dirty_positive,0.70
3,3,dirty_positive/dirty_3_4.jpg,dirty_positive,1,0.95041900,dirty_positive,0.70
3,3,dirty_positive/dirty_3_5.jpg,dirty_positive,1,0.62314069,clean_negative,0.70
3,3,dirty_positive/dirty_3_6.jpg,dirty_positive,1,0.81131733,dirty_positive,0.70
3,3,dirty_positive/dirty_3_7.jpg,dirty_positive,1,0.71394401,dirty_positive,0.70
3,3,dirty_positive/dirty_3_8.jpg,dirty_positive,1,0.74158669,dirty_positive,0.70
3,3,dirty_positive/dirty_3_9.jpg,dirty_positive,1,0.99982582,dirty_positive,0.70
3,3,dirty_positive/dirty_3_10.jpg,dirty_positive,1,0.98170577,dirty_positive,0.70
3,3,dirty_positive/dirty_3_11.jpg,dirty_positive,1,0.99969698,dirty_positive,0.70
3,3,dirty_positive/dirty_3_12.jpg,dirty_positive,1,0.97990289,dirty_positive,0.70
3,3,dirty_positive/dirty_3_13.jpg,dirty_positive,1,0.93588548,dirty_positive,0.70
3,3,dirty_positive/dirty_3_14.jpg,dirty_positive,1,0.78064967,dirty_positive,0.70
3,3,dirty_positive/dirty_3_15.jpg,dirty_positive,1,0.88562823,dirty_positive,0.70
3,3,dirty_positive/dirty_3_16.jpg,dirty_positive,1,0.94397402,dirty_positive,0.70
3,3,dirty_positive/dirty_3_17.jpg,dirty_positive,1,0.99955735,dirty_positive,0.70
3,3,dirty_positive/dirty_3_18.jpg,dirty_positive,1,0.99966015,dirty_positive,0.70
3,3,dirty_positive/dirty_3_19.jpg,dirty_positive,1,0.88367203,dirty_positive,0.70
3,3,dirty_positive/dirty_3_20.jpg,dirty_positive,1,0.98680935,dirty_positive,0.70
3,3,dirty_positive/dirty_3_21.jpg,dirty_positive,1,0.94964683,dirty_positive,0.70
3,3,dirty_positive/dirty_3_22.jpg,dirty_positive,1,0.95680917,dirty_positive,0.70
3,3,dirty_positive/dirty_3_23.jpg,dirty_positive,1,0.92141209,dirty_positive,0.70
3,3,dirty_positive/dirty_3_24.jpg,dirty_positive,1,0.97846175,dirty_positive,0.70
3,3,dirty_positive/dirty_3_25.jpg,dirty_positive,1,0.99310969,dirty_positive,0.70
3,3,dirty_positive/dirty_3_26.jpg,dirty_positive,1,0.98741450,dirty_positive,0.70
3,3,dirty_positive/dirty_3_27.jpg,dirty_positive,1,0.99742637,dirty_positive,0.70
3,3,dirty_positive/dirty_3_28.jpg,dirty_positive,1,0.99395245,dirty_positive,0.70
3,3,dirty_positive/dirty_3_29.jpg,dirty_positive,1,0.96600485,dirty_positive,0.70
3,3,dirty_positive/dirty_3_30.jpg,dirty_positive,1,0.83504220,dirty_positive,0.70
3,3,dirty_positive/dirty_3_31.jpg,dirty_positive,1,0.92121454,dirty_positive,0.70
3,3,dirty_positive/dirty_3_32.jpg,dirty_positive,1,0.88709873,dirty_positive,0.70
3,3,dirty_positive/dirty_3_33.jpg,dirty_positive,1,0.99746130,dirty_positive,0.70
3,3,dirty_positive/dirty_3_34.jpg,dirty_positive,1,0.99671214,dirty_positive,0.70
3,3,dirty_positive/dirty_3_35.jpg,dirty_positive,1,0.99630246,dirty_positive,0.70
3,3,dirty_positive/dirty_3_36.jpg,dirty_positive,1,0.93767292,dirty_positive,0.70
3,3,dirty_positive/dirty_3_37.jpg,dirty_positive,1,0.93233810,dirty_positive,0.70
3,3,dirty_positive/dirty_3_38.jpg,dirty_positive,1,0.96079640,dirty_positive,0.70
3,3,dirty_positive/dirty_3_39.jpg,dirty_positive,1,0.95080443,dirty_positive,0.70
3,3,dirty_positive/dirty_3_40.jpg,dirty_positive,1,0.94413927,dirty_positive,0.70
3,3,dirty_positive/dirty_3_41.jpg,dirty_positive,1,0.99586043,dirty_positive,0.70
3,3,dirty_positive/dirty_3_42.jpg,dirty_positive,1,0.99777379,dirty_positive,0.70
3,3,dirty_positive/dirty_3_43.jpg,dirty_positive,1,0.98405530,dirty_positive,0.70
3,3,dirty_positive/dirty_3_44.jpg,dirty_positive,1,0.99006835,dirty_positive,0.70
3,3,dirty_positive/dirty_3_45.jpg,dirty_positive,1,0.97642342,dirty_positive,0.70
3,3,dirty_positive/dirty_3_46.jpg,dirty_positive,1,0.99916222,dirty_positive,0.70
3,3,dirty_positive/dirty_3_47.jpg,dirty_positive,1,0.96491238,dirty_positive,0.70
3,3,dirty_positive/dirty_3_48.jpg,dirty_positive,1,0.99531189,dirty_positive,0.70
3,3,dirty_positive/dirty_3_49.jpg,dirty_positive,1,0.96753655,dirty_positive,0.70
3,3,dirty_positive/dirty_3_50.jpg,dirty_positive,1,0.98502501,dirty_positive,0.70
3,3,dirty_positive/dirty_3_51.jpg,dirty_positive,1,0.60875172,clean_negative,0.70
3,3,dirty_positive/dirty_3_52.jpg,dirty_positive,1,0.96649311,dirty_positive,0.70
3,3,dirty_positive/dirty_3_53.jpg,dirty_positive,1,0.98233705,dirty_positive,0.70
3,3,dirty_positive/dirty_3_54.jpg,dirty_positive,1,0.98316108,dirty_positive,0.70
3,3,dirty_positive/dirty_3_55.jpg,dirty_positive,1,0.93318146,dirty_positive,0.70
3,3,dirty_positive/dirty_3_56.jpg,dirty_positive,1,0.97671134,dirty_positive,0.70
3,3,dirty_positive/dirty_3_57.jpg,dirty_positive,1,0.97454041,dirty_positive,0.70
3,3,dirty_positive/dirty_3_58.jpg,dirty_positive,1,0.98675051,dirty_positive,0.70
3,3,dirty_positive/dirty_3_59.jpg,dirty_positive,1,0.99973978,dirty_positive,0.70
3,3,dirty_positive/dirty_3_60.jpg,dirty_positive,1,0.98328833,dirty_positive,0.70
3,3,dirty_positive/dirty_3_61.jpg,dirty_positive,1,0.99708487,dirty_positive,0.70
3,3,dirty_positive/dirty_3_62.jpg,dirty_positive,1,0.99779639,dirty_positive,0.70
3,3,dirty_positive/dirty_3_63.jpg,dirty_positive,1,0.99888478,dirty_positive,0.70
3,3,dirty_positive/dirty_3_64.jpg,dirty_positive,1,0.97635047,dirty_positive,0.70
3,3,dirty_positive/dirty_3_65.jpg,dirty_positive,1,0.99318905,dirty_positive,0.70
3,3,dirty_positive/dirty_3_66.jpg,dirty_positive,1,0.99712166,dirty_positive,0.70
3,3,dirty_positive/dirty_3_67.jpg,dirty_positive,1,0.99862753,dirty_positive,0.70
3,3,dirty_positive/dirty_3_68.jpg,dirty_positive,1,0.99576952,dirty_positive,0.70
3,3,dirty_positive/dirty_3_69.jpg,dirty_positive,1,0.98968386,dirty_positive,0.70
3,3,dirty_positive/dirty_3_70.jpg,dirty_positive,1,0.99522628,dirty_positive,0.70
3,3,dirty_positive/dirty_3_71.jpg,dirty_positive,1,0.99988948,dirty_positive,0.70
3,3,dirty_positive/dirty_3_72.jpg,dirty_positive,1,0.99982182,dirty_positive,0.70
3,3,dirty_positive/dirty_3_73.jpg,dirty_positive,1,0.99822241,dirty_positive,0.70
3,3,dirty_positive/dirty_3_74.jpg,dirty_positive,1,0.99946741,dirty_positive,0.70
3,3,dirty_positive/dirty_3_75.jpg,dirty_positive,1,0.99388206,dirty_positive,0.70
3,3,dirty_positive/dirty_3_76.jpg,dirty_positive,1,0.99849066,dirty_positive,0.70
3,3,dirty_positive/dirty_3_77.jpg,dirty_positive,1,0.99179404,dirty_positive,0.70
3,3,dirty_positive/dirty_3_78.jpg,dirty_positive,1,0.99188932,dirty_positive,0.70
3,3,dirty_positive/dirty_3_79.jpg,dirty_positive,1,0.99899387,dirty_positive,0.70
3,3,dirty_positive/dirty_3_80.jpg,dirty_positive,1,0.96253634,dirty_positive,0.70
3,3,dirty_positive/dirty_3_81.jpg,dirty_positive,1,0.99942452,dirty_positive,0.70
3,3,dirty_positive/dirty_3_82.jpg,dirty_positive,1,0.99619091,dirty_positive,0.70
3,3,dirty_positive/dirty_3_83.jpg,dirty_positive,1,0.98802583,dirty_positive,0.70
3,3,dirty_positive/dirty_3_84.jpg,dirty_positive,1,0.99516084,dirty_positive,0.70
3,3,dirty_positive/dirty_3_85.jpg,dirty_positive,1,0.96722842,dirty_positive,0.70
3,3,dirty_positive/dirty_3_86.jpg,dirty_positive,1,0.99368544,dirty_positive,0.70
3,3,dirty_positive/dirty_3_87.jpg,dirty_positive,1,0.99915111,dirty_positive,0.70
3,3,dirty_positive/dirty_3_88.jpg,dirty_positive,1,0.99747802,dirty_positive,0.70
3,3,dirty_positive/dirty_3_89.jpg,dirty_positive,1,0.99987691,dirty_positive,0.70
3,3,dirty_positive/dirty_3_90.jpg,dirty_positive,1,0.99978069,dirty_positive,0.70
3,3,dirty_positive/dirty_3_91.jpg,dirty_positive,1,0.99914892,dirty_positive,0.70
3,3,dirty_positive/dirty_3_92.jpg,dirty_positive,1,0.99630714,dirty_positive,0.70
3,3,dirty_positive/dirty_3_93.jpg,dirty_positive,1,0.99759960,dirty_positive,0.70
3,3,dirty_positive/dirty_3_94.jpg,dirty_positive,1,0.90989859,dirty_positive,0.70
3,3,dirty_positive/dirty_3_95.jpg,dirty_positive,1,0.86486758,dirty_positive,0.70
3,3,dirty_positive/dirty_3_96.jpg,dirty_positive,1,0.98773030,dirty_positive,0.70
3,3,dirty_positive/dirty_3_97.jpg,dirty_positive,1,0.99914287,dirty_positive,0.70
3,3,dirty_positive/dirty_3_98.jpg,dirty_positive,1,0.99921145,dirty_positive,0.70
3,3,dirty_positive/dirty_3_99.jpg,dirty_positive,1,0.99865455,dirty_positive,0.70
3,3,dirty_positive/dirty_3_100.jpg,dirty_positive,1,0.99874573,dirty_positive,0.70
3,3,dirty_positive/dirty_3_101.jpg,dirty_positive,1,0.99976718,dirty_positive,0.70
3,3,dirty_positive/dirty_3_102.jpg,dirty_positive,1,0.99959046,dirty_positive,0.70
3,3,dirty_positive/dirty_3_103.jpg,dirty_positive,1,0.99944531,dirty_positive,0.70
3,3,dirty_positive/dirty_3_104.jpg,dirty_positive,1,0.99885088,dirty_positive,0.70
3,3,dirty_positive/dirty_3_105.jpg,dirty_positive,1,0.99282520,dirty_positive,0.70
3,3,dirty_positive/dirty_3_106.jpg,dirty_positive,1,0.75595933,dirty_positive,0.70
3,3,dirty_positive/dirty_3_107.jpg,dirty_positive,1,0.98739318,dirty_positive,0.70
3,3,dirty_positive/dirty_3_108.jpg,dirty_positive,1,0.77434618,dirty_positive,0.70
3,3,dirty_positive/dirty_3_109.jpg,dirty_positive,1,0.99940841,dirty_positive,0.70
3,3,dirty_positive/dirty_3_110.jpg,dirty_positive,1,0.99843295,dirty_positive,0.70
3,3,dirty_positive/dirty_3_111.jpg,dirty_positive,1,0.99985985,dirty_positive,0.70
3,3,dirty_positive/dirty_3_112.jpg,dirty_positive,1,0.99848430,dirty_positive,0.70
3,3,dirty_positive/dirty_3_113.jpg,dirty_positive,1,0.85200560,dirty_positive,0.70
3,3,dirty_positive/dirty_3_114.jpg,dirty_positive,1,0.80805929,dirty_positive,0.70
3,3,dirty_positive/dirty_3_115.jpg,dirty_positive,1,0.89972328,dirty_positive,0.70
3,3,dirty_positive/dirty_3_116.jpg,dirty_positive,1,0.94372952,dirty_positive,0.70
3,3,dirty_positive/dirty_3_117.jpg,dirty_positive,1,0.99995904,dirty_positive,0.70
3,3,dirty_positive/dirty_3_118.jpg,dirty_positive,1,0.99994194,dirty_positive,0.70
3,3,dirty_positive/dirty_3_119.jpg,dirty_positive,1,0.94668677,dirty_positive,0.70
3,3,dirty_positive/dirty_3_120.jpg,dirty_positive,1,0.89885588,dirty_positive,0.70
3,3,dirty_positive/dirty_3_121.jpg,dirty_positive,1,0.99030886,dirty_positive,0.70
3,3,dirty_positive/dirty_3_122.jpg,dirty_positive,1,0.99365891,dirty_positive,0.70
3,3,dirty_positive/dirty_3_123.jpg,dirty_positive,1,0.98258166,dirty_positive,0.70
3,3,dirty_positive/dirty_3_124.jpg,dirty_positive,1,0.98225607,dirty_positive,0.70
3,3,dirty_positive/dirty_3_125.jpg,dirty_positive,1,0.86053047,dirty_positive,0.70
3,3,dirty_positive/dirty_3_126.jpg,dirty_positive,1,0.94443201,dirty_positive,0.70
3,3,dirty_positive/dirty_3_127.jpg,dirty_positive,1,0.93319303,dirty_positive,0.70
3,3,dirty_positive/dirty_3_128.jpg,dirty_positive,1,0.82732182,dirty_positive,0.70
3,3,dirty_positive/dirty_3_129.jpg,dirty_positive,1,0.07829037,clean_negative,0.70
3,3,dirty_positive/dirty_3_130.jpg,dirty_positive,1,0.06075799,clean_negative,0.70
3,3,dirty_positive/dirty_3_131.jpg,dirty_positive,1,0.42982935,clean_negative,0.70
3,3,dirty_positive/dirty_3_132.jpg,dirty_positive,1,0.33312241,clean_negative,0.70
4,4,clean_negative/clean_4_1.jpg,clean_negative,0,0.00062603,clean_negative,0.25
4,4,clean_negative/clean_4_2.jpg,clean_negative,0,0.03656764,clean_negative,0.25
4,4,clean_negative/clean_4_3.jpg,clean_negative,0,0.95551972,dirty_positive,0.25
4,4,clean_negative/clean_4_4.jpg,clean_negative,0,0.99362458,dirty_positive,0.25
4,4,clean_negative/clean_4_5.jpg,clean_negative,0,0.96042741,dirty_positive,0.25
4,4,clean_negative/clean_4_6.jpg,clean_negative,0,0.92824114,dirty_positive,0.25
4,4,clean_negative/clean_4_7.jpg,clean_negative,0,0.88244061,dirty_positive,0.25
4,4,clean_negative/clean_4_8.jpg,clean_negative,0,0.78202863,dirty_positive,0.25
4,4,clean_negative/clean_4_9.jpg,clean_negative,0,0.63836776,dirty_positive,0.25
4,4,clean_negative/clean_4_10.jpg,clean_negative,0,0.59557303,dirty_positive,0.25
4,4,clean_negative/clean_4_11.jpg,clean_negative,0,0.46500110,dirty_positive,0.25
4,4,clean_negative/clean_4_12.jpg,clean_negative,0,0.45413923,dirty_positive,0.25
4,4,clean_negative/clean_4_13.jpg,clean_negative,0,0.46341870,dirty_positive,0.25
4,4,clean_negative/clean_4_14.jpg,clean_negative,0,0.44094729,dirty_positive,0.25
4,4,clean_negative/clean_4_15.jpg,clean_negative,0,0.41616192,dirty_positive,0.25
4,4,clean_negative/clean_4_16.jpg,clean_negative,0,0.52624142,dirty_positive,0.25
4,4,clean_negative/clean_4_17.jpg,clean_negative,0,0.70292414,dirty_positive,0.25
4,4,clean_negative/clean_4_18.jpg,clean_negative,0,0.71801191,dirty_positive,0.25
4,4,clean_negative/clean_4_19.jpg,clean_negative,0,0.52900385,dirty_positive,0.25
4,4,clean_negative/clean_4_20.jpg,clean_negative,0,0.39107192,dirty_positive,0.25
4,4,clean_negative/clean_4_21.jpg,clean_negative,0,0.43478508,dirty_positive,0.25
4,4,clean_negative/clean_4_22.jpg,clean_negative,0,0.66628352,dirty_positive,0.25
4,4,clean_negative/clean_4_23.jpg,clean_negative,0,0.90881328,dirty_positive,0.25
4,4,clean_negative/clean_4_24.jpg,clean_negative,0,0.02538200,clean_negative,0.25
4,4,clean_negative/clean_4_25.jpg,clean_negative,0,0.63807225,dirty_positive,0.25
4,4,clean_negative/clean_4_26.jpg,clean_negative,0,0.85391226,dirty_positive,0.25
4,4,clean_negative/clean_4_27.jpg,clean_negative,0,0.97390129,dirty_positive,0.25
4,4,clean_negative/clean_4_28.jpg,clean_negative,0,0.89719985,dirty_positive,0.25
4,4,clean_negative/clean_4_29.jpg,clean_negative,0,0.92643542,dirty_positive,0.25
4,4,clean_negative/clean_4_30.jpg,clean_negative,0,0.96080272,dirty_positive,0.25
4,4,clean_negative/clean_4_31.jpg,clean_negative,0,0.00181718,clean_negative,0.25
4,4,clean_negative/clean_4_32.jpg,clean_negative,0,0.10622491,clean_negative,0.25
4,4,clean_negative/clean_4_33.jpg,clean_negative,0,0.48646355,dirty_positive,0.25
4,4,clean_negative/clean_4_34.jpg,clean_negative,0,0.90513143,dirty_positive,0.25
4,4,clean_negative/clean_4_35.jpg,clean_negative,0,0.81135009,dirty_positive,0.25
4,4,clean_negative/clean_4_36.jpg,clean_negative,0,0.85014954,dirty_positive,0.25
4,4,clean_negative/clean_4_37.jpg,clean_negative,0,0.93258405,dirty_positive,0.25
4,4,clean_negative/clean_4_38.jpg,clean_negative,0,0.00219666,clean_negative,0.25
4,4,clean_negative/clean_4_39.jpg,clean_negative,0,0.16592952,clean_negative,0.25
4,4,clean_negative/clean_4_40.jpg,clean_negative,0,0.90091297,dirty_positive,0.25
4,4,clean_negative/clean_4_41.jpg,clean_negative,0,0.91255384,dirty_positive,0.25
4,4,clean_negative/clean_4_42.jpg,clean_negative,0,0.84347982,dirty_positive,0.25
4,4,clean_negative/clean_4_43.jpg,clean_negative,0,0.82475483,dirty_positive,0.25
4,4,clean_negative/clean_4_44.jpg,clean_negative,0,0.85014653,dirty_positive,0.25
4,4,clean_negative/clean_4_45.jpg,clean_negative,0,0.83764767,dirty_positive,0.25
4,4,clean_negative/clean_4_46.jpg,clean_negative,0,0.87000903,dirty_positive,0.25
4,4,clean_negative/clean_4_47.jpg,clean_negative,0,0.82809488,dirty_positive,0.25
4,4,clean_negative/clean_4_48.jpg,clean_negative,0,0.93086505,dirty_positive,0.25
4,4,clean_negative/clean_4_49.jpg,clean_negative,0,0.94972384,dirty_positive,0.25
4,4,clean_negative/clean_4_50.jpg,clean_negative,0,0.92474166,dirty_positive,0.25
4,4,clean_negative/clean_4_51.jpg,clean_negative,0,0.89516586,dirty_positive,0.25
4,4,clean_negative/clean_4_52.jpg,clean_negative,0,0.00034351,clean_negative,0.25
4,4,clean_negative/clean_4_53.jpg,clean_negative,0,0.02977400,clean_negative,0.25
4,4,clean_negative/clean_4_54.jpg,clean_negative,0,0.47818924,dirty_positive,0.25
4,4,clean_negative/clean_4_55.jpg,clean_negative,0,0.70226025,dirty_positive,0.25
4,4,clean_negative/clean_4_56.jpg,clean_negative,0,0.75552569,dirty_positive,0.25
4,4,clean_negative/clean_4_57.jpg,clean_negative,0,0.76608645,dirty_positive,0.25
4,4,clean_negative/clean_4_58.jpg,clean_negative,0,0.74057089,dirty_positive,0.25
4,4,clean_negative/clean_4_59.jpg,clean_negative,0,0.80129055,dirty_positive,0.25
4,4,clean_negative/clean_4_60.jpg,clean_negative,0,0.90982325,dirty_positive,0.25
4,4,clean_negative/clean_4_61.jpg,clean_negative,0,0.93056791,dirty_positive,0.25
4,4,clean_negative/clean_4_62.jpg,clean_negative,0,0.90782117,dirty_positive,0.25
4,4,clean_negative/clean_4_63.jpg,clean_negative,0,0.80400557,dirty_positive,0.25
4,4,clean_negative/clean_4_64.jpg,clean_negative,0,0.78656102,dirty_positive,0.25
4,4,clean_negative/clean_4_65.jpg,clean_negative,0,0.79419122,dirty_positive,0.25
4,4,clean_negative/clean_4_66.jpg,clean_negative,0,0.00020660,clean_negative,0.25
4,4,clean_negative/clean_4_67.jpg,clean_negative,0,0.01813795,clean_negative,0.25
4,4,clean_negative/clean_4_68.jpg,clean_negative,0,0.28782681,dirty_positive,0.25
4,4,clean_negative/clean_4_69.jpg,clean_negative,0,0.27417428,dirty_positive,0.25
4,4,clean_negative/clean_4_70.jpg,clean_negative,0,0.44891664,dirty_positive,0.25
4,4,clean_negative/clean_4_71.jpg,clean_negative,0,0.78810391,dirty_positive,0.25
4,4,clean_negative/clean_4_72.jpg,clean_negative,0,0.74627748,dirty_positive,0.25
4,4,clean_negative/clean_4_73.jpg,clean_negative,0,0.72399416,dirty_positive,0.25
4,4,clean_negative/clean_4_74.jpg,clean_negative,0,0.84079777,dirty_positive,0.25
4,4,clean_negative/clean_4_75.jpg,clean_negative,0,0.82392464,dirty_positive,0.25
4,4,clean_negative/clean_4_76.jpg,clean_negative,0,0.76909318,dirty_positive,0.25
4,4,clean_negative/clean_4_77.jpg,clean_negative,0,0.56305736,dirty_positive,0.25
4,4,clean_negative/clean_4_78.jpg,clean_negative,0,0.62147270,dirty_positive,0.25
4,4,clean_negative/clean_4_79.jpg,clean_negative,0,0.72131526,dirty_positive,0.25
4,4,clean_negative/clean_4_80.jpg,clean_negative,0,0.00026446,clean_negative,0.25
4,4,clean_negative/clean_4_81.jpg,clean_negative,0,0.01877124,clean_negative,0.25
4,4,clean_negative/clean_4_82.jpg,clean_negative,0,0.19571342,clean_negative,0.25
4,4,clean_negative/clean_4_83.jpg,clean_negative,0,0.20234055,clean_negative,0.25
4,4,clean_negative/clean_4_84.jpg,clean_negative,0,0.48748685,dirty_positive,0.25
4,4,clean_negative/clean_4_85.jpg,clean_negative,0,0.42992379,dirty_positive,0.25
4,4,clean_negative/clean_4_86.jpg,clean_negative,0,0.35541359,dirty_positive,0.25
4,4,clean_negative/clean_4_87.jpg,clean_negative,0,0.31007549,dirty_positive,0.25
4,4,clean_negative/clean_4_88.jpg,clean_negative,0,0.36526310,dirty_positive,0.25
4,4,clean_negative/clean_4_89.jpg,clean_negative,0,0.41474168,dirty_positive,0.25
4,4,clean_negative/clean_4_90.jpg,clean_negative,0,0.36226459,dirty_positive,0.25
4,4,clean_negative/clean_4_91.jpg,clean_negative,0,0.29551874,dirty_positive,0.25
4,4,clean_negative/clean_4_92.jpg,clean_negative,0,0.46914205,dirty_positive,0.25
4,4,clean_negative/clean_4_93.jpg,clean_negative,0,0.56808093,dirty_positive,0.25
4,4,clean_negative/clean_4_94.jpg,clean_negative,0,0.20548851,clean_negative,0.25
4,4,clean_negative/clean_4_95.jpg,clean_negative,0,0.14170824,clean_negative,0.25
4,4,clean_negative/clean_4_96.jpg,clean_negative,0,0.11233337,clean_negative,0.25
4,4,clean_negative/clean_4_97.jpg,clean_negative,0,0.09269192,clean_negative,0.25
4,4,clean_negative/clean_4_98.jpg,clean_negative,0,0.05289160,clean_negative,0.25
4,4,clean_negative/clean_4_99.jpg,clean_negative,0,0.31362212,dirty_positive,0.25
4,4,clean_negative/clean_4_100.jpg,clean_negative,0,0.34608314,dirty_positive,0.25
4,4,clean_negative/clean_4_101.jpg,clean_negative,0,0.34405696,dirty_positive,0.25
4,4,clean_negative/clean_4_102.jpg,clean_negative,0,0.46133649,dirty_positive,0.25
4,4,clean_negative/clean_4_103.jpg,clean_negative,0,0.59800967,dirty_positive,0.25
4,4,clean_negative/clean_4_104.jpg,clean_negative,0,0.88737345,dirty_positive,0.25
4,4,clean_negative/clean_4_105.jpg,clean_negative,0,0.94083931,dirty_positive,0.25
4,4,clean_negative/clean_4_106.jpg,clean_negative,0,0.95950483,dirty_positive,0.25
4,4,clean_negative/clean_4_107.jpg,clean_negative,0,0.91472334,dirty_positive,0.25
4,4,clean_negative/clean_4_108.jpg,clean_negative,0,0.87051920,dirty_positive,0.25
4,4,clean_negative/clean_4_109.jpg,clean_negative,0,0.20877071,clean_negative,0.25
4,4,clean_negative/clean_4_110.jpg,clean_negative,0,0.19239070,clean_negative,0.25
4,4,clean_negative/clean_4_111.jpg,clean_negative,0,0.15091965,clean_negative,0.25
4,4,clean_negative/clean_4_112.jpg,clean_negative,0,0.17226587,clean_negative,0.25
4,4,clean_negative/clean_4_113.jpg,clean_negative,0,0.20488959,clean_negative,0.25
4,4,clean_negative/clean_4_114.jpg,clean_negative,0,0.38519408,dirty_positive,0.25
4,4,clean_negative/clean_4_115.jpg,clean_negative,0,0.51191404,dirty_positive,0.25
4,4,clean_negative/clean_4_116.jpg,clean_negative,0,0.61722580,dirty_positive,0.25
4,4,clean_negative/clean_4_117.jpg,clean_negative,0,0.73393305,dirty_positive,0.25
4,4,clean_negative/clean_4_118.jpg,clean_negative,0,0.81776848,dirty_positive,0.25
4,4,clean_negative/clean_4_119.jpg,clean_negative,0,0.88221457,dirty_positive,0.25
4,4,clean_negative/clean_4_120.jpg,clean_negative,0,0.94127499,dirty_positive,0.25
4,4,clean_negative/clean_4_121.jpg,clean_negative,0,0.96622146,dirty_positive,0.25
4,4,clean_negative/clean_4_122.jpg,clean_negative,0,0.92892537,dirty_positive,0.25
4,4,clean_negative/clean_4_123.jpg,clean_negative,0,0.84852645,dirty_positive,0.25
4,4,clean_negative/clean_4_124.jpg,clean_negative,0,0.16292502,clean_negative,0.25
4,4,clean_negative/clean_4_125.jpg,clean_negative,0,0.16493393,clean_negative,0.25
4,4,clean_negative/clean_4_126.jpg,clean_negative,0,0.12231114,clean_negative,0.25
4,4,clean_negative/clean_4_127.jpg,clean_negative,0,0.17413367,clean_negative,0.25
4,4,clean_negative/clean_4_128.jpg,clean_negative,0,0.25723123,dirty_positive,0.25
4,4,clean_negative/clean_4_129.jpg,clean_negative,0,0.42061997,dirty_positive,0.25
4,4,clean_negative/clean_4_130.jpg,clean_negative,0,0.46054952,dirty_positive,0.25
4,4,clean_negative/clean_4_131.jpg,clean_negative,0,0.58207376,dirty_positive,0.25
4,4,clean_negative/clean_4_132.jpg,clean_negative,0,0.71998717,dirty_positive,0.25
4,4,clean_negative/clean_4_133.jpg,clean_negative,0,0.87428208,dirty_positive,0.25
4,4,clean_negative/clean_4_134.jpg,clean_negative,0,0.90304024,dirty_positive,0.25
4,4,clean_negative/clean_4_135.jpg,clean_negative,0,0.93929545,dirty_positive,0.25
4,4,clean_negative/clean_4_136.jpg,clean_negative,0,0.94253325,dirty_positive,0.25
4,4,clean_negative/clean_4_137.jpg,clean_negative,0,0.91515415,dirty_positive,0.25
4,4,clean_negative/clean_4_138.jpg,clean_negative,0,0.81457961,dirty_positive,0.25
4,4,clean_negative/clean_4_139.jpg,clean_negative,0,0.92653115,dirty_positive,0.25
4,4,clean_negative/clean_4_140.jpg,clean_negative,0,0.88079075,dirty_positive,0.25
4,4,clean_negative/clean_4_141.jpg,clean_negative,0,0.77512464,dirty_positive,0.25
4,4,clean_negative/clean_4_142.jpg,clean_negative,0,0.76349415,dirty_positive,0.25
4,4,clean_negative/clean_4_143.jpg,clean_negative,0,0.80706210,dirty_positive,0.25
4,4,clean_negative/clean_4_144.jpg,clean_negative,0,0.87195108,dirty_positive,0.25
4,4,clean_negative/clean_4_145.jpg,clean_negative,0,0.95159006,dirty_positive,0.25
4,4,clean_negative/clean_4_146.jpg,clean_negative,0,0.96085749,dirty_positive,0.25
4,4,clean_negative/clean_4_147.jpg,clean_negative,0,0.90806907,dirty_positive,0.25
4,4,clean_negative/clean_4_148.jpg,clean_negative,0,0.78666362,dirty_positive,0.25
4,4,clean_negative/clean_4_149.jpg,clean_negative,0,0.91655729,dirty_positive,0.25
4,4,clean_negative/clean_4_150.jpg,clean_negative,0,0.91806758,dirty_positive,0.25
4,4,clean_negative/clean_4_151.jpg,clean_negative,0,0.95990875,dirty_positive,0.25
4,4,clean_negative/clean_4_152.jpg,clean_negative,0,0.96365811,dirty_positive,0.25
4,4,clean_negative/clean_4_153.jpg,clean_negative,0,0.96522087,dirty_positive,0.25
4,4,clean_negative/clean_4_154.jpg,clean_negative,0,0.97513930,dirty_positive,0.25
4,4,clean_negative/clean_4_155.jpg,clean_negative,0,0.92555584,dirty_positive,0.25
4,4,clean_negative/clean_4_156.jpg,clean_negative,0,0.87890199,dirty_positive,0.25
4,4,clean_negative/clean_4_157.jpg,clean_negative,0,0.87824823,dirty_positive,0.25
4,4,clean_negative/clean_4_158.jpg,clean_negative,0,0.57942150,dirty_positive,0.25
4,4,clean_negative/clean_4_159.jpg,clean_negative,0,0.55441286,dirty_positive,0.25
4,4,clean_negative/clean_4_160.jpg,clean_negative,0,0.98560669,dirty_positive,0.25
4,4,clean_negative/clean_4_161.jpg,clean_negative,0,0.96154567,dirty_positive,0.25
4,4,clean_negative/clean_4_162.jpg,clean_negative,0,0.91404240,dirty_positive,0.25
4,4,clean_negative/clean_4_163.jpg,clean_negative,0,0.87660464,dirty_positive,0.25
4,4,clean_negative/clean_4_164.jpg,clean_negative,0,0.28161478,dirty_positive,0.25
4,4,clean_negative/clean_4_165.jpg,clean_negative,0,0.30565942,dirty_positive,0.25
4,4,clean_negative/clean_4_166.jpg,clean_negative,0,0.97719984,dirty_positive,0.25
4,4,clean_negative/clean_4_167.jpg,clean_negative,0,0.92052994,dirty_positive,0.25
4,4,clean_negative/clean_4_168.jpg,clean_negative,0,0.78636635,dirty_positive,0.25
4,4,clean_negative/clean_4_169.jpg,clean_negative,0,0.65377061,dirty_positive,0.25
4,4,clean_negative/clean_4_170.jpg,clean_negative,0,0.10726551,clean_negative,0.25
4,4,clean_negative/clean_4_171.jpg,clean_negative,0,0.13349929,clean_negative,0.25
4,4,clean_negative/clean_4_172.jpg,clean_negative,0,0.06411108,clean_negative,0.25
4,4,clean_negative/clean_4_173.jpg,clean_negative,0,0.07636650,clean_negative,0.25
4,4,clean_negative/clean_4_174.jpg,clean_negative,0,0.24114742,clean_negative,0.25
4,4,clean_negative/clean_4_175.jpg,clean_negative,0,0.95753969,dirty_positive,0.25
4,4,clean_negative/clean_4_176.jpg,clean_negative,0,0.77957927,dirty_positive,0.25
4,4,clean_negative/clean_4_177.jpg,clean_negative,0,0.37964102,dirty_positive,0.25
4,4,clean_negative/clean_4_178.jpg,clean_negative,0,0.92190729,dirty_positive,0.25
4,4,clean_negative/clean_4_179.jpg,clean_negative,0,0.14573098,clean_negative,0.25
4,4,clean_negative/clean_4_180.jpg,clean_negative,0,0.16152961,clean_negative,0.25
4,4,clean_negative/clean_4_181.jpg,clean_negative,0,0.95810098,dirty_positive,0.25
4,4,clean_negative/clean_4_182.jpg,clean_negative,0,0.94783222,dirty_positive,0.25
4,4,clean_negative/clean_4_183.jpg,clean_negative,0,0.96047508,dirty_positive,0.25
4,4,clean_negative/clean_4_184.jpg,clean_negative,0,0.94230399,dirty_positive,0.25
4,4,clean_negative/clean_4_185.jpg,clean_negative,0,0.71470670,dirty_positive,0.25
4,4,clean_negative/clean_4_186.jpg,clean_negative,0,0.79703192,dirty_positive,0.25
4,4,clean_negative/clean_4_187.jpg,clean_negative,0,0.92882517,dirty_positive,0.25
4,4,clean_negative/clean_4_188.jpg,clean_negative,0,0.91513349,dirty_positive,0.25
4,4,clean_negative/clean_4_189.jpg,clean_negative,0,0.95108416,dirty_positive,0.25
4,4,clean_negative/clean_4_190.jpg,clean_negative,0,0.24698495,clean_negative,0.25
4,4,clean_negative/clean_4_191.jpg,clean_negative,0,0.29942691,dirty_positive,0.25
4,4,clean_negative/clean_4_192.jpg,clean_negative,0,0.36287510,dirty_positive,0.25
4,4,clean_negative/clean_4_193.jpg,clean_negative,0,0.43730633,dirty_positive,0.25
4,4,clean_negative/clean_4_194.jpg,clean_negative,0,0.18511905,clean_negative,0.25
4,4,clean_negative/clean_4_195.jpg,clean_negative,0,0.15316427,clean_negative,0.25
4,4,clean_negative/clean_4_196.jpg,clean_negative,0,0.69585144,dirty_positive,0.25
4,4,clean_negative/clean_4_197.jpg,clean_negative,0,0.38538030,dirty_positive,0.25
4,4,clean_negative/clean_4_198.jpg,clean_negative,0,0.33190279,dirty_positive,0.25
4,4,clean_negative/clean_4_199.jpg,clean_negative,0,0.47595108,dirty_positive,0.25
4,4,clean_negative/clean_4_200.jpg,clean_negative,0,0.19032294,clean_negative,0.25
4,4,clean_negative/clean_4_201.jpg,clean_negative,0,0.06638888,clean_negative,0.25
4,4,clean_negative/clean_4_202.jpg,clean_negative,0,0.01884633,clean_negative,0.25
4,4,clean_negative/clean_4_203.jpg,clean_negative,0,0.00932439,clean_negative,0.25
4,4,clean_negative/clean_4_204.jpg,clean_negative,0,0.02063961,clean_negative,0.25
4,4,clean_negative/clean_4_205.jpg,clean_negative,0,0.04502445,clean_negative,0.25
4,4,clean_negative/clean_4_206.jpg,clean_negative,0,0.16544981,clean_negative,0.25
4,4,clean_negative/clean_4_207.jpg,clean_negative,0,0.19532738,clean_negative,0.25
4,4,clean_negative/clean_4_208.jpg,clean_negative,0,0.30649719,dirty_positive,0.25
4,4,clean_negative/clean_4_209.jpg,clean_negative,0,0.14324979,clean_negative,0.25
4,4,clean_negative/clean_4_210.jpg,clean_negative,0,0.02869197,clean_negative,0.25
4,4,clean_negative/clean_4_211.jpg,clean_negative,0,0.00832226,clean_negative,0.25
4,4,clean_negative/clean_4_212.jpg,clean_negative,0,0.00591412,clean_negative,0.25
4,4,clean_negative/clean_4_213.jpg,clean_negative,0,0.01567011,clean_negative,0.25
4,4,clean_negative/clean_4_214.jpg,clean_negative,0,0.05868474,clean_negative,0.25
4,4,clean_negative/clean_4_215.jpg,clean_negative,0,0.22343107,clean_negative,0.25
4,4,clean_negative/clean_4_216.jpg,clean_negative,0,0.21981017,clean_negative,0.25
4,4,clean_negative/clean_4_217.jpg,clean_negative,0,0.56688535,dirty_positive,0.25
4,4,clean_negative/clean_4_218.jpg,clean_negative,0,0.43393454,dirty_positive,0.25
4,4,clean_negative/clean_4_219.jpg,clean_negative,0,0.20709791,clean_negative,0.25
4,4,clean_negative/clean_4_220.jpg,clean_negative,0,0.13036378,clean_negative,0.25
4,4,clean_negative/clean_4_221.jpg,clean_negative,0,0.08902928,clean_negative,0.25
4,4,clean_negative/clean_4_222.jpg,clean_negative,0,0.01084102,clean_negative,0.25
4,4,clean_negative/clean_4_223.jpg,clean_negative,0,0.00350273,clean_negative,0.25
4,4,clean_negative/clean_4_224.jpg,clean_negative,0,0.00297715,clean_negative,0.25
4,4,clean_negative/clean_4_225.jpg,clean_negative,0,0.00998990,clean_negative,0.25
4,4,clean_negative/clean_4_226.jpg,clean_negative,0,0.02204557,clean_negative,0.25
4,4,clean_negative/clean_4_227.jpg,clean_negative,0,0.05526959,clean_negative,0.25
4,4,clean_negative/clean_4_228.jpg,clean_negative,0,0.22894251,clean_negative,0.25
4,4,clean_negative/clean_4_229.jpg,clean_negative,0,0.30317326,dirty_positive,0.25
4,4,clean_negative/clean_4_230.jpg,clean_negative,0,0.24074918,clean_negative,0.25
4,4,clean_negative/clean_4_231.jpg,clean_negative,0,0.13986032,clean_negative,0.25
4,4,dirty_positive/dirty_4_1.jpg,dirty_positive,1,0.97566593,dirty_positive,0.25
4,4,dirty_positive/dirty_4_2.jpg,dirty_positive,1,0.98000630,dirty_positive,0.25
4,4,dirty_positive/dirty_4_3.jpg,dirty_positive,1,0.93135899,dirty_positive,0.25
4,4,dirty_positive/dirty_4_4.jpg,dirty_positive,1,0.99285965,dirty_positive,0.25
4,4,dirty_positive/dirty_4_5.jpg,dirty_positive,1,0.83249608,dirty_positive,0.25
4,4,dirty_positive/dirty_4_6.jpg,dirty_positive,1,0.85533482,dirty_positive,0.25
4,4,dirty_positive/dirty_4_7.jpg,dirty_positive,1,0.95929660,dirty_positive,0.25
4,4,dirty_positive/dirty_4_8.jpg,dirty_positive,1,0.79041555,dirty_positive,0.25
4,4,dirty_positive/dirty_4_9.jpg,dirty_positive,1,0.10708628,clean_negative,0.25
4,4,dirty_positive/dirty_4_10.jpg,dirty_positive,1,0.17154871,clean_negative,0.25
4,4,dirty_positive/dirty_4_11.jpg,dirty_positive,1,0.10234457,clean_negative,0.25
4,4,dirty_positive/dirty_4_12.jpg,dirty_positive,1,0.07418564,clean_negative,0.25
4,4,dirty_positive/dirty_4_13.jpg,dirty_positive,1,0.99736394,dirty_positive,0.25
4,4,dirty_positive/dirty_4_14.jpg,dirty_positive,1,0.98951978,dirty_positive,0.25
4,4,dirty_positive/dirty_4_15.jpg,dirty_positive,1,0.98772198,dirty_positive,0.25
4,4,dirty_positive/dirty_4_16.jpg,dirty_positive,1,0.99751597,dirty_positive,0.25
4,4,dirty_positive/dirty_4_17.jpg,dirty_positive,1,0.86585791,dirty_positive,0.25
4,4,dirty_positive/dirty_4_18.jpg,dirty_positive,1,0.80316562,dirty_positive,0.25
4,4,dirty_positive/dirty_4_19.jpg,dirty_positive,1,0.86605696,dirty_positive,0.25
4,4,dirty_positive/dirty_4_20.jpg,dirty_positive,1,0.90199289,dirty_positive,0.25
4,4,dirty_positive/dirty_4_21.jpg,dirty_positive,1,0.98546400,dirty_positive,0.25
4,4,dirty_positive/dirty_4_22.jpg,dirty_positive,1,0.99644183,dirty_positive,0.25
4,4,dirty_positive/dirty_4_23.jpg,dirty_positive,1,0.98721976,dirty_positive,0.25
4,4,dirty_positive/dirty_4_24.jpg,dirty_positive,1,0.99649677,dirty_positive,0.25
4,4,dirty_positive/dirty_4_25.jpg,dirty_positive,1,0.95761729,dirty_positive,0.25
4,4,dirty_positive/dirty_4_26.jpg,dirty_positive,1,0.94833527,dirty_positive,0.25
4,4,dirty_positive/dirty_4_27.jpg,dirty_positive,1,0.98621847,dirty_positive,0.25
4,4,dirty_positive/dirty_4_28.jpg,dirty_positive,1,0.94276502,dirty_positive,0.25
4,4,dirty_positive/dirty_4_29.jpg,dirty_positive,1,0.99826119,dirty_positive,0.25
4,4,dirty_positive/dirty_4_30.jpg,dirty_positive,1,0.95928102,dirty_positive,0.25
4,4,dirty_positive/dirty_4_31.jpg,dirty_positive,1,0.99790059,dirty_positive,0.25
4,4,dirty_positive/dirty_4_32.jpg,dirty_positive,1,0.93487962,dirty_positive,0.25
4,4,dirty_positive/dirty_4_33.jpg,dirty_positive,1,0.94663439,dirty_positive,0.25
4,4,dirty_positive/dirty_4_34.jpg,dirty_positive,1,0.95828861,dirty_positive,0.25
4,4,dirty_positive/dirty_4_35.jpg,dirty_positive,1,0.99164963,dirty_positive,0.25
4,4,dirty_positive/dirty_4_36.jpg,dirty_positive,1,0.99187530,dirty_positive,0.25
4,4,dirty_positive/dirty_4_37.jpg,dirty_positive,1,0.92442376,dirty_positive,0.25
4,4,dirty_positive/dirty_4_38.jpg,dirty_positive,1,0.84773314,dirty_positive,0.25
4,4,dirty_positive/dirty_4_39.jpg,dirty_positive,1,0.97135328,dirty_positive,0.25
4,4,dirty_positive/dirty_4_40.jpg,dirty_positive,1,0.93093335,dirty_positive,0.25
4,4,dirty_positive/dirty_4_41.jpg,dirty_positive,1,0.93820743,dirty_positive,0.25
4,4,dirty_positive/dirty_4_42.jpg,dirty_positive,1,0.80903856,dirty_positive,0.25
4,4,dirty_positive/dirty_4_43.jpg,dirty_positive,1,0.94712941,dirty_positive,0.25
4,4,dirty_positive/dirty_4_44.jpg,dirty_positive,1,0.90403200,dirty_positive,0.25
4,4,dirty_positive/dirty_4_45.jpg,dirty_positive,1,0.70421809,dirty_positive,0.25
4,4,dirty_positive/dirty_4_46.jpg,dirty_positive,1,0.99705962,dirty_positive,0.25
4,4,dirty_positive/dirty_4_47.jpg,dirty_positive,1,0.99609585,dirty_positive,0.25
4,4,dirty_positive/dirty_4_48.jpg,dirty_positive,1,0.99339045,dirty_positive,0.25
4,4,dirty_positive/dirty_4_49.jpg,dirty_positive,1,0.99512311,dirty_positive,0.25
4,4,dirty_positive/dirty_4_50.jpg,dirty_positive,1,0.99904912,dirty_positive,0.25
4,4,dirty_positive/dirty_4_51.jpg,dirty_positive,1,0.99945080,dirty_positive,0.25
4,4,dirty_positive/dirty_4_52.jpg,dirty_positive,1,0.99962841,dirty_positive,0.25
4,4,dirty_positive/dirty_4_53.jpg,dirty_positive,1,0.94758350,dirty_positive,0.25
4,4,dirty_positive/dirty_4_54.jpg,dirty_positive,1,0.95289848,dirty_positive,0.25
4,4,dirty_positive/dirty_4_55.jpg,dirty_positive,1,0.94454461,dirty_positive,0.25
4,4,dirty_positive/dirty_4_56.jpg,dirty_positive,1,0.51971684,dirty_positive,0.25
4,4,dirty_positive/dirty_4_57.jpg,dirty_positive,1,0.34694190,dirty_positive,0.25
4,4,dirty_positive/dirty_4_58.jpg,dirty_positive,1,0.57439141,dirty_positive,0.25
4,4,dirty_positive/dirty_4_59.jpg,dirty_positive,1,0.63043269,dirty_positive,0.25
4,4,dirty_positive/dirty_4_60.jpg,dirty_positive,1,0.30777028,dirty_positive,0.25
4,4,dirty_positive/dirty_4_61.jpg,dirty_positive,1,0.70072199,dirty_positive,0.25
4,4,dirty_positive/dirty_4_62.jpg,dirty_positive,1,0.95918418,dirty_positive,0.25
4,4,dirty_positive/dirty_4_63.jpg,dirty_positive,1,0.92627055,dirty_positive,0.25
4,4,dirty_positive/dirty_4_64.jpg,dirty_positive,1,0.87284653,dirty_positive,0.25
4,4,dirty_positive/dirty_4_65.jpg,dirty_positive,1,0.99816170,dirty_positive,0.25
4,4,dirty_positive/dirty_4_66.jpg,dirty_positive,1,0.99940286,dirty_positive,0.25
4,4,dirty_positive/dirty_4_67.jpg,dirty_positive,1,0.99962477,dirty_positive,0.25
4,4,dirty_positive/dirty_4_68.jpg,dirty_positive,1,0.99790548,dirty_positive,0.25
4,4,dirty_positive/dirty_4_69.jpg,dirty_positive,1,0.38008141,dirty_positive,0.25
4,4,dirty_positive/dirty_4_70.jpg,dirty_positive,1,0.93500399,dirty_positive,0.25
4,4,dirty_positive/dirty_4_71.jpg,dirty_positive,1,0.19263142,clean_negative,0.25
4,4,dirty_positive/dirty_4_72.jpg,dirty_positive,1,0.70114016,dirty_positive,0.25
4,4,dirty_positive/dirty_4_73.jpg,dirty_positive,1,0.99948026,dirty_positive,0.25
4,4,dirty_positive/dirty_4_74.jpg,dirty_positive,1,0.99625087,dirty_positive,0.25
4,4,dirty_positive/dirty_4_75.jpg,dirty_positive,1,0.99293831,dirty_positive,0.25
4,4,dirty_positive/dirty_4_76.jpg,dirty_positive,1,0.99931033,dirty_positive,0.25
4,4,dirty_positive/dirty_4_77.jpg,dirty_positive,1,0.46328452,dirty_positive,0.25
4,4,dirty_positive/dirty_4_78.jpg,dirty_positive,1,0.75153825,dirty_positive,0.25
4,4,dirty_positive/dirty_4_79.jpg,dirty_positive,1,0.40687297,dirty_positive,0.25
4,4,dirty_positive/dirty_4_80.jpg,dirty_positive,1,0.78800801,dirty_positive,0.25
4,4,dirty_positive/dirty_4_81.jpg,dirty_positive,1,0.64612154,dirty_positive,0.25
4,4,dirty_positive/dirty_4_82.jpg,dirty_positive,1,0.83180862,dirty_positive,0.25
4,4,dirty_positive/dirty_4_83.jpg,dirty_positive,1,0.69927052,dirty_positive,0.25
4,4,dirty_positive/dirty_4_84.jpg,dirty_positive,1,0.50260850,dirty_positive,0.25
5,5,clean_negative/clean_5_1.jpg,clean_negative,0,0.24710456,clean_negative,0.75
5,5,clean_negative/clean_5_2.jpg,clean_negative,0,0.01071605,clean_negative,0.75
5,5,clean_negative/clean_5_3.jpg,clean_negative,0,0.06476662,clean_negative,0.75
5,5,clean_negative/clean_5_4.jpg,clean_negative,0,0.07181157,clean_negative,0.75
5,5,clean_negative/clean_5_5.jpg,clean_negative,0,0.00327531,clean_negative,0.75
5,5,clean_negative/clean_5_6.jpg,clean_negative,0,0.01494691,clean_negative,0.75
5,5,clean_negative/clean_5_7.jpg,clean_negative,0,0.01534372,clean_negative,0.75
5,5,clean_negative/clean_5_8.jpg,clean_negative,0,0.00340236,clean_negative,0.75
5,5,clean_negative/clean_5_9.jpg,clean_negative,0,0.00460774,clean_negative,0.75
5,5,clean_negative/clean_5_10.jpg,clean_negative,0,0.00222911,clean_negative,0.75
5,5,clean_negative/clean_5_11.jpg,clean_negative,0,0.01266387,clean_negative,0.75
5,5,clean_negative/clean_5_12.jpg,clean_negative,0,0.01308075,clean_negative,0.75
5,5,clean_negative/clean_5_13.jpg,clean_negative,0,0.00173064,clean_negative,0.75
5,5,clean_negative/clean_5_14.jpg,clean_negative,0,0.00476158,clean_negative,0.75
5,5,clean_negative/clean_5_15.jpg,clean_negative,0,0.00016799,clean_negative,0.75
5,5,clean_negative/clean_5_16.jpg,clean_negative,0,0.00085043,clean_negative,0.75
5,5,clean_negative/clean_5_17.jpg,clean_negative,0,0.00090288,clean_negative,0.75
5,5,clean_negative/clean_5_18.jpg,clean_negative,0,0.00118326,clean_negative,0.75
5,5,clean_negative/clean_5_19.jpg,clean_negative,0,0.00702244,clean_negative,0.75
5,5,clean_negative/clean_5_20.jpg,clean_negative,0,0.07026335,clean_negative,0.75
5,5,clean_negative/clean_5_21.jpg,clean_negative,0,0.07617208,clean_negative,0.75
5,5,clean_negative/clean_5_22.jpg,clean_negative,0,0.02582668,clean_negative,0.75
5,5,clean_negative/clean_5_23.jpg,clean_negative,0,0.00020565,clean_negative,0.75
5,5,clean_negative/clean_5_24.jpg,clean_negative,0,0.00112141,clean_negative,0.75
5,5,clean_negative/clean_5_25.jpg,clean_negative,0,0.00124879,clean_negative,0.75
5,5,clean_negative/clean_5_26.jpg,clean_negative,0,0.01540074,clean_negative,0.75
5,5,clean_negative/clean_5_27.jpg,clean_negative,0,0.03391687,clean_negative,0.75
5,5,clean_negative/clean_5_28.jpg,clean_negative,0,0.01065195,clean_negative,0.75
5,5,clean_negative/clean_5_29.jpg,clean_negative,0,0.00253757,clean_negative,0.75
5,5,clean_negative/clean_5_30.jpg,clean_negative,0,0.00033048,clean_negative,0.75
5,5,clean_negative/clean_5_31.jpg,clean_negative,0,0.00018712,clean_negative,0.75
5,5,clean_negative/clean_5_32.jpg,clean_negative,0,0.00085396,clean_negative,0.75
5,5,clean_negative/clean_5_33.jpg,clean_negative,0,0.00348052,clean_negative,0.75
5,5,clean_negative/clean_5_34.jpg,clean_negative,0,0.00942819,clean_negative,0.75
5,5,clean_negative/clean_5_35.jpg,clean_negative,0,0.00266281,clean_negative,0.75
5,5,clean_negative/clean_5_36.jpg,clean_negative,0,0.00080519,clean_negative,0.75
5,5,clean_negative/clean_5_37.jpg,clean_negative,0,0.00057466,clean_negative,0.75
5,5,clean_negative/clean_5_38.jpg,clean_negative,0,0.02199930,clean_negative,0.75
5,5,clean_negative/clean_5_39.jpg,clean_negative,0,0.00013093,clean_negative,0.75
5,5,clean_negative/clean_5_40.jpg,clean_negative,0,0.00066228,clean_negative,0.75
5,5,clean_negative/clean_5_41.jpg,clean_negative,0,0.00148337,clean_negative,0.75
5,5,clean_negative/clean_5_42.jpg,clean_negative,0,0.01631666,clean_negative,0.75
5,5,clean_negative/clean_5_43.jpg,clean_negative,0,0.01627793,clean_negative,0.75
5,5,clean_negative/clean_5_44.jpg,clean_negative,0,0.00311194,clean_negative,0.75
5,5,clean_negative/clean_5_45.jpg,clean_negative,0,0.00039657,clean_negative,0.75
5,5,clean_negative/clean_5_46.jpg,clean_negative,0,0.00033092,clean_negative,0.75
5,5,clean_negative/clean_5_47.jpg,clean_negative,0,0.00012066,clean_negative,0.75
5,5,clean_negative/clean_5_48.jpg,clean_negative,0,0.00049680,clean_negative,0.75
5,5,clean_negative/clean_5_49.jpg,clean_negative,0,0.00087998,clean_negative,0.75
5,5,clean_negative/clean_5_50.jpg,clean_negative,0,0.07327113,clean_negative,0.75
5,5,clean_negative/clean_5_51.jpg,clean_negative,0,0.08905031,clean_negative,0.75
5,5,clean_negative/clean_5_52.jpg,clean_negative,0,0.02172596,clean_negative,0.75
5,5,clean_negative/clean_5_53.jpg,clean_negative,0,0.00999887,clean_negative,0.75
5,5,clean_negative/clean_5_54.jpg,clean_negative,0,0.00651363,clean_negative,0.75
5,5,clean_negative/clean_5_55.jpg,clean_negative,0,0.00012258,clean_negative,0.75
5,5,clean_negative/clean_5_56.jpg,clean_negative,0,0.00025353,clean_negative,0.75
5,5,clean_negative/clean_5_57.jpg,clean_negative,0,0.00053366,clean_negative,0.75
5,5,clean_negative/clean_5_58.jpg,clean_negative,0,0.10990945,clean_negative,0.75
5,5,clean_negative/clean_5_59.jpg,clean_negative,0,0.13081883,clean_negative,0.75
5,5,clean_negative/clean_5_60.jpg,clean_negative,0,0.04677334,clean_negative,0.75
5,5,clean_negative/clean_5_61.jpg,clean_negative,0,0.01396919,clean_negative,0.75
5,5,clean_negative/clean_5_62.jpg,clean_negative,0,0.00799165,clean_negative,0.75
5,5,clean_negative/clean_5_63.jpg,clean_negative,0,0.00264656,clean_negative,0.75
5,5,clean_negative/clean_5_64.jpg,clean_negative,0,0.06009420,clean_negative,0.75
5,5,clean_negative/clean_5_65.jpg,clean_negative,0,0.19392336,clean_negative,0.75
5,5,clean_negative/clean_5_66.jpg,clean_negative,0,0.14356727,clean_negative,0.75
5,5,clean_negative/clean_5_67.jpg,clean_negative,0,0.00005062,clean_negative,0.75
5,5,clean_negative/clean_5_68.jpg,clean_negative,0,0.00009404,clean_negative,0.75
5,5,clean_negative/clean_5_69.jpg,clean_negative,0,0.00079380,clean_negative,0.75
5,5,clean_negative/clean_5_70.jpg,clean_negative,0,0.00290282,clean_negative,0.75
5,5,clean_negative/clean_5_71.jpg,clean_negative,0,0.05928276,clean_negative,0.75
5,5,clean_negative/clean_5_72.jpg,clean_negative,0,0.12780168,clean_negative,0.75
5,5,clean_negative/clean_5_73.jpg,clean_negative,0,0.53554305,clean_negative,0.75
5,5,clean_negative/clean_5_74.jpg,clean_negative,0,0.41135347,clean_negative,0.75
5,5,clean_negative/clean_5_75.jpg,clean_negative,0,0.18126806,clean_negative,0.75
5,5,clean_negative/clean_5_76.jpg,clean_negative,0,0.04009858,clean_negative,0.75
5,5,clean_negative/clean_5_77.jpg,clean_negative,0,0.01761613,clean_negative,0.75
5,5,clean_negative/clean_5_78.jpg,clean_negative,0,0.30227883,clean_negative,0.75
5,5,clean_negative/clean_5_79.jpg,clean_negative,0,0.07880742,clean_negative,0.75
5,5,clean_negative/clean_5_80.jpg,clean_negative,0,0.17015381,clean_negative,0.75
5,5,clean_negative/clean_5_81.jpg,clean_negative,0,0.30575895,clean_negative,0.75
5,5,clean_negative/clean_5_82.jpg,clean_negative,0,0.00307693,clean_negative,0.75
5,5,clean_negative/clean_5_83.jpg,clean_negative,0,0.00000708,clean_negative,0.75
5,5,clean_negative/clean_5_84.jpg,clean_negative,0,0.00003447,clean_negative,0.75
5,5,clean_negative/clean_5_85.jpg,clean_negative,0,0.00041543,clean_negative,0.75
5,5,clean_negative/clean_5_86.jpg,clean_negative,0,0.19163412,clean_negative,0.75
5,5,clean_negative/clean_5_87.jpg,clean_negative,0,0.30804156,clean_negative,0.75
5,5,clean_negative/clean_5_88.jpg,clean_negative,0,0.14738372,clean_negative,0.75
5,5,clean_negative/clean_5_89.jpg,clean_negative,0,0.03122862,clean_negative,0.75
5,5,clean_negative/clean_5_90.jpg,clean_negative,0,0.01245026,clean_negative,0.75
5,5,clean_negative/clean_5_91.jpg,clean_negative,0,0.27735348,clean_negative,0.75
5,5,clean_negative/clean_5_92.jpg,clean_negative,0,0.37754826,clean_negative,0.75
5,5,clean_negative/clean_5_93.jpg,clean_negative,0,0.00001366,clean_negative,0.75
5,5,clean_negative/clean_5_94.jpg,clean_negative,0,0.00008914,clean_negative,0.75
5,5,clean_negative/clean_5_95.jpg,clean_negative,0,0.00062661,clean_negative,0.75
5,5,clean_negative/clean_5_96.jpg,clean_negative,0,0.00200314,clean_negative,0.75
5,5,clean_negative/clean_5_97.jpg,clean_negative,0,0.10461657,clean_negative,0.75
5,5,clean_negative/clean_5_98.jpg,clean_negative,0,0.02340782,clean_negative,0.75
5,5,clean_negative/clean_5_99.jpg,clean_negative,0,0.01055664,clean_negative,0.75
5,5,clean_negative/clean_5_100.jpg,clean_negative,0,0.00002004,clean_negative,0.75
5,5,clean_negative/clean_5_101.jpg,clean_negative,0,0.00229321,clean_negative,0.75
5,5,clean_negative/clean_5_102.jpg,clean_negative,0,0.01476481,clean_negative,0.75
5,5,clean_negative/clean_5_103.jpg,clean_negative,0,0.02968990,clean_negative,0.75
5,5,clean_negative/clean_5_104.jpg,clean_negative,0,0.05927403,clean_negative,0.75
5,5,clean_negative/clean_5_105.jpg,clean_negative,0,0.01248370,clean_negative,0.75
5,5,clean_negative/clean_5_106.jpg,clean_negative,0,0.00650485,clean_negative,0.75
5,5,clean_negative/clean_5_107.jpg,clean_negative,0,0.00005785,clean_negative,0.75
5,5,clean_negative/clean_5_108.jpg,clean_negative,0,0.00522895,clean_negative,0.75
5,5,clean_negative/clean_5_109.jpg,clean_negative,0,0.04944083,clean_negative,0.75
5,5,clean_negative/clean_5_110.jpg,clean_negative,0,0.08701022,clean_negative,0.75
5,5,clean_negative/clean_5_111.jpg,clean_negative,0,0.02916182,clean_negative,0.75
5,5,clean_negative/clean_5_112.jpg,clean_negative,0,0.00412257,clean_negative,0.75
5,5,clean_negative/clean_5_113.jpg,clean_negative,0,0.00213244,clean_negative,0.75
5,5,clean_negative/clean_5_114.jpg,clean_negative,0,0.00012798,clean_negative,0.75
5,5,clean_negative/clean_5_115.jpg,clean_negative,0,0.00690173,clean_negative,0.75
5,5,clean_negative/clean_5_116.jpg,clean_negative,0,0.07545726,clean_negative,0.75
5,5,clean_negative/clean_5_117.jpg,clean_negative,0,0.12502147,clean_negative,0.75
5,5,clean_negative/clean_5_118.jpg,clean_negative,0,0.00975632,clean_negative,0.75
5,5,clean_negative/clean_5_119.jpg,clean_negative,0,0.00099631,clean_negative,0.75
5,5,clean_negative/clean_5_120.jpg,clean_negative,0,0.00038721,clean_negative,0.75
5,5,clean_negative/clean_5_121.jpg,clean_negative,0,0.00012471,clean_negative,0.75
5,5,clean_negative/clean_5_122.jpg,clean_negative,0,0.00662842,clean_negative,0.75
5,5,clean_negative/clean_5_123.jpg,clean_negative,0,0.06536412,clean_negative,0.75
5,5,clean_negative/clean_5_124.jpg,clean_negative,0,0.10497325,clean_negative,0.75
5,5,clean_negative/clean_5_125.jpg,clean_negative,0,0.01160049,clean_negative,0.75
5,5,clean_negative/clean_5_126.jpg,clean_negative,0,0.00002808,clean_negative,0.75
5,5,clean_negative/clean_5_127.jpg,clean_negative,0,0.00000626,clean_negative,0.75
5,5,clean_negative/clean_5_128.jpg,clean_negative,0,0.05540009,clean_negative,0.75
5,5,clean_negative/clean_5_129.jpg,clean_negative,0,0.05405264,clean_negative,0.75
5,5,clean_negative/clean_5_130.jpg,clean_negative,0,0.09340182,clean_negative,0.75
5,5,clean_negative/clean_5_131.jpg,clean_negative,0,0.00011011,clean_negative,0.75
5,5,clean_negative/clean_5_132.jpg,clean_negative,0,0.00330949,clean_negative,0.75
5,5,clean_negative/clean_5_133.jpg,clean_negative,0,0.01410135,clean_negative,0.75
5,5,clean_negative/clean_5_134.jpg,clean_negative,0,0.00000890,clean_negative,0.75
5,5,clean_negative/clean_5_135.jpg,clean_negative,0,0.00000110,clean_negative,0.75
5,5,clean_negative/clean_5_136.jpg,clean_negative,0,0.00017752,clean_negative,0.75
5,5,clean_negative/clean_5_137.jpg,clean_negative,0,0.00192679,clean_negative,0.75
5,5,clean_negative/clean_5_138.jpg,clean_negative,0,0.00826872,clean_negative,0.75
5,5,clean_negative/clean_5_139.jpg,clean_negative,0,0.01270140,clean_negative,0.75
5,5,clean_negative/clean_5_140.jpg,clean_negative,0,0.00000080,clean_negative,0.75
5,5,clean_negative/clean_5_141.jpg,clean_negative,0,0.00000100,clean_negative,0.75
5,5,clean_negative/clean_5_142.jpg,clean_negative,0,0.00156119,clean_negative,0.75
5,5,clean_negative/clean_5_143.jpg,clean_negative,0,0.00002505,clean_negative,0.75
5,5,clean_negative/clean_5_144.jpg,clean_negative,0,0.00024645,clean_negative,0.75
5,5,clean_negative/clean_5_145.jpg,clean_negative,0,0.00057019,clean_negative,0.75
5,5,clean_negative/clean_5_146.jpg,clean_negative,0,0.00134535,clean_negative,0.75
5,5,clean_negative/clean_5_147.jpg,clean_negative,0,0.00022062,clean_negative,0.75
5,5,clean_negative/clean_5_148.jpg,clean_negative,0,0.00000068,clean_negative,0.75
5,5,clean_negative/clean_5_149.jpg,clean_negative,0,0.00000134,clean_negative,0.75
5,5,clean_negative/clean_5_150.jpg,clean_negative,0,0.00001216,clean_negative,0.75
5,5,clean_negative/clean_5_151.jpg,clean_negative,0,0.00007824,clean_negative,0.75
5,5,clean_negative/clean_5_152.jpg,clean_negative,0,0.00014959,clean_negative,0.75
5,5,clean_negative/clean_5_153.jpg,clean_negative,0,0.00047578,clean_negative,0.75
5,5,clean_negative/clean_5_154.jpg,clean_negative,0,0.00017454,clean_negative,0.75
5,5,clean_negative/clean_5_155.jpg,clean_negative,0,0.00000269,clean_negative,0.75
5,5,clean_negative/clean_5_156.jpg,clean_negative,0,0.00000506,clean_negative,0.75
5,5,dirty_positive/dirty_5_1.jpg,dirty_positive,1,0.95831191,dirty_positive,0.75
5,5,dirty_positive/dirty_5_2.jpg,dirty_positive,1,0.97822817,dirty_positive,0.75
5,5,dirty_positive/dirty_5_3.jpg,dirty_positive,1,0.96746306,dirty_positive,0.75
5,5,dirty_positive/dirty_5_4.jpg,dirty_positive,1,0.91697931,dirty_positive,0.75
5,5,dirty_positive/dirty_5_5.jpg,dirty_positive,1,0.99088818,dirty_positive,0.75
5,5,dirty_positive/dirty_5_6.jpg,dirty_positive,1,0.98823570,dirty_positive,0.75
5,5,dirty_positive/dirty_5_7.jpg,dirty_positive,1,0.99315906,dirty_positive,0.75
5,5,dirty_positive/dirty_5_8.jpg,dirty_positive,1,0.98542589,dirty_positive,0.75
5,5,dirty_positive/dirty_5_9.jpg,dirty_positive,1,0.96293442,dirty_positive,0.75
5,5,dirty_positive/dirty_5_10.jpg,dirty_positive,1,0.95553534,dirty_positive,0.75
5,5,dirty_positive/dirty_5_11.jpg,dirty_positive,1,0.98559210,dirty_positive,0.75
5,5,dirty_positive/dirty_5_12.jpg,dirty_positive,1,0.90922164,dirty_positive,0.75
5,5,dirty_positive/dirty_5_13.jpg,dirty_positive,1,0.86297905,dirty_positive,0.75
5,5,dirty_positive/dirty_5_14.jpg,dirty_positive,1,0.96619813,dirty_positive,0.75
5,5,dirty_positive/dirty_5_15.jpg,dirty_positive,1,0.99448256,dirty_positive,0.75
5,5,dirty_positive/dirty_5_16.jpg,dirty_positive,1,0.99774215,dirty_positive,0.75
5,5,dirty_positive/dirty_5_17.jpg,dirty_positive,1,0.90147408,dirty_positive,0.75
5,5,dirty_positive/dirty_5_18.jpg,dirty_positive,1,0.87077401,dirty_positive,0.75
5,5,dirty_positive/dirty_5_19.jpg,dirty_positive,1,0.89634715,dirty_positive,0.75
5,5,dirty_positive/dirty_5_20.jpg,dirty_positive,1,0.55018968,clean_negative,0.75
5,5,dirty_positive/dirty_5_21.jpg,dirty_positive,1,0.98389251,dirty_positive,0.75
5,5,dirty_positive/dirty_5_22.jpg,dirty_positive,1,0.90024218,dirty_positive,0.75
5,5,dirty_positive/dirty_5_23.jpg,dirty_positive,1,0.91794192,dirty_positive,0.75
5,5,dirty_positive/dirty_5_24.jpg,dirty_positive,1,0.94889144,dirty_positive,0.75
5,5,dirty_positive/dirty_5_25.jpg,dirty_positive,1,0.84657224,dirty_positive,0.75
5,5,dirty_positive/dirty_5_26.jpg,dirty_positive,1,0.75728450,dirty_positive,0.75
5,5,dirty_positive/dirty_5_27.jpg,dirty_positive,1,0.86421851,dirty_positive,0.75
5,5,dirty_positive/dirty_5_28.jpg,dirty_positive,1,0.88583059,dirty_positive,0.75
5,5,dirty_positive/dirty_5_29.jpg,dirty_positive,1,0.73368568,clean_negative,0.75
5,5,dirty_positive/dirty_5_30.jpg,dirty_positive,1,0.01125193,clean_negative,0.75
5,5,dirty_positive/dirty_5_31.jpg,dirty_positive,1,0.86577775,dirty_positive,0.75
5,5,dirty_positive/dirty_5_32.jpg,dirty_positive,1,0.41091301,clean_negative,0.75
5,5,dirty_positive/dirty_5_33.jpg,dirty_positive,1,0.83508593,dirty_positive,0.75
5,5,dirty_positive/dirty_5_34.jpg,dirty_positive,1,0.97965983,dirty_positive,0.75
5,5,dirty_positive/dirty_5_35.jpg,dirty_positive,1,0.93212195,dirty_positive,0.75
5,5,dirty_positive/dirty_5_36.jpg,dirty_positive,1,0.94238038,dirty_positive,0.75
5,5,dirty_positive/dirty_5_37.jpg,dirty_positive,1,0.77826400,dirty_positive,0.75
5,5,dirty_positive/dirty_5_38.jpg,dirty_positive,1,0.44252640,clean_negative,0.75
5,5,dirty_positive/dirty_5_39.jpg,dirty_positive,1,0.83923005,dirty_positive,0.75
5,5,dirty_positive/dirty_5_40.jpg,dirty_positive,1,0.71845103,clean_negative,0.75
5,5,dirty_positive/dirty_5_41.jpg,dirty_positive,1,0.83488828,dirty_positive,0.75
5,5,dirty_positive/dirty_5_42.jpg,dirty_positive,1,0.45484211,clean_negative,0.75
5,5,dirty_positive/dirty_5_43.jpg,dirty_positive,1,0.79629293,dirty_positive,0.75
5,5,dirty_positive/dirty_5_44.jpg,dirty_positive,1,0.86726863,dirty_positive,0.75
5,5,dirty_positive/dirty_5_45.jpg,dirty_positive,1,0.15625907,clean_negative,0.75
5,5,dirty_positive/dirty_5_46.jpg,dirty_positive,1,0.19703407,clean_negative,0.75
5,5,dirty_positive/dirty_5_47.jpg,dirty_positive,1,0.90327531,dirty_positive,0.75
5,5,dirty_positive/dirty_5_48.jpg,dirty_positive,1,0.12718570,clean_negative,0.75
5,5,dirty_positive/dirty_5_49.jpg,dirty_positive,1,0.91094138,dirty_positive,0.75
5,5,dirty_positive/dirty_5_50.jpg,dirty_positive,1,0.89096056,dirty_positive,0.75
5,5,dirty_positive/dirty_5_51.jpg,dirty_positive,1,0.93092820,dirty_positive,0.75
5,5,dirty_positive/dirty_5_52.jpg,dirty_positive,1,0.77199719,dirty_positive,0.75
5,5,dirty_positive/dirty_5_53.jpg,dirty_positive,1,0.53383255,clean_negative,0.75
5,5,dirty_positive/dirty_5_54.jpg,dirty_positive,1,0.60899287,clean_negative,0.75
5,5,dirty_positive/dirty_5_55.jpg,dirty_positive,1,0.20079573,clean_negative,0.75
5,5,dirty_positive/dirty_5_56.jpg,dirty_positive,1,0.25315486,clean_negative,0.75
5,5,dirty_positive/dirty_5_57.jpg,dirty_positive,1,0.42068252,clean_negative,0.75
5,5,dirty_positive/dirty_5_58.jpg,dirty_positive,1,0.22334395,clean_negative,0.75
5,5,dirty_positive/dirty_5_59.jpg,dirty_positive,1,0.88746017,dirty_positive,0.75
5,5,dirty_positive/dirty_5_60.jpg,dirty_positive,1,0.73198932,clean_negative,0.75
5,5,dirty_positive/dirty_5_61.jpg,dirty_positive,1,0.95185618,dirty_positive,0.75
5,5,dirty_positive/dirty_5_62.jpg,dirty_positive,1,0.73823574,clean_negative,0.75
5,5,dirty_positive/dirty_5_63.jpg,dirty_positive,1,0.82223943,dirty_positive,0.75
5,5,dirty_positive/dirty_5_64.jpg,dirty_positive,1,0.93452431,dirty_positive,0.75
5,5,dirty_positive/dirty_5_65.jpg,dirty_positive,1,0.21979448,clean_negative,0.75
5,5,dirty_positive/dirty_5_66.jpg,dirty_positive,1,0.15909545,clean_negative,0.75
5,5,dirty_positive/dirty_5_67.jpg,dirty_positive,1,0.22365618,clean_negative,0.75
5,5,dirty_positive/dirty_5_68.jpg,dirty_positive,1,0.44541604,clean_negative,0.75
5,5,dirty_positive/dirty_5_69.jpg,dirty_positive,1,0.84511627,dirty_positive,0.75
5,5,dirty_positive/dirty_5_70.jpg,dirty_positive,1,0.77986913,dirty_positive,0.75
5,5,dirty_positive/dirty_5_71.jpg,dirty_positive,1,0.71282892,clean_negative,0.75
5,5,dirty_positive/dirty_5_72.jpg,dirty_positive,1,0.92093269,dirty_positive,0.75
5,5,dirty_positive/dirty_5_73.jpg,dirty_positive,1,0.64595931,clean_negative,0.75
5,5,dirty_positive/dirty_5_74.jpg,dirty_positive,1,0.71791494,clean_negative,0.75
5,5,dirty_positive/dirty_5_75.jpg,dirty_positive,1,0.84041168,dirty_positive,0.75
5,5,dirty_positive/dirty_5_76.jpg,dirty_positive,1,0.51106317,clean_negative,0.75
5,5,dirty_positive/dirty_5_77.jpg,dirty_positive,1,0.85856928,dirty_positive,0.75
5,5,dirty_positive/dirty_5_78.jpg,dirty_positive,1,0.61614380,clean_negative,0.75
5,5,dirty_positive/dirty_5_79.jpg,dirty_positive,1,0.18740099,clean_negative,0.75
5,5,dirty_positive/dirty_5_80.jpg,dirty_positive,1,0.86354472,dirty_positive,0.75
5,5,dirty_positive/dirty_5_81.jpg,dirty_positive,1,0.93461862,dirty_positive,0.75
5,5,dirty_positive/dirty_5_82.jpg,dirty_positive,1,0.56576004,clean_negative,0.75
5,5,dirty_positive/dirty_5_83.jpg,dirty_positive,1,0.46760186,clean_negative,0.75
5,5,dirty_positive/dirty_5_84.jpg,dirty_positive,1,0.49626140,clean_negative,0.75
5,5,dirty_positive/dirty_5_85.jpg,dirty_positive,1,0.29682424,clean_negative,0.75
5,5,dirty_positive/dirty_5_86.jpg,dirty_positive,1,0.99745360,dirty_positive,0.75
5,5,dirty_positive/dirty_5_87.jpg,dirty_positive,1,0.99579811,dirty_positive,0.75
5,5,dirty_positive/dirty_5_88.jpg,dirty_positive,1,0.15584498,clean_negative,0.75
5,5,dirty_positive/dirty_5_89.jpg,dirty_positive,1,0.16770114,clean_negative,0.75
5,5,dirty_positive/dirty_5_90.jpg,dirty_positive,1,0.75202976,dirty_positive,0.75
5,5,dirty_positive/dirty_5_91.jpg,dirty_positive,1,0.32565111,clean_negative,0.75
5,5,dirty_positive/dirty_5_92.jpg,dirty_positive,1,0.13934345,clean_negative,0.75
5,5,dirty_positive/dirty_5_93.jpg,dirty_positive,1,0.49360961,clean_negative,0.75
5,5,dirty_positive/dirty_5_94.jpg,dirty_positive,1,0.06456818,clean_negative,0.75
5,5,dirty_positive/dirty_5_95.jpg,dirty_positive,1,0.15285029,clean_negative,0.75
5,5,dirty_positive/dirty_5_96.jpg,dirty_positive,1,0.08885032,clean_negative,0.75
5,5,dirty_positive/dirty_5_97.jpg,dirty_positive,1,0.00905054,clean_negative,0.75
5,5,dirty_positive/dirty_5_98.jpg,dirty_positive,1,0.07147574,clean_negative,0.75
5,5,dirty_positive/dirty_5_99.jpg,dirty_positive,1,0.00889406,clean_negative,0.75
5,5,dirty_positive/dirty_5_100.jpg,dirty_positive,1,0.02597635,clean_negative,0.75
6,6,clean_negative/clean_6_1.jpg,clean_negative,0,0.00033763,clean_negative,0.25
6,6,clean_negative/clean_6_2.jpg,clean_negative,0,0.00450873,clean_negative,0.25
6,6,clean_negative/clean_6_3.jpg,clean_negative,0,0.07892608,clean_negative,0.25
6,6,clean_negative/clean_6_4.jpg,clean_negative,0,0.15872288,clean_negative,0.25
6,6,clean_negative/clean_6_5.jpg,clean_negative,0,0.75694775,dirty_positive,0.25
6,6,clean_negative/clean_6_6.jpg,clean_negative,0,0.71166442,dirty_positive,0.25
6,6,clean_negative/clean_6_7.jpg,clean_negative,0,0.67857113,dirty_positive,0.25
6,6,clean_negative/clean_6_8.jpg,clean_negative,0,0.64325533,dirty_positive,0.25
6,6,clean_negative/clean_6_9.jpg,clean_negative,0,0.49837395,dirty_positive,0.25
6,6,clean_negative/clean_6_10.jpg,clean_negative,0,0.30109122,dirty_positive,0.25
6,6,clean_negative/clean_6_11.jpg,clean_negative,0,0.46648419,dirty_positive,0.25
6,6,clean_negative/clean_6_12.jpg,clean_negative,0,0.27200276,dirty_positive,0.25
6,6,clean_negative/clean_6_13.jpg,clean_negative,0,0.24106195,clean_negative,0.25
6,6,clean_negative/clean_6_14.jpg,clean_negative,0,0.63196345,dirty_positive,0.25
6,6,clean_negative/clean_6_15.jpg,clean_negative,0,0.66895005,dirty_positive,0.25
6,6,clean_negative/clean_6_16.jpg,clean_negative,0,0.69975622,dirty_positive,0.25
6,6,clean_negative/clean_6_17.jpg,clean_negative,0,0.81109394,dirty_positive,0.25
6,6,clean_negative/clean_6_18.jpg,clean_negative,0,0.84857271,dirty_positive,0.25
6,6,clean_negative/clean_6_19.jpg,clean_negative,0,0.84257083,dirty_positive,0.25
6,6,clean_negative/clean_6_20.jpg,clean_negative,0,0.34100528,dirty_positive,0.25
6,6,clean_negative/clean_6_21.jpg,clean_negative,0,0.55999860,dirty_positive,0.25
6,6,clean_negative/clean_6_22.jpg,clean_negative,0,0.23987336,clean_negative,0.25
6,6,clean_negative/clean_6_23.jpg,clean_negative,0,0.19166894,clean_negative,0.25
6,6,clean_negative/clean_6_24.jpg,clean_negative,0,0.40579460,dirty_positive,0.25
6,6,clean_negative/clean_6_25.jpg,clean_negative,0,0.36775635,dirty_positive,0.25
6,6,clean_negative/clean_6_26.jpg,clean_negative,0,0.00140010,clean_negative,0.25
6,6,clean_negative/clean_6_27.jpg,clean_negative,0,0.01435336,clean_negative,0.25
6,6,clean_negative/clean_6_28.jpg,clean_negative,0,0.35855821,dirty_positive,0.25
6,6,clean_negative/clean_6_29.jpg,clean_negative,0,0.39897212,dirty_positive,0.25
6,6,clean_negative/clean_6_30.jpg,clean_negative,0,0.72074938,dirty_positive,0.25
6,6,clean_negative/clean_6_31.jpg,clean_negative,0,0.62522393,dirty_positive,0.25
6,6,clean_negative/clean_6_32.jpg,clean_negative,0,0.57837064,dirty_positive,0.25
6,6,clean_negative/clean_6_33.jpg,clean_negative,0,0.53473811,dirty_positive,0.25
6,6,clean_negative/clean_6_34.jpg,clean_negative,0,0.44223677,dirty_positive,0.25
6,6,clean_negative/clean_6_35.jpg,clean_negative,0,0.28077268,dirty_positive,0.25
6,6,clean_negative/clean_6_36.jpg,clean_negative,0,0.39999802,dirty_positive,0.25
6,6,clean_negative/clean_6_37.jpg,clean_negative,0,0.55735655,dirty_positive,0.25
6,6,clean_negative/clean_6_38.jpg,clean_negative,0,0.62466598,dirty_positive,0.25
6,6,clean_negative/clean_6_39.jpg,clean_negative,0,0.49116840,dirty_positive,0.25
6,6,clean_negative/clean_6_40.jpg,clean_negative,0,0.40072720,dirty_positive,0.25
6,6,clean_negative/clean_6_41.jpg,clean_negative,0,0.38039652,dirty_positive,0.25
6,6,clean_negative/clean_6_42.jpg,clean_negative,0,0.41727512,dirty_positive,0.25
6,6,clean_negative/clean_6_43.jpg,clean_negative,0,0.72241689,dirty_positive,0.25
6,6,clean_negative/clean_6_44.jpg,clean_negative,0,0.62037099,dirty_positive,0.25
6,6,clean_negative/clean_6_45.jpg,clean_negative,0,0.55324748,dirty_positive,0.25
6,6,clean_negative/clean_6_46.jpg,clean_negative,0,0.50537595,dirty_positive,0.25
6,6,clean_negative/clean_6_47.jpg,clean_negative,0,0.04186009,clean_negative,0.25
6,6,clean_negative/clean_6_48.jpg,clean_negative,0,0.00718058,clean_negative,0.25
6,6,clean_negative/clean_6_49.jpg,clean_negative,0,0.33551681,dirty_positive,0.25
6,6,clean_negative/clean_6_50.jpg,clean_negative,0,0.28925395,dirty_positive,0.25
6,6,clean_negative/clean_6_51.jpg,clean_negative,0,0.28770786,dirty_positive,0.25
6,6,clean_negative/clean_6_52.jpg,clean_negative,0,0.37405687,dirty_positive,0.25
6,6,clean_negative/clean_6_53.jpg,clean_negative,0,0.01072724,clean_negative,0.25
6,6,clean_negative/clean_6_54.jpg,clean_negative,0,0.04534793,clean_negative,0.25
6,6,clean_negative/clean_6_55.jpg,clean_negative,0,0.54363045,dirty_positive,0.25
6,6,clean_negative/clean_6_56.jpg,clean_negative,0,0.52640245,dirty_positive,0.25
6,6,clean_negative/clean_6_57.jpg,clean_negative,0,0.31023890,dirty_positive,0.25
6,6,clean_negative/clean_6_58.jpg,clean_negative,0,0.36247649,dirty_positive,0.25
6,6,clean_negative/clean_6_59.jpg,clean_negative,0,0.00497288,clean_negative,0.25
6,6,clean_negative/clean_6_60.jpg,clean_negative,0,0.00840250,clean_negative,0.25
6,6,clean_negative/clean_6_61.jpg,clean_negative,0,0.57838683,dirty_positive,0.25
6,6,clean_negative/clean_6_62.jpg,clean_negative,0,0.56116118,dirty_positive,0.25
6,6,clean_negative/clean_6_63.jpg,clean_negative,0,0.33237927,dirty_positive,0.25
6,6,clean_negative/clean_6_64.jpg,clean_negative,0,0.39300701,dirty_positive,0.25
6,6,clean_negative/clean_6_65.jpg,clean_negative,0,0.55221668,dirty_positive,0.25
6,6,clean_negative/clean_6_66.jpg,clean_negative,0,0.54784181,dirty_positive,0.25
6,6,clean_negative/clean_6_67.jpg,clean_negative,0,0.19539819,clean_negative,0.25
6,6,clean_negative/clean_6_68.jpg,clean_negative,0,0.24884632,clean_negative,0.25
6,6,clean_negative/clean_6_69.jpg,clean_negative,0,0.56705785,dirty_positive,0.25
6,6,clean_negative/clean_6_70.jpg,clean_negative,0,0.44046896,dirty_positive,0.25
6,6,clean_negative/clean_6_71.jpg,clean_negative,0,0.17455521,clean_negative,0.25
6,6,clean_negative/clean_6_72.jpg,clean_negative,0,0.18260722,clean_negative,0.25
6,6,clean_negative/clean_6_73.jpg,clean_negative,0,0.42415908,dirty_positive,0.25
6,6,clean_negative/clean_6_74.jpg,clean_negative,0,0.26119262,dirty_positive,0.25
6,6,clean_negative/clean_6_75.jpg,clean_negative,0,0.13010408,clean_negative,0.25
6,6,clean_negative/clean_6_76.jpg,clean_negative,0,0.15519459,clean_negative,0.25
6,6,clean_negative/clean_6_77.jpg,clean_negative,0,0.29509043,dirty_positive,0.25
6,6,clean_negative/clean_6_78.jpg,clean_negative,0,0.29029191,dirty_positive,0.25
6,6,clean_negative/clean_6_79.jpg,clean_negative,0,0.28053748,dirty_positive,0.25
6,6,clean_negative/clean_6_80.jpg,clean_negative,0,0.10936793,clean_negative,0.25
6,6,clean_negative/clean_6_81.jpg,clean_negative,0,0.04383753,clean_negative,0.25
6,6,clean_negative/clean_6_82.jpg,clean_negative,0,0.04723407,clean_negative,0.25
6,6,clean_negative/clean_6_83.jpg,clean_negative,0,0.18994107,clean_negative,0.25
6,6,clean_negative/clean_6_84.jpg,clean_negative,0,0.13904761,clean_negative,0.25
6,6,clean_negative/clean_6_85.jpg,clean_negative,0,0.03947715,clean_negative,0.25
6,6,clean_negative/clean_6_86.jpg,clean_negative,0,0.02377850,clean_negative,0.25
6,6,clean_negative/clean_6_87.jpg,clean_negative,0,0.02192123,clean_negative,0.25
6,6,clean_negative/clean_6_88.jpg,clean_negative,0,0.22579715,clean_negative,0.25
6,6,clean_negative/clean_6_89.jpg,clean_negative,0,0.11922950,clean_negative,0.25
6,6,clean_negative/clean_6_90.jpg,clean_negative,0,0.03170231,clean_negative,0.25
6,6,clean_negative/clean_6_91.jpg,clean_negative,0,0.01778270,clean_negative,0.25
6,6,clean_negative/clean_6_92.jpg,clean_negative,0,0.01367911,clean_negative,0.25
6,6,clean_negative/clean_6_93.jpg,clean_negative,0,0.11641773,clean_negative,0.25
6,6,clean_negative/clean_6_94.jpg,clean_negative,0,0.04206354,clean_negative,0.25
6,6,clean_negative/clean_6_95.jpg,clean_negative,0,0.01769572,clean_negative,0.25
6,6,clean_negative/clean_6_96.jpg,clean_negative,0,0.01027637,clean_negative,0.25
6,6,clean_negative/clean_6_97.jpg,clean_negative,0,0.13855710,clean_negative,0.25
6,6,clean_negative/clean_6_98.jpg,clean_negative,0,0.28785372,dirty_positive,0.25
6,6,clean_negative/clean_6_99.jpg,clean_negative,0,0.36951643,dirty_positive,0.25
6,6,clean_negative/clean_6_100.jpg,clean_negative,0,0.34818567,dirty_positive,0.25
6,6,clean_negative/clean_6_101.jpg,clean_negative,0,0.42026430,dirty_positive,0.25
6,6,clean_negative/clean_6_102.jpg,clean_negative,0,0.46309140,dirty_positive,0.25
6,6,clean_negative/clean_6_103.jpg,clean_negative,0,0.74699532,dirty_positive,0.25
6,6,clean_negative/clean_6_104.jpg,clean_negative,0,0.12832405,clean_negative,0.25
6,6,clean_negative/clean_6_105.jpg,clean_negative,0,0.37469361,dirty_positive,0.25
6,6,clean_negative/clean_6_106.jpg,clean_negative,0,0.32138503,dirty_positive,0.25
6,6,clean_negative/clean_6_107.jpg,clean_negative,0,0.54965421,dirty_positive,0.25
6,6,clean_negative/clean_6_108.jpg,clean_negative,0,0.52081178,dirty_positive,0.25
6,6,clean_negative/clean_6_109.jpg,clean_negative,0,0.49915941,dirty_positive,0.25
6,6,clean_negative/clean_6_110.jpg,clean_negative,0,0.20842749,clean_negative,0.25
6,6,clean_negative/clean_6_111.jpg,clean_negative,0,0.08258888,clean_negative,0.25
6,6,clean_negative/clean_6_112.jpg,clean_negative,0,0.02813546,clean_negative,0.25
6,6,clean_negative/clean_6_113.jpg,clean_negative,0,0.01368237,clean_negative,0.25
6,6,clean_negative/clean_6_114.jpg,clean_negative,0,0.00577623,clean_negative,0.25
6,6,clean_negative/clean_6_115.jpg,clean_negative,0,0.38929409,dirty_positive,0.25
6,6,clean_negative/clean_6_116.jpg,clean_negative,0,0.43695753,dirty_positive,0.25
6,6,clean_negative/clean_6_117.jpg,clean_negative,0,0.36117122,dirty_positive,0.25
6,6,clean_negative/clean_6_118.jpg,clean_negative,0,0.50908551,dirty_positive,0.25
6,6,clean_negative/clean_6_119.jpg,clean_negative,0,0.39379772,dirty_positive,0.25
6,6,clean_negative/clean_6_120.jpg,clean_negative,0,0.46456750,dirty_positive,0.25
6,6,clean_negative/clean_6_121.jpg,clean_negative,0,0.24572759,clean_negative,0.25
6,6,clean_negative/clean_6_122.jpg,clean_negative,0,0.11426059,clean_negative,0.25
6,6,clean_negative/clean_6_123.jpg,clean_negative,0,0.05872555,clean_negative,0.25
6,6,clean_negative/clean_6_124.jpg,clean_negative,0,0.05891073,clean_negative,0.25
6,6,clean_negative/clean_6_125.jpg,clean_negative,0,0.01250681,clean_negative,0.25
6,6,clean_negative/clean_6_126.jpg,clean_negative,0,0.53151138,dirty_positive,0.25
6,6,clean_negative/clean_6_127.jpg,clean_negative,0,0.44672722,dirty_positive,0.25
6,6,clean_negative/clean_6_128.jpg,clean_negative,0,0.53555444,dirty_positive,0.25
6,6,clean_negative/clean_6_129.jpg,clean_negative,0,0.51307266,dirty_positive,0.25
6,6,clean_negative/clean_6_130.jpg,clean_negative,0,0.48842105,dirty_positive,0.25
6,6,clean_negative/clean_6_131.jpg,clean_negative,0,0.27854067,dirty_positive,0.25
6,6,clean_negative/clean_6_132.jpg,clean_negative,0,0.13582097,clean_negative,0.25
6,6,clean_negative/clean_6_133.jpg,clean_negative,0,0.09367826,clean_negative,0.25
6,6,clean_negative/clean_6_134.jpg,clean_negative,0,0.12564637,clean_negative,0.25
6,6,clean_negative/clean_6_135.jpg,clean_negative,0,0.01730435,clean_negative,0.25
6,6,clean_negative/clean_6_136.jpg,clean_negative,0,0.55987391,dirty_positive,0.25
6,6,clean_negative/clean_6_137.jpg,clean_negative,0,0.54832963,dirty_positive,0.25
6,6,clean_negative/clean_6_138.jpg,clean_negative,0,0.48368957,dirty_positive,0.25
6,6,clean_negative/clean_6_139.jpg,clean_negative,0,0.45422497,dirty_positive,0.25
6,6,clean_negative/clean_6_140.jpg,clean_negative,0,0.45532950,dirty_positive,0.25
6,6,clean_negative/clean_6_141.jpg,clean_negative,0,0.26163810,dirty_positive,0.25
6,6,clean_negative/clean_6_142.jpg,clean_negative,0,0.20321969,clean_negative,0.25
6,6,clean_negative/clean_6_143.jpg,clean_negative,0,0.14848888,clean_negative,0.25
6,6,clean_negative/clean_6_144.jpg,clean_negative,0,0.19369115,clean_negative,0.25
6,6,clean_negative/clean_6_145.jpg,clean_negative,0,0.03651341,clean_negative,0.25
6,6,clean_negative/clean_6_146.jpg,clean_negative,0,0.53491513,dirty_positive,0.25
6,6,clean_negative/clean_6_147.jpg,clean_negative,0,0.28534907,dirty_positive,0.25
6,6,clean_negative/clean_6_148.jpg,clean_negative,0,0.38040510,dirty_positive,0.25
6,6,clean_negative/clean_6_149.jpg,clean_negative,0,0.40275298,dirty_positive,0.25
6,6,clean_negative/clean_6_150.jpg,clean_negative,0,0.24462418,clean_negative,0.25
6,6,clean_negative/clean_6_151.jpg,clean_negative,0,0.67071745,dirty_positive,0.25
6,6,clean_negative/clean_6_152.jpg,clean_negative,0,0.15905843,clean_negative,0.25
6,6,clean_negative/clean_6_153.jpg,clean_negative,0,0.19666099,clean_negative,0.25
6,6,clean_negative/clean_6_154.jpg,clean_negative,0,0.03468029,clean_negative,0.25
6,6,clean_negative/clean_6_155.jpg,clean_negative,0,0.47118399,dirty_positive,0.25
6,6,clean_negative/clean_6_156.jpg,clean_negative,0,0.45833599,dirty_positive,0.25
6,6,clean_negative/clean_6_157.jpg,clean_negative,0,0.03961335,clean_negative,0.25
6,6,clean_negative/clean_6_158.jpg,clean_negative,0,0.07201072,clean_negative,0.25
6,6,clean_negative/clean_6_159.jpg,clean_negative,0,0.49103079,dirty_positive,0.25
6,6,clean_negative/clean_6_160.jpg,clean_negative,0,0.04876499,clean_negative,0.25
6,6,clean_negative/clean_6_161.jpg,clean_negative,0,0.10273521,clean_negative,0.25
6,6,clean_negative/clean_6_162.jpg,clean_negative,0,0.34493043,dirty_positive,0.25
6,6,clean_negative/clean_6_163.jpg,clean_negative,0,0.54980531,dirty_positive,0.25
6,6,clean_negative/clean_6_164.jpg,clean_negative,0,0.54947300,dirty_positive,0.25
6,6,clean_negative/clean_6_165.jpg,clean_negative,0,0.01198043,clean_negative,0.25
6,6,clean_negative/clean_6_166.jpg,clean_negative,0,0.04735881,clean_negative,0.25
6,6,clean_negative/clean_6_167.jpg,clean_negative,0,0.14821064,clean_negative,0.25
6,6,clean_negative/clean_6_168.jpg,clean_negative,0,0.44553397,dirty_positive,0.25
6,6,clean_negative/clean_6_169.jpg,clean_negative,0,0.33889223,dirty_positive,0.25
6,6,clean_negative/clean_6_170.jpg,clean_negative,0,0.23402639,clean_negative,0.25
6,6,clean_negative/clean_6_171.jpg,clean_negative,0,0.43206640,dirty_positive,0.25
6,6,clean_negative/clean_6_172.jpg,clean_negative,0,0.36417255,dirty_positive,0.25
6,6,clean_negative/clean_6_173.jpg,clean_negative,0,0.45030679,dirty_positive,0.25
6,6,clean_negative/clean_6_174.jpg,clean_negative,0,0.51748277,dirty_positive,0.25
6,6,clean_negative/clean_6_175.jpg,clean_negative,0,0.00460660,clean_negative,0.25
6,6,clean_negative/clean_6_176.jpg,clean_negative,0,0.01864393,clean_negative,0.25
6,6,clean_negative/clean_6_177.jpg,clean_negative,0,0.08459517,clean_negative,0.25
6,6,clean_negative/clean_6_178.jpg,clean_negative,0,0.17131781,clean_negative,0.25
6,6,clean_negative/clean_6_179.jpg,clean_negative,0,0.26147680,dirty_positive,0.25
6,6,clean_negative/clean_6_180.jpg,clean_negative,0,0.28012405,dirty_positive,0.25
6,6,clean_negative/clean_6_181.jpg,clean_negative,0,0.55727443,dirty_positive,0.25
6,6,clean_negative/clean_6_182.jpg,clean_negative,0,0.42252685,dirty_positive,0.25
6,6,clean_negative/clean_6_183.jpg,clean_negative,0,0.42631900,dirty_positive,0.25
6,6,clean_negative/clean_6_184.jpg,clean_negative,0,0.55399541,dirty_positive,0.25
6,6,clean_negative/clean_6_185.jpg,clean_negative,0,0.52414179,dirty_positive,0.25
6,6,clean_negative/clean_6_186.jpg,clean_negative,0,0.07551829,clean_negative,0.25
6,6,clean_negative/clean_6_187.jpg,clean_negative,0,0.11313943,clean_negative,0.25
6,6,clean_negative/clean_6_188.jpg,clean_negative,0,0.32150405,dirty_positive,0.25
6,6,clean_negative/clean_6_189.jpg,clean_negative,0,0.34063283,dirty_positive,0.25
6,6,clean_negative/clean_6_190.jpg,clean_negative,0,0.60321548,dirty_positive,0.25
6,6,clean_negative/clean_6_191.jpg,clean_negative,0,0.71992276,dirty_positive,0.25
6,6,clean_negative/clean_6_192.jpg,clean_negative,0,0.60914753,dirty_positive,0.25
6,6,clean_negative/clean_6_193.jpg,clean_negative,0,0.72451730,dirty_positive,0.25
6,6,clean_negative/clean_6_194.jpg,clean_negative,0,0.56892814,dirty_positive,0.25
6,6,clean_negative/clean_6_195.jpg,clean_negative,0,0.00025879,clean_negative,0.25
6,6,clean_negative/clean_6_196.jpg,clean_negative,0,0.42429461,dirty_positive,0.25
6,6,clean_negative/clean_6_197.jpg,clean_negative,0,0.03464156,clean_negative,0.25
6,6,clean_negative/clean_6_198.jpg,clean_negative,0,0.05097831,clean_negative,0.25
6,6,clean_negative/clean_6_199.jpg,clean_negative,0,0.19990291,clean_negative,0.25
6,6,clean_negative/clean_6_200.jpg,clean_negative,0,0.31500348,dirty_positive,0.25
6,6,clean_negative/clean_6_201.jpg,clean_negative,0,0.62228959,dirty_positive,0.25
6,6,clean_negative/clean_6_202.jpg,clean_negative,0,0.75681450,dirty_positive,0.25
6,6,clean_negative/clean_6_203.jpg,clean_negative,0,0.65269216,dirty_positive,0.25
6,6,clean_negative/clean_6_204.jpg,clean_negative,0,0.76053637,dirty_positive,0.25
6,6,clean_negative/clean_6_205.jpg,clean_negative,0,0.64852777,dirty_positive,0.25
6,6,clean_negative/clean_6_206.jpg,clean_negative,0,0.53581879,dirty_positive,0.25
6,6,clean_negative/clean_6_207.jpg,clean_negative,0,0.00013173,clean_negative,0.25
6,6,clean_negative/clean_6_208.jpg,clean_negative,0,0.01480475,clean_negative,0.25
6,6,clean_negative/clean_6_209.jpg,clean_negative,0,0.51466116,dirty_positive,0.25
6,6,clean_negative/clean_6_210.jpg,clean_negative,0,0.37844048,dirty_positive,0.25
6,6,clean_negative/clean_6_211.jpg,clean_negative,0,0.17846796,clean_negative,0.25
6,6,clean_negative/clean_6_212.jpg,clean_negative,0,0.06654789,clean_negative,0.25
6,6,clean_negative/clean_6_213.jpg,clean_negative,0,0.02197423,clean_negative,0.25
6,6,clean_negative/clean_6_214.jpg,clean_negative,0,0.01081713,clean_negative,0.25
6,6,clean_negative/clean_6_215.jpg,clean_negative,0,0.01624204,clean_negative,0.25
6,6,clean_negative/clean_6_216.jpg,clean_negative,0,0.07007546,clean_negative,0.25
6,6,clean_negative/clean_6_217.jpg,clean_negative,0,0.16975138,clean_negative,0.25
6,6,clean_negative/clean_6_218.jpg,clean_negative,0,0.32850010,dirty_positive,0.25
6,6,clean_negative/clean_6_219.jpg,clean_negative,0,0.69460540,dirty_positive,0.25
6,6,clean_negative/clean_6_220.jpg,clean_negative,0,0.63191578,dirty_positive,0.25
6,6,clean_negative/clean_6_221.jpg,clean_negative,0,0.55899388,dirty_positive,0.25
6,6,clean_negative/clean_6_222.jpg,clean_negative,0,0.43682430,dirty_positive,0.25
6,6,clean_negative/clean_6_223.jpg,clean_negative,0,0.31606822,dirty_positive,0.25
6,6,clean_negative/clean_6_224.jpg,clean_negative,0,0.38920352,dirty_positive,0.25
6,6,clean_negative/clean_6_225.jpg,clean_negative,0,0.27689950,dirty_positive,0.25
6,6,clean_negative/clean_6_226.jpg,clean_negative,0,0.14220573,clean_negative,0.25
6,6,clean_negative/clean_6_227.jpg,clean_negative,0,0.07782394,clean_negative,0.25
6,6,clean_negative/clean_6_228.jpg,clean_negative,0,0.02148426,clean_negative,0.25
6,6,clean_negative/clean_6_229.jpg,clean_negative,0,0.01901736,clean_negative,0.25
6,6,clean_negative/clean_6_230.jpg,clean_negative,0,0.00016848,clean_negative,0.25
6,6,dirty_positive/dirty_6_1.jpg,dirty_positive,1,0.93795016,dirty_positive,0.25
6,6,dirty_positive/dirty_6_2.jpg,dirty_positive,1,0.88020241,dirty_positive,0.25
6,6,dirty_positive/dirty_6_3.jpg,dirty_positive,1,0.91354636,dirty_positive,0.25
6,6,dirty_positive/dirty_6_4.jpg,dirty_positive,1,0.94803702,dirty_positive,0.25
6,6,dirty_positive/dirty_6_5.jpg,dirty_positive,1,0.95265004,dirty_positive,0.25
6,6,dirty_positive/dirty_6_6.jpg,dirty_positive,1,0.95707143,dirty_positive,0.25
6,6,dirty_positive/dirty_6_7.jpg,dirty_positive,1,0.96692691,dirty_positive,0.25
6,6,dirty_positive/dirty_6_8.jpg,dirty_positive,1,0.95478474,dirty_positive,0.25
6,6,dirty_positive/dirty_6_9.jpg,dirty_positive,1,0.99535077,dirty_positive,0.25
6,6,dirty_positive/dirty_6_10.jpg,dirty_positive,1,0.99393459,dirty_positive,0.25
6,6,dirty_positive/dirty_6_11.jpg,dirty_positive,1,0.99482127,dirty_positive,0.25
6,6,dirty_positive/dirty_6_12.jpg,dirty_positive,1,0.99415620,dirty_positive,0.25
6,6,dirty_positive/dirty_6_13.jpg,dirty_positive,1,0.96286357,dirty_positive,0.25
6,6,dirty_positive/dirty_6_14.jpg,dirty_positive,1,0.98577676,dirty_positive,0.25
6,6,dirty_positive/dirty_6_15.jpg,dirty_positive,1,0.90243486,dirty_positive,0.25
6,6,dirty_positive/dirty_6_16.jpg,dirty_positive,1,0.98073085,dirty_positive,0.25
6,6,dirty_positive/dirty_6_17.jpg,dirty_positive,1,0.95059767,dirty_positive,0.25
6,6,dirty_positive/dirty_6_18.jpg,dirty_positive,1,0.93894867,dirty_positive,0.25
6,6,dirty_positive/dirty_6_19.jpg,dirty_positive,1,0.97433425,dirty_positive,0.25
6,6,dirty_positive/dirty_6_20.jpg,dirty_positive,1,0.94157668,dirty_positive,0.25
6,6,dirty_positive/dirty_6_21.jpg,dirty_positive,1,0.52130718,dirty_positive,0.25
6,6,dirty_positive/dirty_6_22.jpg,dirty_positive,1,0.14575980,clean_negative,0.25
6,6,dirty_positive/dirty_6_23.jpg,dirty_positive,1,0.62982283,dirty_positive,0.25
6,6,dirty_positive/dirty_6_24.jpg,dirty_positive,1,0.29534013,dirty_positive,0.25
6,6,dirty_positive/dirty_6_25.jpg,dirty_positive,1,0.10223060,clean_negative,0.25
6,6,dirty_positive/dirty_6_26.jpg,dirty_positive,1,0.09728208,clean_negative,0.25
6,6,dirty_positive/dirty_6_27.jpg,dirty_positive,1,0.07824464,clean_negative,0.25
6,6,dirty_positive/dirty_6_28.jpg,dirty_positive,1,0.10685781,clean_negative,0.25
6,6,dirty_positive/dirty_6_29.jpg,dirty_positive,1,0.96552796,dirty_positive,0.25
6,6,dirty_positive/dirty_6_30.jpg,dirty_positive,1,0.92766664,dirty_positive,0.25
6,6,dirty_positive/dirty_6_31.jpg,dirty_positive,1,0.93226304,dirty_positive,0.25
6,6,dirty_positive/dirty_6_32.jpg,dirty_positive,1,0.94357216,dirty_positive,0.25
6,6,dirty_positive/dirty_6_33.jpg,dirty_positive,1,0.52521772,dirty_positive,0.25
6,6,dirty_positive/dirty_6_34.jpg,dirty_positive,1,0.61975816,dirty_positive,0.25
6,6,dirty_positive/dirty_6_35.jpg,dirty_positive,1,0.42061039,dirty_positive,0.25
6,6,dirty_positive/dirty_6_36.jpg,dirty_positive,1,0.61820887,dirty_positive,0.25
6,6,dirty_positive/dirty_6_37.jpg,dirty_positive,1,0.46652719,dirty_positive,0.25
6,6,dirty_positive/dirty_6_38.jpg,dirty_positive,1,0.48502353,dirty_positive,0.25
6,6,dirty_positive/dirty_6_39.jpg,dirty_positive,1,0.39841175,dirty_positive,0.25
6,6,dirty_positive/dirty_6_40.jpg,dirty_positive,1,0.84740501,dirty_positive,0.25
6,6,dirty_positive/dirty_6_41.jpg,dirty_positive,1,0.99999975,dirty_positive,0.25
6,6,dirty_positive/dirty_6_42.jpg,dirty_positive,1,0.99999816,dirty_positive,0.25
6,6,dirty_positive/dirty_6_43.jpg,dirty_positive,1,0.99999377,dirty_positive,0.25
6,6,dirty_positive/dirty_6_44.jpg,dirty_positive,1,0.99999981,dirty_positive,0.25
6,6,dirty_positive/dirty_6_45.jpg,dirty_positive,1,0.40168781,dirty_positive,0.25
6,6,dirty_positive/dirty_6_46.jpg,dirty_positive,1,0.88061271,dirty_positive,0.25
6,6,dirty_positive/dirty_6_47.jpg,dirty_positive,1,0.84560844,dirty_positive,0.25
6,6,dirty_positive/dirty_6_48.jpg,dirty_positive,1,0.84545921,dirty_positive,0.25
6,6,dirty_positive/dirty_6_49.jpg,dirty_positive,1,0.81239549,dirty_positive,0.25
6,6,dirty_positive/dirty_6_50.jpg,dirty_positive,1,0.26490377,dirty_positive,0.25
6,6,dirty_positive/dirty_6_51.jpg,dirty_positive,1,0.36321439,dirty_positive,0.25
6,6,dirty_positive/dirty_6_52.jpg,dirty_positive,1,0.20846916,clean_negative,0.25
6,6,dirty_positive/dirty_6_53.jpg,dirty_positive,1,0.53162509,dirty_positive,0.25
6,6,dirty_positive/dirty_6_54.jpg,dirty_positive,1,0.44524767,dirty_positive,0.25
6,6,dirty_positive/dirty_6_55.jpg,dirty_positive,1,0.62317072,dirty_positive,0.25
6,6,dirty_positive/dirty_6_56.jpg,dirty_positive,1,0.70032502,dirty_positive,0.25
6,6,dirty_positive/dirty_6_57.jpg,dirty_positive,1,0.24710677,clean_negative,0.25
6,6,dirty_positive/dirty_6_58.jpg,dirty_positive,1,0.41111392,dirty_positive,0.25
6,6,dirty_positive/dirty_6_59.jpg,dirty_positive,1,0.13082208,clean_negative,0.25
6,6,dirty_positive/dirty_6_60.jpg,dirty_positive,1,0.30720601,dirty_positive,0.25
6,6,dirty_positive/dirty_6_61.jpg,dirty_positive,1,0.43624134,dirty_positive,0.25
6,6,dirty_positive/dirty_6_62.jpg,dirty_positive,1,0.51722201,dirty_positive,0.25
6,6,dirty_positive/dirty_6_63.jpg,dirty_positive,1,0.57851670,dirty_positive,0.25
6,6,dirty_positive/dirty_6_64.jpg,dirty_positive,1,0.51026571,dirty_positive,0.25
6,6,dirty_positive/dirty_6_65.jpg,dirty_positive,1,0.49693522,dirty_positive,0.25
6,6,dirty_positive/dirty_6_66.jpg,dirty_positive,1,0.58843926,dirty_positive,0.25
6,6,dirty_positive/dirty_6_67.jpg,dirty_positive,1,0.53629539,dirty_positive,0.25
6,6,dirty_positive/dirty_6_68.jpg,dirty_positive,1,0.07692789,clean_negative,0.25
7,7,clean_negative/clean_7_1.jpg,clean_negative,0,0.00038292,clean_negative,0.65
7,7,clean_negative/clean_7_2.jpg,clean_negative,0,0.04371668,clean_negative,0.65
7,7,clean_negative/clean_7_3.jpg,clean_negative,0,0.02838350,clean_negative,0.65
7,7,clean_negative/clean_7_4.jpg,clean_negative,0,0.05055630,clean_negative,0.65
7,7,clean_negative/clean_7_5.jpg,clean_negative,0,0.12026947,clean_negative,0.65
7,7,clean_negative/clean_7_6.jpg,clean_negative,0,0.10115351,clean_negative,0.65
7,7,clean_negative/clean_7_7.jpg,clean_negative,0,0.07485941,clean_negative,0.65
7,7,clean_negative/clean_7_8.jpg,clean_negative,0,0.36509802,clean_negative,0.65
7,7,clean_negative/clean_7_9.jpg,clean_negative,0,0.28681308,clean_negative,0.65
7,7,clean_negative/clean_7_10.jpg,clean_negative,0,0.24547173,clean_negative,0.65
7,7,clean_negative/clean_7_11.jpg,clean_negative,0,0.28753086,clean_negative,0.65
7,7,clean_negative/clean_7_12.jpg,clean_negative,0,0.23862559,clean_negative,0.65
7,7,clean_negative/clean_7_13.jpg,clean_negative,0,0.37456943,clean_negative,0.65
7,7,clean_negative/clean_7_14.jpg,clean_negative,0,0.24979173,clean_negative,0.65
7,7,clean_negative/clean_7_15.jpg,clean_negative,0,0.11284400,clean_negative,0.65
7,7,clean_negative/clean_7_16.jpg,clean_negative,0,0.11573579,clean_negative,0.65
7,7,clean_negative/clean_7_17.jpg,clean_negative,0,0.22355070,clean_negative,0.65
7,7,clean_negative/clean_7_18.jpg,clean_negative,0,0.10958064,clean_negative,0.65
7,7,clean_negative/clean_7_19.jpg,clean_negative,0,0.12459703,clean_negative,0.65
7,7,clean_negative/clean_7_20.jpg,clean_negative,0,0.62881747,clean_negative,0.65
7,7,clean_negative/clean_7_21.jpg,clean_negative,0,0.47968242,clean_negative,0.65
7,7,clean_negative/clean_7_22.jpg,clean_negative,0,0.08012772,clean_negative,0.65
7,7,clean_negative/clean_7_23.jpg,clean_negative,0,0.10948837,clean_negative,0.65
7,7,clean_negative/clean_7_24.jpg,clean_negative,0,0.59067329,clean_negative,0.65
7,7,clean_negative/clean_7_25.jpg,clean_negative,0,0.34748552,clean_negative,0.65
7,7,clean_negative/clean_7_26.jpg,clean_negative,0,0.16536109,clean_negative,0.65
7,7,clean_negative/clean_7_27.jpg,clean_negative,0,0.12435929,clean_negative,0.65
7,7,clean_negative/clean_7_28.jpg,clean_negative,0,0.08265429,clean_negative,0.65
7,7,clean_negative/clean_7_29.jpg,clean_negative,0,0.03026891,clean_negative,0.65
7,7,clean_negative/clean_7_30.jpg,clean_negative,0,0.00886503,clean_negative,0.65
7,7,clean_negative/clean_7_31.jpg,clean_negative,0,0.15687886,clean_negative,0.65
7,7,clean_negative/clean_7_32.jpg,clean_negative,0,0.20514033,clean_negative,0.65
7,7,clean_negative/clean_7_33.jpg,clean_negative,0,0.40271324,clean_negative,0.65
7,7,clean_negative/clean_7_34.jpg,clean_negative,0,0.20874399,clean_negative,0.65
7,7,clean_negative/clean_7_35.jpg,clean_negative,0,0.05891664,clean_negative,0.65
7,7,clean_negative/clean_7_36.jpg,clean_negative,0,0.04244042,clean_negative,0.65
7,7,clean_negative/clean_7_37.jpg,clean_negative,0,0.03535794,clean_negative,0.65
7,7,clean_negative/clean_7_38.jpg,clean_negative,0,0.01484264,clean_negative,0.65
7,7,clean_negative/clean_7_39.jpg,clean_negative,0,0.00539591,clean_negative,0.65
7,7,clean_negative/clean_7_40.jpg,clean_negative,0,0.00007267,clean_negative,0.65
7,7,clean_negative/clean_7_41.jpg,clean_negative,0,0.00055874,clean_negative,0.65
7,7,clean_negative/clean_7_42.jpg,clean_negative,0,0.00595370,clean_negative,0.65
7,7,clean_negative/clean_7_43.jpg,clean_negative,0,0.00017228,clean_negative,0.65
7,7,clean_negative/clean_7_44.jpg,clean_negative,0,0.00094996,clean_negative,0.65
7,7,clean_negative/clean_7_45.jpg,clean_negative,0,0.00812483,clean_negative,0.65
7,7,clean_negative/clean_7_46.jpg,clean_negative,0,0.06014266,clean_negative,0.65
7,7,clean_negative/clean_7_47.jpg,clean_negative,0,0.24428909,clean_negative,0.65
7,7,clean_negative/clean_7_48.jpg,clean_negative,0,0.14776412,clean_negative,0.65
7,7,clean_negative/clean_7_49.jpg,clean_negative,0,0.08130797,clean_negative,0.65
7,7,clean_negative/clean_7_50.jpg,clean_negative,0,0.04873854,clean_negative,0.65
7,7,clean_negative/clean_7_51.jpg,clean_negative,0,0.02815128,clean_negative,0.65
7,7,clean_negative/clean_7_52.jpg,clean_negative,0,0.02749460,clean_negative,0.65
7,7,clean_negative/clean_7_53.jpg,clean_negative,0,0.01463346,clean_negative,0.65
7,7,clean_negative/clean_7_54.jpg,clean_negative,0,0.00641014,clean_negative,0.65
7,7,clean_negative/clean_7_55.jpg,clean_negative,0,0.00007459,clean_negative,0.65
7,7,clean_negative/clean_7_56.jpg,clean_negative,0,0.00052318,clean_negative,0.65
7,7,clean_negative/clean_7_57.jpg,clean_negative,0,0.00425069,clean_negative,0.65
7,7,clean_negative/clean_7_58.jpg,clean_negative,0,0.02321279,clean_negative,0.65
7,7,clean_negative/clean_7_59.jpg,clean_negative,0,0.22386081,clean_negative,0.65
7,7,clean_negative/clean_7_60.jpg,clean_negative,0,0.16176982,clean_negative,0.65
7,7,clean_negative/clean_7_61.jpg,clean_negative,0,0.09536552,clean_negative,0.65
7,7,dirty_positive/dirty_7_1.jpg,dirty_positive,1,0.99605426,dirty_positive,0.65
7,7,dirty_positive/dirty_7_2.jpg,dirty_positive,1,0.99098848,dirty_positive,0.65
7,7,dirty_positive/dirty_7_3.jpg,dirty_positive,1,0.99542943,dirty_positive,0.65
7,7,dirty_positive/dirty_7_4.jpg,dirty_positive,1,0.99059640,dirty_positive,0.65
7,7,dirty_positive/dirty_7_5.jpg,dirty_positive,1,0.77266942,dirty_positive,0.65
7,7,dirty_positive/dirty_7_6.jpg,dirty_positive,1,0.70789909,dirty_positive,0.65
7,7,dirty_positive/dirty_7_7.jpg,dirty_positive,1,0.77607912,dirty_positive,0.65
7,7,dirty_positive/dirty_7_8.jpg,dirty_positive,1,0.54889381,clean_negative,0.65
7,7,dirty_positive/dirty_7_9.jpg,dirty_positive,1,0.66631294,dirty_positive,0.65
7,7,dirty_positive/dirty_7_10.jpg,dirty_positive,1,0.40665236,clean_negative,0.65
7,7,dirty_positive/dirty_7_11.jpg,dirty_positive,1,0.59064001,clean_negative,0.65
7,7,dirty_positive/dirty_7_12.jpg,dirty_positive,1,0.41843868,clean_negative,0.65
7,7,dirty_positive/dirty_7_13.jpg,dirty_positive,1,0.96831313,dirty_positive,0.65
7,7,dirty_positive/dirty_7_14.jpg,dirty_positive,1,0.99520719,dirty_positive,0.65
7,7,dirty_positive/dirty_7_15.jpg,dirty_positive,1,0.99476934,dirty_positive,0.65
7,7,dirty_positive/dirty_7_16.jpg,dirty_positive,1,0.99566517,dirty_positive,0.65
7,7,dirty_positive/dirty_7_17.jpg,dirty_positive,1,0.50809374,clean_negative,0.65
7,7,dirty_positive/dirty_7_18.jpg,dirty_positive,1,0.53408024,clean_negative,0.65
7,7,dirty_positive/dirty_7_19.jpg,dirty_positive,1,0.56989230,clean_negative,0.65
7,7,dirty_positive/dirty_7_20.jpg,dirty_positive,1,0.38925021,clean_negative,0.65
7,7,dirty_positive/dirty_7_21.jpg,dirty_positive,1,0.96630234,dirty_positive,0.65
7,7,dirty_positive/dirty_7_22.jpg,dirty_positive,1,0.92666840,dirty_positive,0.65
7,7,dirty_positive/dirty_7_23.jpg,dirty_positive,1,0.98287557,dirty_positive,0.65
7,7,dirty_positive/dirty_7_24.jpg,dirty_positive,1,0.98569299,dirty_positive,0.65
7,7,dirty_positive/dirty_7_25.jpg,dirty_positive,1,0.47576801,clean_negative,0.65
7,7,dirty_positive/dirty_7_26.jpg,dirty_positive,1,0.37420776,clean_negative,0.65
7,7,dirty_positive/dirty_7_27.jpg,dirty_positive,1,0.55273761,clean_negative,0.65
7,7,dirty_positive/dirty_7_28.jpg,dirty_positive,1,0.81396079,dirty_positive,0.65
7,7,dirty_positive/dirty_7_29.jpg,dirty_positive,1,0.99999647,dirty_positive,0.65
7,7,dirty_positive/dirty_7_30.jpg,dirty_positive,1,0.99999860,dirty_positive,0.65
7,7,dirty_positive/dirty_7_31.jpg,dirty_positive,1,0.99929848,dirty_positive,0.65
7,7,dirty_positive/dirty_7_32.jpg,dirty_positive,1,0.99999691,dirty_positive,0.65
7,7,dirty_positive/dirty_7_33.jpg,dirty_positive,1,0.94869710,dirty_positive,0.65
7,7,dirty_positive/dirty_7_34.jpg,dirty_positive,1,0.94593941,dirty_positive,0.65
7,7,dirty_positive/dirty_7_35.jpg,dirty_positive,1,0.95897426,dirty_positive,0.65
7,7,dirty_positive/dirty_7_36.jpg,dirty_positive,1,0.95637234,dirty_positive,0.65
7,7,dirty_positive/dirty_7_37.jpg,dirty_positive,1,0.66076561,dirty_positive,0.65
7,7,dirty_positive/dirty_7_38.jpg,dirty_positive,1,0.99995163,dirty_positive,0.65
7,7,dirty_positive/dirty_7_39.jpg,dirty_positive,1,0.48510379,clean_negative,0.65
7,7,dirty_positive/dirty_7_40.jpg,dirty_positive,1,0.77148861,dirty_positive,0.65
7,7,dirty_positive/dirty_7_41.jpg,dirty_positive,1,0.97691101,dirty_positive,0.65
7,7,dirty_positive/dirty_7_42.jpg,dirty_positive,1,0.97595407,dirty_positive,0.65
7,7,dirty_positive/dirty_7_43.jpg,dirty_positive,1,0.99747876,dirty_positive,0.65
7,7,dirty_positive/dirty_7_44.jpg,dirty_positive,1,0.99318729,dirty_positive,0.65
7,7,dirty_positive/dirty_7_45.jpg,dirty_positive,1,0.99825515,dirty_positive,0.65
7,7,dirty_positive/dirty_7_46.jpg,dirty_positive,1,0.99999331,dirty_positive,0.65
7,7,dirty_positive/dirty_7_47.jpg,dirty_positive,1,0.99684330,dirty_positive,0.65
7,7,dirty_positive/dirty_7_48.jpg,dirty_positive,1,0.99998106,dirty_positive,0.65
7,7,dirty_positive/dirty_7_49.jpg,dirty_positive,1,0.99998072,dirty_positive,0.65
7,7,dirty_positive/dirty_7_50.jpg,dirty_positive,1,0.53114496,clean_negative,0.65
7,7,dirty_positive/dirty_7_51.jpg,dirty_positive,1,0.99999267,dirty_positive,0.65
7,7,dirty_positive/dirty_7_52.jpg,dirty_positive,1,0.99997592,dirty_positive,0.65
7,7,dirty_positive/dirty_7_53.jpg,dirty_positive,1,0.96921110,dirty_positive,0.65
7,7,dirty_positive/dirty_7_54.jpg,dirty_positive,1,0.97289916,dirty_positive,0.65
7,7,dirty_positive/dirty_7_55.jpg,dirty_positive,1,0.39912162,clean_negative,0.65
7,7,dirty_positive/dirty_7_56.jpg,dirty_positive,1,0.99188797,dirty_positive,0.65
7,7,dirty_positive/dirty_7_57.jpg,dirty_positive,1,0.83925499,dirty_positive,0.65
7,7,dirty_positive/dirty_7_58.jpg,dirty_positive,1,0.55585120,clean_negative,0.65
7,7,dirty_positive/dirty_7_59.jpg,dirty_positive,1,0.99327266,dirty_positive,0.65
7,7,dirty_positive/dirty_7_60.jpg,dirty_positive,1,0.86653149,dirty_positive,0.65
7,7,dirty_positive/dirty_7_61.jpg,dirty_positive,1,0.96491835,dirty_positive,0.65
7,7,dirty_positive/dirty_7_62.jpg,dirty_positive,1,0.91689106,dirty_positive,0.65
7,7,dirty_positive/dirty_7_63.jpg,dirty_positive,1,0.92553369,dirty_positive,0.65
7,7,dirty_positive/dirty_7_64.jpg,dirty_positive,1,0.94296124,dirty_positive,0.65
7,7,dirty_positive/dirty_7_65.jpg,dirty_positive,1,0.66596392,dirty_positive,0.65
7,7,dirty_positive/dirty_7_66.jpg,dirty_positive,1,0.89571170,dirty_positive,0.65
7,7,dirty_positive/dirty_7_67.jpg,dirty_positive,1,0.71670047,dirty_positive,0.65
7,7,dirty_positive/dirty_7_68.jpg,dirty_positive,1,0.69038108,dirty_positive,0.65
7,7,dirty_positive/dirty_7_69.jpg,dirty_positive,1,0.69656258,dirty_positive,0.65
7,7,dirty_positive/dirty_7_70.jpg,dirty_positive,1,0.26911640,clean_negative,0.65
7,7,dirty_positive/dirty_7_71.jpg,dirty_positive,1,0.52874112,clean_negative,0.65
7,7,dirty_positive/dirty_7_72.jpg,dirty_positive,1,0.55084571,clean_negative,0.65
7,7,dirty_positive/dirty_7_73.jpg,dirty_positive,1,0.42270015,clean_negative,0.65
7,7,dirty_positive/dirty_7_74.jpg,dirty_positive,1,0.41642120,clean_negative,0.65
7,7,dirty_positive/dirty_7_75.jpg,dirty_positive,1,0.43390787,clean_negative,0.65
7,7,dirty_positive/dirty_7_76.jpg,dirty_positive,1,0.48374389,clean_negative,0.65
7,7,dirty_positive/dirty_7_77.jpg,dirty_positive,1,0.50933012,clean_negative,0.65
7,7,dirty_positive/dirty_7_78.jpg,dirty_positive,1,0.54469276,clean_negative,0.65
7,7,dirty_positive/dirty_7_79.jpg,dirty_positive,1,0.87248816,dirty_positive,0.65
7,7,dirty_positive/dirty_7_80.jpg,dirty_positive,1,0.75152133,dirty_positive,0.65
7,7,dirty_positive/dirty_7_81.jpg,dirty_positive,1,0.83639530,dirty_positive,0.65
7,7,dirty_positive/dirty_7_82.jpg,dirty_positive,1,0.90166278,dirty_positive,0.65
7,7,dirty_positive/dirty_7_83.jpg,dirty_positive,1,0.59283405,clean_negative,0.65
7,7,dirty_positive/dirty_7_84.jpg,dirty_positive,1,0.88670995,dirty_positive,0.65
7,7,dirty_positive/dirty_7_85.jpg,dirty_positive,1,0.77051806,dirty_positive,0.65
7,7,dirty_positive/dirty_7_86.jpg,dirty_positive,1,0.87455271,dirty_positive,0.65
7,7,dirty_positive/dirty_7_87.jpg,dirty_positive,1,0.88779089,dirty_positive,0.65
7,7,dirty_positive/dirty_7_88.jpg,dirty_positive,1,0.85735567,dirty_positive,0.65
7,7,dirty_positive/dirty_7_89.jpg,dirty_positive,1,0.81841372,dirty_positive,0.65
7,7,dirty_positive/dirty_7_90.jpg,dirty_positive,1,0.91632598,dirty_positive,0.65
7,7,dirty_positive/dirty_7_91.jpg,dirty_positive,1,0.61934444,clean_negative,0.65
7,7,dirty_positive/dirty_7_92.jpg,dirty_positive,1,0.91422920,dirty_positive,0.65
7,7,dirty_positive/dirty_7_93.jpg,dirty_positive,1,0.51919147,clean_negative,0.65
7,7,dirty_positive/dirty_7_94.jpg,dirty_positive,1,0.35591315,clean_negative,0.65
7,7,dirty_positive/dirty_7_95.jpg,dirty_positive,1,0.91752471,dirty_positive,0.65
7,7,dirty_positive/dirty_7_96.jpg,dirty_positive,1,0.34608802,clean_negative,0.65
7,7,dirty_positive/dirty_7_97.jpg,dirty_positive,1,0.66633220,dirty_positive,0.65
7,7,dirty_positive/dirty_7_98.jpg,dirty_positive,1,0.66991462,dirty_positive,0.65
7,7,dirty_positive/dirty_7_99.jpg,dirty_positive,1,0.91569770,dirty_positive,0.65
7,7,dirty_positive/dirty_7_100.jpg,dirty_positive,1,0.91152202,dirty_positive,0.65
7,7,dirty_positive/dirty_7_101.jpg,dirty_positive,1,0.08782487,clean_negative,0.65
7,7,dirty_positive/dirty_7_102.jpg,dirty_positive,1,0.44792572,clean_negative,0.65
7,7,dirty_positive/dirty_7_103.jpg,dirty_positive,1,0.11653481,clean_negative,0.65
7,7,dirty_positive/dirty_7_104.jpg,dirty_positive,1,0.10163564,clean_negative,0.65
7,7,dirty_positive/dirty_7_105.jpg,dirty_positive,1,0.84862619,dirty_positive,0.65
7,7,dirty_positive/dirty_7_106.jpg,dirty_positive,1,0.83797536,dirty_positive,0.65
7,7,dirty_positive/dirty_7_107.jpg,dirty_positive,1,0.96010952,dirty_positive,0.65
7,7,dirty_positive/dirty_7_108.jpg,dirty_positive,1,0.96108385,dirty_positive,0.65
8,8,clean_negative/clean_8_1.jpg,clean_negative,0,0.00000005,clean_negative,0.30
8,8,clean_negative/clean_8_2.jpg,clean_negative,0,0.00000018,clean_negative,0.30
8,8,clean_negative/clean_8_3.jpg,clean_negative,0,0.00000392,clean_negative,0.30
8,8,clean_negative/clean_8_4.jpg,clean_negative,0,0.05360270,clean_negative,0.30
8,8,clean_negative/clean_8_5.jpg,clean_negative,0,0.05954179,clean_negative,0.30
8,8,clean_negative/clean_8_6.jpg,clean_negative,0,0.06163186,clean_negative,0.30
8,8,clean_negative/clean_8_7.jpg,clean_negative,0,0.06340579,clean_negative,0.30
8,8,clean_negative/clean_8_8.jpg,clean_negative,0,0.04604951,clean_negative,0.30
8,8,clean_negative/clean_8_9.jpg,clean_negative,0,0.10828769,clean_negative,0.30
8,8,clean_negative/clean_8_10.jpg,clean_negative,0,0.22911876,clean_negative,0.30
8,8,clean_negative/clean_8_11.jpg,clean_negative,0,0.19047393,clean_negative,0.30
8,8,clean_negative/clean_8_12.jpg,clean_negative,0,0.13835108,clean_negative,0.30
8,8,clean_negative/clean_8_13.jpg,clean_negative,0,0.13550106,clean_negative,0.30
8,8,clean_negative/clean_8_14.jpg,clean_negative,0,0.15734065,clean_negative,0.30
8,8,clean_negative/clean_8_15.jpg,clean_negative,0,0.23860530,clean_negative,0.30
8,8,clean_negative/clean_8_16.jpg,clean_negative,0,0.22863311,clean_negative,0.30
8,8,clean_negative/clean_8_17.jpg,clean_negative,0,0.22675171,clean_negative,0.30
8,8,clean_negative/clean_8_18.jpg,clean_negative,0,0.15917858,clean_negative,0.30
8,8,clean_negative/clean_8_19.jpg,clean_negative,0,0.14805004,clean_negative,0.30
8,8,clean_negative/clean_8_20.jpg,clean_negative,0,0.16206394,clean_negative,0.30
8,8,clean_negative/clean_8_21.jpg,clean_negative,0,0.20748842,clean_negative,0.30
8,8,clean_negative/clean_8_22.jpg,clean_negative,0,0.18280231,clean_negative,0.30
8,8,clean_negative/clean_8_23.jpg,clean_negative,0,0.16530908,clean_negative,0.30
8,8,clean_negative/clean_8_24.jpg,clean_negative,0,0.13987073,clean_negative,0.30
8,8,clean_negative/clean_8_25.jpg,clean_negative,0,0.13306236,clean_negative,0.30
8,8,clean_negative/clean_8_26.jpg,clean_negative,0,0.15890514,clean_negative,0.30
8,8,clean_negative/clean_8_27.jpg,clean_negative,0,0.17155900,clean_negative,0.30
8,8,clean_negative/clean_8_28.jpg,clean_negative,0,0.17816503,clean_negative,0.30
8,8,clean_negative/clean_8_29.jpg,clean_negative,0,0.15790044,clean_negative,0.30
8,8,clean_negative/clean_8_30.jpg,clean_negative,0,0.12683764,clean_negative,0.30
8,8,clean_negative/clean_8_31.jpg,clean_negative,0,0.12287810,clean_negative,0.30
8,8,clean_negative/clean_8_32.jpg,clean_negative,0,0.21085817,clean_negative,0.30
8,8,clean_negative/clean_8_33.jpg,clean_negative,0,0.20728063,clean_negative,0.30
8,8,clean_negative/clean_8_34.jpg,clean_negative,0,0.37881427,dirty_positive,0.30
8,8,clean_negative/clean_8_35.jpg,clean_negative,0,0.35671418,dirty_positive,0.30
8,8,clean_negative/clean_8_36.jpg,clean_negative,0,0.44175781,dirty_positive,0.30
8,8,clean_negative/clean_8_37.jpg,clean_negative,0,0.47387114,dirty_positive,0.30
8,8,clean_negative/clean_8_38.jpg,clean_negative,0,0.40225920,dirty_positive,0.30
8,8,clean_negative/clean_8_39.jpg,clean_negative,0,0.45002461,dirty_positive,0.30
8,8,clean_negative/clean_8_40.jpg,clean_negative,0,0.75991199,dirty_positive,0.30
8,8,clean_negative/clean_8_41.jpg,clean_negative,0,0.76044406,dirty_positive,0.30
8,8,clean_negative/clean_8_42.jpg,clean_negative,0,0.95300727,dirty_positive,0.30
8,8,clean_negative/clean_8_43.jpg,clean_negative,0,0.92493425,dirty_positive,0.30
8,8,clean_negative/clean_8_44.jpg,clean_negative,0,0.91008557,dirty_positive,0.30
8,8,clean_negative/clean_8_45.jpg,clean_negative,0,0.65876877,dirty_positive,0.30
8,8,clean_negative/clean_8_46.jpg,clean_negative,0,0.42365198,dirty_positive,0.30
8,8,clean_negative/clean_8_47.jpg,clean_negative,0,0.43736867,dirty_positive,0.30
8,8,clean_negative/clean_8_48.jpg,clean_negative,0,0.52722668,dirty_positive,0.30
8,8,clean_negative/clean_8_49.jpg,clean_negative,0,0.75534631,dirty_positive,0.30
8,8,clean_negative/clean_8_50.jpg,clean_negative,0,0.97602060,dirty_positive,0.30
8,8,clean_negative/clean_8_51.jpg,clean_negative,0,0.95383752,dirty_positive,0.30
8,8,clean_negative/clean_8_52.jpg,clean_negative,0,0.94031075,dirty_positive,0.30
8,8,clean_negative/clean_8_53.jpg,clean_negative,0,0.42603781,dirty_positive,0.30
8,8,clean_negative/clean_8_54.jpg,clean_negative,0,0.41503965,dirty_positive,0.30
8,8,clean_negative/clean_8_55.jpg,clean_negative,0,0.45666100,dirty_positive,0.30
8,8,clean_negative/clean_8_56.jpg,clean_negative,0,0.67733852,dirty_positive,0.30
8,8,clean_negative/clean_8_57.jpg,clean_negative,0,0.86305033,dirty_positive,0.30
8,8,clean_negative/clean_8_58.jpg,clean_negative,0,0.98717213,dirty_positive,0.30
8,8,clean_negative/clean_8_59.jpg,clean_negative,0,0.98719224,dirty_positive,0.30
8,8,clean_negative/clean_8_60.jpg,clean_negative,0,0.99244577,dirty_positive,0.30
8,8,clean_negative/clean_8_61.jpg,clean_negative,0,0.36044445,dirty_positive,0.30
8,8,clean_negative/clean_8_62.jpg,clean_negative,0,0.71745549,dirty_positive,0.30
8,8,clean_negative/clean_8_63.jpg,clean_negative,0,0.25253639,clean_negative,0.30
8,8,clean_negative/clean_8_64.jpg,clean_negative,0,0.07532895,clean_negative,0.30
8,8,clean_negative/clean_8_65.jpg,clean_negative,0,0.36631871,dirty_positive,0.30
8,8,clean_negative/clean_8_66.jpg,clean_negative,0,0.38354438,dirty_positive,0.30
8,8,clean_negative/clean_8_67.jpg,clean_negative,0,0.58809664,dirty_positive,0.30
8,8,clean_negative/clean_8_68.jpg,clean_negative,0,0.79790585,dirty_positive,0.30
8,8,clean_negative/clean_8_69.jpg,clean_negative,0,0.97549533,dirty_positive,0.30
8,8,clean_negative/clean_8_70.jpg,clean_negative,0,0.97752473,dirty_positive,0.30
8,8,clean_negative/clean_8_71.jpg,clean_negative,0,0.95013076,dirty_positive,0.30
8,8,clean_negative/clean_8_72.jpg,clean_negative,0,0.70930398,dirty_positive,0.30
8,8,clean_negative/clean_8_73.jpg,clean_negative,0,0.26216196,clean_negative,0.30
8,8,clean_negative/clean_8_74.jpg,clean_negative,0,0.07991048,clean_negative,0.30
8,8,clean_negative/clean_8_75.jpg,clean_negative,0,0.48500658,dirty_positive,0.30
8,8,clean_negative/clean_8_76.jpg,clean_negative,0,0.74411282,dirty_positive,0.30
8,8,clean_negative/clean_8_77.jpg,clean_negative,0,0.99251458,dirty_positive,0.30
8,8,clean_negative/clean_8_78.jpg,clean_negative,0,0.99161363,dirty_positive,0.30
8,8,clean_negative/clean_8_79.jpg,clean_negative,0,0.98255972,dirty_positive,0.30
8,8,clean_negative/clean_8_80.jpg,clean_negative,0,0.90623150,dirty_positive,0.30
8,8,clean_negative/clean_8_81.jpg,clean_negative,0,0.55800337,dirty_positive,0.30
8,8,clean_negative/clean_8_82.jpg,clean_negative,0,0.32000333,dirty_positive,0.30
8,8,clean_negative/clean_8_83.jpg,clean_negative,0,0.27219976,clean_negative,0.30
8,8,clean_negative/clean_8_84.jpg,clean_negative,0,0.56210799,dirty_positive,0.30
8,8,clean_negative/clean_8_85.jpg,clean_negative,0,0.25244123,clean_negative,0.30
8,8,clean_negative/clean_8_86.jpg,clean_negative,0,0.14076905,clean_negative,0.30
8,8,clean_negative/clean_8_87.jpg,clean_negative,0,0.30470529,dirty_positive,0.30
8,8,clean_negative/clean_8_88.jpg,clean_negative,0,0.14536735,clean_negative,0.30
8,8,clean_negative/clean_8_89.jpg,clean_negative,0,0.10762474,clean_negative,0.30
8,8,clean_negative/clean_8_90.jpg,clean_negative,0,0.16708347,clean_negative,0.30
8,8,clean_negative/clean_8_91.jpg,clean_negative,0,0.20105402,clean_negative,0.30
8,8,clean_negative/clean_8_92.jpg,clean_negative,0,0.14842332,clean_negative,0.30
8,8,clean_negative/clean_8_93.jpg,clean_negative,0,0.08563277,clean_negative,0.30
8,8,clean_negative/clean_8_94.jpg,clean_negative,0,0.12036548,clean_negative,0.30
8,8,clean_negative/clean_8_95.jpg,clean_negative,0,0.12934604,clean_negative,0.30
8,8,clean_negative/clean_8_96.jpg,clean_negative,0,0.13282115,clean_negative,0.30
8,8,clean_negative/clean_8_97.jpg,clean_negative,0,0.07536523,clean_negative,0.30
8,8,clean_negative/clean_8_98.jpg,clean_negative,0,0.13908384,clean_negative,0.30
8,8,clean_negative/clean_8_99.jpg,clean_negative,0,0.28139443,clean_negative,0.30
8,8,clean_negative/clean_8_100.jpg,clean_negative,0,0.02067633,clean_negative,0.30
8,8,clean_negative/clean_8_101.jpg,clean_negative,0,0.01735222,clean_negative,0.30
8,8,clean_negative/clean_8_102.jpg,clean_negative,0,0.04328846,clean_negative,0.30
8,8,clean_negative/clean_8_103.jpg,clean_negative,0,0.03349331,clean_negative,0.30
8,8,clean_negative/clean_8_104.jpg,clean_negative,0,0.08760199,clean_negative,0.30
8,8,clean_negative/clean_8_105.jpg,clean_negative,0,0.07479008,clean_negative,0.30
8,8,clean_negative/clean_8_106.jpg,clean_negative,0,0.01277843,clean_negative,0.30
8,8,clean_negative/clean_8_107.jpg,clean_negative,0,0.01386127,clean_negative,0.30
8,8,clean_negative/clean_8_108.jpg,clean_negative,0,0.02533497,clean_negative,0.30
8,8,clean_negative/clean_8_109.jpg,clean_negative,0,0.01332231,clean_negative,0.30
8,8,clean_negative/clean_8_110.jpg,clean_negative,0,0.01778170,clean_negative,0.30
8,8,clean_negative/clean_8_111.jpg,clean_negative,0,0.01895117,clean_negative,0.30
8,8,clean_negative/clean_8_112.jpg,clean_negative,0,0.01064572,clean_negative,0.30
8,8,clean_negative/clean_8_113.jpg,clean_negative,0,0.01397538,clean_negative,0.30
8,8,clean_negative/clean_8_114.jpg,clean_negative,0,0.01125184,clean_negative,0.30
8,8,clean_negative/clean_8_115.jpg,clean_negative,0,0.00500616,clean_negative,0.30
8,8,clean_negative/clean_8_116.jpg,clean_negative,0,0.00330271,clean_negative,0.30
8,8,clean_negative/clean_8_117.jpg,clean_negative,0,0.00307950,clean_negative,0.30
8,8,clean_negative/clean_8_118.jpg,clean_negative,0,0.00133753,clean_negative,0.30
8,8,clean_negative/clean_8_119.jpg,clean_negative,0,0.00098836,clean_negative,0.30
8,8,clean_negative/clean_8_120.jpg,clean_negative,0,0.00477653,clean_negative,0.30
8,8,clean_negative/clean_8_121.jpg,clean_negative,0,0.00214095,clean_negative,0.30
8,8,clean_negative/clean_8_122.jpg,clean_negative,0,0.00133608,clean_negative,0.30
8,8,clean_negative/clean_8_123.jpg,clean_negative,0,0.00110684,clean_negative,0.30
8,8,clean_negative/clean_8_124.jpg,clean_negative,0,0.00013756,clean_negative,0.30
8,8,clean_negative/clean_8_125.jpg,clean_negative,0,0.00021821,clean_negative,0.30
8,8,dirty_positive/dirty_8_1.jpg,dirty_positive,1,0.57854966,dirty_positive,0.30
8,8,dirty_positive/dirty_8_2.jpg,dirty_positive,1,0.48157191,dirty_positive,0.30
8,8,dirty_positive/dirty_8_3.jpg,dirty_positive,1,0.27312903,clean_negative,0.30
8,8,dirty_positive/dirty_8_4.jpg,dirty_positive,1,0.53899861,dirty_positive,0.30
8,8,dirty_positive/dirty_8_5.jpg,dirty_positive,1,0.83942643,dirty_positive,0.30
8,8,dirty_positive/dirty_8_6.jpg,dirty_positive,1,0.86671963,dirty_positive,0.30
8,8,dirty_positive/dirty_8_7.jpg,dirty_positive,1,0.74352508,dirty_positive,0.30
8,8,dirty_positive/dirty_8_8.jpg,dirty_positive,1,0.89396816,dirty_positive,0.30
8,8,dirty_positive/dirty_8_9.jpg,dirty_positive,1,0.94199492,dirty_positive,0.30
8,8,dirty_positive/dirty_8_10.jpg,dirty_positive,1,0.96195090,dirty_positive,0.30
8,8,dirty_positive/dirty_8_11.jpg,dirty_positive,1,0.91382687,dirty_positive,0.30
8,8,dirty_positive/dirty_8_12.jpg,dirty_positive,1,0.92599217,dirty_positive,0.30
8,8,dirty_positive/dirty_8_13.jpg,dirty_positive,1,0.30798018,dirty_positive,0.30
8,8,dirty_positive/dirty_8_14.jpg,dirty_positive,1,0.47830332,dirty_positive,0.30
8,8,dirty_positive/dirty_8_15.jpg,dirty_positive,1,0.61170879,dirty_positive,0.30
8,8,dirty_positive/dirty_8_16.jpg,dirty_positive,1,0.16707470,clean_negative,0.30
8,8,dirty_positive/dirty_8_17.jpg,dirty_positive,1,0.73280063,dirty_positive,0.30
8,8,dirty_positive/dirty_8_18.jpg,dirty_positive,1,0.53452021,dirty_positive,0.30
8,8,dirty_positive/dirty_8_19.jpg,dirty_positive,1,0.94876249,dirty_positive,0.30
8,8,dirty_positive/dirty_8_20.jpg,dirty_positive,1,0.83825583,dirty_positive,0.30
8,8,dirty_positive/dirty_8_21.jpg,dirty_positive,1,0.91105594,dirty_positive,0.30
8,8,dirty_positive/dirty_8_22.jpg,dirty_positive,1,0.99373585,dirty_positive,0.30
8,8,dirty_positive/dirty_8_23.jpg,dirty_positive,1,0.97838774,dirty_positive,0.30
8,8,dirty_positive/dirty_8_24.jpg,dirty_positive,1,0.99043671,dirty_positive,0.30
8,8,dirty_positive/dirty_8_25.jpg,dirty_positive,1,0.68501414,dirty_positive,0.30
8,8,dirty_positive/dirty_8_26.jpg,dirty_positive,1,0.36631742,dirty_positive,0.30
8,8,dirty_positive/dirty_8_27.jpg,dirty_positive,1,0.31968582,dirty_positive,0.30
8,8,dirty_positive/dirty_8_28.jpg,dirty_positive,1,0.59416558,dirty_positive,0.30
8,8,dirty_positive/dirty_8_29.jpg,dirty_positive,1,0.08051702,clean_negative,0.30
8,8,dirty_positive/dirty_8_30.jpg,dirty_positive,1,0.02703162,clean_negative,0.30
8,8,dirty_positive/dirty_8_31.jpg,dirty_positive,1,0.02263845,clean_negative,0.30
8,8,dirty_positive/dirty_8_32.jpg,dirty_positive,1,0.10704761,clean_negative,0.30
8,8,dirty_positive/dirty_8_33.jpg,dirty_positive,1,0.97151531,dirty_positive,0.30
8,8,dirty_positive/dirty_8_34.jpg,dirty_positive,1,0.85332113,dirty_positive,0.30
8,8,dirty_positive/dirty_8_35.jpg,dirty_positive,1,0.95821861,dirty_positive,0.30
8,8,dirty_positive/dirty_8_36.jpg,dirty_positive,1,0.96978321,dirty_positive,0.30
8,8,dirty_positive/dirty_8_37.jpg,dirty_positive,1,0.99994899,dirty_positive,0.30
8,8,dirty_positive/dirty_8_38.jpg,dirty_positive,1,0.99999807,dirty_positive,0.30
8,8,dirty_positive/dirty_8_39.jpg,dirty_positive,1,0.99999654,dirty_positive,0.30
8,8,dirty_positive/dirty_8_40.jpg,dirty_positive,1,0.99992040,dirty_positive,0.30
8,8,dirty_positive/dirty_8_41.jpg,dirty_positive,1,0.99998685,dirty_positive,0.30
8,8,dirty_positive/dirty_8_42.jpg,dirty_positive,1,0.08040396,clean_negative,0.30
8,8,dirty_positive/dirty_8_43.jpg,dirty_positive,1,0.21788188,clean_negative,0.30
8,8,dirty_positive/dirty_8_44.jpg,dirty_positive,1,0.99999376,dirty_positive,0.30
8,8,dirty_positive/dirty_8_45.jpg,dirty_positive,1,0.16770903,clean_negative,0.30
8,8,dirty_positive/dirty_8_46.jpg,dirty_positive,1,0.19139020,clean_negative,0.30
8,8,dirty_positive/dirty_8_47.jpg,dirty_positive,1,0.34968442,dirty_positive,0.30
8,8,dirty_positive/dirty_8_48.jpg,dirty_positive,1,0.09697895,clean_negative,0.30
8,8,dirty_positive/dirty_8_49.jpg,dirty_positive,1,0.90385392,dirty_positive,0.30
8,8,dirty_positive/dirty_8_50.jpg,dirty_positive,1,0.91086752,dirty_positive,0.30
8,8,dirty_positive/dirty_8_51.jpg,dirty_positive,1,0.97899738,dirty_positive,0.30
8,8,dirty_positive/dirty_8_52.jpg,dirty_positive,1,0.84045810,dirty_positive,0.30
8,8,dirty_positive/dirty_8_53.jpg,dirty_positive,1,0.99883765,dirty_positive,0.30
8,8,dirty_positive/dirty_8_54.jpg,dirty_positive,1,0.99606649,dirty_positive,0.30
8,8,dirty_positive/dirty_8_55.jpg,dirty_positive,1,0.99275963,dirty_positive,0.30
8,8,dirty_positive/dirty_8_56.jpg,dirty_positive,1,0.99407129,dirty_positive,0.30
8,8,dirty_positive/dirty_8_57.jpg,dirty_positive,1,0.11317270,clean_negative,0.30
8,8,dirty_positive/dirty_8_58.jpg,dirty_positive,1,0.21404707,clean_negative,0.30
8,8,dirty_positive/dirty_8_59.jpg,dirty_positive,1,0.16409564,clean_negative,0.30
8,8,dirty_positive/dirty_8_60.jpg,dirty_positive,1,0.10292180,clean_negative,0.30
8,8,dirty_positive/dirty_8_61.jpg,dirty_positive,1,0.81630627,dirty_positive,0.30
8,8,dirty_positive/dirty_8_62.jpg,dirty_positive,1,0.79581445,dirty_positive,0.30
8,8,dirty_positive/dirty_8_63.jpg,dirty_positive,1,0.87732851,dirty_positive,0.30
8,8,dirty_positive/dirty_8_64.jpg,dirty_positive,1,0.64368349,dirty_positive,0.30
8,8,dirty_positive/dirty_8_65.jpg,dirty_positive,1,0.70703473,dirty_positive,0.30
8,8,dirty_positive/dirty_8_66.jpg,dirty_positive,1,0.67868000,dirty_positive,0.30
8,8,dirty_positive/dirty_8_67.jpg,dirty_positive,1,0.74584027,dirty_positive,0.30
8,8,dirty_positive/dirty_8_68.jpg,dirty_positive,1,0.75585384,dirty_positive,0.30
8,8,dirty_positive/dirty_8_69.jpg,dirty_positive,1,0.11534190,clean_negative,0.30
8,8,dirty_positive/dirty_8_70.jpg,dirty_positive,1,0.03101271,clean_negative,0.30
8,8,dirty_positive/dirty_8_71.jpg,dirty_positive,1,0.03612540,clean_negative,0.30
8,8,dirty_positive/dirty_8_72.jpg,dirty_positive,1,0.21478250,clean_negative,0.30
8,8,dirty_positive/dirty_8_73.jpg,dirty_positive,1,0.98849137,dirty_positive,0.30
8,8,dirty_positive/dirty_8_74.jpg,dirty_positive,1,0.98275850,dirty_positive,0.30
8,8,dirty_positive/dirty_8_75.jpg,dirty_positive,1,0.99679145,dirty_positive,0.30
8,8,dirty_positive/dirty_8_76.jpg,dirty_positive,1,0.96140574,dirty_positive,0.30
8,8,dirty_positive/dirty_8_77.jpg,dirty_positive,1,0.95329713,dirty_positive,0.30
8,8,dirty_positive/dirty_8_78.jpg,dirty_positive,1,0.95165196,dirty_positive,0.30
8,8,dirty_positive/dirty_8_79.jpg,dirty_positive,1,0.94658315,dirty_positive,0.30
8,8,dirty_positive/dirty_8_80.jpg,dirty_positive,1,0.09486939,clean_negative,0.30
9,9,clean_negative/clean_9_1.jpg,clean_negative,0,0.00000338,clean_negative,0.60
9,9,clean_negative/clean_9_2.jpg,clean_negative,0,0.00000459,clean_negative,0.60
9,9,clean_negative/clean_9_3.jpg,clean_negative,0,0.00001298,clean_negative,0.60
9,9,clean_negative/clean_9_4.jpg,clean_negative,0,0.00032139,clean_negative,0.60
9,9,clean_negative/clean_9_5.jpg,clean_negative,0,0.00036446,clean_negative,0.60
9,9,clean_negative/clean_9_6.jpg,clean_negative,0,0.00586113,clean_negative,0.60
9,9,clean_negative/clean_9_7.jpg,clean_negative,0,0.01706916,clean_negative,0.60
9,9,clean_negative/clean_9_8.jpg,clean_negative,0,0.01521179,clean_negative,0.60
9,9,clean_negative/clean_9_9.jpg,clean_negative,0,0.01182963,clean_negative,0.60
9,9,clean_negative/clean_9_10.jpg,clean_negative,0,0.01199088,clean_negative,0.60
9,9,clean_negative/clean_9_11.jpg,clean_negative,0,0.01195649,clean_negative,0.60
9,9,clean_negative/clean_9_12.jpg,clean_negative,0,0.01150536,clean_negative,0.60
9,9,clean_negative/clean_9_13.jpg,clean_negative,0,0.00798478,clean_negative,0.60
9,9,clean_negative/clean_9_14.jpg,clean_negative,0,0.00893541,clean_negative,0.60
9,9,clean_negative/clean_9_15.jpg,clean_negative,0,0.00651388,clean_negative,0.60
9,9,clean_negative/clean_9_16.jpg,clean_negative,0,0.00523168,clean_negative,0.60
9,9,clean_negative/clean_9_17.jpg,clean_negative,0,0.00771531,clean_negative,0.60
9,9,clean_negative/clean_9_18.jpg,clean_negative,0,0.00600287,clean_negative,0.60
9,9,clean_negative/clean_9_19.jpg,clean_negative,0,0.00646558,clean_negative,0.60
9,9,clean_negative/clean_9_20.jpg,clean_negative,0,0.00000323,clean_negative,0.60
9,9,clean_negative/clean_9_21.jpg,clean_negative,0,0.00000701,clean_negative,0.60
9,9,clean_negative/clean_9_22.jpg,clean_negative,0,0.00003740,clean_negative,0.60
9,9,clean_negative/clean_9_23.jpg,clean_negative,0,0.00070286,clean_negative,0.60
9,9,clean_negative/clean_9_24.jpg,clean_negative,0,0.00128425,clean_negative,0.60
9,9,clean_negative/clean_9_25.jpg,clean_negative,0,0.02103374,clean_negative,0.60
9,9,clean_negative/clean_9_26.jpg,clean_negative,0,0.33133278,clean_negative,0.60
9,9,clean_negative/clean_9_27.jpg,clean_negative,0,0.14593656,clean_negative,0.60
9,9,clean_negative/clean_9_28.jpg,clean_negative,0,0.10925034,clean_negative,0.60
9,9,clean_negative/clean_9_29.jpg,clean_negative,0,0.15171116,clean_negative,0.60
9,9,clean_negative/clean_9_30.jpg,clean_negative,0,0.16704610,clean_negative,0.60
9,9,clean_negative/clean_9_31.jpg,clean_negative,0,0.02143849,clean_negative,0.60
9,9,clean_negative/clean_9_32.jpg,clean_negative,0,0.01555674,clean_negative,0.60
9,9,clean_negative/clean_9_33.jpg,clean_negative,0,0.00792682,clean_negative,0.60
9,9,clean_negative/clean_9_34.jpg,clean_negative,0,0.00386124,clean_negative,0.60
9,9,clean_negative/clean_9_35.jpg,clean_negative,0,0.00126722,clean_negative,0.60
9,9,clean_negative/clean_9_36.jpg,clean_negative,0,0.00148845,clean_negative,0.60
9,9,clean_negative/clean_9_37.jpg,clean_negative,0,0.00188720,clean_negative,0.60
9,9,clean_negative/clean_9_38.jpg,clean_negative,0,0.00199446,clean_negative,0.60
9,9,clean_negative/clean_9_39.jpg,clean_negative,0,0.00000396,clean_negative,0.60
9,9,clean_negative/clean_9_40.jpg,clean_negative,0,0.00001148,clean_negative,0.60
9,9,clean_negative/clean_9_41.jpg,clean_negative,0,0.00010892,clean_negative,0.60
9,9,clean_negative/clean_9_42.jpg,clean_negative,0,0.00140532,clean_negative,0.60
9,9,clean_negative/clean_9_43.jpg,clean_negative,0,0.02986363,clean_negative,0.60
9,9,clean_negative/clean_9_44.jpg,clean_negative,0,0.03389177,clean_negative,0.60
9,9,clean_negative/clean_9_45.jpg,clean_negative,0,0.19768444,clean_negative,0.60
9,9,clean_negative/clean_9_46.jpg,clean_negative,0,0.14072838,clean_negative,0.60
9,9,clean_negative/clean_9_47.jpg,clean_negative,0,0.13589669,clean_negative,0.60
9,9,clean_negative/clean_9_48.jpg,clean_negative,0,0.11775434,clean_negative,0.60
9,9,clean_negative/clean_9_49.jpg,clean_negative,0,0.14495266,clean_negative,0.60
9,9,clean_negative/clean_9_50.jpg,clean_negative,0,0.05209776,clean_negative,0.60
9,9,clean_negative/clean_9_51.jpg,clean_negative,0,0.02670074,clean_negative,0.60
9,9,clean_negative/clean_9_52.jpg,clean_negative,0,0.02089771,clean_negative,0.60
9,9,clean_negative/clean_9_53.jpg,clean_negative,0,0.01312746,clean_negative,0.60
9,9,clean_negative/clean_9_54.jpg,clean_negative,0,0.00102574,clean_negative,0.60
9,9,clean_negative/clean_9_55.jpg,clean_negative,0,0.00113395,clean_negative,0.60
9,9,clean_negative/clean_9_56.jpg,clean_negative,0,0.00153481,clean_negative,0.60
9,9,clean_negative/clean_9_57.jpg,clean_negative,0,0.00189793,clean_negative,0.60
9,9,clean_negative/clean_9_58.jpg,clean_negative,0,0.00001935,clean_negative,0.60
9,9,clean_negative/clean_9_59.jpg,clean_negative,0,0.00015319,clean_negative,0.60
9,9,clean_negative/clean_9_60.jpg,clean_negative,0,0.00086475,clean_negative,0.60
9,9,clean_negative/clean_9_61.jpg,clean_negative,0,0.00460399,clean_negative,0.60
9,9,clean_negative/clean_9_62.jpg,clean_negative,0,0.08527267,clean_negative,0.60
9,9,clean_negative/clean_9_63.jpg,clean_negative,0,0.02966184,clean_negative,0.60
9,9,clean_negative/clean_9_64.jpg,clean_negative,0,0.23900973,clean_negative,0.60
9,9,clean_negative/clean_9_65.jpg,clean_negative,0,0.18784533,clean_negative,0.60
9,9,clean_negative/clean_9_66.jpg,clean_negative,0,0.20905793,clean_negative,0.60
9,9,clean_negative/clean_9_67.jpg,clean_negative,0,0.21657284,clean_negative,0.60
9,9,clean_negative/clean_9_68.jpg,clean_negative,0,0.21293239,clean_negative,0.60
9,9,clean_negative/clean_9_69.jpg,clean_negative,0,0.18705308,clean_negative,0.60
9,9,clean_negative/clean_9_70.jpg,clean_negative,0,0.11388740,clean_negative,0.60
9,9,clean_negative/clean_9_71.jpg,clean_negative,0,0.07977121,clean_negative,0.60
9,9,clean_negative/clean_9_72.jpg,clean_negative,0,0.05572238,clean_negative,0.60
9,9,clean_negative/clean_9_73.jpg,clean_negative,0,0.00123891,clean_negative,0.60
9,9,clean_negative/clean_9_74.jpg,clean_negative,0,0.00141630,clean_negative,0.60
9,9,clean_negative/clean_9_75.jpg,clean_negative,0,0.00154920,clean_negative,0.60
9,9,clean_negative/clean_9_76.jpg,clean_negative,0,0.00159263,clean_negative,0.60
9,9,clean_negative/clean_9_77.jpg,clean_negative,0,0.09916861,clean_negative,0.60
9,9,clean_negative/clean_9_78.jpg,clean_negative,0,0.11293557,clean_negative,0.60
9,9,clean_negative/clean_9_79.jpg,clean_negative,0,0.00046625,clean_negative,0.60
9,9,clean_negative/clean_9_80.jpg,clean_negative,0,0.00228782,clean_negative,0.60
9,9,clean_negative/clean_9_81.jpg,clean_negative,0,0.01099492,clean_negative,0.60
9,9,clean_negative/clean_9_82.jpg,clean_negative,0,0.04536212,clean_negative,0.60
9,9,clean_negative/clean_9_83.jpg,clean_negative,0,0.09306752,clean_negative,0.60
9,9,clean_negative/clean_9_84.jpg,clean_negative,0,0.09957223,clean_negative,0.60
9,9,clean_negative/clean_9_85.jpg,clean_negative,0,0.29123306,clean_negative,0.60
9,9,clean_negative/clean_9_86.jpg,clean_negative,0,0.25020716,clean_negative,0.60
9,9,clean_negative/clean_9_87.jpg,clean_negative,0,0.30220727,clean_negative,0.60
9,9,clean_negative/clean_9_88.jpg,clean_negative,0,0.00728307,clean_negative,0.60
9,9,clean_negative/clean_9_89.jpg,clean_negative,0,0.00516770,clean_negative,0.60
9,9,clean_negative/clean_9_90.jpg,clean_negative,0,0.00441033,clean_negative,0.60
9,9,clean_negative/clean_9_91.jpg,clean_negative,0,0.00364792,clean_negative,0.60
9,9,clean_negative/clean_9_92.jpg,clean_negative,0,0.00427700,clean_negative,0.60
9,9,clean_negative/clean_9_93.jpg,clean_negative,0,0.29444462,clean_negative,0.60
9,9,clean_negative/clean_9_94.jpg,clean_negative,0,0.25698101,clean_negative,0.60
9,9,clean_negative/clean_9_95.jpg,clean_negative,0,0.13698529,clean_negative,0.60
9,9,clean_negative/clean_9_96.jpg,clean_negative,0,0.28815487,clean_negative,0.60
9,9,clean_negative/clean_9_97.jpg,clean_negative,0,0.30388027,clean_negative,0.60
9,9,clean_negative/clean_9_98.jpg,clean_negative,0,0.06503065,clean_negative,0.60
9,9,clean_negative/clean_9_99.jpg,clean_negative,0,0.04113652,clean_negative,0.60
9,9,clean_negative/clean_9_100.jpg,clean_negative,0,0.05076589,clean_negative,0.60
9,9,clean_negative/clean_9_101.jpg,clean_negative,0,0.01255967,clean_negative,0.60
9,9,clean_negative/clean_9_102.jpg,clean_negative,0,0.01164062,clean_negative,0.60
9,9,clean_negative/clean_9_103.jpg,clean_negative,0,0.00788692,clean_negative,0.60
9,9,clean_negative/clean_9_104.jpg,clean_negative,0,0.00772809,clean_negative,0.60
9,9,clean_negative/clean_9_105.jpg,clean_negative,0,0.00770539,clean_negative,0.60
9,9,clean_negative/clean_9_106.jpg,clean_negative,0,0.01742637,clean_negative,0.60
9,9,clean_negative/clean_9_107.jpg,clean_negative,0,0.01066066,clean_negative,0.60
9,9,clean_negative/clean_9_108.jpg,clean_negative,0,0.01428822,clean_negative,0.60
9,9,clean_negative/clean_9_109.jpg,clean_negative,0,0.00914702,clean_negative,0.60
9,9,clean_negative/clean_9_110.jpg,clean_negative,0,0.09554250,clean_negative,0.60
9,9,clean_negative/clean_9_111.jpg,clean_negative,0,0.00516606,clean_negative,0.60
9,9,clean_negative/clean_9_112.jpg,clean_negative,0,0.11663911,clean_negative,0.60
9,9,clean_negative/clean_9_113.jpg,clean_negative,0,0.00432246,clean_negative,0.60
9,9,clean_negative/clean_9_114.jpg,clean_negative,0,0.23033456,clean_negative,0.60
9,9,clean_negative/clean_9_115.jpg,clean_negative,0,0.25116655,clean_negative,0.60
9,9,clean_negative/clean_9_116.jpg,clean_negative,0,0.00596118,clean_negative,0.60
9,9,clean_negative/clean_9_117.jpg,clean_negative,0,0.00477055,clean_negative,0.60
9,9,clean_negative/clean_9_118.jpg,clean_negative,0,0.00610481,clean_negative,0.60
9,9,clean_negative/clean_9_119.jpg,clean_negative,0,0.00495800,clean_negative,0.60
9,9,clean_negative/clean_9_120.jpg,clean_negative,0,0.37259671,clean_negative,0.60
9,9,clean_negative/clean_9_121.jpg,clean_negative,0,0.40314933,clean_negative,0.60
9,9,clean_negative/clean_9_122.jpg,clean_negative,0,0.44032481,clean_negative,0.60
9,9,clean_negative/clean_9_123.jpg,clean_negative,0,0.48446703,clean_negative,0.60
9,9,clean_negative/clean_9_124.jpg,clean_negative,0,0.04149927,clean_negative,0.60
9,9,clean_negative/clean_9_125.jpg,clean_negative,0,0.05009241,clean_negative,0.60
9,9,clean_negative/clean_9_126.jpg,clean_negative,0,0.19972458,clean_negative,0.60
9,9,clean_negative/clean_9_127.jpg,clean_negative,0,0.67815291,dirty_positive,0.60
9,9,clean_negative/clean_9_128.jpg,clean_negative,0,0.41233922,clean_negative,0.60
9,9,clean_negative/clean_9_129.jpg,clean_negative,0,0.30588517,clean_negative,0.60
9,9,clean_negative/clean_9_130.jpg,clean_negative,0,0.32268045,clean_negative,0.60
9,9,clean_negative/clean_9_131.jpg,clean_negative,0,0.02328045,clean_negative,0.60
9,9,clean_negative/clean_9_132.jpg,clean_negative,0,0.27326295,clean_negative,0.60
9,9,clean_negative/clean_9_133.jpg,clean_negative,0,0.43908672,clean_negative,0.60
9,9,clean_negative/clean_9_134.jpg,clean_negative,0,0.24172163,clean_negative,0.60
9,9,clean_negative/clean_9_135.jpg,clean_negative,0,0.26678349,clean_negative,0.60
9,9,clean_negative/clean_9_136.jpg,clean_negative,0,0.29448877,clean_negative,0.60
9,9,clean_negative/clean_9_137.jpg,clean_negative,0,0.01994549,clean_negative,0.60
9,9,clean_negative/clean_9_138.jpg,clean_negative,0,0.02171656,clean_negative,0.60
9,9,clean_negative/clean_9_139.jpg,clean_negative,0,0.02483006,clean_negative,0.60
9,9,clean_negative/clean_9_140.jpg,clean_negative,0,0.10920363,clean_negative,0.60
9,9,clean_negative/clean_9_141.jpg,clean_negative,0,0.33814459,clean_negative,0.60
9,9,clean_negative/clean_9_142.jpg,clean_negative,0,0.15787688,clean_negative,0.60
9,9,clean_negative/clean_9_143.jpg,clean_negative,0,0.28317372,clean_negative,0.60
9,9,clean_negative/clean_9_144.jpg,clean_negative,0,0.24973463,clean_negative,0.60
9,9,clean_negative/clean_9_145.jpg,clean_negative,0,0.01349199,clean_negative,0.60
9,9,clean_negative/clean_9_146.jpg,clean_negative,0,0.01275849,clean_negative,0.60
9,9,clean_negative/clean_9_147.jpg,clean_negative,0,0.03884733,clean_negative,0.60
9,9,clean_negative/clean_9_148.jpg,clean_negative,0,0.03183960,clean_negative,0.60
9,9,clean_negative/clean_9_149.jpg,clean_negative,0,0.03523548,clean_negative,0.60
9,9,clean_negative/clean_9_150.jpg,clean_negative,0,0.05393999,clean_negative,0.60
9,9,clean_negative/clean_9_151.jpg,clean_negative,0,0.05208671,clean_negative,0.60
9,9,clean_negative/clean_9_152.jpg,clean_negative,0,0.13191083,clean_negative,0.60
9,9,clean_negative/clean_9_153.jpg,clean_negative,0,0.27989387,clean_negative,0.60
9,9,clean_negative/clean_9_154.jpg,clean_negative,0,0.17154462,clean_negative,0.60
9,9,clean_negative/clean_9_155.jpg,clean_negative,0,0.24974776,clean_negative,0.60
9,9,clean_negative/clean_9_156.jpg,clean_negative,0,0.18485954,clean_negative,0.60
9,9,clean_negative/clean_9_157.jpg,clean_negative,0,0.01123695,clean_negative,0.60
9,9,clean_negative/clean_9_158.jpg,clean_negative,0,0.00940185,clean_negative,0.60
9,9,clean_negative/clean_9_159.jpg,clean_negative,0,0.03529048,clean_negative,0.60
9,9,clean_negative/clean_9_160.jpg,clean_negative,0,0.03596727,clean_negative,0.60
9,9,clean_negative/clean_9_161.jpg,clean_negative,0,0.01752040,clean_negative,0.60
9,9,clean_negative/clean_9_162.jpg,clean_negative,0,0.02505371,clean_negative,0.60
9,9,clean_negative/clean_9_163.jpg,clean_negative,0,0.01998726,clean_negative,0.60
9,9,clean_negative/clean_9_164.jpg,clean_negative,0,0.19038013,clean_negative,0.60
9,9,clean_negative/clean_9_165.jpg,clean_negative,0,0.06508286,clean_negative,0.60
9,9,clean_negative/clean_9_166.jpg,clean_negative,0,0.16526592,clean_negative,0.60
9,9,clean_negative/clean_9_167.jpg,clean_negative,0,0.15673016,clean_negative,0.60
9,9,clean_negative/clean_9_168.jpg,clean_negative,0,0.20702123,clean_negative,0.60
9,9,clean_negative/clean_9_169.jpg,clean_negative,0,0.13357610,clean_negative,0.60
9,9,clean_negative/clean_9_170.jpg,clean_negative,0,0.00081451,clean_negative,0.60
9,9,clean_negative/clean_9_171.jpg,clean_negative,0,0.00248384,clean_negative,0.60
9,9,clean_negative/clean_9_172.jpg,clean_negative,0,0.00885142,clean_negative,0.60
9,9,clean_negative/clean_9_173.jpg,clean_negative,0,0.01282452,clean_negative,0.60
9,9,clean_negative/clean_9_174.jpg,clean_negative,0,0.02745869,clean_negative,0.60
9,9,clean_negative/clean_9_175.jpg,clean_negative,0,0.03357402,clean_negative,0.60
9,9,clean_negative/clean_9_176.jpg,clean_negative,0,0.21446146,clean_negative,0.60
9,9,clean_negative/clean_9_177.jpg,clean_negative,0,0.00343787,clean_negative,0.60
9,9,clean_negative/clean_9_178.jpg,clean_negative,0,0.01352044,clean_negative,0.60
9,9,clean_negative/clean_9_179.jpg,clean_negative,0,0.02881307,clean_negative,0.60
9,9,clean_negative/clean_9_180.jpg,clean_negative,0,0.03520941,clean_negative,0.60
9,9,clean_negative/clean_9_181.jpg,clean_negative,0,0.16303153,clean_negative,0.60
9,9,clean_negative/clean_9_182.jpg,clean_negative,0,0.02779152,clean_negative,0.60
9,9,clean_negative/clean_9_183.jpg,clean_negative,0,0.00012742,clean_negative,0.60
9,9,clean_negative/clean_9_184.jpg,clean_negative,0,0.00033544,clean_negative,0.60
9,9,clean_negative/clean_9_185.jpg,clean_negative,0,0.00213104,clean_negative,0.60
9,9,clean_negative/clean_9_186.jpg,clean_negative,0,0.00814557,clean_negative,0.60
9,9,clean_negative/clean_9_187.jpg,clean_negative,0,0.02293753,clean_negative,0.60
9,9,clean_negative/clean_9_188.jpg,clean_negative,0,0.10775065,clean_negative,0.60
9,9,clean_negative/clean_9_189.jpg,clean_negative,0,0.18927222,clean_negative,0.60
9,9,clean_negative/clean_9_190.jpg,clean_negative,0,0.00021901,clean_negative,0.60
9,9,clean_negative/clean_9_191.jpg,clean_negative,0,0.00740296,clean_negative,0.60
9,9,clean_negative/clean_9_192.jpg,clean_negative,0,0.00396008,clean_negative,0.60
9,9,clean_negative/clean_9_193.jpg,clean_negative,0,0.00027899,clean_negative,0.60
9,9,clean_negative/clean_9_194.jpg,clean_negative,0,0.00016637,clean_negative,0.60
9,9,clean_negative/clean_9_195.jpg,clean_negative,0,0.00025931,clean_negative,0.60
9,9,clean_negative/clean_9_196.jpg,clean_negative,0,0.00038405,clean_negative,0.60
9,9,clean_negative/clean_9_197.jpg,clean_negative,0,0.00262828,clean_negative,0.60
9,9,clean_negative/clean_9_198.jpg,clean_negative,0,0.00577944,clean_negative,0.60
9,9,clean_negative/clean_9_199.jpg,clean_negative,0,0.01147571,clean_negative,0.60
9,9,clean_negative/clean_9_200.jpg,clean_negative,0,0.07740963,clean_negative,0.60
9,9,clean_negative/clean_9_201.jpg,clean_negative,0,0.04515586,clean_negative,0.60
9,9,clean_negative/clean_9_202.jpg,clean_negative,0,0.02107755,clean_negative,0.60
9,9,clean_negative/clean_9_203.jpg,clean_negative,0,0.00976421,clean_negative,0.60
9,9,clean_negative/clean_9_204.jpg,clean_negative,0,0.00093691,clean_negative,0.60
9,9,clean_negative/clean_9_205.jpg,clean_negative,0,0.00011351,clean_negative,0.60
9,9,clean_negative/clean_9_206.jpg,clean_negative,0,0.00002795,clean_negative,0.60
9,9,clean_negative/clean_9_207.jpg,clean_negative,0,0.00004065,clean_negative,0.60
9,9,clean_negative/clean_9_208.jpg,clean_negative,0,0.00000242,clean_negative,0.60
9,9,clean_negative/clean_9_209.jpg,clean_negative,0,0.00000277,clean_negative,0.60
9,9,clean_negative/clean_9_210.jpg,clean_negative,0,0.00001377,clean_negative,0.60
9,9,clean_negative/clean_9_211.jpg,clean_negative,0,0.00419677,clean_negative,0.60
9,9,clean_negative/clean_9_212.jpg,clean_negative,0,0.03737005,clean_negative,0.60
9,9,clean_negative/clean_9_213.jpg,clean_negative,0,0.14460137,clean_negative,0.60
9,9,clean_negative/clean_9_214.jpg,clean_negative,0,0.29484172,clean_negative,0.60
9,9,clean_negative/clean_9_215.jpg,clean_negative,0,0.37014033,clean_negative,0.60
9,9,clean_negative/clean_9_216.jpg,clean_negative,0,0.00114466,clean_negative,0.60
9,9,clean_negative/clean_9_217.jpg,clean_negative,0,0.00195897,clean_negative,0.60
9,9,clean_negative/clean_9_218.jpg,clean_negative,0,0.00334270,clean_negative,0.60
9,9,clean_negative/clean_9_219.jpg,clean_negative,0,0.00409474,clean_negative,0.60
9,9,clean_negative/clean_9_220.jpg,clean_negative,0,0.00289941,clean_negative,0.60
9,9,clean_negative/clean_9_221.jpg,clean_negative,0,0.00078059,clean_negative,0.60
9,9,clean_negative/clean_9_222.jpg,clean_negative,0,0.00045928,clean_negative,0.60
9,9,clean_negative/clean_9_223.jpg,clean_negative,0,0.00006995,clean_negative,0.60
9,9,clean_negative/clean_9_224.jpg,clean_negative,0,0.00000469,clean_negative,0.60
9,9,clean_negative/clean_9_225.jpg,clean_negative,0,0.00000154,clean_negative,0.60
9,9,clean_negative/clean_9_226.jpg,clean_negative,0,0.00000217,clean_negative,0.60
9,9,clean_negative/clean_9_227.jpg,clean_negative,0,0.00000237,clean_negative,0.60
9,9,clean_negative/clean_9_228.jpg,clean_negative,0,0.00000319,clean_negative,0.60
9,9,clean_negative/clean_9_229.jpg,clean_negative,0,0.00001536,clean_negative,0.60
9,9,clean_negative/clean_9_230.jpg,clean_negative,0,0.00007231,clean_negative,0.60
9,9,clean_negative/clean_9_231.jpg,clean_negative,0,0.00004674,clean_negative,0.60
9,9,clean_negative/clean_9_232.jpg,clean_negative,0,0.00015059,clean_negative,0.60
9,9,clean_negative/clean_9_233.jpg,clean_negative,0,0.00057415,clean_negative,0.60
9,9,clean_negative/clean_9_234.jpg,clean_negative,0,0.00071126,clean_negative,0.60
9,9,clean_negative/clean_9_235.jpg,clean_negative,0,0.00042931,clean_negative,0.60
9,9,clean_negative/clean_9_236.jpg,clean_negative,0,0.00056492,clean_negative,0.60
9,9,clean_negative/clean_9_237.jpg,clean_negative,0,0.00059097,clean_negative,0.60
9,9,clean_negative/clean_9_238.jpg,clean_negative,0,0.00084277,clean_negative,0.60
9,9,clean_negative/clean_9_239.jpg,clean_negative,0,0.00065996,clean_negative,0.60
9,9,clean_negative/clean_9_240.jpg,clean_negative,0,0.00003795,clean_negative,0.60
9,9,clean_negative/clean_9_241.jpg,clean_negative,0,0.00002892,clean_negative,0.60
9,9,clean_negative/clean_9_242.jpg,clean_negative,0,0.00000564,clean_negative,0.60
9,9,clean_negative/clean_9_243.jpg,clean_negative,0,0.00001318,clean_negative,0.60
9,9,clean_negative/clean_9_244.jpg,clean_negative,0,0.00003029,clean_negative,0.60
9,9,clean_negative/clean_9_245.jpg,clean_negative,0,0.00004244,clean_negative,0.60
9,9,clean_negative/clean_9_246.jpg,clean_negative,0,0.00004791,clean_negative,0.60
9,9,clean_negative/clean_9_247.jpg,clean_negative,0,0.00012197,clean_negative,0.60
9,9,clean_negative/clean_9_248.jpg,clean_negative,0,0.00011838,clean_negative,0.60
9,9,clean_negative/clean_9_249.jpg,clean_negative,0,0.00014921,clean_negative,0.60
9,9,clean_negative/clean_9_250.jpg,clean_negative,0,0.00005772,clean_negative,0.60
9,9,clean_negative/clean_9_251.jpg,clean_negative,0,0.00018983,clean_negative,0.60
9,9,clean_negative/clean_9_252.jpg,clean_negative,0,0.00068544,clean_negative,0.60
9,9,clean_negative/clean_9_253.jpg,clean_negative,0,0.00092265,clean_negative,0.60
9,9,dirty_positive/dirty_9_1.jpg,dirty_positive,1,0.96022532,dirty_positive,0.60
9,9,dirty_positive/dirty_9_2.jpg,dirty_positive,1,0.80809897,dirty_positive,0.60
9,9,dirty_positive/dirty_9_3.jpg,dirty_positive,1,0.07430571,clean_negative,0.60
9,9,dirty_positive/dirty_9_4.jpg,dirty_positive,1,0.14297749,clean_negative,0.60
9,9,dirty_positive/dirty_9_5.jpg,dirty_positive,1,0.31093778,clean_negative,0.60
9,9,dirty_positive/dirty_9_6.jpg,dirty_positive,1,0.92878656,dirty_positive,0.60
9,9,dirty_positive/dirty_9_7.jpg,dirty_positive,1,0.19700066,clean_negative,0.60
9,9,dirty_positive/dirty_9_8.jpg,dirty_positive,1,0.27707609,clean_negative,0.60
9,9,dirty_positive/dirty_9_9.jpg,dirty_positive,1,0.21967308,clean_negative,0.60
9,9,dirty_positive/dirty_9_10.jpg,dirty_positive,1,0.13406940,clean_negative,0.60
9,9,dirty_positive/dirty_9_11.jpg,dirty_positive,1,0.15667011,clean_negative,0.60
9,9,dirty_positive/dirty_9_12.jpg,dirty_positive,1,0.24185903,clean_negative,0.60
9,9,dirty_positive/dirty_9_13.jpg,dirty_positive,1,0.19787829,clean_negative,0.60
9,9,dirty_positive/dirty_9_14.jpg,dirty_positive,1,0.32851803,clean_negative,0.60
9,9,dirty_positive/dirty_9_15.jpg,dirty_positive,1,0.29586590,clean_negative,0.60
9,9,dirty_positive/dirty_9_16.jpg,dirty_positive,1,0.18474139,clean_negative,0.60
9,9,dirty_positive/dirty_9_17.jpg,dirty_positive,1,0.91343837,dirty_positive,0.60
9,9,dirty_positive/dirty_9_18.jpg,dirty_positive,1,0.92064094,dirty_positive,0.60
9,9,dirty_positive/dirty_9_19.jpg,dirty_positive,1,0.78027620,dirty_positive,0.60
9,9,dirty_positive/dirty_9_20.jpg,dirty_positive,1,0.91064283,dirty_positive,0.60
9,9,dirty_positive/dirty_9_21.jpg,dirty_positive,1,0.88299374,dirty_positive,0.60
9,9,dirty_positive/dirty_9_22.jpg,dirty_positive,1,0.93004573,dirty_positive,0.60
9,9,dirty_positive/dirty_9_23.jpg,dirty_positive,1,0.87497711,dirty_positive,0.60
9,9,dirty_positive/dirty_9_24.jpg,dirty_positive,1,0.93406812,dirty_positive,0.60
9,9,dirty_positive/dirty_9_25.jpg,dirty_positive,1,0.19933163,clean_negative,0.60
9,9,dirty_positive/dirty_9_26.jpg,dirty_positive,1,0.77333610,dirty_positive,0.60
9,9,dirty_positive/dirty_9_27.jpg,dirty_positive,1,0.76109805,dirty_positive,0.60
9,9,dirty_positive/dirty_9_28.jpg,dirty_positive,1,0.75663607,dirty_positive,0.60
9,9,dirty_positive/dirty_9_29.jpg,dirty_positive,1,0.20987737,clean_negative,0.60
9,9,dirty_positive/dirty_9_30.jpg,dirty_positive,1,0.14070500,clean_negative,0.60
9,9,dirty_positive/dirty_9_31.jpg,dirty_positive,1,0.34397173,clean_negative,0.60
9,9,dirty_positive/dirty_9_32.jpg,dirty_positive,1,0.27802892,clean_negative,0.60
9,9,dirty_positive/dirty_9_33.jpg,dirty_positive,1,0.91012353,dirty_positive,0.60
9,9,dirty_positive/dirty_9_34.jpg,dirty_positive,1,0.75526767,dirty_positive,0.60
9,9,dirty_positive/dirty_9_35.jpg,dirty_positive,1,0.84672423,dirty_positive,0.60
9,9,dirty_positive/dirty_9_36.jpg,dirty_positive,1,0.86659579,dirty_positive,0.60
9,9,dirty_positive/dirty_9_37.jpg,dirty_positive,1,0.13378601,clean_negative,0.60
9,9,dirty_positive/dirty_9_38.jpg,dirty_positive,1,0.21381019,clean_negative,0.60
9,9,dirty_positive/dirty_9_39.jpg,dirty_positive,1,0.23611780,clean_negative,0.60
9,9,dirty_positive/dirty_9_40.jpg,dirty_positive,1,0.15469863,clean_negative,0.60
9,9,dirty_positive/dirty_9_41.jpg,dirty_positive,1,0.48163019,clean_negative,0.60
9,9,dirty_positive/dirty_9_42.jpg,dirty_positive,1,0.88487025,dirty_positive,0.60
9,9,dirty_positive/dirty_9_43.jpg,dirty_positive,1,0.48605594,clean_negative,0.60
9,9,dirty_positive/dirty_9_44.jpg,dirty_positive,1,0.35009972,clean_negative,0.60
9,9,dirty_positive/dirty_9_45.jpg,dirty_positive,1,0.63129322,dirty_positive,0.60
9,9,dirty_positive/dirty_9_46.jpg,dirty_positive,1,0.02144324,clean_negative,0.60
9,9,dirty_positive/dirty_9_47.jpg,dirty_positive,1,0.01800759,clean_negative,0.60
9,9,dirty_positive/dirty_9_48.jpg,dirty_positive,1,0.01006277,clean_negative,0.60
9,9,dirty_positive/dirty_9_49.jpg,dirty_positive,1,0.07492502,clean_negative,0.60
9,9,dirty_positive/dirty_9_50.jpg,dirty_positive,1,0.13503476,clean_negative,0.60
9,9,dirty_positive/dirty_9_51.jpg,dirty_positive,1,0.06001546,clean_negative,0.60
9,9,dirty_positive/dirty_9_52.jpg,dirty_positive,1,0.12845035,clean_negative,0.60
10,10,clean_negative/clean_10_1.jpg,clean_negative,0,0.07563094,clean_negative,0.45
10,10,clean_negative/clean_10_2.jpg,clean_negative,0,0.09718524,clean_negative,0.45
10,10,clean_negative/clean_10_3.jpg,clean_negative,0,0.15606154,clean_negative,0.45
10,10,clean_negative/clean_10_4.jpg,clean_negative,0,0.07938661,clean_negative,0.45
10,10,clean_negative/clean_10_5.jpg,clean_negative,0,0.74105270,dirty_positive,0.45
10,10,clean_negative/clean_10_6.jpg,clean_negative,0,0.51254683,dirty_positive,0.45
10,10,clean_negative/clean_10_7.jpg,clean_negative,0,0.26299686,clean_negative,0.45
10,10,clean_negative/clean_10_8.jpg,clean_negative,0,0.24554062,clean_negative,0.45
10,10,clean_negative/clean_10_9.jpg,clean_negative,0,0.10986562,clean_negative,0.45
10,10,clean_negative/clean_10_10.jpg,clean_negative,0,0.63556411,dirty_positive,0.45
10,10,clean_negative/clean_10_11.jpg,clean_negative,0,0.61131128,dirty_positive,0.45
10,10,clean_negative/clean_10_12.jpg,clean_negative,0,0.79756940,dirty_positive,0.45
10,10,clean_negative/clean_10_13.jpg,clean_negative,0,0.52607856,dirty_positive,0.45
10,10,clean_negative/clean_10_14.jpg,clean_negative,0,0.49693570,dirty_positive,0.45
10,10,clean_negative/clean_10_15.jpg,clean_negative,0,0.46820060,dirty_positive,0.45
10,10,clean_negative/clean_10_16.jpg,clean_negative,0,0.59832002,dirty_positive,0.45
10,10,clean_negative/clean_10_17.jpg,clean_negative,0,0.56464910,dirty_positive,0.45
10,10,clean_negative/clean_10_18.jpg,clean_negative,0,0.50132512,dirty_positive,0.45
10,10,clean_negative/clean_10_19.jpg,clean_negative,0,0.32688319,clean_negative,0.45
10,10,clean_negative/clean_10_20.jpg,clean_negative,0,0.33626737,clean_negative,0.45
10,10,clean_negative/clean_10_21.jpg,clean_negative,0,0.41692899,clean_negative,0.45
10,10,clean_negative/clean_10_22.jpg,clean_negative,0,0.36358873,clean_negative,0.45
10,10,clean_negative/clean_10_23.jpg,clean_negative,0,0.71353328,dirty_positive,0.45
10,10,clean_negative/clean_10_24.jpg,clean_negative,0,0.67426066,dirty_positive,0.45
10,10,clean_negative/clean_10_25.jpg,clean_negative,0,0.61531059,dirty_positive,0.45
10,10,clean_negative/clean_10_26.jpg,clean_negative,0,0.30061776,clean_negative,0.45
10,10,clean_negative/clean_10_27.jpg,clean_negative,0,0.18148272,clean_negative,0.45
10,10,clean_negative/clean_10_28.jpg,clean_negative,0,0.20344718,clean_negative,0.45
10,10,clean_negative/clean_10_29.jpg,clean_negative,0,0.31977811,clean_negative,0.45
10,10,clean_negative/clean_10_30.jpg,clean_negative,0,0.34838262,clean_negative,0.45
10,10,clean_negative/clean_10_31.jpg,clean_negative,0,0.63525480,dirty_positive,0.45
10,10,clean_negative/clean_10_32.jpg,clean_negative,0,0.54546522,dirty_positive,0.45
10,10,clean_negative/clean_10_33.jpg,clean_negative,0,0.54349612,dirty_positive,0.45
10,10,clean_negative/clean_10_34.jpg,clean_negative,0,0.21290952,clean_negative,0.45
10,10,clean_negative/clean_10_35.jpg,clean_negative,0,0.12199440,clean_negative,0.45
10,10,clean_negative/clean_10_36.jpg,clean_negative,0,0.11181409,clean_negative,0.45
10,10,clean_negative/clean_10_37.jpg,clean_negative,0,0.15256831,clean_negative,0.45
10,10,clean_negative/clean_10_38.jpg,clean_negative,0,0.18233998,clean_negative,0.45
10,10,clean_negative/clean_10_39.jpg,clean_negative,0,0.14067013,clean_negative,0.45
10,10,clean_negative/clean_10_40.jpg,clean_negative,0,0.14309004,clean_negative,0.45
10,10,clean_negative/clean_10_41.jpg,clean_negative,0,0.28460654,clean_negative,0.45
10,10,clean_negative/clean_10_42.jpg,clean_negative,0,0.30813926,clean_negative,0.45
10,10,clean_negative/clean_10_43.jpg,clean_negative,0,0.09350245,clean_negative,0.45
10,10,clean_negative/clean_10_44.jpg,clean_negative,0,0.07010023,clean_negative,0.45
10,10,clean_negative/clean_10_45.jpg,clean_negative,0,0.16894315,clean_negative,0.45
10,10,clean_negative/clean_10_46.jpg,clean_negative,0,0.43265895,clean_negative,0.45
10,10,clean_negative/clean_10_47.jpg,clean_negative,0,0.35818607,clean_negative,0.45
10,10,clean_negative/clean_10_48.jpg,clean_negative,0,0.04160019,clean_negative,0.45
10,10,clean_negative/clean_10_49.jpg,clean_negative,0,0.12418476,clean_negative,0.45
10,10,clean_negative/clean_10_50.jpg,clean_negative,0,0.25408859,clean_negative,0.45
10,10,clean_negative/clean_10_51.jpg,clean_negative,0,0.25096310,clean_negative,0.45
10,10,clean_negative/clean_10_52.jpg,clean_negative,0,0.00583828,clean_negative,0.45
10,10,clean_negative/clean_10_53.jpg,clean_negative,0,0.02564916,clean_negative,0.45
10,10,clean_negative/clean_10_54.jpg,clean_negative,0,0.11762561,clean_negative,0.45
10,10,clean_negative/clean_10_55.jpg,clean_negative,0,0.18382944,clean_negative,0.45
10,10,clean_negative/clean_10_56.jpg,clean_negative,0,0.00251835,clean_negative,0.45
10,10,clean_negative/clean_10_57.jpg,clean_negative,0,0.01401889,clean_negative,0.45
10,10,clean_negative/clean_10_58.jpg,clean_negative,0,0.18883355,clean_negative,0.45
10,10,clean_negative/clean_10_59.jpg,clean_negative,0,0.28606308,clean_negative,0.45
10,10,clean_negative/clean_10_60.jpg,clean_negative,0,0.22346068,clean_negative,0.45
10,10,clean_negative/clean_10_61.jpg,clean_negative,0,0.00136993,clean_negative,0.45
10,10,clean_negative/clean_10_62.jpg,clean_negative,0,0.01234976,clean_negative,0.45
10,10,clean_negative/clean_10_63.jpg,clean_negative,0,0.11352379,clean_negative,0.45
10,10,clean_negative/clean_10_64.jpg,clean_negative,0,0.18666694,clean_negative,0.45
10,10,clean_negative/clean_10_65.jpg,clean_negative,0,0.00100462,clean_negative,0.45
10,10,clean_negative/clean_10_66.jpg,clean_negative,0,0.00756159,clean_negative,0.45
10,10,clean_negative/clean_10_67.jpg,clean_negative,0,0.08702140,clean_negative,0.45
10,10,clean_negative/clean_10_68.jpg,clean_negative,0,0.18647751,clean_negative,0.45
10,10,clean_negative/clean_10_69.jpg,clean_negative,0,0.29478383,clean_negative,0.45
10,10,clean_negative/clean_10_70.jpg,clean_negative,0,0.31336235,clean_negative,0.45
10,10,clean_negative/clean_10_71.jpg,clean_negative,0,0.37942406,clean_negative,0.45
10,10,clean_negative/clean_10_72.jpg,clean_negative,0,0.27227428,clean_negative,0.45
10,10,clean_negative/clean_10_73.jpg,clean_negative,0,0.00090439,clean_negative,0.45
10,10,clean_negative/clean_10_74.jpg,clean_negative,0,0.00492583,clean_negative,0.45
10,10,clean_negative/clean_10_75.jpg,clean_negative,0,0.04621796,clean_negative,0.45
10,10,clean_negative/clean_10_76.jpg,clean_negative,0,0.10601439,clean_negative,0.45
10,10,clean_negative/clean_10_77.jpg,clean_negative,0,0.19561855,clean_negative,0.45
10,10,clean_negative/clean_10_78.jpg,clean_negative,0,0.16091153,clean_negative,0.45
10,10,clean_negative/clean_10_79.jpg,clean_negative,0,0.17746763,clean_negative,0.45
10,10,clean_negative/clean_10_80.jpg,clean_negative,0,0.18979671,clean_negative,0.45
10,10,clean_negative/clean_10_81.jpg,clean_negative,0,0.00547970,clean_negative,0.45
10,10,clean_negative/clean_10_82.jpg,clean_negative,0,0.01547468,clean_negative,0.45
10,10,clean_negative/clean_10_83.jpg,clean_negative,0,0.04788907,clean_negative,0.45
10,10,clean_negative/clean_10_84.jpg,clean_negative,0,0.11721141,clean_negative,0.45
10,10,clean_negative/clean_10_85.jpg,clean_negative,0,0.02023165,clean_negative,0.45
10,10,clean_negative/clean_10_86.jpg,clean_negative,0,0.01832166,clean_negative,0.45
10,10,clean_negative/clean_10_87.jpg,clean_negative,0,0.00112771,clean_negative,0.45
10,10,clean_negative/clean_10_88.jpg,clean_negative,0,0.03420315,clean_negative,0.45
10,10,clean_negative/clean_10_89.jpg,clean_negative,0,0.04402535,clean_negative,0.45
10,10,clean_negative/clean_10_90.jpg,clean_negative,0,0.01499053,clean_negative,0.45
10,10,clean_negative/clean_10_91.jpg,clean_negative,0,0.00466974,clean_negative,0.45
10,10,clean_negative/clean_10_92.jpg,clean_negative,0,0.00119450,clean_negative,0.45
10,10,clean_negative/clean_10_93.jpg,clean_negative,0,0.00114243,clean_negative,0.45
10,10,clean_negative/clean_10_94.jpg,clean_negative,0,0.00806922,clean_negative,0.45
10,10,clean_negative/clean_10_95.jpg,clean_negative,0,0.02728476,clean_negative,0.45
10,10,clean_negative/clean_10_96.jpg,clean_negative,0,0.07667551,clean_negative,0.45
10,10,clean_negative/clean_10_97.jpg,clean_negative,0,0.10236225,clean_negative,0.45
10,10,clean_negative/clean_10_98.jpg,clean_negative,0,0.04700247,clean_negative,0.45
10,10,clean_negative/clean_10_99.jpg,clean_negative,0,0.01150293,clean_negative,0.45
10,10,clean_negative/clean_10_100.jpg,clean_negative,0,0.00601001,clean_negative,0.45
10,10,clean_negative/clean_10_101.jpg,clean_negative,0,0.00589998,clean_negative,0.45
10,10,clean_negative/clean_10_102.jpg,clean_negative,0,0.00173649,clean_negative,0.45
10,10,clean_negative/clean_10_103.jpg,clean_negative,0,0.00004692,clean_negative,0.45
10,10,clean_negative/clean_10_104.jpg,clean_negative,0,0.00004646,clean_negative,0.45
10,10,clean_negative/clean_10_105.jpg,clean_negative,0,0.25670991,clean_negative,0.45
10,10,clean_negative/clean_10_106.jpg,clean_negative,0,0.24193032,clean_negative,0.45
10,10,clean_negative/clean_10_107.jpg,clean_negative,0,0.89800078,dirty_positive,0.45
10,10,clean_negative/clean_10_108.jpg,clean_negative,0,0.94043894,dirty_positive,0.45
10,10,clean_negative/clean_10_109.jpg,clean_negative,0,0.66383387,dirty_positive,0.45
10,10,clean_negative/clean_10_110.jpg,clean_negative,0,0.30226189,clean_negative,0.45
10,10,clean_negative/clean_10_111.jpg,clean_negative,0,0.56743404,dirty_positive,0.45
10,10,clean_negative/clean_10_112.jpg,clean_negative,0,0.42154086,clean_negative,0.45
10,10,clean_negative/clean_10_113.jpg,clean_negative,0,0.00486270,clean_negative,0.45
10,10,clean_negative/clean_10_114.jpg,clean_negative,0,0.01952897,clean_negative,0.45
10,10,clean_negative/clean_10_115.jpg,clean_negative,0,0.05138874,clean_negative,0.45
10,10,clean_negative/clean_10_116.jpg,clean_negative,0,0.82568283,dirty_positive,0.45
10,10,clean_negative/clean_10_117.jpg,clean_negative,0,0.90491064,dirty_positive,0.45
10,10,clean_negative/clean_10_118.jpg,clean_negative,0,0.99255795,dirty_positive,0.45
10,10,clean_negative/clean_10_119.jpg,clean_negative,0,0.95555366,dirty_positive,0.45
10,10,clean_negative/clean_10_120.jpg,clean_negative,0,0.84276830,dirty_positive,0.45
10,10,clean_negative/clean_10_121.jpg,clean_negative,0,0.70808843,dirty_positive,0.45
10,10,clean_negative/clean_10_122.jpg,clean_negative,0,0.53607601,dirty_positive,0.45
10,10,clean_negative/clean_10_123.jpg,clean_negative,0,0.08229930,clean_negative,0.45
10,10,clean_negative/clean_10_124.jpg,clean_negative,0,0.05335061,clean_negative,0.45
10,10,clean_negative/clean_10_125.jpg,clean_negative,0,0.01907352,clean_negative,0.45
10,10,clean_negative/clean_10_126.jpg,clean_negative,0,0.00074587,clean_negative,0.45
10,10,clean_negative/clean_10_127.jpg,clean_negative,0,0.00011774,clean_negative,0.45
10,10,clean_negative/clean_10_128.jpg,clean_negative,0,0.00009931,clean_negative,0.45
10,10,clean_negative/clean_10_129.jpg,clean_negative,0,0.00003533,clean_negative,0.45
10,10,clean_negative/clean_10_130.jpg,clean_negative,0,0.00003153,clean_negative,0.45
10,10,clean_negative/clean_10_131.jpg,clean_negative,0,0.00006910,clean_negative,0.45
10,10,dirty_positive/dirty_10_1.jpg,dirty_positive,1,0.94210798,dirty_positive,0.45
10,10,dirty_positive/dirty_10_2.jpg,dirty_positive,1,0.99344907,dirty_positive,0.45
10,10,dirty_positive/dirty_10_3.jpg,dirty_positive,1,0.99847541,dirty_positive,0.45
10,10,dirty_positive/dirty_10_4.jpg,dirty_positive,1,0.99988227,dirty_positive,0.45
10,10,dirty_positive/dirty_10_5.jpg,dirty_positive,1,0.77172488,dirty_positive,0.45
10,10,dirty_positive/dirty_10_6.jpg,dirty_positive,1,0.83149441,dirty_positive,0.45
10,10,dirty_positive/dirty_10_7.jpg,dirty_positive,1,0.80154252,dirty_positive,0.45
10,10,dirty_positive/dirty_10_8.jpg,dirty_positive,1,0.93263662,dirty_positive,0.45
10,10,dirty_positive/dirty_10_9.jpg,dirty_positive,1,0.72095657,dirty_positive,0.45
10,10,dirty_positive/dirty_10_10.jpg,dirty_positive,1,0.99272962,dirty_positive,0.45
10,10,dirty_positive/dirty_10_11.jpg,dirty_positive,1,0.96490001,dirty_positive,0.45
10,10,dirty_positive/dirty_10_12.jpg,dirty_positive,1,0.96782912,dirty_positive,0.45
10,10,dirty_positive/dirty_10_13.jpg,dirty_positive,1,0.27118965,clean_negative,0.45
10,10,dirty_positive/dirty_10_14.jpg,dirty_positive,1,0.46106714,dirty_positive,0.45
10,10,dirty_positive/dirty_10_15.jpg,dirty_positive,1,0.89183377,dirty_positive,0.45
10,10,dirty_positive/dirty_10_16.jpg,dirty_positive,1,0.99475837,dirty_positive,0.45
10,10,dirty_positive/dirty_10_17.jpg,dirty_positive,1,0.31129799,clean_negative,0.45
10,10,dirty_positive/dirty_10_18.jpg,dirty_positive,1,0.83909957,dirty_positive,0.45
10,10,dirty_positive/dirty_10_19.jpg,dirty_positive,1,0.73028591,dirty_positive,0.45
10,10,dirty_positive/dirty_10_20.jpg,dirty_positive,1,0.61633681,dirty_positive,0.45
10,10,dirty_positive/dirty_10_21.jpg,dirty_positive,1,0.90668147,dirty_positive,0.45
10,10,dirty_positive/dirty_10_22.jpg,dirty_positive,1,0.40103211,clean_negative,0.45
10,10,dirty_positive/dirty_10_23.jpg,dirty_positive,1,0.92021723,dirty_positive,0.45
10,10,dirty_positive/dirty_10_24.jpg,dirty_positive,1,0.74703669,dirty_positive,0.45
10,10,dirty_positive/dirty_10_25.jpg,dirty_positive,1,0.70665371,dirty_positive,0.45
10,10,dirty_positive/dirty_10_26.jpg,dirty_positive,1,0.89968057,dirty_positive,0.45
10,10,dirty_positive/dirty_10_27.jpg,dirty_positive,1,0.89382259,dirty_positive,0.45
10,10,dirty_positive/dirty_10_28.jpg,dirty_positive,1,0.90301310,dirty_positive,0.45
10,10,dirty_positive/dirty_10_29.jpg,dirty_positive,1,0.72776245,dirty_positive,0.45
10,10,dirty_positive/dirty_10_30.jpg,dirty_positive,1,0.88544180,dirty_positive,0.45
10,10,dirty_positive/dirty_10_31.jpg,dirty_positive,1,0.92275863,dirty_positive,0.45
10,10,dirty_positive/dirty_10_32.jpg,dirty_positive,1,0.95231820,dirty_positive,0.45
10,10,dirty_positive/dirty_10_33.jpg,dirty_positive,1,0.47001613,dirty_positive,0.45
10,10,dirty_positive/dirty_10_34.jpg,dirty_positive,1,0.52513774,dirty_positive,0.45
10,10,dirty_positive/dirty_10_35.jpg,dirty_positive,1,0.85928674,dirty_positive,0.45
10,10,dirty_positive/dirty_10_36.jpg,dirty_positive,1,0.56419851,dirty_positive,0.45
10,10,dirty_positive/dirty_10_37.jpg,dirty_positive,1,0.80262248,dirty_positive,0.45
10,10,dirty_positive/dirty_10_38.jpg,dirty_positive,1,0.89721365,dirty_positive,0.45
10,10,dirty_positive/dirty_10_39.jpg,dirty_positive,1,0.84760249,dirty_positive,0.45
10,10,dirty_positive/dirty_10_40.jpg,dirty_positive,1,0.76433513,dirty_positive,0.45
10,10,dirty_positive/dirty_10_41.jpg,dirty_positive,1,0.86577293,dirty_positive,0.45
10,10,dirty_positive/dirty_10_42.jpg,dirty_positive,1,0.91688487,dirty_positive,0.45
10,10,dirty_positive/dirty_10_43.jpg,dirty_positive,1,0.99977943,dirty_positive,0.45
10,10,dirty_positive/dirty_10_44.jpg,dirty_positive,1,0.79518482,dirty_positive,0.45
10,10,dirty_positive/dirty_10_45.jpg,dirty_positive,1,0.62324938,dirty_positive,0.45
10,10,dirty_positive/dirty_10_46.jpg,dirty_positive,1,0.98094818,dirty_positive,0.45
10,10,dirty_positive/dirty_10_47.jpg,dirty_positive,1,0.79965262,dirty_positive,0.45
10,10,dirty_positive/dirty_10_48.jpg,dirty_positive,1,0.69850140,dirty_positive,0.45
10,10,dirty_positive/dirty_10_49.jpg,dirty_positive,1,0.73127542,dirty_positive,0.45
10,10,dirty_positive/dirty_10_50.jpg,dirty_positive,1,0.73983371,dirty_positive,0.45
10,10,dirty_positive/dirty_10_51.jpg,dirty_positive,1,0.92083389,dirty_positive,0.45
10,10,dirty_positive/dirty_10_52.jpg,dirty_positive,1,0.90916204,dirty_positive,0.45
10,10,dirty_positive/dirty_10_53.jpg,dirty_positive,1,0.91339617,dirty_positive,0.45
10,10,dirty_positive/dirty_10_54.jpg,dirty_positive,1,0.98296916,dirty_positive,0.45
10,10,dirty_positive/dirty_10_55.jpg,dirty_positive,1,0.96478763,dirty_positive,0.45
10,10,dirty_positive/dirty_10_56.jpg,dirty_positive,1,0.88228555,dirty_positive,0.45
10,10,dirty_positive/dirty_10_57.jpg,dirty_positive,1,0.99971533,dirty_positive,0.45
10,10,dirty_positive/dirty_10_58.jpg,dirty_positive,1,0.99831721,dirty_positive,0.45
10,10,dirty_positive/dirty_10_59.jpg,dirty_positive,1,0.99984293,dirty_positive,0.45
10,10,dirty_positive/dirty_10_60.jpg,dirty_positive,1,0.99684892,dirty_positive,0.45
10,10,dirty_positive/dirty_10_61.jpg,dirty_positive,1,0.11688196,clean_negative,0.45
10,10,dirty_positive/dirty_10_62.jpg,dirty_positive,1,0.64502710,dirty_positive,0.45
10,10,dirty_positive/dirty_10_63.jpg,dirty_positive,1,0.80629269,dirty_positive,0.45
10,10,dirty_positive/dirty_10_64.jpg,dirty_positive,1,0.75208875,dirty_positive,0.45
10,10,dirty_positive/dirty_10_65.jpg,dirty_positive,1,0.99992971,dirty_positive,0.45
10,10,dirty_positive/dirty_10_66.jpg,dirty_positive,1,0.99976169,dirty_positive,0.45
10,10,dirty_positive/dirty_10_67.jpg,dirty_positive,1,0.99994848,dirty_positive,0.45
10,10,dirty_positive/dirty_10_68.jpg,dirty_positive,1,0.92267549,dirty_positive,0.45
10,10,dirty_positive/dirty_10_69.jpg,dirty_positive,1,0.15578973,clean_negative,0.45
10,10,dirty_positive/dirty_10_70.jpg,dirty_positive,1,0.29208475,clean_negative,0.45
10,10,dirty_positive/dirty_10_71.jpg,dirty_positive,1,0.09606984,clean_negative,0.45
10,10,dirty_positive/dirty_10_72.jpg,dirty_positive,1,0.29444942,clean_negative,0.45
10,10,dirty_positive/dirty_10_73.jpg,dirty_positive,1,0.29124838,clean_negative,0.45
10,10,dirty_positive/dirty_10_74.jpg,dirty_positive,1,0.91479814,dirty_positive,0.45
10,10,dirty_positive/dirty_10_75.jpg,dirty_positive,1,0.46957853,dirty_positive,0.45
10,10,dirty_positive/dirty_10_76.jpg,dirty_positive,1,0.22164098,clean_negative,0.45
10,10,dirty_positive/dirty_10_77.jpg,dirty_positive,1,0.65615905,dirty_positive,0.45
10,10,dirty_positive/dirty_10_78.jpg,dirty_positive,1,0.53555894,dirty_positive,0.45
10,10,dirty_positive/dirty_10_79.jpg,dirty_positive,1,0.79343117,dirty_positive,0.45
10,10,dirty_positive/dirty_10_80.jpg,dirty_positive,1,0.85790092,dirty_positive,0.45
11,11,clean_negative/clean_11_1.jpg,clean_negative,0,0.28275052,dirty_positive,0.20
11,11,clean_negative/clean_11_2.jpg,clean_negative,0,0.36890567,dirty_positive,0.20
11,11,clean_negative/clean_11_3.jpg,clean_negative,0,0.43003382,dirty_positive,0.20
11,11,clean_negative/clean_11_4.jpg,clean_negative,0,0.63679383,dirty_positive,0.20
11,11,clean_negative/clean_11_5.jpg,clean_negative,0,0.78183683,dirty_positive,0.20
11,11,clean_negative/clean_11_6.jpg,clean_negative,0,0.77722395,dirty_positive,0.20
11,11,clean_negative/clean_11_7.jpg,clean_negative,0,0.68519693,dirty_positive,0.20
11,11,clean_negative/clean_11_8.jpg,clean_negative,0,0.51005132,dirty_positive,0.20
11,11,clean_negative/clean_11_9.jpg,clean_negative,0,0.09365594,clean_negative,0.20
11,11,clean_negative/clean_11_10.jpg,clean_negative,0,0.01714688,clean_negative,0.20
11,11,clean_negative/clean_11_11.jpg,clean_negative,0,0.00437569,clean_negative,0.20
11,11,clean_negative/clean_11_12.jpg,clean_negative,0,0.00085674,clean_negative,0.20
11,11,clean_negative/clean_11_13.jpg,clean_negative,0,0.31113952,dirty_positive,0.20
11,11,clean_negative/clean_11_14.jpg,clean_negative,0,0.49197383,dirty_positive,0.20
11,11,clean_negative/clean_11_15.jpg,clean_negative,0,0.54397402,dirty_positive,0.20
11,11,clean_negative/clean_11_16.jpg,clean_negative,0,0.43454910,dirty_positive,0.20
11,11,clean_negative/clean_11_17.jpg,clean_negative,0,0.05639028,clean_negative,0.20
11,11,clean_negative/clean_11_18.jpg,clean_negative,0,0.01307912,clean_negative,0.20
11,11,clean_negative/clean_11_19.jpg,clean_negative,0,0.00309604,clean_negative,0.20
11,11,clean_negative/clean_11_20.jpg,clean_negative,0,0.00055791,clean_negative,0.20
11,11,clean_negative/clean_11_21.jpg,clean_negative,0,0.57209116,dirty_positive,0.20
11,11,clean_negative/clean_11_22.jpg,clean_negative,0,0.55531064,dirty_positive,0.20
11,11,clean_negative/clean_11_23.jpg,clean_negative,0,0.67197547,dirty_positive,0.20
11,11,clean_negative/clean_11_24.jpg,clean_negative,0,0.63645228,dirty_positive,0.20
11,11,clean_negative/clean_11_25.jpg,clean_negative,0,0.48055012,dirty_positive,0.20
11,11,clean_negative/clean_11_26.jpg,clean_negative,0,0.43651181,dirty_positive,0.20
11,11,clean_negative/clean_11_27.jpg,clean_negative,0,0.49720835,dirty_positive,0.20
11,11,clean_negative/clean_11_28.jpg,clean_negative,0,0.81051607,dirty_positive,0.20
11,11,clean_negative/clean_11_29.jpg,clean_negative,0,0.73510435,dirty_positive,0.20
11,11,clean_negative/clean_11_30.jpg,clean_negative,0,0.56050673,dirty_positive,0.20
11,11,clean_negative/clean_11_31.jpg,clean_negative,0,0.46183542,dirty_positive,0.20
11,11,clean_negative/clean_11_32.jpg,clean_negative,0,0.46578460,dirty_positive,0.20
11,11,clean_negative/clean_11_33.jpg,clean_negative,0,0.49093594,dirty_positive,0.20
11,11,clean_negative/clean_11_34.jpg,clean_negative,0,0.50955621,dirty_positive,0.20
11,11,clean_negative/clean_11_35.jpg,clean_negative,0,0.70415364,dirty_positive,0.20
11,11,clean_negative/clean_11_36.jpg,clean_negative,0,0.58703969,dirty_positive,0.20
11,11,clean_negative/clean_11_37.jpg,clean_negative,0,0.45345444,dirty_positive,0.20
11,11,clean_negative/clean_11_38.jpg,clean_negative,0,0.45776396,dirty_positive,0.20
11,11,clean_negative/clean_11_39.jpg,clean_negative,0,0.32428933,dirty_positive,0.20
11,11,clean_negative/clean_11_40.jpg,clean_negative,0,0.33501267,dirty_positive,0.20
11,11,clean_negative/clean_11_41.jpg,clean_negative,0,0.74836093,dirty_positive,0.20
11,11,clean_negative/clean_11_42.jpg,clean_negative,0,0.62596798,dirty_positive,0.20
11,11,clean_negative/clean_11_43.jpg,clean_negative,0,0.50922239,dirty_positive,0.20
11,11,clean_negative/clean_11_44.jpg,clean_negative,0,0.46226665,dirty_positive,0.20
11,11,clean_negative/clean_11_45.jpg,clean_negative,0,0.25649666,dirty_positive,0.20
11,11,clean_negative/clean_11_46.jpg,clean_negative,0,0.09495573,clean_negative,0.20
11,11,clean_negative/clean_11_47.jpg,clean_negative,0,0.00244081,clean_negative,0.20
11,11,clean_negative/clean_11_48.jpg,clean_negative,0,0.05753142,clean_negative,0.20
11,11,clean_negative/clean_11_49.jpg,clean_negative,0,0.02142685,clean_negative,0.20
11,11,clean_negative/clean_11_50.jpg,clean_negative,0,0.01529605,clean_negative,0.20
11,11,clean_negative/clean_11_51.jpg,clean_negative,0,0.01672612,clean_negative,0.20
11,11,clean_negative/clean_11_52.jpg,clean_negative,0,0.05968591,clean_negative,0.20
11,11,clean_negative/clean_11_53.jpg,clean_negative,0,0.02905147,clean_negative,0.20
11,11,clean_negative/clean_11_54.jpg,clean_negative,0,0.01096409,clean_negative,0.20
11,11,clean_negative/clean_11_55.jpg,clean_negative,0,0.00387491,clean_negative,0.20
11,11,clean_negative/clean_11_56.jpg,clean_negative,0,0.00149653,clean_negative,0.20
11,11,clean_negative/clean_11_57.jpg,clean_negative,0,0.10546723,clean_negative,0.20
11,11,clean_negative/clean_11_58.jpg,clean_negative,0,0.04950642,clean_negative,0.20
11,11,clean_negative/clean_11_59.jpg,clean_negative,0,0.00477532,clean_negative,0.20
11,11,clean_negative/clean_11_60.jpg,clean_negative,0,0.00275617,clean_negative,0.20
11,11,clean_negative/clean_11_61.jpg,clean_negative,0,0.00073259,clean_negative,0.20
11,11,clean_negative/clean_11_62.jpg,clean_negative,0,0.01117245,clean_negative,0.20
11,11,clean_negative/clean_11_63.jpg,clean_negative,0,0.00289605,clean_negative,0.20
11,11,clean_negative/clean_11_64.jpg,clean_negative,0,0.00185302,clean_negative,0.20
11,11,clean_negative/clean_11_65.jpg,clean_negative,0,0.00032134,clean_negative,0.20
11,11,clean_negative/clean_11_66.jpg,clean_negative,0,0.00011343,clean_negative,0.20
11,11,dirty_positive/dirty_11_1.jpg,dirty_positive,1,0.92152682,dirty_positive,0.20
11,11,dirty_positive/dirty_11_2.jpg,dirty_positive,1,0.96008499,dirty_positive,0.20
11,11,dirty_positive/dirty_11_3.jpg,dirty_positive,1,0.86059213,dirty_positive,0.20
11,11,dirty_positive/dirty_11_4.jpg,dirty_positive,1,0.84028365,dirty_positive,0.20
11,11,dirty_positive/dirty_11_5.jpg,dirty_positive,1,0.88186014,dirty_positive,0.20
11,11,dirty_positive/dirty_11_6.jpg,dirty_positive,1,0.85906831,dirty_positive,0.20
11,11,dirty_positive/dirty_11_7.jpg,dirty_positive,1,0.86553202,dirty_positive,0.20
11,11,dirty_positive/dirty_11_8.jpg,dirty_positive,1,0.91492467,dirty_positive,0.20
11,11,dirty_positive/dirty_11_9.jpg,dirty_positive,1,0.93365147,dirty_positive,0.20
11,11,dirty_positive/dirty_11_10.jpg,dirty_positive,1,0.99670862,dirty_positive,0.20
11,11,dirty_positive/dirty_11_11.jpg,dirty_positive,1,0.99876476,dirty_positive,0.20
11,11,dirty_positive/dirty_11_12.jpg,dirty_positive,1,0.81439541,dirty_positive,0.20
11,11,dirty_positive/dirty_11_13.jpg,dirty_positive,1,0.95499935,dirty_positive,0.20
11,11,dirty_positive/dirty_11_14.jpg,dirty_positive,1,0.97997768,dirty_positive,0.20
11,11,dirty_positive/dirty_11_15.jpg,dirty_positive,1,0.86933740,dirty_positive,0.20
11,11,dirty_positive/dirty_11_16.jpg,dirty_positive,1,0.93729125,dirty_positive,0.20
11,11,dirty_positive/dirty_11_17.jpg,dirty_positive,1,0.99957653,dirty_positive,0.20
11,11,dirty_positive/dirty_11_18.jpg,dirty_positive,1,0.99699707,dirty_positive,0.20
11,11,dirty_positive/dirty_11_19.jpg,dirty_positive,1,0.99712364,dirty_positive,0.20
11,11,dirty_positive/dirty_11_20.jpg,dirty_positive,1,0.99142625,dirty_positive,0.20
11,11,dirty_positive/dirty_11_21.jpg,dirty_positive,1,0.94651614,dirty_positive,0.20
11,11,dirty_positive/dirty_11_22.jpg,dirty_positive,1,0.95237440,dirty_positive,0.20
11,11,dirty_positive/dirty_11_23.jpg,dirty_positive,1,0.98440731,dirty_positive,0.20
11,11,dirty_positive/dirty_11_24.jpg,dirty_positive,1,0.96760174,dirty_positive,0.20
11,11,dirty_positive/dirty_11_25.jpg,dirty_positive,1,0.78896285,dirty_positive,0.20
11,11,dirty_positive/dirty_11_26.jpg,dirty_positive,1,0.82166978,dirty_positive,0.20
11,11,dirty_positive/dirty_11_27.jpg,dirty_positive,1,0.45583983,dirty_positive,0.20
11,11,dirty_positive/dirty_11_28.jpg,dirty_positive,1,0.85923441,dirty_positive,0.20
11,11,dirty_positive/dirty_11_29.jpg,dirty_positive,1,0.79418500,dirty_positive,0.20
11,11,dirty_positive/dirty_11_30.jpg,dirty_positive,1,0.87643445,dirty_positive,0.20
11,11,dirty_positive/dirty_11_31.jpg,dirty_positive,1,0.67191278,dirty_positive,0.20
11,11,dirty_positive/dirty_11_32.jpg,dirty_positive,1,0.81986677,dirty_positive,0.20
11,11,dirty_positive/dirty_11_33.jpg,dirty_positive,1,0.99922160,dirty_positive,0.20
11,11,dirty_positive/dirty_11_34.jpg,dirty_positive,1,0.99735750,dirty_positive,0.20
11,11,dirty_positive/dirty_11_35.jpg,dirty_positive,1,0.99387727,dirty_positive,0.20
11,11,dirty_positive/dirty_11_36.jpg,dirty_positive,1,0.99919699,dirty_positive,0.20
11,11,dirty_positive/dirty_11_37.jpg,dirty_positive,1,0.68008816,dirty_positive,0.20
11,11,dirty_positive/dirty_11_38.jpg,dirty_positive,1,0.26020060,dirty_positive,0.20
11,11,dirty_positive/dirty_11_39.jpg,dirty_positive,1,0.83896887,dirty_positive,0.20
11,11,dirty_positive/dirty_11_40.jpg,dirty_positive,1,0.85668515,dirty_positive,0.20
11,11,dirty_positive/dirty_11_41.jpg,dirty_positive,1,0.80887366,dirty_positive,0.20
11,11,dirty_positive/dirty_11_42.jpg,dirty_positive,1,0.78457719,dirty_positive,0.20
11,11,dirty_positive/dirty_11_43.jpg,dirty_positive,1,0.70889909,dirty_positive,0.20
11,11,dirty_positive/dirty_11_44.jpg,dirty_positive,1,0.85216597,dirty_positive,0.20
11,11,dirty_positive/dirty_11_45.jpg,dirty_positive,1,0.89457941,dirty_positive,0.20
11,11,dirty_positive/dirty_11_46.jpg,dirty_positive,1,0.95357004,dirty_positive,0.20
11,11,dirty_positive/dirty_11_47.jpg,dirty_positive,1,0.88751721,dirty_positive,0.20
11,11,dirty_positive/dirty_11_48.jpg,dirty_positive,1,0.94141006,dirty_positive,0.20
11,11,dirty_positive/dirty_11_49.jpg,dirty_positive,1,0.99100942,dirty_positive,0.20
11,11,dirty_positive/dirty_11_50.jpg,dirty_positive,1,0.99119187,dirty_positive,0.20
11,11,dirty_positive/dirty_11_51.jpg,dirty_positive,1,0.98625051,dirty_positive,0.20
11,11,dirty_positive/dirty_11_52.jpg,dirty_positive,1,0.98496141,dirty_positive,0.20
11,11,dirty_positive/dirty_11_53.jpg,dirty_positive,1,0.99990487,dirty_positive,0.20
11,11,dirty_positive/dirty_11_54.jpg,dirty_positive,1,0.99717690,dirty_positive,0.20
11,11,dirty_positive/dirty_11_55.jpg,dirty_positive,1,0.99996062,dirty_positive,0.20
11,11,dirty_positive/dirty_11_56.jpg,dirty_positive,1,0.98797100,dirty_positive,0.20
11,11,dirty_positive/dirty_11_57.jpg,dirty_positive,1,0.65407410,dirty_positive,0.20
11,11,dirty_positive/dirty_11_58.jpg,dirty_positive,1,0.49161060,dirty_positive,0.20
11,11,dirty_positive/dirty_11_59.jpg,dirty_positive,1,0.63537009,dirty_positive,0.20
11,11,dirty_positive/dirty_11_60.jpg,dirty_positive,1,0.73388542,dirty_positive,0.20
11,11,dirty_positive/dirty_11_61.jpg,dirty_positive,1,0.98496141,dirty_positive,0.20
11,11,dirty_positive/dirty_11_62.jpg,dirty_positive,1,0.98472731,dirty_positive,0.20
11,11,dirty_positive/dirty_11_63.jpg,dirty_positive,1,0.98606835,dirty_positive,0.20
11,11,dirty_positive/dirty_11_64.jpg,dirty_positive,1,0.99944548,dirty_positive,0.20
11,11,dirty_positive/dirty_11_65.jpg,dirty_positive,1,0.91850272,dirty_positive,0.20
11,11,dirty_positive/dirty_11_66.jpg,dirty_positive,1,0.79017809,dirty_positive,0.20
11,11,dirty_positive/dirty_11_67.jpg,dirty_positive,1,0.90584221,dirty_positive,0.20
11,11,dirty_positive/dirty_11_68.jpg,dirty_positive,1,0.66976918,dirty_positive,0.20
11,11,dirty_positive/dirty_11_69.jpg,dirty_positive,1,0.99716449,dirty_positive,0.20
11,11,dirty_positive/dirty_11_70.jpg,dirty_positive,1,0.95719505,dirty_positive,0.20
11,11,dirty_positive/dirty_11_71.jpg,dirty_positive,1,0.98303153,dirty_positive,0.20
11,11,dirty_positive/dirty_11_72.jpg,dirty_positive,1,0.99632527,dirty_positive,0.20
11,11,dirty_positive/dirty_11_73.jpg,dirty_positive,1,0.99575706,dirty_positive,0.20
11,11,dirty_positive/dirty_11_74.jpg,dirty_positive,1,0.99014452,dirty_positive,0.20
11,11,dirty_positive/dirty_11_75.jpg,dirty_positive,1,0.98853330,dirty_positive,0.20
11,11,dirty_positive/dirty_11_76.jpg,dirty_positive,1,0.99221977,dirty_positive,0.20
11,11,dirty_positive/dirty_11_77.jpg,dirty_positive,1,0.98316055,dirty_positive,0.20
11,11,dirty_positive/dirty_11_78.jpg,dirty_positive,1,0.98554389,dirty_positive,0.20
11,11,dirty_positive/dirty_11_79.jpg,dirty_positive,1,0.97014252,dirty_positive,0.20
11,11,dirty_positive/dirty_11_80.jpg,dirty_positive,1,0.98088090,dirty_positive,0.20
11,11,dirty_positive/dirty_11_81.jpg,dirty_positive,1,0.97501931,dirty_positive,0.20
11,11,dirty_positive/dirty_11_82.jpg,dirty_positive,1,0.99156578,dirty_positive,0.20
11,11,dirty_positive/dirty_11_83.jpg,dirty_positive,1,0.96231401,dirty_positive,0.20
11,11,dirty_positive/dirty_11_84.jpg,dirty_positive,1,0.98940200,dirty_positive,0.20
11,11,dirty_positive/dirty_11_85.jpg,dirty_positive,1,0.50159325,dirty_positive,0.20
11,11,dirty_positive/dirty_11_86.jpg,dirty_positive,1,0.61799145,dirty_positive,0.20
11,11,dirty_positive/dirty_11_87.jpg,dirty_positive,1,0.67635249,dirty_positive,0.20
11,11,dirty_positive/dirty_11_88.jpg,dirty_positive,1,0.72326180,dirty_positive,0.20
11,11,dirty_positive/dirty_11_89.jpg,dirty_positive,1,0.99064484,dirty_positive,0.20
11,11,dirty_positive/dirty_11_90.jpg,dirty_positive,1,0.98835908,dirty_positive,0.20
11,11,dirty_positive/dirty_11_91.jpg,dirty_positive,1,0.93824480,dirty_positive,0.20
11,11,dirty_positive/dirty_11_92.jpg,dirty_positive,1,0.99110173,dirty_positive,0.20
11,11,dirty_positive/dirty_11_93.jpg,dirty_positive,1,0.42962722,dirty_positive,0.20
11,11,dirty_positive/dirty_11_94.jpg,dirty_positive,1,0.91674549,dirty_positive,0.20
11,11,dirty_positive/dirty_11_95.jpg,dirty_positive,1,0.99584598,dirty_positive,0.20
11,11,dirty_positive/dirty_11_96.jpg,dirty_positive,1,0.99734410,dirty_positive,0.20
11,11,dirty_positive/dirty_11_97.jpg,dirty_positive,1,0.99794936,dirty_positive,0.20
11,11,dirty_positive/dirty_11_98.jpg,dirty_positive,1,0.47619308,dirty_positive,0.20
11,11,dirty_positive/dirty_11_99.jpg,dirty_positive,1,0.99380558,dirty_positive,0.20
11,11,dirty_positive/dirty_11_100.jpg,dirty_positive,1,0.99551900,dirty_positive,0.20
11,11,dirty_positive/dirty_11_101.jpg,dirty_positive,1,0.32030365,dirty_positive,0.20
11,11,dirty_positive/dirty_11_102.jpg,dirty_positive,1,0.81319216,dirty_positive,0.20
11,11,dirty_positive/dirty_11_103.jpg,dirty_positive,1,0.53889477,dirty_positive,0.20
11,11,dirty_positive/dirty_11_104.jpg,dirty_positive,1,0.21880160,dirty_positive,0.20
11,11,dirty_positive/dirty_11_105.jpg,dirty_positive,1,0.94646139,dirty_positive,0.20
11,11,dirty_positive/dirty_11_106.jpg,dirty_positive,1,0.97251099,dirty_positive,0.20
11,11,dirty_positive/dirty_11_107.jpg,dirty_positive,1,0.98801163,dirty_positive,0.20
11,11,dirty_positive/dirty_11_108.jpg,dirty_positive,1,0.94038481,dirty_positive,0.20
11,11,dirty_positive/dirty_11_109.jpg,dirty_positive,1,0.97286390,dirty_positive,0.20
11,11,dirty_positive/dirty_11_110.jpg,dirty_positive,1,0.98835005,dirty_positive,0.20
11,11,dirty_positive/dirty_11_111.jpg,dirty_positive,1,0.99820610,dirty_positive,0.20
11,11,dirty_positive/dirty_11_112.jpg,dirty_positive,1,0.99006898,dirty_positive,0.20
11,11,dirty_positive/dirty_11_113.jpg,dirty_positive,1,0.99215913,dirty_positive,0.20
11,11,dirty_positive/dirty_11_114.jpg,dirty_positive,1,0.99227995,dirty_positive,0.20
11,11,dirty_positive/dirty_11_115.jpg,dirty_positive,1,0.99791448,dirty_positive,0.20
11,11,dirty_positive/dirty_11_116.jpg,dirty_positive,1,0.99993540,dirty_positive,0.20
11,11,dirty_positive/dirty_11_117.jpg,dirty_positive,1,0.04556148,clean_negative,0.20
11,11,dirty_positive/dirty_11_118.jpg,dirty_positive,1,0.04627748,clean_negative,0.20
11,11,dirty_positive/dirty_11_119.jpg,dirty_positive,1,0.01751597,clean_negative,0.20
11,11,dirty_positive/dirty_11_120.jpg,dirty_positive,1,0.02972938,clean_negative,0.20
11,11,dirty_positive/dirty_11_121.jpg,dirty_positive,1,0.50238036,dirty_positive,0.20
11,11,dirty_positive/dirty_11_122.jpg,dirty_positive,1,0.21714707,dirty_positive,0.20
11,11,dirty_positive/dirty_11_123.jpg,dirty_positive,1,0.32798176,dirty_positive,0.20
11,11,dirty_positive/dirty_11_124.jpg,dirty_positive,1,0.10232971,clean_negative,0.20
12,12,clean_negative/clean_12_1.jpg,clean_negative,0,0.01459938,clean_negative,0.20
12,12,clean_negative/clean_12_2.jpg,clean_negative,0,0.01673370,clean_negative,0.20
12,12,clean_negative/clean_12_3.jpg,clean_negative,0,0.08193517,clean_negative,0.20
12,12,clean_negative/clean_12_4.jpg,clean_negative,0,0.09678142,clean_negative,0.20
12,12,clean_negative/clean_12_5.jpg,clean_negative,0,0.17538819,clean_negative,0.20
12,12,clean_negative/clean_12_6.jpg,clean_negative,0,0.19421691,clean_negative,0.20
12,12,clean_negative/clean_12_7.jpg,clean_negative,0,0.83424589,dirty_positive,0.20
12,12,clean_negative/clean_12_8.jpg,clean_negative,0,0.87384205,dirty_positive,0.20
12,12,clean_negative/clean_12_9.jpg,clean_negative,0,0.85439382,dirty_positive,0.20
12,12,clean_negative/clean_12_10.jpg,clean_negative,0,0.84425655,dirty_positive,0.20
12,12,clean_negative/clean_12_11.jpg,clean_negative,0,0.87568609,dirty_positive,0.20
12,12,clean_negative/clean_12_12.jpg,clean_negative,0,0.88551392,dirty_positive,0.20
12,12,clean_negative/clean_12_13.jpg,clean_negative,0,0.88032420,dirty_positive,0.20
12,12,clean_negative/clean_12_14.jpg,clean_negative,0,0.86185988,dirty_positive,0.20
12,12,clean_negative/clean_12_15.jpg,clean_negative,0,0.86068460,dirty_positive,0.20
12,12,clean_negative/clean_12_16.jpg,clean_negative,0,0.73380576,dirty_positive,0.20
12,12,clean_negative/clean_12_17.jpg,clean_negative,0,0.84240177,dirty_positive,0.20
12,12,clean_negative/clean_12_18.jpg,clean_negative,0,0.82196237,dirty_positive,0.20
12,12,clean_negative/clean_12_19.jpg,clean_negative,0,0.80464449,dirty_positive,0.20
12,12,clean_negative/clean_12_20.jpg,clean_negative,0,0.74793630,dirty_positive,0.20
12,12,clean_negative/clean_12_21.jpg,clean_negative,0,0.41116526,dirty_positive,0.20
12,12,clean_negative/clean_12_22.jpg,clean_negative,0,0.53671069,dirty_positive,0.20
12,12,clean_negative/clean_12_23.jpg,clean_negative,0,0.58732267,dirty_positive,0.20
12,12,clean_negative/clean_12_24.jpg,clean_negative,0,0.38003331,dirty_positive,0.20
12,12,clean_negative/clean_12_25.jpg,clean_negative,0,0.14679713,clean_negative,0.20
12,12,clean_negative/clean_12_26.jpg,clean_negative,0,0.45465590,dirty_positive,0.20
12,12,clean_negative/clean_12_27.jpg,clean_negative,0,0.23792639,dirty_positive,0.20
12,12,clean_negative/clean_12_28.jpg,clean_negative,0,0.10199715,clean_negative,0.20
12,12,clean_negative/clean_12_29.jpg,clean_negative,0,0.03559253,clean_negative,0.20
12,12,clean_negative/clean_12_30.jpg,clean_negative,0,0.02058909,clean_negative,0.20
12,12,clean_negative/clean_12_31.jpg,clean_negative,0,0.00178357,clean_negative,0.20
12,12,clean_negative/clean_12_32.jpg,clean_negative,0,0.02811569,clean_negative,0.20
12,12,clean_negative/clean_12_33.jpg,clean_negative,0,0.10239191,clean_negative,0.20
12,12,clean_negative/clean_12_34.jpg,clean_negative,0,0.05496719,clean_negative,0.20
12,12,clean_negative/clean_12_35.jpg,clean_negative,0,0.05184748,clean_negative,0.20
12,12,clean_negative/clean_12_36.jpg,clean_negative,0,0.13085315,clean_negative,0.20
12,12,clean_negative/clean_12_37.jpg,clean_negative,0,0.06021302,clean_negative,0.20
12,12,clean_negative/clean_12_38.jpg,clean_negative,0,0.01806240,clean_negative,0.20
12,12,clean_negative/clean_12_39.jpg,clean_negative,0,0.00550918,clean_negative,0.20
12,12,clean_negative/clean_12_40.jpg,clean_negative,0,0.00061759,clean_negative,0.20
12,12,clean_negative/clean_12_41.jpg,clean_negative,0,0.01985981,clean_negative,0.20
12,12,clean_negative/clean_12_42.jpg,clean_negative,0,0.00447093,clean_negative,0.20
12,12,clean_negative/clean_12_43.jpg,clean_negative,0,0.00679128,clean_negative,0.20
12,12,clean_negative/clean_12_44.jpg,clean_negative,0,0.01152259,clean_negative,0.20
12,12,clean_negative/clean_12_45.jpg,clean_negative,0,0.00715606,clean_negative,0.20
12,12,clean_negative/clean_12_46.jpg,clean_negative,0,0.03158714,clean_negative,0.20
12,12,clean_negative/clean_12_47.jpg,clean_negative,0,0.02172915,clean_negative,0.20
12,12,clean_negative/clean_12_48.jpg,clean_negative,0,0.00532971,clean_negative,0.20
12,12,clean_negative/clean_12_49.jpg,clean_negative,0,0.00014599,clean_negative,0.20
12,12,clean_negative/clean_12_50.jpg,clean_negative,0,0.00010841,clean_negative,0.20
12,12,clean_negative/clean_12_51.jpg,clean_negative,0,0.37331902,dirty_positive,0.20
12,12,clean_negative/clean_12_52.jpg,clean_negative,0,0.35802584,dirty_positive,0.20
12,12,clean_negative/clean_12_53.jpg,clean_negative,0,0.35755640,dirty_positive,0.20
12,12,dirty_positive/dirty_12_1.jpg,dirty_positive,1,0.43004096,dirty_positive,0.20
12,12,dirty_positive/dirty_12_2.jpg,dirty_positive,1,0.15054470,clean_negative,0.20
12,12,dirty_positive/dirty_12_3.jpg,dirty_positive,1,0.58476256,dirty_positive,0.20
12,12,dirty_positive/dirty_12_4.jpg,dirty_positive,1,0.89042228,dirty_positive,0.20
12,12,dirty_positive/dirty_12_5.jpg,dirty_positive,1,0.76172383,dirty_positive,0.20
12,12,dirty_positive/dirty_12_6.jpg,dirty_positive,1,0.96328437,dirty_positive,0.20
12,12,dirty_positive/dirty_12_7.jpg,dirty_positive,1,0.96547949,dirty_positive,0.20
12,12,dirty_positive/dirty_12_8.jpg,dirty_positive,1,0.81569173,dirty_positive,0.20
12,12,dirty_positive/dirty_12_9.jpg,dirty_positive,1,0.98919742,dirty_positive,0.20
12,12,dirty_positive/dirty_12_10.jpg,dirty_positive,1,0.99665898,dirty_positive,0.20
12,12,dirty_positive/dirty_12_11.jpg,dirty_positive,1,0.99861180,dirty_positive,0.20
12,12,dirty_positive/dirty_12_12.jpg,dirty_positive,1,0.87830280,dirty_positive,0.20
12,12,dirty_positive/dirty_12_13.jpg,dirty_positive,1,0.97658343,dirty_positive,0.20
12,12,dirty_positive/dirty_12_14.jpg,dirty_positive,1,0.98062201,dirty_positive,0.20
12,12,dirty_positive/dirty_12_15.jpg,dirty_positive,1,0.97467911,dirty_positive,0.20
12,12,dirty_positive/dirty_12_16.jpg,dirty_positive,1,0.97729474,dirty_positive,0.20
12,12,dirty_positive/dirty_12_17.jpg,dirty_positive,1,0.67748164,dirty_positive,0.20
12,12,dirty_positive/dirty_12_18.jpg,dirty_positive,1,0.59701445,dirty_positive,0.20
12,12,dirty_positive/dirty_12_19.jpg,dirty_positive,1,0.51619249,dirty_positive,0.20
12,12,dirty_positive/dirty_12_20.jpg,dirty_positive,1,0.98103720,dirty_positive,0.20
12,12,dirty_positive/dirty_12_21.jpg,dirty_positive,1,0.97725680,dirty_positive,0.20
12,12,dirty_positive/dirty_12_22.jpg,dirty_positive,1,0.98285984,dirty_positive,0.20
12,12,dirty_positive/dirty_12_23.jpg,dirty_positive,1,0.71133762,dirty_positive,0.20
12,12,dirty_positive/dirty_12_24.jpg,dirty_positive,1,0.94831943,dirty_positive,0.20
12,12,dirty_positive/dirty_12_25.jpg,dirty_positive,1,0.98298963,dirty_positive,0.20
12,12,dirty_positive/dirty_12_26.jpg,dirty_positive,1,0.97168669,dirty_positive,0.20
12,12,dirty_positive/dirty_12_27.jpg,dirty_positive,1,0.96302575,dirty_positive,0.20
12,12,dirty_positive/dirty_12_28.jpg,dirty_positive,1,0.98764324,dirty_positive,0.20
12,12,dirty_positive/dirty_12_29.jpg,dirty_positive,1,0.95009621,dirty_positive,0.20
12,12,dirty_positive/dirty_12_30.jpg,dirty_positive,1,0.93130969,dirty_positive,0.20
12,12,dirty_positive/dirty_12_31.jpg,dirty_positive,1,0.97366671,dirty_positive,0.20
12,12,dirty_positive/dirty_12_32.jpg,dirty_positive,1,0.88417801,dirty_positive,0.20
12,12,dirty_positive/dirty_12_33.jpg,dirty_positive,1,0.87668599,dirty_positive,0.20
12,12,dirty_positive/dirty_12_34.jpg,dirty_positive,1,0.94628822,dirty_positive,0.20
12,12,dirty_positive/dirty_12_35.jpg,dirty_positive,1,0.84641967,dirty_positive,0.20
12,12,dirty_positive/dirty_12_36.jpg,dirty_positive,1,0.96005636,dirty_positive,0.20
12,12,dirty_positive/dirty_12_37.jpg,dirty_positive,1,0.98978903,dirty_positive,0.20
12,12,dirty_positive/dirty_12_38.jpg,dirty_positive,1,0.97927136,dirty_positive,0.20
12,12,dirty_positive/dirty_12_39.jpg,dirty_positive,1,0.99065439,dirty_positive,0.20
12,12,dirty_positive/dirty_12_40.jpg,dirty_positive,1,0.97697394,dirty_positive,0.20
12,12,dirty_positive/dirty_12_41.jpg,dirty_positive,1,0.87715115,dirty_positive,0.20
12,12,dirty_positive/dirty_12_42.jpg,dirty_positive,1,0.32696858,dirty_positive,0.20
12,12,dirty_positive/dirty_12_43.jpg,dirty_positive,1,0.50197977,dirty_positive,0.20
12,12,dirty_positive/dirty_12_44.jpg,dirty_positive,1,0.99021888,dirty_positive,0.20
12,12,dirty_positive/dirty_12_45.jpg,dirty_positive,1,0.97466839,dirty_positive,0.20
12,12,dirty_positive/dirty_12_46.jpg,dirty_positive,1,0.97002515,dirty_positive,0.20
12,12,dirty_positive/dirty_12_47.jpg,dirty_positive,1,0.98289542,dirty_positive,0.20
12,12,dirty_positive/dirty_12_48.jpg,dirty_positive,1,0.97583571,dirty_positive,0.20
12,12,dirty_positive/dirty_12_49.jpg,dirty_positive,1,0.97385432,dirty_positive,0.20
12,12,dirty_positive/dirty_12_50.jpg,dirty_positive,1,0.98051505,dirty_positive,0.20
12,12,dirty_positive/dirty_12_51.jpg,dirty_positive,1,0.95809850,dirty_positive,0.20
12,12,dirty_positive/dirty_12_52.jpg,dirty_positive,1,0.93869887,dirty_positive,0.20
12,12,dirty_positive/dirty_12_53.jpg,dirty_positive,1,0.96537795,dirty_positive,0.20
12,12,dirty_positive/dirty_12_54.jpg,dirty_positive,1,0.97864237,dirty_positive,0.20
12,12,dirty_positive/dirty_12_55.jpg,dirty_positive,1,0.98411880,dirty_positive,0.20
12,12,dirty_positive/dirty_12_56.jpg,dirty_positive,1,0.97906511,dirty_positive,0.20
12,12,dirty_positive/dirty_12_57.jpg,dirty_positive,1,0.95810980,dirty_positive,0.20
12,12,dirty_positive/dirty_12_58.jpg,dirty_positive,1,0.96315919,dirty_positive,0.20
12,12,dirty_positive/dirty_12_59.jpg,dirty_positive,1,0.98860792,dirty_positive,0.20
12,12,dirty_positive/dirty_12_60.jpg,dirty_positive,1,0.97525138,dirty_positive,0.20
12,12,dirty_positive/dirty_12_61.jpg,dirty_positive,1,0.95261706,dirty_positive,0.20
12,12,dirty_positive/dirty_12_62.jpg,dirty_positive,1,0.54074443,dirty_positive,0.20
12,12,dirty_positive/dirty_12_63.jpg,dirty_positive,1,0.62492405,dirty_positive,0.20
12,12,dirty_positive/dirty_12_64.jpg,dirty_positive,1,0.94880841,dirty_positive,0.20
12,12,dirty_positive/dirty_12_65.jpg,dirty_positive,1,0.71511363,dirty_positive,0.20
12,12,dirty_positive/dirty_12_66.jpg,dirty_positive,1,0.80135037,dirty_positive,0.20
12,12,dirty_positive/dirty_12_67.jpg,dirty_positive,1,0.80340169,dirty_positive,0.20
12,12,dirty_positive/dirty_12_68.jpg,dirty_positive,1,0.64471519,dirty_positive,0.20
12,12,dirty_positive/dirty_12_69.jpg,dirty_positive,1,0.95438569,dirty_positive,0.20
12,12,dirty_positive/dirty_12_70.jpg,dirty_positive,1,0.81763807,dirty_positive,0.20
12,12,dirty_positive/dirty_12_71.jpg,dirty_positive,1,0.94851559,dirty_positive,0.20
12,12,dirty_positive/dirty_12_72.jpg,dirty_positive,1,0.94891221,dirty_positive,0.20
12,12,dirty_positive/dirty_12_73.jpg,dirty_positive,1,0.76399765,dirty_positive,0.20
12,12,dirty_positive/dirty_12_74.jpg,dirty_positive,1,0.85070907,dirty_positive,0.20
12,12,dirty_positive/dirty_12_75.jpg,dirty_positive,1,0.98897995,dirty_positive,0.20
12,12,dirty_positive/dirty_12_76.jpg,dirty_positive,1,0.80416662,dirty_positive,0.20
12,12,dirty_positive/dirty_12_77.jpg,dirty_positive,1,0.73743675,dirty_positive,0.20
12,12,dirty_positive/dirty_12_78.jpg,dirty_positive,1,0.98233352,dirty_positive,0.20
12,12,dirty_positive/dirty_12_79.jpg,dirty_positive,1,0.75030910,dirty_positive,0.20
12,12,dirty_positive/dirty_12_80.jpg,dirty_positive,1,0.98184677,dirty_positive,0.20
12,12,dirty_positive/dirty_12_81.jpg,dirty_positive,1,0.91364085,dirty_positive,0.20
12,12,dirty_positive/dirty_12_82.jpg,dirty_positive,1,0.95669779,dirty_positive,0.20
12,12,dirty_positive/dirty_12_83.jpg,dirty_positive,1,0.97677451,dirty_positive,0.20
12,12,dirty_positive/dirty_12_84.jpg,dirty_positive,1,0.97335695,dirty_positive,0.20
12,12,dirty_positive/dirty_12_85.jpg,dirty_positive,1,0.98389584,dirty_positive,0.20
12,12,dirty_positive/dirty_12_86.jpg,dirty_positive,1,0.87942062,dirty_positive,0.20
12,12,dirty_positive/dirty_12_87.jpg,dirty_positive,1,0.92690880,dirty_positive,0.20
12,12,dirty_positive/dirty_12_88.jpg,dirty_positive,1,0.90051415,dirty_positive,0.20
12,12,dirty_positive/dirty_12_89.jpg,dirty_positive,1,0.99388404,dirty_positive,0.20
12,12,dirty_positive/dirty_12_90.jpg,dirty_positive,1,0.98509346,dirty_positive,0.20
12,12,dirty_positive/dirty_12_91.jpg,dirty_positive,1,0.96070020,dirty_positive,0.20
12,12,dirty_positive/dirty_12_92.jpg,dirty_positive,1,0.97707800,dirty_positive,0.20
12,12,dirty_positive/dirty_12_93.jpg,dirty_positive,1,0.86427650,dirty_positive,0.20
12,12,dirty_positive/dirty_12_94.jpg,dirty_positive,1,0.81288146,dirty_positive,0.20
12,12,dirty_positive/dirty_12_95.jpg,dirty_positive,1,0.72102735,dirty_positive,0.20
12,12,dirty_positive/dirty_12_96.jpg,dirty_positive,1,0.85047210,dirty_positive,0.20
12,12,dirty_positive/dirty_12_97.jpg,dirty_positive,1,0.83363711,dirty_positive,0.20
12,12,dirty_positive/dirty_12_98.jpg,dirty_positive,1,0.99074115,dirty_positive,0.20
12,12,dirty_positive/dirty_12_99.jpg,dirty_positive,1,0.86330637,dirty_positive,0.20
12,12,dirty_positive/dirty_12_100.jpg,dirty_positive,1,0.98696547,dirty_positive,0.20
12,12,dirty_positive/dirty_12_101.jpg,dirty_positive,1,0.70825754,dirty_positive,0.20
12,12,dirty_positive/dirty_12_102.jpg,dirty_positive,1,0.90451342,dirty_positive,0.20
12,12,dirty_positive/dirty_12_103.jpg,dirty_positive,1,0.76008182,dirty_positive,0.20
12,12,dirty_positive/dirty_12_104.jpg,dirty_positive,1,0.83492118,dirty_positive,0.20
12,12,dirty_positive/dirty_12_105.jpg,dirty_positive,1,0.99193130,dirty_positive,0.20
12,12,dirty_positive/dirty_12_106.jpg,dirty_positive,1,0.73562160,dirty_positive,0.20
12,12,dirty_positive/dirty_12_107.jpg,dirty_positive,1,0.78092704,dirty_positive,0.20
12,12,dirty_positive/dirty_12_108.jpg,dirty_positive,1,0.99023277,dirty_positive,0.20
12,12,dirty_positive/dirty_12_109.jpg,dirty_positive,1,0.95991303,dirty_positive,0.20
12,12,dirty_positive/dirty_12_110.jpg,dirty_positive,1,0.92574322,dirty_positive,0.20
12,12,dirty_positive/dirty_12_111.jpg,dirty_positive,1,0.88496213,dirty_positive,0.20
12,12,dirty_positive/dirty_12_112.jpg,dirty_positive,1,0.25750242,dirty_positive,0.20
12,12,dirty_positive/dirty_12_113.jpg,dirty_positive,1,0.53272594,dirty_positive,0.20
12,12,dirty_positive/dirty_12_114.jpg,dirty_positive,1,0.79232269,dirty_positive,0.20
12,12,dirty_positive/dirty_12_115.jpg,dirty_positive,1,0.41452439,dirty_positive,0.20
12,12,dirty_positive/dirty_12_116.jpg,dirty_positive,1,0.81549573,dirty_positive,0.20
12,12,dirty_positive/dirty_12_117.jpg,dirty_positive,1,0.94005847,dirty_positive,0.20
12,12,dirty_positive/dirty_12_118.jpg,dirty_positive,1,0.89305190,dirty_positive,0.20
12,12,dirty_positive/dirty_12_119.jpg,dirty_positive,1,0.97598831,dirty_positive,0.20
12,12,dirty_positive/dirty_12_120.jpg,dirty_positive,1,0.79936639,dirty_positive,0.20
12,12,dirty_positive/dirty_12_121.jpg,dirty_positive,1,0.46341969,dirty_positive,0.20
12,12,dirty_positive/dirty_12_122.jpg,dirty_positive,1,0.99798918,dirty_positive,0.20
12,12,dirty_positive/dirty_12_123.jpg,dirty_positive,1,0.47254070,dirty_positive,0.20
12,12,dirty_positive/dirty_12_124.jpg,dirty_positive,1,0.59088592,dirty_positive,0.20
12,12,dirty_positive/dirty_12_125.jpg,dirty_positive,1,0.99725464,dirty_positive,0.20
12,12,dirty_positive/dirty_12_126.jpg,dirty_positive,1,0.95231797,dirty_positive,0.20
12,12,dirty_positive/dirty_12_127.jpg,dirty_positive,1,0.94808275,dirty_positive,0.20
12,12,dirty_positive/dirty_12_128.jpg,dirty_positive,1,0.95111343,dirty_positive,0.20
12,12,dirty_positive/dirty_12_129.jpg,dirty_positive,1,0.64409762,dirty_positive,0.20
12,12,dirty_positive/dirty_12_130.jpg,dirty_positive,1,0.60952354,dirty_positive,0.20
12,12,dirty_positive/dirty_12_131.jpg,dirty_positive,1,0.39148737,dirty_positive,0.20
12,12,dirty_positive/dirty_12_132.jpg,dirty_positive,1,0.81682465,dirty_positive,0.20
12,12,dirty_positive/dirty_12_133.jpg,dirty_positive,1,0.99761347,dirty_positive,0.20
12,12,dirty_positive/dirty_12_134.jpg,dirty_positive,1,0.99650694,dirty_positive,0.20
12,12,dirty_positive/dirty_12_135.jpg,dirty_positive,1,0.98783683,dirty_positive,0.20
12,12,dirty_positive/dirty_12_136.jpg,dirty_positive,1,0.99638628,dirty_positive,0.20
12,12,dirty_positive/dirty_12_137.jpg,dirty_positive,1,0.99171845,dirty_positive,0.20
12,12,dirty_positive/dirty_12_138.jpg,dirty_positive,1,0.99062498,dirty_positive,0.20
12,12,dirty_positive/dirty_12_139.jpg,dirty_positive,1,0.98353016,dirty_positive,0.20
12,12,dirty_positive/dirty_12_140.jpg,dirty_positive,1,0.98879145,dirty_positive,0.20
12,12,dirty_positive/dirty_12_141.jpg,dirty_positive,1,0.84620388,dirty_positive,0.20
12,12,dirty_positive/dirty_12_142.jpg,dirty_positive,1,0.81108637,dirty_positive,0.20
12,12,dirty_positive/dirty_12_143.jpg,dirty_positive,1,0.80705222,dirty_positive,0.20
12,12,dirty_positive/dirty_12_144.jpg,dirty_positive,1,0.92608847,dirty_positive,0.20
12,12,dirty_positive/dirty_12_145.jpg,dirty_positive,1,0.98833173,dirty_positive,0.20
12,12,dirty_positive/dirty_12_146.jpg,dirty_positive,1,0.97696160,dirty_positive,0.20
12,12,dirty_positive/dirty_12_147.jpg,dirty_positive,1,0.99667460,dirty_positive,0.20
12,12,dirty_positive/dirty_12_148.jpg,dirty_positive,1,0.98491103,dirty_positive,0.20
12,12,dirty_positive/dirty_12_149.jpg,dirty_positive,1,0.88420409,dirty_positive,0.20
12,12,dirty_positive/dirty_12_150.jpg,dirty_positive,1,0.88322836,dirty_positive,0.20
12,12,dirty_positive/dirty_12_151.jpg,dirty_positive,1,0.68698470,dirty_positive,0.20
12,12,dirty_positive/dirty_12_152.jpg,dirty_positive,1,0.91362594,dirty_positive,0.20
12,12,dirty_positive/dirty_12_153.jpg,dirty_positive,1,0.72805511,dirty_positive,0.20
12,12,dirty_positive/dirty_12_154.jpg,dirty_positive,1,0.66218363,dirty_positive,0.20
12,12,dirty_positive/dirty_12_155.jpg,dirty_positive,1,0.92728112,dirty_positive,0.20
12,12,dirty_positive/dirty_12_156.jpg,dirty_positive,1,0.88359689,dirty_positive,0.20
13,13,clean_negative/clean_13_1.jpg,clean_negative,0,0.00949415,clean_negative,0.55
13,13,clean_negative/clean_13_2.jpg,clean_negative,0,0.01069041,clean_negative,0.55
13,13,clean_negative/clean_13_3.jpg,clean_negative,0,0.01385006,clean_negative,0.55
13,13,clean_negative/clean_13_4.jpg,clean_negative,0,0.03516325,clean_negative,0.55
13,13,clean_negative/clean_13_5.jpg,clean_negative,0,0.07362971,clean_negative,0.55
13,13,clean_negative/clean_13_6.jpg,clean_negative,0,0.09910951,clean_negative,0.55
13,13,clean_negative/clean_13_7.jpg,clean_negative,0,0.11303274,clean_negative,0.55
13,13,clean_negative/clean_13_8.jpg,clean_negative,0,0.09198363,clean_negative,0.55
13,13,clean_negative/clean_13_9.jpg,clean_negative,0,0.07970065,clean_negative,0.55
13,13,clean_negative/clean_13_10.jpg,clean_negative,0,0.09221143,clean_negative,0.55
13,13,clean_negative/clean_13_11.jpg,clean_negative,0,0.12549065,clean_negative,0.55
13,13,clean_negative/clean_13_12.jpg,clean_negative,0,0.20976842,clean_negative,0.55
13,13,clean_negative/clean_13_13.jpg,clean_negative,0,0.31780915,clean_negative,0.55
13,13,clean_negative/clean_13_14.jpg,clean_negative,0,0.48758707,clean_negative,0.55
13,13,clean_negative/clean_13_15.jpg,clean_negative,0,0.59694394,dirty_positive,0.55
13,13,clean_negative/clean_13_16.jpg,clean_negative,0,0.81823321,dirty_positive,0.55
13,13,clean_negative/clean_13_17.jpg,clean_negative,0,0.86557918,dirty_positive,0.55
13,13,clean_negative/clean_13_18.jpg,clean_negative,0,0.91839086,dirty_positive,0.55
13,13,clean_negative/clean_13_19.jpg,clean_negative,0,0.93227242,dirty_positive,0.55
13,13,clean_negative/clean_13_20.jpg,clean_negative,0,0.00491600,clean_negative,0.55
13,13,clean_negative/clean_13_21.jpg,clean_negative,0,0.02601154,clean_negative,0.55
13,13,clean_negative/clean_13_22.jpg,clean_negative,0,0.03385472,clean_negative,0.55
13,13,clean_negative/clean_13_23.jpg,clean_negative,0,0.04556205,clean_negative,0.55
13,13,clean_negative/clean_13_24.jpg,clean_negative,0,0.09693140,clean_negative,0.55
13,13,clean_negative/clean_13_25.jpg,clean_negative,0,0.11833489,clean_negative,0.55
13,13,clean_negative/clean_13_26.jpg,clean_negative,0,0.14220600,clean_negative,0.55
13,13,clean_negative/clean_13_27.jpg,clean_negative,0,0.14532825,clean_negative,0.55
13,13,clean_negative/clean_13_28.jpg,clean_negative,0,0.05201768,clean_negative,0.55
13,13,clean_negative/clean_13_29.jpg,clean_negative,0,0.03445629,clean_negative,0.55
13,13,clean_negative/clean_13_30.jpg,clean_negative,0,0.02275697,clean_negative,0.55
13,13,clean_negative/clean_13_31.jpg,clean_negative,0,0.02879564,clean_negative,0.55
13,13,clean_negative/clean_13_32.jpg,clean_negative,0,0.04313375,clean_negative,0.55
13,13,clean_negative/clean_13_33.jpg,clean_negative,0,0.06458048,clean_negative,0.55
13,13,clean_negative/clean_13_34.jpg,clean_negative,0,0.11121215,clean_negative,0.55
13,13,clean_negative/clean_13_35.jpg,clean_negative,0,0.17796199,clean_negative,0.55
13,13,clean_negative/clean_13_36.jpg,clean_negative,0,0.30152752,clean_negative,0.55
13,13,clean_negative/clean_13_37.jpg,clean_negative,0,0.36130983,clean_negative,0.55
13,13,clean_negative/clean_13_38.jpg,clean_negative,0,0.52694577,clean_negative,0.55
13,13,clean_negative/clean_13_39.jpg,clean_negative,0,0.00527682,clean_negative,0.55
13,13,clean_negative/clean_13_40.jpg,clean_negative,0,0.02136960,clean_negative,0.55
13,13,clean_negative/clean_13_41.jpg,clean_negative,0,0.06274847,clean_negative,0.55
13,13,clean_negative/clean_13_42.jpg,clean_negative,0,0.07624639,clean_negative,0.55
13,13,clean_negative/clean_13_43.jpg,clean_negative,0,0.08828039,clean_negative,0.55
13,13,clean_negative/clean_13_44.jpg,clean_negative,0,0.55825347,dirty_positive,0.55
13,13,clean_negative/clean_13_45.jpg,clean_negative,0,0.45869817,clean_negative,0.55
13,13,clean_negative/clean_13_46.jpg,clean_negative,0,0.21485081,clean_negative,0.55
13,13,clean_negative/clean_13_47.jpg,clean_negative,0,0.04798150,clean_negative,0.55
13,13,clean_negative/clean_13_48.jpg,clean_negative,0,0.01974067,clean_negative,0.55
13,13,clean_negative/clean_13_49.jpg,clean_negative,0,0.01053124,clean_negative,0.55
13,13,clean_negative/clean_13_50.jpg,clean_negative,0,0.00671748,clean_negative,0.55
13,13,clean_negative/clean_13_51.jpg,clean_negative,0,0.00522519,clean_negative,0.55
13,13,clean_negative/clean_13_52.jpg,clean_negative,0,0.00520145,clean_negative,0.55
13,13,clean_negative/clean_13_53.jpg,clean_negative,0,0.00561201,clean_negative,0.55
13,13,clean_negative/clean_13_54.jpg,clean_negative,0,0.00957688,clean_negative,0.55
13,13,clean_negative/clean_13_55.jpg,clean_negative,0,0.01814450,clean_negative,0.55
13,13,clean_negative/clean_13_56.jpg,clean_negative,0,0.05485358,clean_negative,0.55
13,13,clean_negative/clean_13_57.jpg,clean_negative,0,0.08400508,clean_negative,0.55
13,13,clean_negative/clean_13_58.jpg,clean_negative,0,0.12673149,clean_negative,0.55
13,13,clean_negative/clean_13_59.jpg,clean_negative,0,0.44062444,clean_negative,0.55
13,13,clean_negative/clean_13_60.jpg,clean_negative,0,0.30437383,clean_negative,0.55
13,13,clean_negative/clean_13_61.jpg,clean_negative,0,0.17706375,clean_negative,0.55
13,13,clean_negative/clean_13_62.jpg,clean_negative,0,0.03682287,clean_negative,0.55
13,13,clean_negative/clean_13_63.jpg,clean_negative,0,0.01652385,clean_negative,0.55
13,13,clean_negative/clean_13_64.jpg,clean_negative,0,0.00562431,clean_negative,0.55
13,13,clean_negative/clean_13_65.jpg,clean_negative,0,0.00413698,clean_negative,0.55
13,13,clean_negative/clean_13_66.jpg,clean_negative,0,0.00472226,clean_negative,0.55
13,13,clean_negative/clean_13_67.jpg,clean_negative,0,0.00485186,clean_negative,0.55
13,13,clean_negative/clean_13_68.jpg,clean_negative,0,0.00878053,clean_negative,0.55
13,13,clean_negative/clean_13_69.jpg,clean_negative,0,0.00897540,clean_negative,0.55
13,13,clean_negative/clean_13_70.jpg,clean_negative,0,0.00920129,clean_negative,0.55
13,13,clean_negative/clean_13_71.jpg,clean_negative,0,0.00957051,clean_negative,0.55
13,13,clean_negative/clean_13_72.jpg,clean_negative,0,0.03233461,clean_negative,0.55
13,13,clean_negative/clean_13_73.jpg,clean_negative,0,0.11932591,clean_negative,0.55
13,13,clean_negative/clean_13_74.jpg,clean_negative,0,0.12140025,clean_negative,0.55
13,13,clean_negative/clean_13_75.jpg,clean_negative,0,0.04662440,clean_negative,0.55
13,13,clean_negative/clean_13_76.jpg,clean_negative,0,0.00536068,clean_negative,0.55
13,13,clean_negative/clean_13_77.jpg,clean_negative,0,0.02489472,clean_negative,0.55
13,13,clean_negative/clean_13_78.jpg,clean_negative,0,0.01191425,clean_negative,0.55
13,13,clean_negative/clean_13_79.jpg,clean_negative,0,0.02234217,clean_negative,0.55
13,13,clean_negative/clean_13_80.jpg,clean_negative,0,0.03547342,clean_negative,0.55
13,13,clean_negative/clean_13_81.jpg,clean_negative,0,0.01042596,clean_negative,0.55
13,13,clean_negative/clean_13_82.jpg,clean_negative,0,0.01450183,clean_negative,0.55
13,13,clean_negative/clean_13_83.jpg,clean_negative,0,0.00481362,clean_negative,0.55
13,13,clean_negative/clean_13_84.jpg,clean_negative,0,0.00320741,clean_negative,0.55
13,13,clean_negative/clean_13_85.jpg,clean_negative,0,0.01713128,clean_negative,0.55
13,13,clean_negative/clean_13_86.jpg,clean_negative,0,0.00469317,clean_negative,0.55
13,13,clean_negative/clean_13_87.jpg,clean_negative,0,0.01842049,clean_negative,0.55
13,13,clean_negative/clean_13_88.jpg,clean_negative,0,0.01008047,clean_negative,0.55
13,13,clean_negative/clean_13_89.jpg,clean_negative,0,0.15984052,clean_negative,0.55
13,13,clean_negative/clean_13_90.jpg,clean_negative,0,0.06966602,clean_negative,0.55
13,13,clean_negative/clean_13_91.jpg,clean_negative,0,0.00000034,clean_negative,0.55
13,13,clean_negative/clean_13_92.jpg,clean_negative,0,0.00000050,clean_negative,0.55
13,13,clean_negative/clean_13_93.jpg,clean_negative,0,0.00000841,clean_negative,0.55
13,13,clean_negative/clean_13_94.jpg,clean_negative,0,0.00000000,clean_negative,0.55
13,13,clean_negative/clean_13_95.jpg,clean_negative,0,0.00000000,clean_negative,0.55
13,13,clean_negative/clean_13_96.jpg,clean_negative,0,0.00000010,clean_negative,0.55
13,13,clean_negative/clean_13_97.jpg,clean_negative,0,0.25829253,clean_negative,0.55
13,13,clean_negative/clean_13_98.jpg,clean_negative,0,0.21237040,clean_negative,0.55
13,13,clean_negative/clean_13_99.jpg,clean_negative,0,0.32765218,clean_negative,0.55
13,13,clean_negative/clean_13_100.jpg,clean_negative,0,0.10532610,clean_negative,0.55
13,13,clean_negative/clean_13_101.jpg,clean_negative,0,0.14463959,clean_negative,0.55
13,13,clean_negative/clean_13_102.jpg,clean_negative,0,0.00000000,clean_negative,0.55
13,13,clean_negative/clean_13_103.jpg,clean_negative,0,0.00000000,clean_negative,0.55
13,13,clean_negative/clean_13_104.jpg,clean_negative,0,0.00000000,clean_negative,0.55
13,13,clean_negative/clean_13_105.jpg,clean_negative,0,0.16367625,clean_negative,0.55
13,13,clean_negative/clean_13_106.jpg,clean_negative,0,0.14532425,clean_negative,0.55
13,13,clean_negative/clean_13_107.jpg,clean_negative,0,0.11507339,clean_negative,0.55
13,13,clean_negative/clean_13_108.jpg,clean_negative,0,0.16565381,clean_negative,0.55
13,13,clean_negative/clean_13_109.jpg,clean_negative,0,0.18312755,clean_negative,0.55
13,13,clean_negative/clean_13_110.jpg,clean_negative,0,0.00118324,clean_negative,0.55
13,13,clean_negative/clean_13_111.jpg,clean_negative,0,0.00449889,clean_negative,0.55
13,13,clean_negative/clean_13_112.jpg,clean_negative,0,0.00833941,clean_negative,0.55
13,13,clean_negative/clean_13_113.jpg,clean_negative,0,0.03768139,clean_negative,0.55
13,13,clean_negative/clean_13_114.jpg,clean_negative,0,0.20598617,clean_negative,0.55
13,13,clean_negative/clean_13_115.jpg,clean_negative,0,0.00000000,clean_negative,0.55
13,13,clean_negative/clean_13_116.jpg,clean_negative,0,0.00000001,clean_negative,0.55
13,13,clean_negative/clean_13_117.jpg,clean_negative,0,0.00000000,clean_negative,0.55
13,13,clean_negative/clean_13_118.jpg,clean_negative,0,0.00097120,clean_negative,0.55
13,13,clean_negative/clean_13_119.jpg,clean_negative,0,0.00325630,clean_negative,0.55
13,13,clean_negative/clean_13_120.jpg,clean_negative,0,0.00552709,clean_negative,0.55
13,13,clean_negative/clean_13_121.jpg,clean_negative,0,0.01003412,clean_negative,0.55
13,13,clean_negative/clean_13_122.jpg,clean_negative,0,0.05692601,clean_negative,0.55
13,13,clean_negative/clean_13_123.jpg,clean_negative,0,0.06727712,clean_negative,0.55
13,13,clean_negative/clean_13_124.jpg,clean_negative,0,0.05989264,clean_negative,0.55
13,13,clean_negative/clean_13_125.jpg,clean_negative,0,0.05181731,clean_negative,0.55
13,13,clean_negative/clean_13_126.jpg,clean_negative,0,0.04133672,clean_negative,0.55
13,13,clean_negative/clean_13_127.jpg,clean_negative,0,0.06025892,clean_negative,0.55
13,13,dirty_positive/dirty_13_1.jpg,dirty_positive,1,0.93942360,dirty_positive,0.55
13,13,dirty_positive/dirty_13_2.jpg,dirty_positive,1,0.88595948,dirty_positive,0.55
13,13,dirty_positive/dirty_13_3.jpg,dirty_positive,1,0.75444341,dirty_positive,0.55
13,13,dirty_positive/dirty_13_4.jpg,dirty_positive,1,0.13643263,clean_negative,0.55
13,13,dirty_positive/dirty_13_5.jpg,dirty_positive,1,0.83581143,dirty_positive,0.55
13,13,dirty_positive/dirty_13_6.jpg,dirty_positive,1,0.91054875,dirty_positive,0.55
13,13,dirty_positive/dirty_13_7.jpg,dirty_positive,1,0.80386377,dirty_positive,0.55
13,13,dirty_positive/dirty_13_8.jpg,dirty_positive,1,0.88783301,dirty_positive,0.55
13,13,dirty_positive/dirty_13_9.jpg,dirty_positive,1,0.99316861,dirty_positive,0.55
13,13,dirty_positive/dirty_13_10.jpg,dirty_positive,1,0.99898889,dirty_positive,0.55
13,13,dirty_positive/dirty_13_11.jpg,dirty_positive,1,0.99745901,dirty_positive,0.55
13,13,dirty_positive/dirty_13_12.jpg,dirty_positive,1,0.90053832,dirty_positive,0.55
13,13,dirty_positive/dirty_13_13.jpg,dirty_positive,1,0.89872836,dirty_positive,0.55
13,13,dirty_positive/dirty_13_14.jpg,dirty_positive,1,0.75830442,dirty_positive,0.55
13,13,dirty_positive/dirty_13_15.jpg,dirty_positive,1,0.93820625,dirty_positive,0.55
13,13,dirty_positive/dirty_13_16.jpg,dirty_positive,1,0.83634078,dirty_positive,0.55
13,13,dirty_positive/dirty_13_17.jpg,dirty_positive,1,0.97884481,dirty_positive,0.55
13,13,dirty_positive/dirty_13_18.jpg,dirty_positive,1,0.97062125,dirty_positive,0.55
13,13,dirty_positive/dirty_13_19.jpg,dirty_positive,1,0.95173451,dirty_positive,0.55
13,13,dirty_positive/dirty_13_20.jpg,dirty_positive,1,0.98736911,dirty_positive,0.55
13,13,dirty_positive/dirty_13_21.jpg,dirty_positive,1,0.97514769,dirty_positive,0.55
13,13,dirty_positive/dirty_13_22.jpg,dirty_positive,1,0.95996962,dirty_positive,0.55
13,13,dirty_positive/dirty_13_23.jpg,dirty_positive,1,0.97819471,dirty_positive,0.55
13,13,dirty_positive/dirty_13_24.jpg,dirty_positive,1,0.92956709,dirty_positive,0.55
13,13,dirty_positive/dirty_13_25.jpg,dirty_positive,1,0.99791320,dirty_positive,0.55
13,13,dirty_positive/dirty_13_26.jpg,dirty_positive,1,0.99907412,dirty_positive,0.55
13,13,dirty_positive/dirty_13_27.jpg,dirty_positive,1,0.99260246,dirty_positive,0.55
13,13,dirty_positive/dirty_13_28.jpg,dirty_positive,1,0.99717067,dirty_positive,0.55
13,13,dirty_positive/dirty_13_29.jpg,dirty_positive,1,0.99673908,dirty_positive,0.55
13,13,dirty_positive/dirty_13_30.jpg,dirty_positive,1,0.99830791,dirty_positive,0.55
13,13,dirty_positive/dirty_13_31.jpg,dirty_positive,1,0.96231751,dirty_positive,0.55
13,13,dirty_positive/dirty_13_32.jpg,dirty_positive,1,0.99689420,dirty_positive,0.55
13,13,dirty_positive/dirty_13_33.jpg,dirty_positive,1,0.98758186,dirty_positive,0.55
13,13,dirty_positive/dirty_13_34.jpg,dirty_positive,1,0.98691674,dirty_positive,0.55
13,13,dirty_positive/dirty_13_35.jpg,dirty_positive,1,0.98658647,dirty_positive,0.55
13,13,dirty_positive/dirty_13_36.jpg,dirty_positive,1,0.98721983,dirty_positive,0.55
13,13,dirty_positive/dirty_13_37.jpg,dirty_positive,1,0.95702090,dirty_positive,0.55
13,13,dirty_positive/dirty_13_38.jpg,dirty_positive,1,0.99043086,dirty_positive,0.55
13,13,dirty_positive/dirty_13_39.jpg,dirty_positive,1,0.98072931,dirty_positive,0.55
13,13,dirty_positive/dirty_13_40.jpg,dirty_positive,1,0.86812488,dirty_positive,0.55
13,13,dirty_positive/dirty_13_41.jpg,dirty_positive,1,0.95453034,dirty_positive,0.55
13,13,dirty_positive/dirty_13_42.jpg,dirty_positive,1,0.60762360,dirty_positive,0.55
13,13,dirty_positive/dirty_13_43.jpg,dirty_positive,1,0.66798864,dirty_positive,0.55
13,13,dirty_positive/dirty_13_44.jpg,dirty_positive,1,0.67593445,dirty_positive,0.55
13,13,dirty_positive/dirty_13_45.jpg,dirty_positive,1,0.99083251,dirty_positive,0.55
13,13,dirty_positive/dirty_13_46.jpg,dirty_positive,1,0.99246657,dirty_positive,0.55
13,13,dirty_positive/dirty_13_47.jpg,dirty_positive,1,0.99380972,dirty_positive,0.55
13,13,dirty_positive/dirty_13_48.jpg,dirty_positive,1,0.99361397,dirty_positive,0.55
13,13,dirty_positive/dirty_13_49.jpg,dirty_positive,1,0.67229114,dirty_positive,0.55
13,13,dirty_positive/dirty_13_50.jpg,dirty_positive,1,0.59453498,dirty_positive,0.55
13,13,dirty_positive/dirty_13_51.jpg,dirty_positive,1,0.47942575,clean_negative,0.55
13,13,dirty_positive/dirty_13_52.jpg,dirty_positive,1,0.53360258,clean_negative,0.55
13,13,dirty_positive/dirty_13_53.jpg,dirty_positive,1,0.62953027,dirty_positive,0.55
13,13,dirty_positive/dirty_13_54.jpg,dirty_positive,1,0.74742728,dirty_positive,0.55
13,13,dirty_positive/dirty_13_55.jpg,dirty_positive,1,0.92863881,dirty_positive,0.55
13,13,dirty_positive/dirty_13_56.jpg,dirty_positive,1,0.68052094,dirty_positive,0.55
13,13,dirty_positive/dirty_13_57.jpg,dirty_positive,1,0.77183614,dirty_positive,0.55
13,13,dirty_positive/dirty_13_58.jpg,dirty_positive,1,0.87033047,dirty_positive,0.55
13,13,dirty_positive/dirty_13_59.jpg,dirty_positive,1,0.77921976,dirty_positive,0.55
13,13,dirty_positive/dirty_13_60.jpg,dirty_positive,1,0.83628173,dirty_positive,0.55
13,13,dirty_positive/dirty_13_61.jpg,dirty_positive,1,0.69183628,dirty_positive,0.55
13,13,dirty_positive/dirty_13_62.jpg,dirty_positive,1,0.75095125,dirty_positive,0.55
13,13,dirty_positive/dirty_13_63.jpg,dirty_positive,1,0.71127994,dirty_positive,0.55
13,13,dirty_positive/dirty_13_64.jpg,dirty_positive,1,0.56871282,dirty_positive,0.55
13,13,dirty_positive/dirty_13_65.jpg,dirty_positive,1,0.06279167,clean_negative,0.55
13,13,dirty_positive/dirty_13_66.jpg,dirty_positive,1,0.04982962,clean_negative,0.55
13,13,dirty_positive/dirty_13_67.jpg,dirty_positive,1,0.06948143,clean_negative,0.55
13,13,dirty_positive/dirty_13_68.jpg,dirty_positive,1,0.06441758,clean_negative,0.55
13,13,dirty_positive/dirty_13_69.jpg,dirty_positive,1,0.70748788,dirty_positive,0.55
13,13,dirty_positive/dirty_13_70.jpg,dirty_positive,1,0.64928777,dirty_positive,0.55
13,13,dirty_positive/dirty_13_71.jpg,dirty_positive,1,0.31440962,clean_negative,0.55
13,13,dirty_positive/dirty_13_72.jpg,dirty_positive,1,0.65885086,dirty_positive,0.55
13,13,dirty_positive/dirty_13_73.jpg,dirty_positive,1,0.99080596,dirty_positive,0.55
13,13,dirty_positive/dirty_13_74.jpg,dirty_positive,1,0.99304505,dirty_positive,0.55
13,13,dirty_positive/dirty_13_75.jpg,dirty_positive,1,0.94256020,dirty_positive,0.55
13,13,dirty_positive/dirty_13_76.jpg,dirty_positive,1,0.99226850,dirty_positive,0.55
13,13,dirty_positive/dirty_13_77.jpg,dirty_positive,1,0.24340390,clean_negative,0.55
13,13,dirty_positive/dirty_13_78.jpg,dirty_positive,1,0.63882513,dirty_positive,0.55
13,13,dirty_positive/dirty_13_79.jpg,dirty_positive,1,0.00415887,clean_negative,0.55
13,13,dirty_positive/dirty_13_80.jpg,dirty_positive,1,0.09579568,clean_negative,0.55
14,14,clean_negative/clean_14_1.jpg,clean_negative,0,0.00288797,clean_negative,0.85
14,14,clean_negative/clean_14_2.jpg,clean_negative,0,0.02413468,clean_negative,0.85
14,14,clean_negative/clean_14_3.jpg,clean_negative,0,0.03597781,clean_negative,0.85
14,14,clean_negative/clean_14_4.jpg,clean_negative,0,0.43012612,clean_negative,0.85
14,14,clean_negative/clean_14_5.jpg,clean_negative,0,0.04516333,clean_negative,0.85
14,14,clean_negative/clean_14_6.jpg,clean_negative,0,0.03378548,clean_negative,0.85
14,14,clean_negative/clean_14_7.jpg,clean_negative,0,0.02969217,clean_negative,0.85
14,14,clean_negative/clean_14_8.jpg,clean_negative,0,0.05888212,clean_negative,0.85
14,14,clean_negative/clean_14_9.jpg,clean_negative,0,0.06311027,clean_negative,0.85
14,14,clean_negative/clean_14_10.jpg,clean_negative,0,0.00211006,clean_negative,0.85
14,14,clean_negative/clean_14_11.jpg,clean_negative,0,0.02187245,clean_negative,0.85
14,14,clean_negative/clean_14_12.jpg,clean_negative,0,0.11228280,clean_negative,0.85
14,14,clean_negative/clean_14_13.jpg,clean_negative,0,0.48483995,clean_negative,0.85
14,14,clean_negative/clean_14_14.jpg,clean_negative,0,0.05200090,clean_negative,0.85
14,14,clean_negative/clean_14_15.jpg,clean_negative,0,0.04492074,clean_negative,0.85
14,14,clean_negative/clean_14_16.jpg,clean_negative,0,0.04097765,clean_negative,0.85
14,14,clean_negative/clean_14_17.jpg,clean_negative,0,0.07403633,clean_negative,0.85
14,14,clean_negative/clean_14_18.jpg,clean_negative,0,0.07005104,clean_negative,0.85
14,14,clean_negative/clean_14_19.jpg,clean_negative,0,0.00094975,clean_negative,0.85
14,14,clean_negative/clean_14_20.jpg,clean_negative,0,0.02655665,clean_negative,0.85
14,14,clean_negative/clean_14_21.jpg,clean_negative,0,0.14317540,clean_negative,0.85
14,14,clean_negative/clean_14_22.jpg,clean_negative,0,0.53354130,clean_negative,0.85
14,14,clean_negative/clean_14_23.jpg,clean_negative,0,0.10760908,clean_negative,0.85
14,14,clean_negative/clean_14_24.jpg,clean_negative,0,0.04816234,clean_negative,0.85
14,14,clean_negative/clean_14_25.jpg,clean_negative,0,0.03925395,clean_negative,0.85
14,14,clean_negative/clean_14_26.jpg,clean_negative,0,0.08603936,clean_negative,0.85
14,14,clean_negative/clean_14_27.jpg,clean_negative,0,0.06355618,clean_negative,0.85
14,14,clean_negative/clean_14_28.jpg,clean_negative,0,0.17637794,clean_negative,0.85
14,14,clean_negative/clean_14_29.jpg,clean_negative,0,0.07595346,clean_negative,0.85
14,14,clean_negative/clean_14_30.jpg,clean_negative,0,0.06190781,clean_negative,0.85
14,14,clean_negative/clean_14_31.jpg,clean_negative,0,0.20107944,clean_negative,0.85
14,14,clean_negative/clean_14_32.jpg,clean_negative,0,0.00377422,clean_negative,0.85
14,14,clean_negative/clean_14_33.jpg,clean_negative,0,0.02831279,clean_negative,0.85
14,14,clean_negative/clean_14_34.jpg,clean_negative,0,0.15943476,clean_negative,0.85
14,14,clean_negative/clean_14_35.jpg,clean_negative,0,0.15457466,clean_negative,0.85
14,14,clean_negative/clean_14_36.jpg,clean_negative,0,0.06374002,clean_negative,0.85
14,14,clean_negative/clean_14_37.jpg,clean_negative,0,0.10081930,clean_negative,0.85
14,14,clean_negative/clean_14_38.jpg,clean_negative,0,0.00333695,clean_negative,0.85
14,14,clean_negative/clean_14_39.jpg,clean_negative,0,0.05703666,clean_negative,0.85
14,14,clean_negative/clean_14_40.jpg,clean_negative,0,0.14779116,clean_negative,0.85
14,14,clean_negative/clean_14_41.jpg,clean_negative,0,0.18978868,clean_negative,0.85
14,14,clean_negative/clean_14_42.jpg,clean_negative,0,0.09813295,clean_negative,0.85
14,14,clean_negative/clean_14_43.jpg,clean_negative,0,0.24105123,clean_negative,0.85
14,14,clean_negative/clean_14_44.jpg,clean_negative,0,0.41712754,clean_negative,0.85
14,14,clean_negative/clean_14_45.jpg,clean_negative,0,0.45126801,clean_negative,0.85
14,14,clean_negative/clean_14_46.jpg,clean_negative,0,0.08261352,clean_negative,0.85
14,14,clean_negative/clean_14_47.jpg,clean_negative,0,0.22236667,clean_negative,0.85
14,14,clean_negative/clean_14_48.jpg,clean_negative,0,0.36945390,clean_negative,0.85
14,14,clean_negative/clean_14_49.jpg,clean_negative,0,0.41005752,clean_negative,0.85
14,14,clean_negative/clean_14_50.jpg,clean_negative,0,0.04895965,clean_negative,0.85
14,14,clean_negative/clean_14_51.jpg,clean_negative,0,0.17678952,clean_negative,0.85
14,14,clean_negative/clean_14_52.jpg,clean_negative,0,0.31015274,clean_negative,0.85
14,14,clean_negative/clean_14_53.jpg,clean_negative,0,0.32252571,clean_negative,0.85
14,14,clean_negative/clean_14_54.jpg,clean_negative,0,0.05221983,clean_negative,0.85
14,14,clean_negative/clean_14_55.jpg,clean_negative,0,0.21006356,clean_negative,0.85
14,14,clean_negative/clean_14_56.jpg,clean_negative,0,0.34615866,clean_negative,0.85
14,14,clean_negative/clean_14_57.jpg,clean_negative,0,0.27932770,clean_negative,0.85
14,14,clean_negative/clean_14_58.jpg,clean_negative,0,0.05735513,clean_negative,0.85
14,14,clean_negative/clean_14_59.jpg,clean_negative,0,0.24355958,clean_negative,0.85
14,14,clean_negative/clean_14_60.jpg,clean_negative,0,0.34748979,clean_negative,0.85
14,14,clean_negative/clean_14_61.jpg,clean_negative,0,0.33664356,clean_negative,0.85
14,14,clean_negative/clean_14_62.jpg,clean_negative,0,0.37376649,clean_negative,0.85
14,14,clean_negative/clean_14_63.jpg,clean_negative,0,0.05864294,clean_negative,0.85
14,14,clean_negative/clean_14_64.jpg,clean_negative,0,0.19055812,clean_negative,0.85
14,14,clean_negative/clean_14_65.jpg,clean_negative,0,0.26092457,clean_negative,0.85
14,14,clean_negative/clean_14_66.jpg,clean_negative,0,0.30049555,clean_negative,0.85
14,14,clean_negative/clean_14_67.jpg,clean_negative,0,0.32832442,clean_negative,0.85
14,14,clean_negative/clean_14_68.jpg,clean_negative,0,0.02859021,clean_negative,0.85
14,14,clean_negative/clean_14_69.jpg,clean_negative,0,0.08671161,clean_negative,0.85
14,14,clean_negative/clean_14_70.jpg,clean_negative,0,0.14879384,clean_negative,0.85
14,14,clean_negative/clean_14_71.jpg,clean_negative,0,0.17852328,clean_negative,0.85
14,14,clean_negative/clean_14_72.jpg,clean_negative,0,0.29702501,clean_negative,0.85
14,14,clean_negative/clean_14_73.jpg,clean_negative,0,0.03632755,clean_negative,0.85
14,14,clean_negative/clean_14_74.jpg,clean_negative,0,0.10835953,clean_negative,0.85
14,14,clean_negative/clean_14_75.jpg,clean_negative,0,0.15462522,clean_negative,0.85
14,14,clean_negative/clean_14_76.jpg,clean_negative,0,0.19958887,clean_negative,0.85
14,14,clean_negative/clean_14_77.jpg,clean_negative,0,0.25383737,clean_negative,0.85
14,14,clean_negative/clean_14_78.jpg,clean_negative,0,0.22194946,clean_negative,0.85
14,14,clean_negative/clean_14_79.jpg,clean_negative,0,0.16314636,clean_negative,0.85
14,14,clean_negative/clean_14_80.jpg,clean_negative,0,0.13918775,clean_negative,0.85
14,14,clean_negative/clean_14_81.jpg,clean_negative,0,0.05121758,clean_negative,0.85
14,14,clean_negative/clean_14_82.jpg,clean_negative,0,0.10202527,clean_negative,0.85
14,14,clean_negative/clean_14_83.jpg,clean_negative,0,0.13663653,clean_negative,0.85
14,14,clean_negative/clean_14_84.jpg,clean_negative,0,0.16637775,clean_negative,0.85
14,14,clean_negative/clean_14_85.jpg,clean_negative,0,0.24565188,clean_negative,0.85
14,14,clean_negative/clean_14_86.jpg,clean_negative,0,0.51171129,clean_negative,0.85
14,14,clean_negative/clean_14_87.jpg,clean_negative,0,0.65026819,clean_negative,0.85
14,14,clean_negative/clean_14_88.jpg,clean_negative,0,0.52168377,clean_negative,0.85
14,14,clean_negative/clean_14_89.jpg,clean_negative,0,0.56955659,clean_negative,0.85
14,14,clean_negative/clean_14_90.jpg,clean_negative,0,0.03737665,clean_negative,0.85
14,14,clean_negative/clean_14_91.jpg,clean_negative,0,0.14712305,clean_negative,0.85
14,14,clean_negative/clean_14_92.jpg,clean_negative,0,0.10723281,clean_negative,0.85
14,14,clean_negative/clean_14_93.jpg,clean_negative,0,0.07981615,clean_negative,0.85
14,14,clean_negative/clean_14_94.jpg,clean_negative,0,0.13315537,clean_negative,0.85
14,14,clean_negative/clean_14_95.jpg,clean_negative,0,0.02498395,clean_negative,0.85
14,14,clean_negative/clean_14_96.jpg,clean_negative,0,0.38179968,clean_negative,0.85
14,14,clean_negative/clean_14_97.jpg,clean_negative,0,0.51539556,clean_negative,0.85
14,14,clean_negative/clean_14_98.jpg,clean_negative,0,0.56297206,clean_negative,0.85
14,14,clean_negative/clean_14_99.jpg,clean_negative,0,0.57280123,clean_negative,0.85
14,14,clean_negative/clean_14_100.jpg,clean_negative,0,0.61433920,clean_negative,0.85
14,14,clean_negative/clean_14_101.jpg,clean_negative,0,0.90344836,dirty_positive,0.85
14,14,clean_negative/clean_14_102.jpg,clean_negative,0,0.01247438,clean_negative,0.85
14,14,clean_negative/clean_14_103.jpg,clean_negative,0,0.00818392,clean_negative,0.85
14,14,clean_negative/clean_14_104.jpg,clean_negative,0,0.07904233,clean_negative,0.85
14,14,clean_negative/clean_14_105.jpg,clean_negative,0,0.09921325,clean_negative,0.85
14,14,clean_negative/clean_14_106.jpg,clean_negative,0,0.04471773,clean_negative,0.85
14,14,clean_negative/clean_14_107.jpg,clean_negative,0,0.05753188,clean_negative,0.85
14,14,clean_negative/clean_14_108.jpg,clean_negative,0,0.40423812,clean_negative,0.85
14,14,clean_negative/clean_14_109.jpg,clean_negative,0,0.00033426,clean_negative,0.85
14,14,clean_negative/clean_14_110.jpg,clean_negative,0,0.23617609,clean_negative,0.85
14,14,clean_negative/clean_14_111.jpg,clean_negative,0,0.34776836,clean_negative,0.85
14,14,clean_negative/clean_14_112.jpg,clean_negative,0,0.61400070,clean_negative,0.85
14,14,clean_negative/clean_14_113.jpg,clean_negative,0,0.62883317,clean_negative,0.85
14,14,clean_negative/clean_14_114.jpg,clean_negative,0,0.15220303,clean_negative,0.85
14,14,clean_negative/clean_14_115.jpg,clean_negative,0,0.37246634,clean_negative,0.85
14,14,clean_negative/clean_14_116.jpg,clean_negative,0,0.00058748,clean_negative,0.85
14,14,clean_negative/clean_14_117.jpg,clean_negative,0,0.00127358,clean_negative,0.85
14,14,clean_negative/clean_14_118.jpg,clean_negative,0,0.01538379,clean_negative,0.85
14,14,clean_negative/clean_14_119.jpg,clean_negative,0,0.02221785,clean_negative,0.85
14,14,clean_negative/clean_14_120.jpg,clean_negative,0,0.15594536,clean_negative,0.85
14,14,clean_negative/clean_14_121.jpg,clean_negative,0,0.16605524,clean_negative,0.85
14,14,clean_negative/clean_14_122.jpg,clean_negative,0,0.00078403,clean_negative,0.85
14,14,clean_negative/clean_14_123.jpg,clean_negative,0,0.00124251,clean_negative,0.85
14,14,clean_negative/clean_14_124.jpg,clean_negative,0,0.00275092,clean_negative,0.85
14,14,clean_negative/clean_14_125.jpg,clean_negative,0,0.05968933,clean_negative,0.85
14,14,clean_negative/clean_14_126.jpg,clean_negative,0,0.10276297,clean_negative,0.85
14,14,clean_negative/clean_14_127.jpg,clean_negative,0,0.11885243,clean_negative,0.85
14,14,clean_negative/clean_14_128.jpg,clean_negative,0,0.13817496,clean_negative,0.85
14,14,clean_negative/clean_14_129.jpg,clean_negative,0,0.48703914,clean_negative,0.85
14,14,clean_negative/clean_14_130.jpg,clean_negative,0,0.61824348,clean_negative,0.85
14,14,clean_negative/clean_14_131.jpg,clean_negative,0,0.29967103,clean_negative,0.85
14,14,clean_negative/clean_14_132.jpg,clean_negative,0,0.50875055,clean_negative,0.85
14,14,clean_negative/clean_14_133.jpg,clean_negative,0,0.39582935,clean_negative,0.85
14,14,clean_negative/clean_14_134.jpg,clean_negative,0,0.00000000,clean_negative,0.85
14,14,clean_negative/clean_14_135.jpg,clean_negative,0,0.00000000,clean_negative,0.85
14,14,clean_negative/clean_14_136.jpg,clean_negative,0,0.00000000,clean_negative,0.85
14,14,clean_negative/clean_14_137.jpg,clean_negative,0,0.18922409,clean_negative,0.85
14,14,clean_negative/clean_14_138.jpg,clean_negative,0,0.10111805,clean_negative,0.85
14,14,clean_negative/clean_14_139.jpg,clean_negative,0,0.00017616,clean_negative,0.85
14,14,clean_negative/clean_14_140.jpg,clean_negative,0,0.00001169,clean_negative,0.85
14,14,clean_negative/clean_14_141.jpg,clean_negative,0,0.00000001,clean_negative,0.85
14,14,clean_negative/clean_14_142.jpg,clean_negative,0,0.00122950,clean_negative,0.85
14,14,clean_negative/clean_14_143.jpg,clean_negative,0,0.00077670,clean_negative,0.85
14,14,clean_negative/clean_14_144.jpg,clean_negative,0,0.00188243,clean_negative,0.85
14,14,clean_negative/clean_14_145.jpg,clean_negative,0,0.01195966,clean_negative,0.85
14,14,clean_negative/clean_14_146.jpg,clean_negative,0,0.08268969,clean_negative,0.85
14,14,clean_negative/clean_14_147.jpg,clean_negative,0,0.15336491,clean_negative,0.85
14,14,clean_negative/clean_14_148.jpg,clean_negative,0,0.43983613,clean_negative,0.85
14,14,clean_negative/clean_14_149.jpg,clean_negative,0,0.52509229,clean_negative,0.85
14,14,clean_negative/clean_14_150.jpg,clean_negative,0,0.63920343,clean_negative,0.85
14,14,clean_negative/clean_14_151.jpg,clean_negative,0,0.24911838,clean_negative,0.85
14,14,clean_negative/clean_14_152.jpg,clean_negative,0,0.38528401,clean_negative,0.85
14,14,clean_negative/clean_14_153.jpg,clean_negative,0,0.26293461,clean_negative,0.85
14,14,clean_negative/clean_14_154.jpg,clean_negative,0,0.16786061,clean_negative,0.85
14,14,clean_negative/clean_14_155.jpg,clean_negative,0,0.09702037,clean_negative,0.85
14,14,clean_negative/clean_14_156.jpg,clean_negative,0,0.00018700,clean_negative,0.85
14,14,clean_negative/clean_14_157.jpg,clean_negative,0,0.00001485,clean_negative,0.85
14,14,clean_negative/clean_14_158.jpg,clean_negative,0,0.00000001,clean_negative,0.85
14,14,clean_negative/clean_14_159.jpg,clean_negative,0,0.00000000,clean_negative,0.85
14,14,clean_negative/clean_14_160.jpg,clean_negative,0,0.00000000,clean_negative,0.85
14,14,dirty_positive/dirty_14_1.jpg,dirty_positive,1,0.72436101,clean_negative,0.85
14,14,dirty_positive/dirty_14_2.jpg,dirty_positive,1,0.44953440,clean_negative,0.85
14,14,dirty_positive/dirty_14_3.jpg,dirty_positive,1,0.63880306,clean_negative,0.85
14,14,dirty_positive/dirty_14_4.jpg,dirty_positive,1,0.41112379,clean_negative,0.85
14,14,dirty_positive/dirty_14_5.jpg,dirty_positive,1,0.56179757,clean_negative,0.85
14,14,dirty_positive/dirty_14_6.jpg,dirty_positive,1,0.99433732,dirty_positive,0.85
14,14,dirty_positive/dirty_14_7.jpg,dirty_positive,1,0.67369622,clean_negative,0.85
14,14,dirty_positive/dirty_14_8.jpg,dirty_positive,1,0.75183758,clean_negative,0.85
14,14,dirty_positive/dirty_14_9.jpg,dirty_positive,1,0.95061734,dirty_positive,0.85
14,14,dirty_positive/dirty_14_10.jpg,dirty_positive,1,0.99939733,dirty_positive,0.85
14,14,dirty_positive/dirty_14_11.jpg,dirty_positive,1,0.99771588,dirty_positive,0.85
14,14,dirty_positive/dirty_14_12.jpg,dirty_positive,1,0.93907625,dirty_positive,0.85
14,14,dirty_positive/dirty_14_13.jpg,dirty_positive,1,0.56846303,clean_negative,0.85
14,14,dirty_positive/dirty_14_14.jpg,dirty_positive,1,0.93622514,dirty_positive,0.85
14,14,dirty_positive/dirty_14_15.jpg,dirty_positive,1,0.96450331,dirty_positive,0.85
14,14,dirty_positive/dirty_14_16.jpg,dirty_positive,1,0.55488213,clean_negative,0.85
14,14,dirty_positive/dirty_14_17.jpg,dirty_positive,1,0.81628357,clean_negative,0.85
14,14,dirty_positive/dirty_14_18.jpg,dirty_positive,1,0.89725238,dirty_positive,0.85
14,14,dirty_positive/dirty_14_19.jpg,dirty_positive,1,0.87636808,dirty_positive,0.85
14,14,dirty_positive/dirty_14_20.jpg,dirty_positive,1,0.97432110,dirty_positive,0.85
14,14,dirty_positive/dirty_14_21.jpg,dirty_positive,1,0.98551479,dirty_positive,0.85
14,14,dirty_positive/dirty_14_22.jpg,dirty_positive,1,0.97462497,dirty_positive,0.85
14,14,dirty_positive/dirty_14_23.jpg,dirty_positive,1,0.99198449,dirty_positive,0.85
14,14,dirty_positive/dirty_14_24.jpg,dirty_positive,1,0.98318988,dirty_positive,0.85
14,14,dirty_positive/dirty_14_25.jpg,dirty_positive,1,0.97047623,dirty_positive,0.85
14,14,dirty_positive/dirty_14_26.jpg,dirty_positive,1,0.97877365,dirty_positive,0.85
14,14,dirty_positive/dirty_14_27.jpg,dirty_positive,1,0.98455048,dirty_positive,0.85
14,14,dirty_positive/dirty_14_28.jpg,dirty_positive,1,0.99671097,dirty_positive,0.85
14,14,dirty_positive/dirty_14_29.jpg,dirty_positive,1,0.99809943,dirty_positive,0.85
14,14,dirty_positive/dirty_14_30.jpg,dirty_positive,1,0.99666967,dirty_positive,0.85
14,14,dirty_positive/dirty_14_31.jpg,dirty_positive,1,0.99264245,dirty_positive,0.85
14,14,dirty_positive/dirty_14_32.jpg,dirty_positive,1,0.99788821,dirty_positive,0.85
14,14,dirty_positive/dirty_14_33.jpg,dirty_positive,1,0.94736149,dirty_positive,0.85
14,14,dirty_positive/dirty_14_34.jpg,dirty_positive,1,0.47000451,clean_negative,0.85
14,14,dirty_positive/dirty_14_35.jpg,dirty_positive,1,0.97738453,dirty_positive,0.85
14,14,dirty_positive/dirty_14_36.jpg,dirty_positive,1,0.84318026,clean_negative,0.85
14,14,dirty_positive/dirty_14_37.jpg,dirty_positive,1,0.98728986,dirty_positive,0.85
14,14,dirty_positive/dirty_14_38.jpg,dirty_positive,1,0.92196586,dirty_positive,0.85
14,14,dirty_positive/dirty_14_39.jpg,dirty_positive,1,0.84613932,clean_negative,0.85
14,14,dirty_positive/dirty_14_40.jpg,dirty_positive,1,0.97935621,dirty_positive,0.85
14,14,dirty_positive/dirty_14_41.jpg,dirty_positive,1,0.30040279,clean_negative,0.85
14,14,dirty_positive/dirty_14_42.jpg,dirty_positive,1,0.15509401,clean_negative,0.85
14,14,dirty_positive/dirty_14_43.jpg,dirty_positive,1,0.15080435,clean_negative,0.85
14,14,dirty_positive/dirty_14_44.jpg,dirty_positive,1,0.06002685,clean_negative,0.85
14,14,dirty_positive/dirty_14_45.jpg,dirty_positive,1,0.76896982,clean_negative,0.85
14,14,dirty_positive/dirty_14_46.jpg,dirty_positive,1,0.73312481,clean_negative,0.85
14,14,dirty_positive/dirty_14_47.jpg,dirty_positive,1,0.97423479,dirty_positive,0.85
14,14,dirty_positive/dirty_14_48.jpg,dirty_positive,1,0.89585986,dirty_positive,0.85
14,14,dirty_positive/dirty_14_49.jpg,dirty_positive,1,0.98326111,dirty_positive,0.85
14,14,dirty_positive/dirty_14_50.jpg,dirty_positive,1,0.97313474,dirty_positive,0.85
14,14,dirty_positive/dirty_14_51.jpg,dirty_positive,1,0.57703316,clean_negative,0.85
14,14,dirty_positive/dirty_14_52.jpg,dirty_positive,1,0.68817816,clean_negative,0.85
14,14,dirty_positive/dirty_14_53.jpg,dirty_positive,1,0.91736576,dirty_positive,0.85
14,14,dirty_positive/dirty_14_54.jpg,dirty_positive,1,0.90706750,dirty_positive,0.85
14,14,dirty_positive/dirty_14_55.jpg,dirty_positive,1,0.58491004,clean_negative,0.85
14,14,dirty_positive/dirty_14_56.jpg,dirty_positive,1,0.67173628,clean_negative,0.85
14,14,dirty_positive/dirty_14_57.jpg,dirty_positive,1,0.06436477,clean_negative,0.85
14,14,dirty_positive/dirty_14_58.jpg,dirty_positive,1,0.01657975,clean_negative,0.85
14,14,dirty_positive/dirty_14_59.jpg,dirty_positive,1,0.00002898,clean_negative,0.85
14,14,dirty_positive/dirty_14_60.jpg,dirty_positive,1,0.00384589,clean_negative,0.85
15,15,clean_negative/clean_15_1.jpg,clean_negative,0,0.01839696,clean_negative,0.15
15,15,clean_negative/clean_15_2.jpg,clean_negative,0,0.01985030,clean_negative,0.15
15,15,clean_negative/clean_15_3.jpg,clean_negative,0,0.02333827,clean_negative,0.15
15,15,clean_negative/clean_15_4.jpg,clean_negative,0,0.22769322,dirty_positive,0.15
15,15,clean_negative/clean_15_5.jpg,clean_negative,0,0.23016506,dirty_positive,0.15
15,15,clean_negative/clean_15_6.jpg,clean_negative,0,0.13962211,clean_negative,0.15
15,15,clean_negative/clean_15_7.jpg,clean_negative,0,0.15682312,dirty_positive,0.15
15,15,clean_negative/clean_15_8.jpg,clean_negative,0,0.12702820,clean_negative,0.15
15,15,clean_negative/clean_15_9.jpg,clean_negative,0,0.14794475,clean_negative,0.15
15,15,clean_negative/clean_15_10.jpg,clean_negative,0,0.27552140,dirty_positive,0.15
15,15,clean_negative/clean_15_11.jpg,clean_negative,0,0.41896830,dirty_positive,0.15
15,15,clean_negative/clean_15_12.jpg,clean_negative,0,0.44547535,dirty_positive,0.15
15,15,clean_negative/clean_15_13.jpg,clean_negative,0,0.34889427,dirty_positive,0.15
15,15,clean_negative/clean_15_14.jpg,clean_negative,0,0.28833294,dirty_positive,0.15
15,15,clean_negative/clean_15_15.jpg,clean_negative,0,0.47647976,dirty_positive,0.15
15,15,clean_negative/clean_15_16.jpg,clean_negative,0,0.50064190,dirty_positive,0.15
15,15,clean_negative/clean_15_17.jpg,clean_negative,0,0.68563068,dirty_positive,0.15
15,15,clean_negative/clean_15_18.jpg,clean_negative,0,0.74140143,dirty_positive,0.15
15,15,clean_negative/clean_15_19.jpg,clean_negative,0,0.74521537,dirty_positive,0.15
15,15,clean_negative/clean_15_20.jpg,clean_negative,0,0.78378062,dirty_positive,0.15
15,15,clean_negative/clean_15_21.jpg,clean_negative,0,0.81436640,dirty_positive,0.15
15,15,clean_negative/clean_15_22.jpg,clean_negative,0,0.91172795,dirty_positive,0.15
15,15,clean_negative/clean_15_23.jpg,clean_negative,0,0.85145440,dirty_positive,0.15
15,15,clean_negative/clean_15_24.jpg,clean_negative,0,0.98260345,dirty_positive,0.15
15,15,clean_negative/clean_15_25.jpg,clean_negative,0,0.77117694,dirty_positive,0.15
15,15,clean_negative/clean_15_26.jpg,clean_negative,0,0.79025043,dirty_positive,0.15
15,15,clean_negative/clean_15_27.jpg,clean_negative,0,0.81937760,dirty_positive,0.15
15,15,clean_negative/clean_15_28.jpg,clean_negative,0,0.83766785,dirty_positive,0.15
15,15,clean_negative/clean_15_29.jpg,clean_negative,0,0.98129031,dirty_positive,0.15
15,15,clean_negative/clean_15_30.jpg,clean_negative,0,0.71416691,dirty_positive,0.15
15,15,clean_negative/clean_15_31.jpg,clean_negative,0,0.61790306,dirty_positive,0.15
15,15,clean_negative/clean_15_32.jpg,clean_negative,0,0.70115410,dirty_positive,0.15
15,15,clean_negative/clean_15_33.jpg,clean_negative,0,0.72403726,dirty_positive,0.15
15,15,clean_negative/clean_15_34.jpg,clean_negative,0,0.74728113,dirty_positive,0.15
15,15,clean_negative/clean_15_35.jpg,clean_negative,0,0.75105492,dirty_positive,0.15
15,15,clean_negative/clean_15_36.jpg,clean_negative,0,0.98903543,dirty_positive,0.15
15,15,clean_negative/clean_15_37.jpg,clean_negative,0,0.51843873,dirty_positive,0.15
15,15,clean_negative/clean_15_38.jpg,clean_negative,0,0.48498453,dirty_positive,0.15
15,15,clean_negative/clean_15_39.jpg,clean_negative,0,0.54022349,dirty_positive,0.15
15,15,clean_negative/clean_15_40.jpg,clean_negative,0,0.64367593,dirty_positive,0.15
15,15,clean_negative/clean_15_41.jpg,clean_negative,0,0.65202721,dirty_positive,0.15
15,15,clean_negative/clean_15_42.jpg,clean_negative,0,0.41945694,dirty_positive,0.15
15,15,clean_negative/clean_15_43.jpg,clean_negative,0,0.90695154,dirty_positive,0.15
15,15,clean_negative/clean_15_44.jpg,clean_negative,0,0.07467147,clean_negative,0.15
15,15,clean_negative/clean_15_45.jpg,clean_negative,0,0.06790413,clean_negative,0.15
15,15,clean_negative/clean_15_46.jpg,clean_negative,0,0.01426147,clean_negative,0.15
15,15,clean_negative/clean_15_47.jpg,clean_negative,0,0.00784158,clean_negative,0.15
15,15,clean_negative/clean_15_48.jpg,clean_negative,0,0.00207077,clean_negative,0.15
15,15,clean_negative/clean_15_49.jpg,clean_negative,0,0.00015271,clean_negative,0.15
15,15,clean_negative/clean_15_50.jpg,clean_negative,0,0.10656911,clean_negative,0.15
15,15,clean_negative/clean_15_51.jpg,clean_negative,0,0.15164492,dirty_positive,0.15
15,15,clean_negative/clean_15_52.jpg,clean_negative,0,0.84662955,dirty_positive,0.15
15,15,clean_negative/clean_15_53.jpg,clean_negative,0,0.87736277,dirty_positive,0.15
15,15,clean_negative/clean_15_54.jpg,clean_negative,0,0.93268030,dirty_positive,0.15
15,15,clean_negative/clean_15_55.jpg,clean_negative,0,0.93537613,dirty_positive,0.15
15,15,clean_negative/clean_15_56.jpg,clean_negative,0,0.96601347,dirty_positive,0.15
15,15,clean_negative/clean_15_57.jpg,clean_negative,0,0.85881003,dirty_positive,0.15
15,15,clean_negative/clean_15_58.jpg,clean_negative,0,0.07220593,clean_negative,0.15
15,15,clean_negative/clean_15_59.jpg,clean_negative,0,0.03746776,clean_negative,0.15
15,15,clean_negative/clean_15_60.jpg,clean_negative,0,0.01051633,clean_negative,0.15
15,15,clean_negative/clean_15_61.jpg,clean_negative,0,0.00255454,clean_negative,0.15
15,15,clean_negative/clean_15_62.jpg,clean_negative,0,0.00012816,clean_negative,0.15
15,15,clean_negative/clean_15_63.jpg,clean_negative,0,0.08766395,clean_negative,0.15
15,15,clean_negative/clean_15_64.jpg,clean_negative,0,0.18260933,dirty_positive,0.15
15,15,clean_negative/clean_15_65.jpg,clean_negative,0,0.07248381,clean_negative,0.15
15,15,clean_negative/clean_15_66.jpg,clean_negative,0,0.74094513,dirty_positive,0.15
15,15,clean_negative/clean_15_67.jpg,clean_negative,0,0.77650441,dirty_positive,0.15
15,15,clean_negative/clean_15_68.jpg,clean_negative,0,0.87145083,dirty_positive,0.15
15,15,clean_negative/clean_15_69.jpg,clean_negative,0,0.88465907,dirty_positive,0.15
15,15,clean_negative/clean_15_70.jpg,clean_negative,0,0.94156382,dirty_positive,0.15
15,15,clean_negative/clean_15_71.jpg,clean_negative,0,0.22120815,dirty_positive,0.15
15,15,clean_negative/clean_15_72.jpg,clean_negative,0,0.07465063,clean_negative,0.15
15,15,clean_negative/clean_15_73.jpg,clean_negative,0,0.04742214,clean_negative,0.15
15,15,clean_negative/clean_15_74.jpg,clean_negative,0,0.03347864,clean_negative,0.15
15,15,clean_negative/clean_15_75.jpg,clean_negative,0,0.01574282,clean_negative,0.15
15,15,clean_negative/clean_15_76.jpg,clean_negative,0,0.00415202,clean_negative,0.15
15,15,clean_negative/clean_15_77.jpg,clean_negative,0,0.00020229,clean_negative,0.15
15,15,clean_negative/clean_15_78.jpg,clean_negative,0,0.08110846,clean_negative,0.15
15,15,clean_negative/clean_15_79.jpg,clean_negative,0,0.30020142,dirty_positive,0.15
15,15,clean_negative/clean_15_80.jpg,clean_negative,0,0.25655234,dirty_positive,0.15
15,15,clean_negative/clean_15_81.jpg,clean_negative,0,0.39952667,dirty_positive,0.15
15,15,clean_negative/clean_15_82.jpg,clean_negative,0,0.30266238,dirty_positive,0.15
15,15,clean_negative/clean_15_83.jpg,clean_negative,0,0.25205341,dirty_positive,0.15
15,15,clean_negative/clean_15_84.jpg,clean_negative,0,0.05118640,clean_negative,0.15
15,15,clean_negative/clean_15_85.jpg,clean_negative,0,0.65035615,dirty_positive,0.15
15,15,clean_negative/clean_15_86.jpg,clean_negative,0,0.66603485,dirty_positive,0.15
15,15,clean_negative/clean_15_87.jpg,clean_negative,0,0.84450521,dirty_positive,0.15
15,15,clean_negative/clean_15_88.jpg,clean_negative,0,0.84925303,dirty_positive,0.15
15,15,clean_negative/clean_15_89.jpg,clean_negative,0,0.92236856,dirty_positive,0.15
15,15,clean_negative/clean_15_90.jpg,clean_negative,0,0.18870704,dirty_positive,0.15
15,15,clean_negative/clean_15_91.jpg,clean_negative,0,0.51996087,dirty_positive,0.15
15,15,clean_negative/clean_15_92.jpg,clean_negative,0,0.46539078,dirty_positive,0.15
15,15,clean_negative/clean_15_93.jpg,clean_negative,0,0.34805386,dirty_positive,0.15
15,15,clean_negative/clean_15_94.jpg,clean_negative,0,0.15491112,dirty_positive,0.15
15,15,clean_negative/clean_15_95.jpg,clean_negative,0,0.09388766,clean_negative,0.15
15,15,clean_negative/clean_15_96.jpg,clean_negative,0,0.06747151,clean_negative,0.15
15,15,clean_negative/clean_15_97.jpg,clean_negative,0,0.05296310,clean_negative,0.15
15,15,clean_negative/clean_15_98.jpg,clean_negative,0,0.03378601,clean_negative,0.15
15,15,clean_negative/clean_15_99.jpg,clean_negative,0,0.02809457,clean_negative,0.15
15,15,clean_negative/clean_15_100.jpg,clean_negative,0,0.00984345,clean_negative,0.15
15,15,clean_negative/clean_15_101.jpg,clean_negative,0,0.00270090,clean_negative,0.15
15,15,clean_negative/clean_15_102.jpg,clean_negative,0,0.00002256,clean_negative,0.15
15,15,dirty_positive/dirty_15_1.jpg,dirty_positive,1,0.14597777,clean_negative,0.15
15,15,dirty_positive/dirty_15_2.jpg,dirty_positive,1,0.18604110,dirty_positive,0.15
15,15,dirty_positive/dirty_15_3.jpg,dirty_positive,1,0.99742694,dirty_positive,0.15
15,15,dirty_positive/dirty_15_4.jpg,dirty_positive,1,0.57448977,dirty_positive,0.15
15,15,dirty_positive/dirty_15_5.jpg,dirty_positive,1,0.43443987,dirty_positive,0.15
15,15,dirty_positive/dirty_15_6.jpg,dirty_positive,1,0.55852770,dirty_positive,0.15
15,15,dirty_positive/dirty_15_7.jpg,dirty_positive,1,0.54277748,dirty_positive,0.15
15,15,dirty_positive/dirty_15_8.jpg,dirty_positive,1,0.25992137,dirty_positive,0.15
15,15,dirty_positive/dirty_15_9.jpg,dirty_positive,1,0.81666753,dirty_positive,0.15
15,15,dirty_positive/dirty_15_10.jpg,dirty_positive,1,0.95163859,dirty_positive,0.15
15,15,dirty_positive/dirty_15_11.jpg,dirty_positive,1,0.89544236,dirty_positive,0.15
15,15,dirty_positive/dirty_15_12.jpg,dirty_positive,1,0.99874888,dirty_positive,0.15
15,15,dirty_positive/dirty_15_13.jpg,dirty_positive,1,0.99358170,dirty_positive,0.15
15,15,dirty_positive/dirty_15_14.jpg,dirty_positive,1,0.85178439,dirty_positive,0.15
15,15,dirty_positive/dirty_15_15.jpg,dirty_positive,1,0.99157059,dirty_positive,0.15
15,15,dirty_positive/dirty_15_16.jpg,dirty_positive,1,0.85285538,dirty_positive,0.15
15,15,dirty_positive/dirty_15_17.jpg,dirty_positive,1,0.99652482,dirty_positive,0.15
15,15,dirty_positive/dirty_15_18.jpg,dirty_positive,1,0.99736571,dirty_positive,0.15
15,15,dirty_positive/dirty_15_19.jpg,dirty_positive,1,0.97200275,dirty_positive,0.15
15,15,dirty_positive/dirty_15_20.jpg,dirty_positive,1,0.99784414,dirty_positive,0.15
15,15,dirty_positive/dirty_15_21.jpg,dirty_positive,1,0.98946125,dirty_positive,0.15
15,15,dirty_positive/dirty_15_22.jpg,dirty_positive,1,0.99415160,dirty_positive,0.15
15,15,dirty_positive/dirty_15_23.jpg,dirty_positive,1,0.99349190,dirty_positive,0.15
15,15,dirty_positive/dirty_15_24.jpg,dirty_positive,1,0.99607836,dirty_positive,0.15
15,15,dirty_positive/dirty_15_25.jpg,dirty_positive,1,0.99778504,dirty_positive,0.15
15,15,dirty_positive/dirty_15_26.jpg,dirty_positive,1,0.99807913,dirty_positive,0.15
15,15,dirty_positive/dirty_15_27.jpg,dirty_positive,1,0.99803176,dirty_positive,0.15
15,15,dirty_positive/dirty_15_28.jpg,dirty_positive,1,0.99528409,dirty_positive,0.15
15,15,dirty_positive/dirty_15_29.jpg,dirty_positive,1,1.00000000,dirty_positive,0.15
15,15,dirty_positive/dirty_15_30.jpg,dirty_positive,1,1.00000000,dirty_positive,0.15
15,15,dirty_positive/dirty_15_31.jpg,dirty_positive,1,1.00000000,dirty_positive,0.15
15,15,dirty_positive/dirty_15_32.jpg,dirty_positive,1,1.00000000,dirty_positive,0.15
15,15,dirty_positive/dirty_15_33.jpg,dirty_positive,1,0.92110710,dirty_positive,0.15
15,15,dirty_positive/dirty_15_34.jpg,dirty_positive,1,0.88145509,dirty_positive,0.15
15,15,dirty_positive/dirty_15_35.jpg,dirty_positive,1,0.88500692,dirty_positive,0.15
15,15,dirty_positive/dirty_15_36.jpg,dirty_positive,1,0.88366605,dirty_positive,0.15
15,15,dirty_positive/dirty_15_37.jpg,dirty_positive,1,0.65574202,dirty_positive,0.15
15,15,dirty_positive/dirty_15_38.jpg,dirty_positive,1,0.20917821,dirty_positive,0.15
15,15,dirty_positive/dirty_15_39.jpg,dirty_positive,1,0.74064089,dirty_positive,0.15
15,15,dirty_positive/dirty_15_40.jpg,dirty_positive,1,0.09081645,clean_negative,0.15
15,15,dirty_positive/dirty_15_41.jpg,dirty_positive,1,0.85177388,dirty_positive,0.15
15,15,dirty_positive/dirty_15_42.jpg,dirty_positive,1,0.33273799,dirty_positive,0.15
15,15,dirty_positive/dirty_15_43.jpg,dirty_positive,1,0.83613869,dirty_positive,0.15
15,15,dirty_positive/dirty_15_44.jpg,dirty_positive,1,0.88530814,dirty_positive,0.15
15,15,dirty_positive/dirty_15_45.jpg,dirty_positive,1,0.96442340,dirty_positive,0.15
15,15,dirty_positive/dirty_15_46.jpg,dirty_positive,1,0.99820964,dirty_positive,0.15
15,15,dirty_positive/dirty_15_47.jpg,dirty_positive,1,0.98716302,dirty_positive,0.15
15,15,dirty_positive/dirty_15_48.jpg,dirty_positive,1,0.99253733,dirty_positive,0.15
15,15,dirty_positive/dirty_15_49.jpg,dirty_positive,1,0.99655569,dirty_positive,0.15
15,15,dirty_positive/dirty_15_50.jpg,dirty_positive,1,0.99098161,dirty_positive,0.15
15,15,dirty_positive/dirty_15_51.jpg,dirty_positive,1,0.93086192,dirty_positive,0.15
15,15,dirty_positive/dirty_15_52.jpg,dirty_positive,1,0.88855745,dirty_positive,0.15
15,15,dirty_positive/dirty_15_53.jpg,dirty_positive,1,0.97728013,dirty_positive,0.15
15,15,dirty_positive/dirty_15_54.jpg,dirty_positive,1,0.99111516,dirty_positive,0.15
15,15,dirty_positive/dirty_15_55.jpg,dirty_positive,1,0.99862158,dirty_positive,0.15
15,15,dirty_positive/dirty_15_56.jpg,dirty_positive,1,0.99335756,dirty_positive,0.15
15,15,dirty_positive/dirty_15_57.jpg,dirty_positive,1,0.88962477,dirty_positive,0.15
15,15,dirty_positive/dirty_15_58.jpg,dirty_positive,1,0.97478751,dirty_positive,0.15
15,15,dirty_positive/dirty_15_59.jpg,dirty_positive,1,0.66307364,dirty_positive,0.15
15,15,dirty_positive/dirty_15_60.jpg,dirty_positive,1,0.94006045,dirty_positive,0.15
15,15,dirty_positive/dirty_15_61.jpg,dirty_positive,1,0.86587167,dirty_positive,0.15
15,15,dirty_positive/dirty_15_62.jpg,dirty_positive,1,0.93046514,dirty_positive,0.15
15,15,dirty_positive/dirty_15_63.jpg,dirty_positive,1,0.78073095,dirty_positive,0.15
15,15,dirty_positive/dirty_15_64.jpg,dirty_positive,1,0.91453147,dirty_positive,0.15
15,15,dirty_positive/dirty_15_65.jpg,dirty_positive,1,0.99748100,dirty_positive,0.15
15,15,dirty_positive/dirty_15_66.jpg,dirty_positive,1,0.23602539,dirty_positive,0.15
15,15,dirty_positive/dirty_15_67.jpg,dirty_positive,1,0.97609385,dirty_positive,0.15
15,15,dirty_positive/dirty_15_68.jpg,dirty_positive,1,0.17760393,dirty_positive,0.15
15,15,dirty_positive/dirty_15_69.jpg,dirty_positive,1,0.92279934,dirty_positive,0.15
15,15,dirty_positive/dirty_15_70.jpg,dirty_positive,1,0.99998191,dirty_positive,0.15
15,15,dirty_positive/dirty_15_71.jpg,dirty_positive,1,0.99999553,dirty_positive,0.15
15,15,dirty_positive/dirty_15_72.jpg,dirty_positive,1,0.99905009,dirty_positive,0.15
15,15,dirty_positive/dirty_15_73.jpg,dirty_positive,1,0.63880074,dirty_positive,0.15
15,15,dirty_positive/dirty_15_74.jpg,dirty_positive,1,0.99624095,dirty_positive,0.15
15,15,dirty_positive/dirty_15_75.jpg,dirty_positive,1,0.96052450,dirty_positive,0.15
15,15,dirty_positive/dirty_15_76.jpg,dirty_positive,1,0.96704657,dirty_positive,0.15
15,15,dirty_positive/dirty_15_77.jpg,dirty_positive,1,0.99830924,dirty_positive,0.15
15,15,dirty_positive/dirty_15_78.jpg,dirty_positive,1,0.99999067,dirty_positive,0.15
15,15,dirty_positive/dirty_15_79.jpg,dirty_positive,1,0.99999080,dirty_positive,0.15
15,15,dirty_positive/dirty_15_80.jpg,dirty_positive,1,0.99999661,dirty_positive,0.15
15,15,dirty_positive/dirty_15_81.jpg,dirty_positive,1,0.99103370,dirty_positive,0.15
15,15,dirty_positive/dirty_15_82.jpg,dirty_positive,1,0.99999782,dirty_positive,0.15
15,15,dirty_positive/dirty_15_83.jpg,dirty_positive,1,0.99999229,dirty_positive,0.15
15,15,dirty_positive/dirty_15_84.jpg,dirty_positive,1,0.97963311,dirty_positive,0.15
15,15,dirty_positive/dirty_15_85.jpg,dirty_positive,1,0.79807129,dirty_positive,0.15
15,15,dirty_positive/dirty_15_86.jpg,dirty_positive,1,0.84768867,dirty_positive,0.15
15,15,dirty_positive/dirty_15_87.jpg,dirty_positive,1,0.90673446,dirty_positive,0.15
15,15,dirty_positive/dirty_15_88.jpg,dirty_positive,1,0.83643912,dirty_positive,0.15
15,15,dirty_positive/dirty_15_89.jpg,dirty_positive,1,0.93591082,dirty_positive,0.15
15,15,dirty_positive/dirty_15_90.jpg,dirty_positive,1,0.84741494,dirty_positive,0.15
15,15,dirty_positive/dirty_15_91.jpg,dirty_positive,1,0.96945280,dirty_positive,0.15
15,15,dirty_positive/dirty_15_92.jpg,dirty_positive,1,0.95607065,dirty_positive,0.15
15,15,dirty_positive/dirty_15_93.jpg,dirty_positive,1,0.97742997,dirty_positive,0.15
15,15,dirty_positive/dirty_15_94.jpg,dirty_positive,1,0.88697504,dirty_positive,0.15
15,15,dirty_positive/dirty_15_95.jpg,dirty_positive,1,0.96412336,dirty_positive,0.15
15,15,dirty_positive/dirty_15_96.jpg,dirty_positive,1,0.89162128,dirty_positive,0.15
